buy,up,window,filter,exit,n_train,per_train_c,n_test,per_test_c,total_$,sold_rate,worst_half_c,markets
23-27,5,min 0-12,kalshi_against,exit10,351,-26.7,201,-40.6,-175.32,0.741,-40.6,crypto
23-27,5,min 0-12,kalshi_against,exit12,351,-28.3,201,-36.1,-171.95,0.764,-36.1,crypto
23-27,5,min 0-12,kalshi_against,exit14,351,-29.8,201,-40.7,-186.36,0.781,-40.7,crypto
23-27,5,min 0-12,kalshi_against,hold,351,-28.7,201,-41.2,-183.51,0.783,-41.2,crypto
23-27,5,min 0-12,kalshi_with,exit10,216,-39.4,120,-36.5,-128.79,0.64,-39.4,crypto
23-27,5,min 0-12,kalshi_with,exit12,216,-40.8,120,-37.6,-133.3,0.664,-40.8,crypto
23-27,5,min 0-12,kalshi_with,exit14,216,-45.9,120,-34.9,-141.01,0.711,-45.9,crypto
23-27,5,min 0-12,kalshi_with,hold,216,-44.6,120,-30.1,-132.42,0.72,-44.6,crypto
23-27,5,min 0-12,none,exit10,355,-28.3,202,-40.9,-183.21,0.738,-40.9,crypto
23-27,5,min 0-12,none,exit12,355,-30.6,202,-35.7,-180.7,0.759,-35.7,crypto
23-27,5,min 0-12,none,exit14,355,-32.1,202,-40.3,-195.38,0.776,-40.3,crypto
23-27,5,min 0-12,none,hold,355,-31.0,202,-40.8,-192.53,0.777,-40.8,crypto
23-27,5,min 0-12,spot_with,exit10,138,-33.5,133,-40.0,-99.39,0.642,-40.0,crypto
23-27,5,min 0-12,spot_with,exit12,138,-33.7,133,-37.4,-96.26,0.69,-37.4,crypto
23-27,5,min 0-12,spot_with,exit14,138,-39.6,133,-33.4,-99.06,0.731,-39.6,crypto
23-27,5,min 0-12,spot_with,hold,138,-36.8,133,-32.1,-93.5,0.738,-36.8,crypto
23-27,5,min 0-3,kalshi_against,exit10,188,-23.0,105,-32.8,-77.63,0.775,-32.8,crypto
23-27,5,min 0-3,kalshi_against,exit12,188,-27.0,105,-27.3,-79.44,0.802,-27.3,crypto
23-27,5,min 0-3,kalshi_against,exit14,188,-30.3,105,-28.9,-87.35,0.805,-30.3,crypto
23-27,5,min 0-3,kalshi_against,hold,188,-30.4,105,-29.0,-87.62,0.805,-30.4,crypto
23-27,5,min 0-3,kalshi_with,exit10,39,-44.6,17,-20.9,-20.94,0.714,-44.6,crypto
23-27,5,min 0-3,kalshi_with,exit12,39,-55.0,17,-17.3,-24.4,0.732,-55.0,crypto
23-27,5,min 0-3,kalshi_with,exit14,39,-57.4,17,-19.5,-25.68,0.732,-57.4,crypto
23-27,5,min 0-3,kalshi_with,hold,39,-57.6,17,-19.5,-25.77,0.732,-57.6,crypto
23-27,5,min 0-3,none,exit10,193,-25.7,106,-33.5,-85.12,0.769,-33.5,crypto
23-27,5,min 0-3,none,exit12,193,-30.8,106,-26.8,-87.79,0.793,-30.8,crypto
23-27,5,min 0-3,none,exit14,193,-34.2,106,-28.3,-95.97,0.796,-34.2,crypto
23-27,5,min 0-3,none,hold,193,-34.3,106,-28.4,-96.24,0.796,-34.3,crypto
23-27,5,min 0-3,spot_with,exit10,29,-55.5,24,-12.9,-19.18,0.717,-55.5,crypto
23-27,5,min 0-3,spot_with,exit12,29,-67.7,24,-1.5,-19.98,0.755,-67.7,crypto
23-27,5,min 0-3,spot_with,exit14,29,-70.8,24,-3.0,-21.26,0.755,-70.8,crypto
23-27,5,min 0-3,spot_with,hold,29,-71.1,24,-3.0,-21.35,0.755,-71.1,crypto
23-27,5,min 0-6,kalshi_against,exit10,301,-24.6,166,-34.9,-131.98,0.767,-34.9,crypto
23-27,5,min 0-6,kalshi_against,exit12,301,-28.3,166,-27.9,-131.48,0.792,-28.3,crypto
23-27,5,min 0-6,kalshi_against,exit14,301,-29.0,166,-29.3,-135.93,0.805,-29.3,crypto
23-27,5,min 0-6,kalshi_against,hold,301,-27.5,166,-29.5,-131.89,0.807,-29.5,crypto
23-27,5,min 0-6,kalshi_with,exit10,120,-43.6,63,-58.9,-89.47,0.672,-58.9,crypto
23-27,5,min 0-6,kalshi_with,exit12,120,-49.2,63,-63.2,-98.81,0.683,-63.2,crypto
23-27,5,min 0-6,kalshi_with,exit14,120,-54.4,63,-56.4,-100.74,0.705,-56.4,crypto
23-27,5,min 0-6,kalshi_with,hold,120,-54.5,63,-57.1,-101.37,0.705,-57.1,crypto
23-27,5,min 0-6,none,exit10,306,-26.3,167,-35.3,-139.47,0.763,-35.3,crypto
23-27,5,min 0-6,none,exit12,306,-30.6,167,-27.6,-139.83,0.786,-30.6,crypto
23-27,5,min 0-6,none,exit14,306,-31.5,167,-28.9,-144.55,0.799,-31.5,crypto
23-27,5,min 0-6,none,hold,306,-30.0,167,-29.1,-140.51,0.801,-30.0,crypto
23-27,5,min 0-6,spot_with,exit10,79,-25.7,75,-45.5,-54.5,0.721,-45.5,crypto
23-27,5,min 0-6,spot_with,exit12,79,-34.6,75,-49.0,-64.09,0.734,-49.0,crypto
23-27,5,min 0-6,spot_with,exit14,79,-38.2,75,-42.4,-61.95,0.753,-42.4,crypto
23-27,5,min 0-6,spot_with,hold,79,-38.3,75,-42.6,-62.22,0.753,-42.6,crypto
23-27,5,min 0-9,kalshi_against,exit10,342,-25.8,190,-40.0,-164.22,0.748,-40.0,crypto
23-27,5,min 0-9,kalshi_against,exit12,342,-29.8,190,-37.0,-171.98,0.773,-37.0,crypto
23-27,5,min 0-9,kalshi_against,exit14,342,-30.7,190,-40.9,-182.92,0.786,-40.9,crypto
23-27,5,min 0-9,kalshi_against,hold,342,-29.5,190,-41.2,-179.33,0.788,-41.2,crypto
23-27,5,min 0-9,kalshi_with,exit10,182,-33.5,94,-50.3,-108.19,0.678,-50.3,crypto
23-27,5,min 0-9,kalshi_with,exit12,182,-38.6,94,-45.1,-112.59,0.714,-45.1,crypto
23-27,5,min 0-9,kalshi_with,exit14,182,-43.0,94,-41.4,-117.23,0.736,-43.0,crypto
23-27,5,min 0-9,kalshi_with,hold,182,-40.6,94,-42.0,-113.36,0.739,-42.0,crypto
23-27,5,min 0-9,none,exit10,347,-27.3,191,-40.3,-171.71,0.745,-40.3,crypto
23-27,5,min 0-9,none,exit12,347,-31.8,191,-36.6,-180.33,0.768,-36.6,crypto
23-27,5,min 0-9,none,exit14,347,-32.9,191,-40.5,-191.54,0.781,-40.5,crypto
23-27,5,min 0-9,none,hold,347,-31.7,191,-40.8,-187.95,0.783,-40.8,crypto
23-27,5,min 0-9,spot_with,exit10,117,-30.1,109,-43.8,-82.97,0.673,-43.8,crypto
23-27,5,min 0-9,spot_with,exit12,117,-35.0,109,-35.3,-79.53,0.73,-35.3,crypto
23-27,5,min 0-9,spot_with,exit14,117,-40.9,109,-31.9,-82.72,0.752,-40.9,crypto
23-27,5,min 0-9,spot_with,hold,117,-37.6,109,-32.2,-79.05,0.757,-37.6,crypto
23-27,10,min 0-12,kalshi_against,exit10,351,-31.7,201,-38.1,-187.68,0.598,-38.1,crypto
23-27,10,min 0-12,kalshi_against,exit12,351,-34.3,201,-31.4,-183.45,0.629,-34.3,crypto
23-27,10,min 0-12,kalshi_against,exit14,351,-41.1,201,-37.1,-218.83,0.652,-41.1,crypto
23-27,10,min 0-12,kalshi_against,hold,351,-39.6,201,-37.9,-215.17,0.656,-39.6,crypto
23-27,10,min 0-12,kalshi_with,exit10,216,-45.3,120,-46.6,-153.87,0.479,-46.6,crypto
23-27,10,min 0-12,kalshi_with,exit12,216,-46.7,120,-45.7,-155.72,0.512,-46.7,crypto
23-27,10,min 0-12,kalshi_with,exit14,216,-57.6,120,-45.3,-178.71,0.571,-57.6,crypto
23-27,10,min 0-12,kalshi_with,hold,216,-55.4,120,-41.4,-169.39,0.583,-55.4,crypto
23-27,10,min 0-12,none,exit10,355,-33.7,202,-39.1,-198.58,0.592,-39.1,crypto
23-27,10,min 0-12,none,exit12,355,-36.6,202,-32.5,-195.75,0.623,-36.6,crypto
23-27,10,min 0-12,none,exit14,355,-43.5,202,-38.2,-231.49,0.646,-43.5,crypto
23-27,10,min 0-12,none,hold,355,-42.0,202,-39.0,-227.83,0.65,-42.0,crypto
23-27,10,min 0-12,spot_with,exit10,138,-43.3,133,-44.7,-119.24,0.472,-44.7,crypto
23-27,10,min 0-12,spot_with,exit12,138,-38.2,133,-48.3,-116.99,0.528,-48.3,crypto
23-27,10,min 0-12,spot_with,exit14,138,-50.7,133,-45.0,-129.84,0.59,-50.7,crypto
23-27,10,min 0-12,spot_with,hold,138,-45.9,133,-44.5,-122.54,0.601,-45.9,crypto
23-27,10,min 0-3,kalshi_against,exit10,188,-29.2,105,-33.2,-89.68,0.635,-33.2,crypto
23-27,10,min 0-3,kalshi_against,exit12,188,-37.2,105,-28.4,-99.76,0.655,-37.2,crypto
23-27,10,min 0-3,kalshi_against,exit14,188,-40.7,105,-29.9,-107.99,0.672,-40.7,crypto
23-27,10,min 0-3,kalshi_against,hold,188,-39.0,105,-30.5,-105.34,0.676,-39.0,crypto
23-27,10,min 0-3,kalshi_with,exit10,39,-39.9,17,-13.6,-17.88,0.589,-39.9,crypto
23-27,10,min 0-3,kalshi_with,exit12,39,-58.1,17,-25.6,-27.03,0.589,-58.1,crypto
23-27,10,min 0-3,kalshi_with,exit14,39,-61.1,17,-39.9,-30.6,0.607,-61.1,crypto
23-27,10,min 0-3,kalshi_with,hold,39,-61.7,17,-40.5,-30.96,0.607,-61.7,crypto
23-27,10,min 0-3,none,exit10,193,-32.2,106,-35.3,-99.49,0.625,-35.3,crypto
23-27,10,min 0-3,none,exit12,193,-40.8,106,-30.5,-110.97,0.645,-40.8,crypto
23-27,10,min 0-3,none,exit14,193,-44.4,106,-32.0,-119.56,0.662,-44.4,crypto
23-27,10,min 0-3,none,hold,193,-42.7,106,-32.6,-116.91,0.666,-42.7,crypto
23-27,10,min 0-3,spot_with,exit10,29,-56.7,24,4.4,-15.39,0.604,-56.7,crypto
23-27,10,min 0-3,spot_with,exit12,29,-74.4,24,9.5,-19.29,0.623,-74.4,crypto
23-27,10,min 0-3,spot_with,exit14,29,-76.7,24,-2.2,-22.77,0.642,-76.7,crypto
23-27,10,min 0-3,spot_with,hold,29,-77.0,24,-2.9,-23.04,0.642,-77.0,crypto
23-27,10,min 0-6,kalshi_against,exit10,301,-31.3,166,-32.6,-148.28,0.621,-32.6,crypto
23-27,10,min 0-6,kalshi_against,exit12,301,-35.7,166,-25.6,-149.94,0.651,-35.7,crypto
23-27,10,min 0-6,kalshi_against,exit14,301,-39.5,166,-26.0,-161.99,0.675,-39.5,crypto
23-27,10,min 0-6,kalshi_against,hold,301,-37.1,166,-26.5,-155.86,0.679,-37.1,crypto
23-27,10,min 0-6,kalshi_with,exit10,120,-52.1,63,-66.0,-104.05,0.514,-66.0,crypto
23-27,10,min 0-6,kalshi_with,exit12,120,-60.6,63,-77.1,-121.32,0.525,-77.1,crypto
23-27,10,min 0-6,kalshi_with,exit14,120,-67.5,63,-76.1,-128.9,0.557,-76.1,crypto
23-27,10,min 0-6,kalshi_with,hold,120,-65.3,63,-77.2,-126.99,0.563,-77.2,crypto
23-27,10,min 0-6,none,exit10,306,-33.2,167,-33.9,-158.09,0.615,-33.9,crypto
23-27,10,min 0-6,none,exit12,306,-37.9,167,-27.0,-161.15,0.645,-37.9,crypto
23-27,10,min 0-6,none,exit14,306,-41.8,167,-27.4,-173.56,0.668,-41.8,crypto
23-27,10,min 0-6,none,hold,306,-39.5,167,-27.9,-167.43,0.672,-39.5,crypto
23-27,10,min 0-6,spot_with,exit10,79,-36.7,75,-52.8,-68.55,0.552,-52.8,crypto
23-27,10,min 0-6,spot_with,exit12,79,-39.9,75,-60.2,-76.68,0.578,-60.2,crypto
23-27,10,min 0-6,spot_with,exit14,79,-40.1,75,-60.8,-77.23,0.617,-60.8,crypto
23-27,10,min 0-6,spot_with,hold,79,-35.5,75,-61.7,-74.31,0.623,-61.7,crypto
23-27,10,min 0-9,kalshi_against,exit10,342,-30.6,190,-36.5,-173.91,0.603,-36.5,crypto
23-27,10,min 0-9,kalshi_against,exit12,342,-36.5,190,-32.4,-186.32,0.633,-36.5,crypto
23-27,10,min 0-9,kalshi_against,exit14,342,-42.1,190,-35.1,-210.45,0.658,-42.1,crypto
23-27,10,min 0-9,kalshi_against,hold,342,-40.4,190,-35.6,-205.96,0.662,-40.4,crypto
23-27,10,min 0-9,kalshi_with,exit10,182,-38.7,94,-62.4,-129.12,0.5,-62.4,crypto
23-27,10,min 0-9,kalshi_with,exit12,182,-45.0,94,-58.6,-136.99,0.554,-58.6,crypto
23-27,10,min 0-9,kalshi_with,exit14,182,-53.1,94,-58.6,-151.79,0.591,-58.6,crypto
23-27,10,min 0-9,kalshi_with,hold,182,-49.3,94,-60.1,-146.19,0.598,-60.1,crypto
23-27,10,min 0-9,none,exit10,347,-32.2,191,-37.6,-183.72,0.599,-37.6,crypto
23-27,10,min 0-9,none,exit12,347,-38.4,191,-33.6,-197.53,0.628,-38.4,crypto
23-27,10,min 0-9,none,exit14,347,-44.1,191,-36.2,-222.02,0.652,-44.1,crypto
23-27,10,min 0-9,none,hold,347,-42.4,191,-36.8,-217.53,0.656,-42.4,crypto
23-27,10,min 0-9,spot_with,exit10,117,-38.8,109,-49.7,-99.46,0.491,-49.7,crypto
23-27,10,min 0-9,spot_with,exit12,117,-40.4,109,-45.7,-97.11,0.562,-45.7,crypto
23-27,10,min 0-9,spot_with,exit14,117,-47.9,109,-45.5,-105.59,0.611,-47.9,crypto
23-27,10,min 0-9,spot_with,hold,117,-41.8,109,-46.8,-99.82,0.619,-46.8,crypto
23-27,15,min 0-12,kalshi_against,exit10,351,-38.5,201,-34.0,-203.44,0.48,-38.5,crypto
23-27,15,min 0-12,kalshi_against,exit12,351,-37.1,201,-27.9,-186.48,0.514,-37.1,crypto
23-27,15,min 0-12,kalshi_against,exit14,351,-45.2,201,-32.3,-223.48,0.553,-45.2,crypto
23-27,15,min 0-12,kalshi_against,hold,351,-43.6,201,-28.9,-210.99,0.56,-43.6,crypto
23-27,15,min 0-12,kalshi_with,exit10,216,-45.5,120,-38.1,-144.05,0.384,-45.5,crypto
23-27,15,min 0-12,kalshi_with,exit12,216,-38.6,120,-43.3,-135.29,0.42,-43.3,crypto
23-27,15,min 0-12,kalshi_with,exit14,216,-52.0,120,-32.1,-150.75,0.494,-52.0,crypto
23-27,15,min 0-12,kalshi_with,hold,216,-49.5,120,-26.7,-138.89,0.506,-49.5,crypto
23-27,15,min 0-12,none,exit10,355,-39.9,202,-35.1,-212.38,0.478,-39.9,crypto
23-27,15,min 0-12,none,exit12,355,-39.2,202,-29.0,-197.8,0.51,-39.2,crypto
23-27,15,min 0-12,none,exit14,355,-47.3,202,-33.4,-235.16,0.548,-47.3,crypto
23-27,15,min 0-12,none,hold,355,-45.7,202,-30.0,-222.67,0.555,-45.7,crypto
23-27,15,min 0-12,spot_with,exit10,138,-55.2,133,-44.4,-135.22,0.351,-55.2,crypto
23-27,15,min 0-12,spot_with,exit12,138,-37.9,133,-46.4,-114.03,0.413,-46.4,crypto
23-27,15,min 0-12,spot_with,exit14,138,-52.9,133,-32.6,-116.3,0.498,-52.9,crypto
23-27,15,min 0-12,spot_with,hold,138,-47.4,133,-27.8,-102.51,0.513,-47.4,crypto
23-27,15,min 0-3,kalshi_against,exit10,188,-45.1,105,-25.5,-111.51,0.502,-45.1,crypto
23-27,15,min 0-3,kalshi_against,exit12,188,-47.3,105,-18.7,-108.68,0.529,-47.3,crypto
23-27,15,min 0-3,kalshi_against,exit14,188,-55.2,105,-12.1,-116.52,0.556,-55.2,crypto
23-27,15,min 0-3,kalshi_against,hold,188,-53.1,105,-7.8,-107.99,0.563,-53.1,crypto
23-27,15,min 0-3,kalshi_with,exit10,39,-40.6,17,-6.4,-16.93,0.482,-40.6,crypto
23-27,15,min 0-3,kalshi_with,exit12,39,-19.6,17,-20.5,-11.12,0.5,-20.5,crypto
23-27,15,min 0-3,kalshi_with,exit14,39,-21.0,17,-35.8,-14.28,0.518,-35.8,crypto
23-27,15,min 0-3,kalshi_with,hold,39,-21.7,17,-36.4,-14.64,0.518,-36.4,crypto
23-27,15,min 0-3,none,exit10,193,-46.6,106,-27.6,-119.16,0.498,-46.6,crypto
23-27,15,min 0-3,none,exit12,193,-50.0,106,-21.0,-118.71,0.522,-50.0,crypto
23-27,15,min 0-3,none,exit14,193,-57.9,106,-14.4,-126.91,0.548,-57.9,crypto
23-27,15,min 0-3,none,hold,193,-55.8,106,-10.1,-118.38,0.555,-55.8,crypto
23-27,15,min 0-3,spot_with,exit10,29,-78.0,24,9.9,-20.24,0.434,-78.0,crypto
23-27,15,min 0-3,spot_with,exit12,29,-47.2,24,21.5,-8.51,0.491,-47.2,crypto
23-27,15,min 0-3,spot_with,exit14,29,-50.3,24,22.9,-9.09,0.528,-50.3,crypto
23-27,15,min 0-3,spot_with,hold,29,-50.6,24,22.2,-9.36,0.528,-50.6,crypto
23-27,15,min 0-6,kalshi_against,exit10,301,-41.2,166,-27.3,-169.38,0.499,-41.2,crypto
23-27,15,min 0-6,kalshi_against,exit12,301,-41.2,166,-18.9,-155.34,0.533,-41.2,crypto
23-27,15,min 0-6,kalshi_against,exit14,301,-47.1,166,-14.8,-166.19,0.57,-47.1,crypto
23-27,15,min 0-6,kalshi_against,hold,301,-44.6,166,-10.1,-150.96,0.578,-44.6,crypto
23-27,15,min 0-6,kalshi_with,exit10,120,-47.5,63,-64.2,-97.43,0.421,-64.2,crypto
23-27,15,min 0-6,kalshi_with,exit12,120,-43.1,63,-75.0,-98.92,0.448,-75.0,crypto
23-27,15,min 0-6,kalshi_with,exit14,120,-53.5,63,-71.7,-109.36,0.481,-71.7,crypto
23-27,15,min 0-6,kalshi_with,hold,120,-50.4,63,-64.4,-101.03,0.492,-64.4,crypto
23-27,15,min 0-6,none,exit10,306,-42.2,167,-28.7,-177.03,0.497,-42.2,crypto
23-27,15,min 0-6,none,exit12,306,-42.9,167,-20.3,-165.37,0.529,-42.9,crypto
23-27,15,min 0-6,none,exit14,306,-48.9,167,-16.2,-176.58,0.564,-48.9,crypto
23-27,15,min 0-6,none,hold,306,-46.4,167,-11.6,-161.35,0.573,-46.4,crypto
23-27,15,min 0-6,spot_with,exit10,79,-48.9,75,-58.1,-82.23,0.416,-58.1,crypto
23-27,15,min 0-6,spot_with,exit12,79,-33.5,75,-63.9,-74.36,0.461,-63.9,crypto
23-27,15,min 0-6,spot_with,exit14,79,-33.0,75,-59.4,-70.61,0.513,-59.4,crypto
23-27,15,min 0-6,spot_with,hold,79,-27.1,75,-53.3,-61.45,0.526,-53.3,crypto
23-27,15,min 0-9,kalshi_against,exit10,342,-38.1,190,-31.5,-190.17,0.483,-38.1,crypto
23-27,15,min 0-9,kalshi_against,exit12,342,-39.8,190,-27.1,-187.51,0.524,-39.8,crypto
23-27,15,min 0-9,kalshi_against,exit14,342,-46.7,190,-27.4,-211.97,0.558,-46.7,crypto
23-27,15,min 0-9,kalshi_against,hold,342,-45.0,190,-23.5,-198.65,0.566,-45.0,crypto
23-27,15,min 0-9,kalshi_with,exit10,182,-38.0,94,-56.7,-122.42,0.399,-56.7,crypto
23-27,15,min 0-9,kalshi_with,exit12,182,-34.6,94,-56.4,-116.07,0.464,-56.4,crypto
23-27,15,min 0-9,kalshi_with,exit14,182,-45.0,94,-50.2,-129.08,0.507,-50.2,crypto
23-27,15,min 0-9,kalshi_with,hold,182,-40.7,94,-46.1,-117.42,0.518,-46.1,crypto
23-27,15,min 0-9,none,exit10,347,-39.0,191,-32.7,-197.82,0.481,-39.0,crypto
23-27,15,min 0-9,none,exit12,347,-41.4,191,-28.3,-197.54,0.52,-41.4,crypto
23-27,15,min 0-9,none,exit14,347,-48.3,191,-28.6,-222.36,0.554,-48.3,crypto
23-27,15,min 0-9,none,hold,347,-46.6,191,-24.7,-209.04,0.561,-46.6,crypto
23-27,15,min 0-9,spot_with,exit10,117,-49.3,109,-49.2,-111.28,0.367,-49.3,crypto
23-27,15,min 0-9,spot_with,exit12,117,-37.6,109,-42.2,-89.96,0.456,-42.2,crypto
23-27,15,min 0-9,spot_with,exit14,117,-45.9,109,-34.2,-91.01,0.518,-45.9,crypto
23-27,15,min 0-9,spot_with,hold,117,-39.0,109,-27.2,-75.23,0.535,-39.0,crypto
23-27,20,min 0-12,kalshi_against,exit10,351,-37.6,201,-41.4,-215.02,0.402,-41.4,crypto
23-27,20,min 0-12,kalshi_against,exit12,351,-36.5,201,-33.6,-195.66,0.44,-36.5,crypto
23-27,20,min 0-12,kalshi_against,exit14,351,-44.4,201,-35.0,-226.04,0.491,-44.4,crypto
23-27,20,min 0-12,kalshi_against,hold,351,-42.5,201,-33.8,-216.92,0.498,-42.5,crypto
23-27,20,min 0-12,kalshi_with,exit10,216,-39.4,120,-43.5,-137.36,0.324,-43.5,crypto
23-27,20,min 0-12,kalshi_with,exit12,216,-35.5,120,-41.8,-126.86,0.363,-41.8,crypto
23-27,20,min 0-12,kalshi_with,exit14,216,-45.8,120,-23.1,-126.61,0.455,-45.8,crypto
23-27,20,min 0-12,kalshi_with,hold,216,-42.4,120,-22.0,-118.05,0.467,-42.4,crypto
23-27,20,min 0-12,none,exit10,355,-38.9,202,-42.4,-223.75,0.4,-42.4,crypto
23-27,20,min 0-12,none,exit12,355,-38.6,202,-34.7,-207.16,0.438,-38.6,crypto
23-27,20,min 0-12,none,exit14,355,-46.5,202,-36.0,-238.0,0.487,-46.5,crypto
23-27,20,min 0-12,none,hold,355,-44.6,202,-34.8,-228.88,0.494,-44.6,crypto
23-27,20,min 0-12,spot_with,exit10,138,-54.1,133,-45.2,-134.83,0.288,-54.1,crypto
23-27,20,min 0-12,spot_with,exit12,138,-37.6,133,-43.8,-110.06,0.351,-43.8,crypto
23-27,20,min 0-12,spot_with,exit14,138,-47.5,133,-23.0,-96.16,0.461,-47.5,crypto
23-27,20,min 0-12,spot_with,hold,138,-38.5,133,-19.1,-78.43,0.48,-38.5,crypto
23-27,20,min 0-3,kalshi_against,exit10,188,-51.2,105,-33.0,-131.02,0.41,-51.2,crypto
23-27,20,min 0-3,kalshi_against,exit12,188,-55.9,105,-23.6,-129.85,0.444,-55.9,crypto
23-27,20,min 0-3,kalshi_against,exit14,188,-66.6,105,-11.8,-137.59,0.478,-66.6,crypto
23-27,20,min 0-3,kalshi_against,hold,188,-66.2,105,-7.5,-132.45,0.485,-66.2,crypto
23-27,20,min 0-3,kalshi_with,exit10,39,-43.7,17,26.9,-12.45,0.411,-43.7,crypto
23-27,20,min 0-3,kalshi_with,exit12,39,-30.0,17,16.4,-8.92,0.429,-30.0,crypto
23-27,20,min 0-3,kalshi_with,exit14,39,-28.9,17,1.0,-11.1,0.464,-28.9,crypto
23-27,20,min 0-3,kalshi_with,hold,39,-29.8,17,0.5,-11.55,0.464,-29.8,crypto
23-27,20,min 0-3,none,exit10,193,-52.3,106,-35.1,-138.07,0.408,-52.3,crypto
23-27,20,min 0-3,none,exit12,193,-58.2,106,-25.8,-139.77,0.438,-58.2,crypto
23-27,20,min 0-3,none,exit14,193,-68.9,106,-14.0,-147.87,0.472,-68.9,crypto
23-27,20,min 0-3,none,hold,193,-68.5,106,-9.9,-142.73,0.478,-68.5,crypto
23-27,20,min 0-3,spot_with,exit10,29,-82.1,24,7.5,-22.03,0.358,-82.1,crypto
23-27,20,min 0-3,spot_with,exit12,29,-59.9,24,24.7,-11.45,0.415,-59.9,crypto
23-27,20,min 0-3,spot_with,exit14,29,-64.4,24,48.0,-7.16,0.472,-64.4,crypto
23-27,20,min 0-3,spot_with,hold,29,-65.1,24,47.3,-7.52,0.472,-65.1,crypto
23-27,20,min 0-6,kalshi_against,exit10,301,-40.4,166,-32.5,-175.47,0.422,-40.4,crypto
23-27,20,min 0-6,kalshi_against,exit12,301,-40.5,166,-20.2,-155.37,0.465,-40.5,crypto
23-27,20,min 0-6,kalshi_against,exit14,301,-47.4,166,-11.0,-160.88,0.51,-47.4,crypto
23-27,20,min 0-6,kalshi_against,hold,301,-44.3,166,-8.9,-148.01,0.518,-44.3,crypto
23-27,20,min 0-6,kalshi_with,exit10,120,-44.7,63,-60.5,-91.75,0.35,-60.5,crypto
23-27,20,min 0-6,kalshi_with,exit12,120,-43.6,63,-69.2,-95.91,0.388,-69.2,crypto
23-27,20,min 0-6,kalshi_with,exit14,120,-53.4,63,-61.4,-102.79,0.432,-61.4,crypto
23-27,20,min 0-6,kalshi_with,hold,120,-50.7,63,-54.0,-94.91,0.443,-54.0,crypto
23-27,20,min 0-6,none,exit10,306,-41.2,167,-33.8,-182.52,0.421,-41.2,crypto
23-27,20,min 0-6,none,exit12,306,-42.2,167,-21.6,-165.29,0.461,-42.2,crypto
23-27,20,min 0-6,none,exit14,306,-49.1,167,-12.5,-171.16,0.505,-49.1,crypto
23-27,20,min 0-6,none,hold,306,-46.1,167,-10.4,-158.29,0.514,-46.1,crypto
23-27,20,min 0-6,spot_with,exit10,79,-45.9,75,-62.2,-82.88,0.331,-62.2,crypto
23-27,20,min 0-6,spot_with,exit12,79,-29.4,75,-60.7,-68.78,0.396,-60.7,crypto
23-27,20,min 0-6,spot_with,exit14,79,-29.2,75,-46.7,-58.11,0.468,-46.7,crypto
23-27,20,min 0-6,spot_with,hold,79,-23.6,75,-42.0,-50.16,0.481,-42.0,crypto
23-27,20,min 0-9,kalshi_against,exit10,342,-37.9,190,-36.3,-198.56,0.406,-37.9,crypto
23-27,20,min 0-9,kalshi_against,exit12,342,-39.6,190,-29.9,-192.19,0.453,-39.6,crypto
23-27,20,min 0-9,kalshi_against,exit14,342,-46.7,190,-26.5,-210.02,0.498,-46.7,crypto
23-27,20,min 0-9,kalshi_against,hold,342,-44.7,190,-24.8,-199.89,0.506,-44.7,crypto
23-27,20,min 0-9,kalshi_with,exit10,182,-31.9,94,-61.3,-115.59,0.333,-61.3,crypto
23-27,20,min 0-9,kalshi_with,exit12,182,-29.4,94,-55.7,-105.91,0.409,-55.7,crypto
23-27,20,min 0-9,kalshi_with,exit14,182,-39.3,94,-41.2,-110.21,0.467,-41.2,crypto
23-27,20,min 0-9,kalshi_with,hold,182,-35.2,94,-38.3,-100.03,0.478,-38.3,crypto
23-27,20,min 0-9,none,exit10,347,-38.7,191,-37.4,-205.61,0.405,-38.7,crypto
23-27,20,min 0-9,none,exit12,347,-41.1,191,-31.1,-202.11,0.45,-41.1,crypto
23-27,20,min 0-9,none,exit14,347,-48.2,191,-27.7,-220.3,0.494,-48.2,crypto
23-27,20,min 0-9,none,hold,347,-46.2,191,-26.0,-210.17,0.502,-46.2,crypto
23-27,20,min 0-9,spot_with,exit10,117,-48.2,109,-52.4,-113.48,0.296,-52.4,crypto
23-27,20,min 0-9,spot_with,exit12,117,-35.4,109,-39.5,-84.45,0.394,-39.5,crypto
23-27,20,min 0-9,spot_with,exit14,117,-41.9,109,-25.5,-76.82,0.478,-41.9,crypto
23-27,20,min 0-9,spot_with,hold,117,-35.1,109,-19.4,-62.25,0.496,-35.1,crypto
23-27,25,min 0-12,kalshi_against,exit10,351,-34.2,201,-45.2,-210.91,0.333,-45.2,crypto
23-27,25,min 0-12,kalshi_against,exit12,351,-31.8,201,-40.1,-192.23,0.384,-40.1,crypto
23-27,25,min 0-12,kalshi_against,exit14,351,-40.2,201,-40.2,-221.95,0.442,-40.2,crypto
23-27,25,min 0-12,kalshi_against,hold,351,-35.4,201,-40.0,-204.63,0.453,-40.0,crypto
23-27,25,min 0-12,kalshi_with,exit10,216,-32.5,120,-51.3,-131.84,0.274,-51.3,crypto
23-27,25,min 0-12,kalshi_with,exit12,216,-29.3,120,-45.3,-117.67,0.315,-45.3,crypto
23-27,25,min 0-12,kalshi_with,exit14,216,-37.6,120,-24.0,-109.95,0.42,-37.6,crypto
23-27,25,min 0-12,kalshi_with,hold,216,-29.2,120,-23.3,-90.97,0.438,-29.2,crypto
23-27,25,min 0-12,none,exit10,355,-34.2,202,-46.3,-214.92,0.334,-46.3,crypto
23-27,25,min 0-12,none,exit12,355,-33.8,202,-41.2,-203.13,0.384,-41.2,crypto
23-27,25,min 0-12,none,exit14,355,-41.2,202,-41.3,-229.69,0.44,-41.3,crypto
23-27,25,min 0-12,none,hold,355,-36.5,202,-41.0,-212.37,0.451,-41.0,crypto
23-27,25,min 0-12,spot_with,exit10,138,-48.9,133,-50.3,-134.37,0.247,-50.3,crypto
23-27,25,min 0-12,spot_with,exit12,138,-29.7,133,-46.3,-102.6,0.295,-46.3,crypto
23-27,25,min 0-12,spot_with,exit14,138,-38.1,133,-23.5,-83.81,0.421,-38.1,crypto
23-27,25,min 0-12,spot_with,hold,138,-21.2,133,-17.4,-52.38,0.446,-21.2,crypto
23-27,25,min 0-3,kalshi_against,exit10,188,-47.4,105,-28.4,-118.99,0.355,-47.4,crypto
23-27,25,min 0-3,kalshi_against,exit12,188,-53.0,105,-22.4,-123.17,0.386,-53.0,crypto
23-27,25,min 0-3,kalshi_against,exit14,188,-64.1,105,-0.8,-121.22,0.433,-64.1,crypto
23-27,25,min 0-3,kalshi_against,hold,188,-57.9,105,3.5,-105.3,0.447,-57.9,crypto
23-27,25,min 0-3,kalshi_with,exit10,39,-43.0,17,32.8,-11.19,0.321,-43.0,crypto
23-27,25,min 0-3,kalshi_with,exit12,39,-25.7,17,27.4,-5.37,0.357,-25.7,crypto
23-27,25,min 0-3,kalshi_with,exit14,39,-37.6,17,34.5,-8.8,0.393,-37.6,crypto
23-27,25,min 0-3,kalshi_with,hold,39,-21.4,17,34.0,-2.58,0.411,-21.4,crypto
23-27,25,min 0-3,none,exit10,193,-48.3,106,-30.5,-125.64,0.355,-48.3,crypto
23-27,25,min 0-3,none,exit12,193,-55.1,106,-24.6,-132.49,0.385,-55.1,crypto
23-27,25,min 0-3,none,exit14,193,-66.5,106,-3.2,-131.6,0.428,-66.5,crypto
23-27,25,min 0-3,none,hold,193,-60.5,106,1.0,-115.68,0.441,-60.5,crypto
23-27,25,min 0-3,spot_with,exit10,29,-71.0,24,7.1,-18.9,0.302,-71.0,crypto
23-27,25,min 0-3,spot_with,exit12,29,-25.9,24,18.2,-3.14,0.358,-25.9,crypto
23-27,25,min 0-3,spot_with,exit14,29,-30.4,24,55.9,4.6,0.434,-30.4,crypto
23-27,25,min 0-3,spot_with,hold,29,-31.0,24,55.1,4.24,0.434,-31.0,crypto
23-27,25,min 0-6,kalshi_against,exit10,301,-36.6,166,-37.3,-172.08,0.355,-37.3,crypto
23-27,25,min 0-6,kalshi_against,exit12,301,-37.9,166,-29.4,-162.84,0.398,-37.9,crypto
23-27,25,min 0-6,kalshi_against,exit14,301,-44.2,166,-19.2,-164.87,0.454,-44.2,crypto
23-27,25,min 0-6,kalshi_against,hold,301,-37.7,166,-18.2,-143.8,0.467,-37.7,crypto
23-27,25,min 0-6,kalshi_with,exit10,120,-39.9,63,-69.2,-91.43,0.295,-69.2,crypto
23-27,25,min 0-6,kalshi_with,exit12,120,-39.6,63,-79.4,-97.57,0.322,-79.4,crypto
23-27,25,min 0-6,kalshi_with,exit14,120,-47.7,63,-62.9,-96.85,0.388,-62.9,crypto
23-27,25,min 0-6,kalshi_with,hold,120,-39.4,63,-55.9,-82.48,0.404,-55.9,crypto
23-27,25,min 0-6,none,exit10,306,-37.3,167,-38.6,-178.73,0.355,-38.6,crypto
23-27,25,min 0-6,none,exit12,306,-39.5,167,-30.7,-172.16,0.397,-39.5,crypto
23-27,25,min 0-6,none,exit14,306,-46.0,167,-20.6,-175.25,0.45,-46.0,crypto
23-27,25,min 0-6,none,hold,306,-39.7,167,-19.7,-154.18,0.463,-39.7,crypto
23-27,25,min 0-6,spot_with,exit10,79,-36.6,75,-63.3,-76.38,0.292,-63.3,crypto
23-27,25,min 0-6,spot_with,exit12,79,-13.8,75,-66.5,-60.76,0.331,-66.5,crypto
23-27,25,min 0-6,spot_with,exit14,79,-6.2,75,-45.6,-39.1,0.435,-45.6,crypto
23-27,25,min 0-6,spot_with,hold,79,-0.7,75,-41.2,-31.42,0.448,-41.2,crypto
23-27,25,min 0-9,kalshi_against,exit10,342,-33.5,190,-40.8,-192.23,0.338,-40.8,crypto
23-27,25,min 0-9,kalshi_against,exit12,342,-35.1,190,-36.7,-189.86,0.395,-36.7,crypto
23-27,25,min 0-9,kalshi_against,exit14,342,-41.5,190,-32.5,-203.71,0.449,-41.5,crypto
23-27,25,min 0-9,kalshi_against,hold,342,-36.5,190,-31.9,-185.38,0.461,-36.5,crypto
23-27,25,min 0-9,kalshi_with,exit10,182,-24.6,94,-67.5,-108.26,0.279,-67.5,crypto
23-27,25,min 0-9,kalshi_with,exit12,182,-22.5,94,-62.9,-100.02,0.351,-62.9,crypto
23-27,25,min 0-9,kalshi_with,exit14,182,-31.5,94,-41.8,-96.52,0.428,-41.8,crypto
23-27,25,min 0-9,kalshi_with,hold,182,-21.4,94,-39.2,-75.83,0.446,-39.2,crypto
23-27,25,min 0-9,none,exit10,347,-34.2,191,-41.9,-198.88,0.338,-41.9,crypto
23-27,25,min 0-9,none,exit12,347,-36.5,191,-37.9,-199.18,0.394,-37.9,crypto
23-27,25,min 0-9,none,exit14,347,-43.1,191,-33.7,-214.09,0.446,-43.1,crypto
23-27,25,min 0-9,none,hold,347,-38.2,191,-33.1,-195.76,0.457,-38.2,crypto
23-27,25,min 0-9,spot_with,exit10,117,-42.8,109,-52.3,-107.08,0.257,-52.3,crypto
23-27,25,min 0-9,spot_with,exit12,117,-26.3,109,-41.7,-76.29,0.332,-41.7,crypto
23-27,25,min 0-9,spot_with,exit14,117,-32.1,109,-22.0,-61.61,0.438,-32.1,crypto
23-27,25,min 0-9,spot_with,hold,117,-16.1,109,-13.1,-33.16,0.465,-16.1,crypto
23-27,30,min 0-12,kalshi_against,exit10,351,-31.4,201,-38.2,-187.06,0.29,-38.2,crypto
23-27,30,min 0-12,kalshi_against,exit12,351,-24.2,201,-37.0,-159.4,0.346,-37.0,crypto
23-27,30,min 0-12,kalshi_against,exit14,351,-38.8,201,-35.8,-208.11,0.406,-38.8,crypto
23-27,30,min 0-12,kalshi_against,hold,351,-34.0,201,-35.7,-190.83,0.418,-35.7,crypto
23-27,30,min 0-12,kalshi_with,exit10,216,-30.1,120,-51.5,-126.77,0.229,-51.5,crypto
23-27,30,min 0-12,kalshi_with,exit12,216,-22.2,120,-51.4,-109.52,0.274,-51.4,crypto
23-27,30,min 0-12,kalshi_with,exit14,216,-33.8,120,-30.5,-109.56,0.381,-33.8,crypto
23-27,30,min 0-12,kalshi_with,hold,216,-23.7,120,-29.9,-87.07,0.405,-29.9,crypto
23-27,30,min 0-12,none,exit10,355,-31.9,202,-39.3,-192.54,0.289,-39.3,crypto
23-27,30,min 0-12,none,exit12,355,-26.3,202,-38.1,-170.5,0.345,-38.1,crypto
23-27,30,min 0-12,none,exit14,355,-39.7,202,-36.9,-215.35,0.404,-39.7,crypto
23-27,30,min 0-12,none,hold,355,-34.9,202,-36.7,-198.07,0.417,-36.7,crypto
23-27,30,min 0-12,spot_with,exit10,138,-49.5,133,-52.1,-137.64,0.199,-52.1,crypto
23-27,30,min 0-12,spot_with,exit12,138,-27.0,133,-53.8,-108.81,0.251,-53.8,crypto
23-27,30,min 0-12,spot_with,exit14,138,-42.3,133,-30.4,-98.86,0.373,-42.3,crypto
23-27,30,min 0-12,spot_with,hold,138,-20.9,133,-24.4,-61.31,0.406,-24.4,crypto
23-27,30,min 0-3,kalshi_against,exit10,188,-43.3,105,-26.1,-108.84,0.307,-43.3,crypto
23-27,30,min 0-3,kalshi_against,exit12,188,-47.6,105,-27.5,-118.33,0.338,-47.6,crypto
23-27,30,min 0-3,kalshi_against,exit14,188,-63.2,105,-9.2,-128.54,0.389,-63.2,crypto
23-27,30,min 0-3,kalshi_against,hold,188,-55.2,105,-5.2,-109.12,0.406,-55.2,crypto
23-27,30,min 0-3,kalshi_with,exit10,39,-40.5,17,21.9,-12.08,0.232,-40.5,crypto
23-27,30,min 0-3,kalshi_with,exit12,39,-16.4,17,-16.8,-9.27,0.268,-16.8,crypto
23-27,30,min 0-3,kalshi_with,exit14,39,-34.3,17,-2.1,-13.73,0.339,-34.3,crypto
23-27,30,min 0-3,kalshi_with,hold,39,-18.1,17,-3.2,-7.6,0.357,-18.1,crypto
23-27,30,min 0-3,none,exit10,193,-45.1,106,-28.3,-116.96,0.304,-45.1,crypto
23-27,30,min 0-3,none,exit12,193,-50.0,106,-29.6,-127.85,0.334,-50.0,crypto
23-27,30,min 0-3,none,exit14,193,-65.4,106,-11.5,-138.42,0.385,-65.4,crypto
23-27,30,min 0-3,none,hold,193,-57.5,106,-7.5,-119.0,0.401,-57.5,crypto
23-27,30,min 0-3,spot_with,exit10,29,-56.1,24,-18.0,-20.6,0.226,-56.1,crypto
23-27,30,min 0-3,spot_with,exit12,29,-11.0,24,-27.1,-9.69,0.283,-27.1,crypto
23-27,30,min 0-3,spot_with,exit14,29,-14.4,24,18.2,0.18,0.377,-14.4,crypto
23-27,30,min 0-3,spot_with,hold,29,-15.1,24,17.1,-0.27,0.377,-15.1,crypto
23-27,30,min 0-6,kalshi_against,exit10,301,-31.0,166,-30.2,-143.35,0.317,-31.0,crypto
23-27,30,min 0-6,kalshi_against,exit12,301,-30.9,166,-26.0,-136.29,0.36,-30.9,crypto
23-27,30,min 0-6,kalshi_against,exit14,301,-43.3,166,-16.6,-158.0,0.415,-43.3,crypto
23-27,30,min 0-6,kalshi_against,hold,301,-36.1,166,-15.7,-134.81,0.43,-36.1,crypto
23-27,30,min 0-6,kalshi_with,exit10,120,-39.2,63,-73.9,-93.58,0.235,-73.9,crypto
23-27,30,min 0-6,kalshi_with,exit12,120,-36.5,63,-94.6,-103.37,0.262,-94.6,crypto
23-27,30,min 0-6,kalshi_with,exit14,120,-52.3,63,-80.8,-113.61,0.333,-80.8,crypto
23-27,30,min 0-6,kalshi_with,hold,120,-40.9,63,-73.9,-95.65,0.355,-73.9,crypto
23-27,30,min 0-6,none,exit10,306,-32.3,167,-31.5,-151.47,0.315,-32.3,crypto
23-27,30,min 0-6,none,exit12,306,-32.7,167,-27.4,-145.81,0.357,-32.7,crypto
23-27,30,min 0-6,none,exit14,306,-45.0,167,-18.0,-167.88,0.412,-45.0,crypto
23-27,30,min 0-6,none,hold,306,-37.9,167,-17.2,-144.69,0.427,-37.9,crypto
23-27,30,min 0-6,spot_with,exit10,79,-37.1,75,-72.4,-83.63,0.227,-72.4,crypto
23-27,30,min 0-6,spot_with,exit12,79,-18.1,75,-84.3,-77.54,0.26,-84.3,crypto
23-27,30,min 0-6,spot_with,exit14,79,-25.6,75,-64.9,-68.9,0.364,-64.9,crypto
23-27,30,min 0-6,spot_with,hold,79,-12.2,75,-60.6,-55.11,0.383,-60.6,crypto
23-27,30,min 0-9,kalshi_against,exit10,342,-28.9,190,-34.0,-163.38,0.297,-34.0,crypto
23-27,30,min 0-9,kalshi_against,exit12,342,-27.2,190,-33.5,-156.53,0.357,-33.5,crypto
23-27,30,min 0-9,kalshi_against,exit14,342,-39.4,190,-28.4,-188.64,0.414,-39.4,crypto
23-27,30,min 0-9,kalshi_against,hold,342,-33.7,190,-27.9,-168.37,0.427,-33.7,crypto
23-27,30,min 0-9,kalshi_with,exit10,182,-23.5,94,-69.6,-108.21,0.225,-69.6,crypto
23-27,30,min 0-9,kalshi_with,exit12,182,-14.0,94,-71.9,-93.07,0.301,-71.9,crypto
23-27,30,min 0-9,kalshi_with,exit14,182,-29.1,94,-53.6,-103.46,0.384,-53.6,crypto
23-27,30,min 0-9,kalshi_with,hold,182,-17.1,94,-51.3,-79.26,0.406,-51.3,crypto
23-27,30,min 0-9,none,exit10,347,-30.1,191,-35.1,-171.5,0.296,-35.1,crypto
23-27,30,min 0-9,none,exit12,347,-28.8,191,-34.6,-166.05,0.355,-34.6,crypto
23-27,30,min 0-9,none,exit14,347,-40.9,191,-29.6,-198.52,0.411,-40.9,crypto
23-27,30,min 0-9,none,hold,347,-35.4,191,-29.1,-178.25,0.424,-35.4,crypto
23-27,30,min 0-9,spot_with,exit10,117,-44.6,109,-56.7,-113.88,0.199,-56.7,crypto
23-27,30,min 0-9,spot_with,exit12,117,-23.7,109,-51.8,-84.2,0.279,-51.8,crypto
23-27,30,min 0-9,spot_with,exit14,117,-39.2,109,-33.6,-82.49,0.385,-39.2,crypto
23-27,30,min 0-9,spot_with,hold,117,-17.8,109,-24.8,-47.92,0.416,-24.8,crypto
28-32,5,min 0-12,kalshi_against,exit10,351,-42.5,200,-37.1,-223.51,0.75,-42.5,crypto
28-32,5,min 0-12,kalshi_against,exit12,351,-48.0,200,-34.3,-237.08,0.768,-48.0,crypto
28-32,5,min 0-12,kalshi_against,exit14,351,-50.9,200,-34.8,-248.17,0.784,-50.9,crypto
28-32,5,min 0-12,kalshi_against,hold,351,-49.0,200,-35.2,-242.32,0.788,-49.0,crypto
28-32,5,min 0-12,kalshi_with,exit10,252,-56.5,135,-45.7,-204.17,0.651,-56.5,crypto
28-32,5,min 0-12,kalshi_with,exit12,252,-60.6,135,-53.9,-225.35,0.664,-60.6,crypto
28-32,5,min 0-12,kalshi_with,exit14,252,-67.3,135,-54.4,-242.98,0.705,-67.3,crypto
28-32,5,min 0-12,kalshi_with,hold,252,-65.2,135,-55.4,-239.02,0.711,-65.2,crypto
28-32,5,min 0-12,none,exit10,354,-42.2,202,-35.7,-221.7,0.75,-42.2,crypto
28-32,5,min 0-12,none,exit12,354,-47.8,202,-34.2,-238.21,0.768,-47.8,crypto
28-32,5,min 0-12,none,exit14,354,-50.1,202,-34.0,-245.94,0.786,-50.1,crypto
28-32,5,min 0-12,none,hold,354,-48.2,202,-34.4,-240.09,0.79,-48.2,crypto
28-32,5,min 0-12,spot_with,exit10,145,-46.6,143,-55.9,-147.46,0.646,-55.9,crypto
28-32,5,min 0-12,spot_with,exit12,145,-53.5,143,-63.2,-167.95,0.667,-63.2,crypto
28-32,5,min 0-12,spot_with,exit14,145,-57.4,143,-60.5,-169.75,0.715,-60.5,crypto
28-32,5,min 0-12,spot_with,hold,145,-52.3,143,-59.4,-160.73,0.726,-59.4,crypto
28-32,5,min 0-3,kalshi_against,exit10,253,-39.6,131,-37.0,-148.59,0.768,-39.6,crypto
28-32,5,min 0-3,kalshi_against,exit12,253,-45.5,131,-33.0,-158.3,0.779,-45.5,crypto
28-32,5,min 0-3,kalshi_against,exit14,253,-46.7,131,-33.3,-161.88,0.792,-46.7,crypto
28-32,5,min 0-3,kalshi_against,hold,253,-45.6,131,-33.8,-159.7,0.794,-45.6,crypto
28-32,5,min 0-3,kalshi_with,exit10,66,-81.4,26,-62.7,-69.99,0.62,-81.4,crypto
28-32,5,min 0-3,kalshi_with,exit12,66,-92.6,26,-65.3,-78.12,0.63,-92.6,crypto
28-32,5,min 0-3,kalshi_with,exit14,66,-99.8,26,-80.1,-86.68,0.63,-99.8,crypto
28-32,5,min 0-3,kalshi_with,hold,66,-100.5,26,-81.1,-87.4,0.63,-100.5,crypto
28-32,5,min 0-3,none,exit10,255,-37.8,134,-39.5,-149.22,0.769,-39.5,crypto
28-32,5,min 0-3,none,exit12,255,-43.3,134,-36.5,-159.41,0.779,-43.3,crypto
28-32,5,min 0-3,none,exit14,255,-44.6,134,-37.0,-163.36,0.792,-44.6,crypto
28-32,5,min 0-3,none,hold,255,-43.5,134,-37.5,-161.27,0.794,-43.5,crypto
28-32,5,min 0-3,spot_with,exit10,43,-54.1,33,-67.2,-45.46,0.671,-67.2,crypto
28-32,5,min 0-3,spot_with,exit12,43,-67.3,33,-54.5,-46.94,0.697,-67.3,crypto
28-32,5,min 0-3,spot_with,exit14,43,-69.8,33,-62.1,-50.48,0.711,-69.8,crypto
28-32,5,min 0-3,spot_with,hold,43,-70.0,33,-62.1,-50.57,0.711,-70.0,crypto
28-32,5,min 0-6,kalshi_against,exit10,328,-41.5,179,-35.2,-199.02,0.763,-41.5,crypto
28-32,5,min 0-6,kalshi_against,exit12,328,-45.7,179,-30.8,-204.84,0.779,-45.7,crypto
28-32,5,min 0-6,kalshi_against,exit14,328,-47.6,179,-29.2,-208.63,0.795,-47.6,crypto
28-32,5,min 0-6,kalshi_against,hold,328,-45.3,179,-29.6,-201.59,0.799,-45.3,crypto
28-32,5,min 0-6,kalshi_with,exit10,175,-63.3,83,-52.3,-154.26,0.678,-63.3,crypto
28-32,5,min 0-6,kalshi_with,exit12,175,-65.0,83,-55.4,-159.82,0.698,-65.0,crypto
28-32,5,min 0-6,kalshi_with,exit14,175,-69.4,83,-64.1,-174.68,0.709,-69.4,crypto
28-32,5,min 0-6,kalshi_with,hold,175,-68.0,83,-65.1,-172.95,0.713,-68.0,crypto
28-32,5,min 0-6,none,exit10,331,-40.7,183,-36.3,-201.21,0.763,-40.7,crypto
28-32,5,min 0-6,none,exit12,331,-44.8,183,-32.7,-208.08,0.778,-44.8,crypto
28-32,5,min 0-6,none,exit14,331,-46.9,183,-31.3,-212.51,0.794,-46.9,crypto
28-32,5,min 0-6,none,hold,331,-44.6,183,-31.7,-205.56,0.798,-44.6,crypto
28-32,5,min 0-6,spot_with,exit10,104,-53.7,94,-66.4,-118.31,0.667,-66.4,crypto
28-32,5,min 0-6,spot_with,exit12,104,-47.8,94,-62.0,-107.99,0.707,-62.0,crypto
28-32,5,min 0-6,spot_with,exit14,104,-51.5,94,-63.5,-113.21,0.732,-63.5,crypto
28-32,5,min 0-6,spot_with,hold,104,-48.6,94,-64.3,-110.94,0.737,-64.3,crypto
28-32,5,min 0-9,kalshi_against,exit10,347,-42.9,195,-36.7,-220.27,0.753,-42.9,crypto
28-32,5,min 0-9,kalshi_against,exit12,347,-47.9,195,-34.2,-232.88,0.769,-47.9,crypto
28-32,5,min 0-9,kalshi_against,exit14,347,-50.8,195,-33.0,-240.59,0.786,-50.8,crypto
28-32,5,min 0-9,kalshi_against,hold,347,-48.9,195,-33.4,-234.65,0.79,-48.9,crypto
28-32,5,min 0-9,kalshi_with,exit10,228,-56.5,117,-51.8,-189.4,0.661,-56.5,crypto
28-32,5,min 0-9,kalshi_with,exit12,228,-59.5,117,-52.4,-196.9,0.693,-59.5,crypto
28-32,5,min 0-9,kalshi_with,exit14,228,-64.9,117,-61.2,-219.59,0.713,-64.9,crypto
28-32,5,min 0-9,kalshi_with,hold,228,-62.1,117,-62.3,-214.64,0.719,-62.3,crypto
28-32,5,min 0-9,none,exit10,350,-42.6,198,-36.6,-221.41,0.752,-42.6,crypto
28-32,5,min 0-9,none,exit12,350,-47.7,198,-34.7,-235.55,0.768,-47.7,crypto
28-32,5,min 0-9,none,exit14,350,-49.9,198,-33.6,-241.22,0.786,-49.9,crypto
28-32,5,min 0-9,none,hold,350,-48.1,198,-33.9,-235.37,0.79,-48.1,crypto
28-32,5,min 0-9,spot_with,exit10,132,-48.3,129,-59.3,-140.28,0.651,-59.3,crypto
28-32,5,min 0-9,spot_with,exit12,132,-47.1,129,-60.3,-139.93,0.701,-60.3,crypto
28-32,5,min 0-9,spot_with,exit14,132,-51.5,129,-62.7,-148.91,0.728,-62.7,crypto
28-32,5,min 0-9,spot_with,hold,132,-45.5,129,-61.2,-139.08,0.739,-61.2,crypto
28-32,10,min 0-12,kalshi_against,exit10,351,-50.8,200,-30.0,-238.45,0.61,-50.8,crypto
28-32,10,min 0-12,kalshi_against,exit12,351,-54.8,200,-25.0,-242.25,0.633,-54.8,crypto
28-32,10,min 0-12,kalshi_against,exit14,351,-60.4,200,-25.5,-263.05,0.661,-60.4,crypto
28-32,10,min 0-12,kalshi_against,hold,351,-58.4,200,-21.6,-248.19,0.668,-58.4,crypto
28-32,10,min 0-12,kalshi_with,exit10,252,-61.9,135,-36.6,-205.23,0.525,-61.9,crypto
28-32,10,min 0-12,kalshi_with,exit12,252,-61.2,135,-51.5,-223.71,0.548,-61.2,crypto
28-32,10,min 0-12,kalshi_with,exit14,252,-68.4,135,-43.8,-231.52,0.602,-68.4,crypto
28-32,10,min 0-12,kalshi_with,hold,252,-66.1,135,-38.2,-218.19,0.612,-66.1,crypto
28-32,10,min 0-12,none,exit10,354,-50.9,202,-28.4,-237.43,0.612,-50.9,crypto
28-32,10,min 0-12,none,exit12,354,-55.2,202,-24.7,-245.33,0.633,-55.2,crypto
28-32,10,min 0-12,none,exit14,354,-59.3,202,-24.5,-259.45,0.662,-59.3,crypto
28-32,10,min 0-12,none,hold,354,-57.3,202,-20.6,-244.59,0.669,-57.3,crypto
28-32,10,min 0-12,spot_with,exit10,145,-52.6,143,-49.8,-147.44,0.507,-52.6,crypto
28-32,10,min 0-12,spot_with,exit12,145,-50.2,143,-60.3,-159.1,0.549,-60.3,crypto
28-32,10,min 0-12,spot_with,exit14,145,-56.2,143,-49.0,-151.56,0.611,-56.2,crypto
28-32,10,min 0-12,spot_with,hold,145,-50.8,143,-47.4,-141.39,0.622,-50.8,crypto
28-32,10,min 0-3,kalshi_against,exit10,253,-56.7,131,-23.2,-173.81,0.617,-56.7,crypto
28-32,10,min 0-3,kalshi_against,exit12,253,-59.5,131,-16.3,-171.96,0.638,-59.5,crypto
28-32,10,min 0-3,kalshi_against,exit14,253,-63.8,131,-10.5,-175.23,0.661,-63.8,crypto
28-32,10,min 0-3,kalshi_against,hold,253,-62.5,131,-7.0,-167.17,0.667,-62.5,crypto
28-32,10,min 0-3,kalshi_with,exit10,66,-99.4,26,-36.5,-75.09,0.489,-99.4,crypto
28-32,10,min 0-3,kalshi_with,exit12,66,-88.5,26,-31.6,-66.61,0.522,-88.5,crypto
28-32,10,min 0-3,kalshi_with,exit14,66,-96.2,26,-46.3,-75.53,0.522,-96.2,crypto
28-32,10,min 0-3,kalshi_with,hold,66,-97.0,26,-47.4,-76.34,0.522,-97.0,crypto
28-32,10,min 0-3,none,exit10,255,-55.2,134,-25.4,-174.74,0.62,-55.2,crypto
28-32,10,min 0-3,none,exit12,255,-58.0,134,-19.8,-174.53,0.638,-58.0,crypto
28-32,10,min 0-3,none,exit14,255,-62.4,134,-14.2,-178.17,0.661,-62.4,crypto
28-32,10,min 0-3,none,hold,255,-61.1,134,-10.8,-170.2,0.666,-61.1,crypto
28-32,10,min 0-3,spot_with,exit10,43,-60.4,33,-38.5,-38.69,0.539,-60.4,crypto
28-32,10,min 0-3,spot_with,exit12,43,-40.1,33,-15.9,-22.49,0.605,-40.1,crypto
28-32,10,min 0-3,spot_with,exit14,43,-43.3,33,-13.4,-23.05,0.632,-43.3,crypto
28-32,10,min 0-3,spot_with,hold,43,-43.8,33,-13.4,-23.23,0.632,-43.8,crypto
28-32,10,min 0-6,kalshi_against,exit10,328,-51.4,179,-28.3,-219.34,0.621,-51.4,crypto
28-32,10,min 0-6,kalshi_against,exit12,328,-52.4,179,-21.0,-209.6,0.647,-52.4,crypto
28-32,10,min 0-6,kalshi_against,exit14,328,-57.1,179,-16.1,-216.16,0.673,-57.1,crypto
28-32,10,min 0-6,kalshi_against,hold,328,-54.6,179,-11.6,-199.75,0.68,-54.6,crypto
28-32,10,min 0-6,kalshi_with,exit10,175,-72.4,83,-47.9,-166.41,0.547,-72.4,crypto
28-32,10,min 0-6,kalshi_with,exit12,175,-68.1,83,-47.9,-158.95,0.574,-68.1,crypto
28-32,10,min 0-6,kalshi_with,exit14,175,-73.7,83,-53.3,-173.27,0.593,-73.7,crypto
28-32,10,min 0-6,kalshi_with,hold,175,-71.8,83,-48.0,-165.39,0.601,-71.8,crypto
28-32,10,min 0-6,none,exit10,331,-50.9,183,-29.2,-221.83,0.623,-50.9,crypto
28-32,10,min 0-6,none,exit12,331,-52.1,183,-22.9,-214.3,0.646,-52.1,crypto
28-32,10,min 0-6,none,exit14,331,-56.9,183,-18.1,-221.5,0.671,-56.9,crypto
28-32,10,min 0-6,none,hold,331,-54.4,183,-13.7,-205.18,0.679,-54.4,crypto
28-32,10,min 0-6,spot_with,exit10,104,-56.4,94,-61.0,-115.98,0.54,-61.0,crypto
28-32,10,min 0-6,spot_with,exit12,104,-38.9,94,-53.4,-90.7,0.591,-53.4,crypto
28-32,10,min 0-6,spot_with,exit14,104,-41.9,94,-51.8,-92.33,0.631,-51.8,crypto
28-32,10,min 0-6,spot_with,hold,104,-38.2,94,-47.0,-83.91,0.641,-47.0,crypto
28-32,10,min 0-9,kalshi_against,exit10,347,-51.7,195,-28.6,-235.23,0.613,-51.7,crypto
28-32,10,min 0-9,kalshi_against,exit12,347,-54.0,195,-24.3,-234.56,0.64,-54.0,crypto
28-32,10,min 0-9,kalshi_against,exit14,347,-60.0,195,-22.7,-252.24,0.664,-60.0,crypto
28-32,10,min 0-9,kalshi_against,hold,347,-57.9,195,-18.7,-237.2,0.672,-57.9,crypto
28-32,10,min 0-9,kalshi_with,exit10,228,-62.5,117,-48.0,-198.65,0.528,-62.5,crypto
28-32,10,min 0-9,kalshi_with,exit12,228,-58.9,117,-50.7,-193.55,0.577,-58.9,crypto
28-32,10,min 0-9,kalshi_with,exit14,228,-64.7,117,-55.8,-212.86,0.603,-64.7,crypto
28-32,10,min 0-9,kalshi_with,hold,228,-61.7,117,-49.3,-198.36,0.614,-61.7,crypto
28-32,10,min 0-9,none,exit10,350,-51.7,198,-28.3,-237.16,0.613,-51.7,crypto
28-32,10,min 0-9,none,exit12,350,-54.4,198,-24.6,-239.18,0.639,-54.4,crypto
28-32,10,min 0-9,none,exit14,350,-58.8,198,-23.1,-251.5,0.664,-58.8,crypto
28-32,10,min 0-9,none,hold,350,-56.8,198,-19.1,-236.55,0.672,-56.8,crypto
28-32,10,min 0-9,spot_with,exit10,132,-51.1,129,-55.7,-139.33,0.513,-55.7,crypto
28-32,10,min 0-9,spot_with,exit12,132,-41.5,129,-55.0,-125.78,0.586,-55.0,crypto
28-32,10,min 0-9,spot_with,exit14,132,-45.8,129,-53.8,-129.98,0.625,-53.8,crypto
28-32,10,min 0-9,spot_with,hold,132,-39.1,129,-51.0,-117.52,0.636,-51.0,crypto
28-32,15,min 0-12,kalshi_against,exit10,351,-55.0,200,-49.5,-291.91,0.49,-55.0,crypto
28-32,15,min 0-12,kalshi_against,exit12,351,-57.9,200,-43.2,-289.62,0.528,-57.9,crypto
28-32,15,min 0-12,kalshi_against,exit14,351,-63.8,200,-40.0,-303.75,0.57,-63.8,crypto
28-32,15,min 0-12,kalshi_against,hold,351,-62.7,200,-38.2,-296.49,0.575,-62.7,crypto
28-32,15,min 0-12,kalshi_with,exit10,252,-61.4,135,-40.7,-209.55,0.437,-61.4,crypto
28-32,15,min 0-12,kalshi_with,exit12,252,-58.2,135,-54.9,-220.94,0.47,-58.2,crypto
28-32,15,min 0-12,kalshi_with,exit14,252,-64.8,135,-40.3,-217.66,0.545,-64.8,crypto
28-32,15,min 0-12,kalshi_with,hold,252,-63.8,135,-38.5,-212.87,0.553,-63.8,crypto
28-32,15,min 0-12,none,exit10,354,-56.0,202,-47.6,-294.58,0.491,-56.0,crypto
28-32,15,min 0-12,none,exit12,354,-59.8,202,-42.6,-297.72,0.527,-59.8,crypto
28-32,15,min 0-12,none,exit14,354,-64.1,202,-38.8,-305.26,0.57,-64.1,crypto
28-32,15,min 0-12,none,hold,354,-63.1,202,-37.0,-298.0,0.576,-63.1,crypto
28-32,15,min 0-12,spot_with,exit10,145,-52.8,143,-59.3,-161.3,0.417,-59.3,crypto
28-32,15,min 0-12,spot_with,exit12,145,-49.3,143,-64.7,-164.01,0.462,-64.7,crypto
28-32,15,min 0-12,spot_with,exit14,145,-54.1,143,-47.8,-146.7,0.552,-54.1,crypto
28-32,15,min 0-12,spot_with,hold,145,-49.0,143,-46.9,-138.1,0.562,-49.0,crypto
28-32,15,min 0-3,kalshi_against,exit10,253,-64.5,131,-40.7,-216.41,0.503,-64.5,crypto
28-32,15,min 0-3,kalshi_against,exit12,253,-69.8,131,-32.9,-219.76,0.529,-69.8,crypto
28-32,15,min 0-3,kalshi_against,exit14,253,-75.2,131,-23.4,-220.99,0.56,-75.2,crypto
28-32,15,min 0-3,kalshi_against,hold,253,-75.1,131,-20.1,-216.32,0.565,-75.1,crypto
28-32,15,min 0-3,kalshi_with,exit10,66,-102.3,26,-20.0,-72.7,0.424,-102.3,crypto
28-32,15,min 0-3,kalshi_with,exit12,66,-93.9,26,-14.0,-65.62,0.457,-93.9,crypto
28-32,15,min 0-3,kalshi_with,exit14,66,-103.4,26,-29.4,-75.86,0.467,-103.4,crypto
28-32,15,min 0-3,kalshi_with,hold,66,-104.3,26,-30.4,-76.76,0.467,-104.3,crypto
28-32,15,min 0-3,none,exit10,255,-64.2,134,-42.4,-220.54,0.504,-64.2,crypto
28-32,15,min 0-3,none,exit12,255,-70.1,134,-35.9,-226.86,0.527,-70.1,crypto
28-32,15,min 0-3,none,exit14,255,-75.6,134,-26.8,-228.55,0.558,-75.6,crypto
28-32,15,min 0-3,none,hold,255,-75.5,134,-23.5,-223.97,0.563,-75.5,crypto
28-32,15,min 0-3,spot_with,exit10,43,-60.9,33,-54.1,-44.06,0.447,-60.9,crypto
28-32,15,min 0-3,spot_with,exit12,43,-49.8,33,-28.0,-30.64,0.5,-49.8,crypto
28-32,15,min 0-3,spot_with,exit14,43,-59.3,33,-23.0,-33.07,0.539,-59.3,crypto
28-32,15,min 0-3,spot_with,hold,43,-60.1,33,-23.3,-33.52,0.539,-60.1,crypto
28-32,15,min 0-6,kalshi_against,exit10,328,-56.8,179,-49.7,-275.27,0.501,-56.8,crypto
28-32,15,min 0-6,kalshi_against,exit12,328,-57.4,179,-40.2,-260.32,0.536,-57.4,crypto
28-32,15,min 0-6,kalshi_against,exit14,328,-62.3,179,-30.3,-258.62,0.578,-62.3,crypto
28-32,15,min 0-6,kalshi_against,hold,328,-60.8,179,-28.2,-249.81,0.584,-60.8,crypto
28-32,15,min 0-6,kalshi_with,exit10,175,-73.4,83,-50.9,-170.76,0.453,-73.4,crypto
28-32,15,min 0-6,kalshi_with,exit12,175,-68.5,83,-47.2,-159.1,0.496,-68.5,crypto
28-32,15,min 0-6,kalshi_with,exit14,175,-74.9,83,-49.5,-172.16,0.531,-74.9,crypto
28-32,15,min 0-6,kalshi_with,hold,175,-73.2,83,-44.2,-164.73,0.539,-73.2,crypto
28-32,15,min 0-6,none,exit10,331,-57.2,183,-50.0,-280.96,0.502,-57.2,crypto
28-32,15,min 0-6,none,exit12,331,-58.5,183,-41.5,-269.55,0.535,-58.5,crypto
28-32,15,min 0-6,none,exit14,331,-63.5,183,-32.0,-268.58,0.576,-63.5,crypto
28-32,15,min 0-6,none,hold,331,-62.0,183,-29.9,-259.86,0.582,-62.0,crypto
28-32,15,min 0-6,spot_with,exit10,104,-58.4,94,-69.1,-125.71,0.439,-69.1,crypto
28-32,15,min 0-6,spot_with,exit12,104,-38.4,94,-53.6,-90.24,0.5,-53.6,crypto
28-32,15,min 0-6,spot_with,exit14,104,-42.2,94,-49.2,-90.1,0.566,-49.2,crypto
28-32,15,min 0-6,spot_with,hold,104,-38.6,94,-45.6,-82.98,0.576,-45.6,crypto
28-32,15,min 0-9,kalshi_against,exit10,347,-55.6,195,-48.7,-287.91,0.493,-55.6,crypto
28-32,15,min 0-9,kalshi_against,exit12,347,-57.4,195,-42.9,-282.72,0.533,-57.4,crypto
28-32,15,min 0-9,kalshi_against,exit14,347,-63.5,195,-37.6,-293.73,0.572,-63.5,crypto
28-32,15,min 0-9,kalshi_against,hold,347,-62.4,195,-35.8,-286.29,0.577,-62.4,crypto
28-32,15,min 0-9,kalshi_with,exit10,228,-61.2,117,-52.9,-201.29,0.438,-61.2,crypto
28-32,15,min 0-9,kalshi_with,exit12,228,-55.6,117,-50.4,-185.73,0.504,-55.6,crypto
28-32,15,min 0-9,kalshi_with,exit14,228,-62.1,117,-48.6,-198.41,0.548,-62.1,crypto
28-32,15,min 0-9,kalshi_with,hold,228,-59.3,117,-46.6,-189.6,0.557,-59.3,crypto
28-32,15,min 0-9,none,exit10,350,-56.7,198,-48.0,-293.53,0.493,-56.7,crypto
28-32,15,min 0-9,none,exit12,350,-59.3,198,-42.9,-292.36,0.531,-59.3,crypto
28-32,15,min 0-9,none,exit14,350,-63.9,198,-37.6,-298.1,0.571,-63.9,crypto
28-32,15,min 0-9,none,hold,350,-62.8,198,-35.9,-290.75,0.577,-62.8,crypto
28-32,15,min 0-9,spot_with,exit10,132,-51.6,129,-64.8,-151.75,0.418,-64.8,crypto
28-32,15,min 0-9,spot_with,exit12,132,-39.7,129,-57.4,-126.46,0.498,-57.4,crypto
28-32,15,min 0-9,spot_with,exit14,132,-44.2,129,-51.1,-124.27,0.563,-51.1,crypto
28-32,15,min 0-9,spot_with,hold,132,-37.9,129,-49.1,-113.38,0.575,-49.1,crypto
28-32,20,min 0-12,kalshi_against,exit10,351,-56.0,200,-52.0,-300.61,0.412,-56.0,crypto
28-32,20,min 0-12,kalshi_against,exit12,351,-57.0,200,-49.6,-299.2,0.452,-57.0,crypto
28-32,20,min 0-12,kalshi_against,exit14,351,-63.9,200,-44.7,-313.75,0.505,-63.9,crypto
28-32,20,min 0-12,kalshi_against,hold,351,-60.2,200,-43.7,-298.65,0.514,-60.2,crypto
28-32,20,min 0-12,kalshi_with,exit10,252,-55.8,135,-42.7,-198.26,0.37,-55.8,crypto
28-32,20,min 0-12,kalshi_with,exit12,252,-49.0,135,-61.1,-206.0,0.411,-61.1,crypto
28-32,20,min 0-12,kalshi_with,exit14,252,-54.4,135,-40.4,-191.55,0.499,-54.4,crypto
28-32,20,min 0-12,kalshi_with,hold,252,-49.3,135,-38.9,-176.71,0.512,-49.3,crypto
28-32,20,min 0-12,none,exit10,354,-56.9,202,-51.7,-305.74,0.412,-56.9,crypto
28-32,20,min 0-12,none,exit12,354,-58.6,202,-50.7,-309.84,0.451,-58.6,crypto
28-32,20,min 0-12,none,exit14,354,-64.2,202,-45.2,-318.68,0.504,-64.2,crypto
28-32,20,min 0-12,none,hold,354,-60.5,202,-44.2,-303.58,0.513,-60.5,crypto
28-32,20,min 0-12,spot_with,exit10,145,-46.7,143,-54.1,-145.17,0.365,-54.1,crypto
28-32,20,min 0-12,spot_with,exit12,145,-37.2,143,-63.0,-144.03,0.399,-63.0,crypto
28-32,20,min 0-12,spot_with,exit14,145,-41.4,143,-44.5,-123.64,0.503,-44.5,crypto
28-32,20,min 0-12,spot_with,hold,145,-29.1,143,-43.9,-105.08,0.521,-43.9,crypto
28-32,20,min 0-3,kalshi_against,exit10,253,-65.5,131,-43.1,-222.17,0.422,-65.5,crypto
28-32,20,min 0-3,kalshi_against,exit12,253,-68.5,131,-38.6,-223.94,0.448,-68.5,crypto
28-32,20,min 0-3,kalshi_against,exit14,253,-76.3,131,-24.5,-225.08,0.49,-76.3,crypto
28-32,20,min 0-3,kalshi_against,hold,253,-72.0,131,-22.1,-211.11,0.5,-72.0,crypto
28-32,20,min 0-3,kalshi_with,exit10,66,-89.1,26,-22.8,-64.75,0.37,-89.1,crypto
28-32,20,min 0-3,kalshi_with,exit12,66,-71.9,26,-16.2,-51.67,0.413,-71.9,crypto
28-32,20,min 0-3,kalshi_with,exit14,66,-88.5,26,4.9,-57.13,0.435,-88.5,crypto
28-32,20,min 0-3,kalshi_with,hold,66,-79.3,26,3.8,-51.36,0.446,-79.3,crypto
28-32,20,min 0-3,none,exit10,255,-64.7,134,-44.3,-224.4,0.424,-64.7,crypto
28-32,20,min 0-3,none,exit12,255,-68.3,134,-41.0,-228.94,0.45,-68.3,crypto
28-32,20,min 0-3,none,exit14,255,-76.3,134,-27.3,-231.24,0.488,-76.3,crypto
28-32,20,min 0-3,none,hold,255,-72.1,134,-24.9,-217.36,0.499,-72.1,crypto
28-32,20,min 0-3,spot_with,exit10,43,-61.6,33,-45.0,-41.34,0.368,-61.6,crypto
28-32,20,min 0-3,spot_with,exit12,43,-11.7,33,-23.4,-12.75,0.421,-23.4,crypto
28-32,20,min 0-3,spot_with,exit14,43,-21.3,33,-6.7,-11.35,0.487,-21.3,crypto
28-32,20,min 0-3,spot_with,hold,43,-22.1,33,-7.0,-11.8,0.487,-22.1,crypto
28-32,20,min 0-6,kalshi_against,exit10,328,-58.6,179,-53.4,-287.88,0.422,-58.6,crypto
28-32,20,min 0-6,kalshi_against,exit12,328,-57.9,179,-48.0,-275.73,0.456,-57.9,crypto
28-32,20,min 0-6,kalshi_against,exit14,328,-63.9,179,-37.6,-277.12,0.507,-63.9,crypto
28-32,20,min 0-6,kalshi_against,hold,328,-59.6,179,-36.3,-260.47,0.517,-59.6,crypto
28-32,20,min 0-6,kalshi_with,exit10,175,-67.3,83,-62.7,-169.75,0.384,-67.3,crypto
28-32,20,min 0-6,kalshi_with,exit12,175,-60.0,83,-64.5,-158.56,0.426,-64.5,crypto
28-32,20,min 0-6,kalshi_with,exit14,175,-63.6,83,-64.0,-164.53,0.477,-64.0,crypto
28-32,20,min 0-6,kalshi_with,hold,175,-55.7,83,-59.1,-146.5,0.492,-59.1,crypto
28-32,20,min 0-6,none,exit10,331,-58.7,183,-55.4,-295.53,0.422,-58.7,crypto
28-32,20,min 0-6,none,exit12,331,-58.5,183,-51.0,-287.0,0.455,-58.5,crypto
28-32,20,min 0-6,none,exit14,331,-64.9,183,-41.1,-290.0,0.504,-64.9,crypto
28-32,20,min 0-6,none,hold,331,-60.6,183,-39.8,-273.44,0.514,-60.6,crypto
28-32,20,min 0-6,spot_with,exit10,104,-54.4,94,-68.9,-121.31,0.379,-68.9,crypto
28-32,20,min 0-6,spot_with,exit12,104,-21.0,94,-56.4,-74.85,0.429,-56.4,crypto
28-32,20,min 0-6,spot_with,exit14,104,-18.0,94,-52.3,-67.87,0.515,-52.3,crypto
28-32,20,min 0-6,spot_with,hold,104,-10.4,94,-48.9,-56.73,0.53,-48.9,crypto
28-32,20,min 0-9,kalshi_against,exit10,347,-56.7,195,-51.7,-297.41,0.415,-56.7,crypto
28-32,20,min 0-9,kalshi_against,exit12,347,-56.5,195,-49.9,-293.3,0.456,-56.5,crypto
28-32,20,min 0-9,kalshi_against,exit14,347,-63.8,195,-43.0,-305.13,0.506,-63.8,crypto
28-32,20,min 0-9,kalshi_against,hold,347,-60.0,195,-41.9,-289.85,0.515,-60.0,crypto
28-32,20,min 0-9,kalshi_with,exit10,228,-55.0,117,-59.2,-194.61,0.365,-59.2,crypto
28-32,20,min 0-9,kalshi_with,exit12,228,-45.8,117,-56.8,-171.03,0.441,-56.8,crypto
28-32,20,min 0-9,kalshi_with,exit14,228,-52.0,117,-52.6,-180.0,0.496,-52.6,crypto
28-32,20,min 0-9,kalshi_with,hold,228,-44.6,117,-50.9,-161.14,0.51,-50.9,crypto
28-32,20,min 0-9,none,exit10,350,-57.6,198,-52.5,-305.49,0.414,-57.6,crypto
28-32,20,min 0-9,none,exit12,350,-58.1,198,-51.5,-305.48,0.454,-58.1,crypto
28-32,20,min 0-9,none,exit14,350,-64.1,198,-44.8,-312.92,0.504,-64.1,crypto
28-32,20,min 0-9,none,hold,350,-60.3,198,-43.8,-297.73,0.513,-60.3,crypto
28-32,20,min 0-9,spot_with,exit10,132,-45.7,129,-62.0,-140.22,0.36,-62.0,crypto
28-32,20,min 0-9,spot_with,exit12,132,-26.3,129,-54.5,-105.02,0.433,-54.5,crypto
28-32,20,min 0-9,spot_with,exit14,132,-31.4,129,-50.3,-106.41,0.51,-50.3,crypto
28-32,20,min 0-9,spot_with,hold,132,-17.2,129,-48.7,-85.56,0.529,-48.7,crypto
28-32,25,min 0-12,kalshi_against,exit10,351,-55.2,200,-44.7,-283.07,0.358,-55.2,crypto
28-32,25,min 0-12,kalshi_against,exit12,351,-53.9,200,-45.4,-279.92,0.399,-53.9,crypto
28-32,25,min 0-12,kalshi_against,exit14,351,-65.4,200,-41.4,-312.17,0.456,-65.4,crypto
28-32,25,min 0-12,kalshi_against,hold,351,-60.8,200,-40.7,-294.99,0.468,-60.8,crypto
28-32,25,min 0-12,kalshi_with,exit10,252,-51.4,135,-36.0,-178.17,0.323,-51.4,crypto
28-32,25,min 0-12,kalshi_with,exit12,252,-40.8,135,-64.1,-189.45,0.359,-64.1,crypto
28-32,25,min 0-12,kalshi_with,exit14,252,-50.2,135,-44.1,-185.97,0.45,-50.2,crypto
28-32,25,min 0-12,kalshi_with,hold,252,-43.8,135,-43.5,-169.07,0.47,-43.8,crypto
28-32,25,min 0-12,none,exit10,354,-56.7,202,-44.6,-290.87,0.354,-56.7,crypto
28-32,25,min 0-12,none,exit12,354,-55.8,202,-48.3,-295.27,0.396,-55.8,crypto
28-32,25,min 0-12,none,exit14,354,-65.7,202,-44.4,-322.43,0.453,-65.7,crypto
28-32,25,min 0-12,none,hold,354,-61.3,202,-43.8,-305.34,0.466,-61.3,crypto
28-32,25,min 0-12,spot_with,exit10,145,-48.0,143,-49.7,-140.61,0.309,-49.7,crypto
28-32,25,min 0-12,spot_with,exit12,145,-33.1,143,-63.0,-138.15,0.354,-63.0,crypto
28-32,25,min 0-12,spot_with,exit14,145,-44.3,143,-45.2,-128.88,0.455,-45.2,crypto
28-32,25,min 0-12,spot_with,hold,145,-27.8,143,-44.7,-104.2,0.479,-44.7,crypto
28-32,25,min 0-3,kalshi_against,exit10,253,-69.0,131,-36.5,-222.38,0.362,-69.0,crypto
28-32,25,min 0-3,kalshi_against,exit12,253,-70.9,131,-35.3,-225.71,0.388,-70.9,crypto
28-32,25,min 0-3,kalshi_against,exit14,253,-84.1,131,-24.2,-244.37,0.435,-84.1,crypto
28-32,25,min 0-3,kalshi_against,hold,253,-78.9,131,-21.8,-228.11,0.448,-78.9,crypto
28-32,25,min 0-3,kalshi_with,exit10,66,-84.5,26,-30.9,-63.77,0.304,-84.5,crypto
28-32,25,min 0-3,kalshi_with,exit12,66,-64.1,26,-51.9,-55.78,0.348,-64.1,crypto
28-32,25,min 0-3,kalshi_with,exit14,66,-79.0,26,-51.6,-65.58,0.38,-79.0,crypto
28-32,25,min 0-3,kalshi_with,hold,66,-69.9,26,-53.3,-59.99,0.391,-69.9,crypto
28-32,25,min 0-3,none,exit10,255,-68.8,134,-38.1,-226.48,0.36,-68.8,crypto
28-32,25,min 0-3,none,exit12,255,-70.7,134,-40.5,-234.62,0.386,-70.7,crypto
28-32,25,min 0-3,none,exit14,255,-83.9,134,-30.7,-255.06,0.432,-83.9,crypto
28-32,25,min 0-3,none,hold,255,-78.8,134,-28.4,-238.98,0.445,-78.8,crypto
28-32,25,min 0-3,spot_with,exit10,43,-46.7,33,-47.4,-35.71,0.329,-47.4,crypto
28-32,25,min 0-3,spot_with,exit12,43,4.4,33,-40.1,-11.35,0.382,-40.1,crypto
28-32,25,min 0-3,spot_with,exit14,43,-2.3,33,-27.7,-10.16,0.447,-27.7,crypto
28-32,25,min 0-3,spot_with,hold,43,-3.2,33,-28.3,-10.7,0.447,-28.3,crypto
28-32,25,min 0-6,kalshi_against,exit10,328,-58.0,179,-46.2,-272.86,0.367,-58.0,crypto
28-32,25,min 0-6,kalshi_against,exit12,328,-56.1,179,-42.5,-260.14,0.402,-56.1,crypto
28-32,25,min 0-6,kalshi_against,exit14,328,-67.4,179,-33.1,-280.31,0.458,-67.4,crypto
28-32,25,min 0-6,kalshi_against,hold,328,-62.4,179,-31.8,-261.72,0.469,-62.4,crypto
28-32,25,min 0-6,kalshi_with,exit10,175,-62.6,83,-62.3,-161.27,0.326,-62.6,crypto
28-32,25,min 0-6,kalshi_with,exit12,175,-52.4,83,-74.8,-153.87,0.368,-74.8,crypto
28-32,25,min 0-6,kalshi_with,exit14,175,-62.0,83,-79.7,-174.64,0.422,-79.7,crypto
28-32,25,min 0-6,kalshi_with,hold,175,-52.6,83,-75.0,-154.32,0.442,-75.0,crypto
28-32,25,min 0-6,none,exit10,331,-58.5,183,-48.5,-282.38,0.364,-58.5,crypto
28-32,25,min 0-6,none,exit12,331,-56.8,183,-47.7,-275.32,0.399,-56.8,crypto
28-32,25,min 0-6,none,exit14,331,-68.2,183,-39.4,-297.72,0.453,-68.2,crypto
28-32,25,min 0-6,none,hold,331,-63.3,183,-38.2,-279.31,0.465,-63.3,crypto
28-32,25,min 0-6,spot_with,exit10,104,-54.2,94,-67.3,-119.64,0.313,-67.3,crypto
28-32,25,min 0-6,spot_with,exit12,104,-18.5,94,-62.7,-78.16,0.369,-62.7,crypto
28-32,25,min 0-6,spot_with,exit14,104,-24.4,94,-61.5,-83.21,0.455,-61.5,crypto
28-32,25,min 0-6,spot_with,hold,104,-10.9,94,-58.3,-66.05,0.475,-58.3,crypto
28-32,25,min 0-9,kalshi_against,exit10,347,-56.0,195,-44.4,-280.77,0.36,-56.0,crypto
28-32,25,min 0-9,kalshi_against,exit12,347,-53.1,195,-43.9,-269.89,0.406,-53.1,crypto
28-32,25,min 0-9,kalshi_against,exit14,347,-65.3,195,-37.6,-299.89,0.459,-65.3,crypto
28-32,25,min 0-9,kalshi_against,hold,347,-60.9,195,-36.6,-282.67,0.47,-60.9,crypto
28-32,25,min 0-9,kalshi_with,exit10,228,-51.1,117,-55.6,-181.55,0.313,-55.6,crypto
28-32,25,min 0-9,kalshi_with,exit12,228,-36.6,117,-61.8,-155.79,0.386,-61.8,crypto
28-32,25,min 0-9,kalshi_with,exit14,228,-48.6,117,-61.0,-182.25,0.446,-61.0,crypto
28-32,25,min 0-9,kalshi_with,hold,228,-40.1,117,-60.3,-162.03,0.464,-60.3,crypto
28-32,25,min 0-9,none,exit10,350,-57.5,198,-45.6,-291.52,0.356,-57.5,crypto
28-32,25,min 0-9,none,exit12,350,-55.1,198,-47.5,-286.78,0.401,-55.1,crypto
28-32,25,min 0-9,none,exit14,350,-65.7,198,-42.0,-313.01,0.456,-65.7,crypto
28-32,25,min 0-9,none,hold,350,-61.3,198,-41.0,-295.97,0.467,-61.3,crypto
28-32,25,min 0-9,spot_with,exit10,132,-47.1,129,-58.9,-138.17,0.299,-58.9,crypto
28-32,25,min 0-9,spot_with,exit12,132,-21.9,129,-55.0,-99.84,0.383,-55.0,crypto
28-32,25,min 0-9,spot_with,exit14,132,-35.0,129,-52.9,-114.46,0.46,-52.9,crypto
28-32,25,min 0-9,spot_with,hold,132,-16.0,129,-51.4,-87.49,0.483,-51.4,crypto
28-32,30,min 0-12,kalshi_against,exit10,351,-54.5,200,-49.2,-289.66,0.296,-54.5,crypto
28-32,30,min 0-12,kalshi_against,exit12,351,-50.7,200,-43.7,-265.37,0.352,-50.7,crypto
28-32,30,min 0-12,kalshi_against,exit14,351,-62.6,200,-41.0,-301.86,0.412,-62.6,crypto
28-32,30,min 0-12,kalshi_against,hold,351,-58.0,200,-40.7,-285.01,0.432,-58.0,crypto
28-32,30,min 0-12,kalshi_with,exit10,252,-49.8,135,-41.8,-181.85,0.264,-49.8,crypto
28-32,30,min 0-12,kalshi_with,exit12,252,-35.8,135,-61.9,-173.85,0.318,-61.9,crypto
28-32,30,min 0-12,kalshi_with,exit14,252,-44.8,135,-45.8,-174.71,0.413,-45.8,crypto
28-32,30,min 0-12,kalshi_with,hold,252,-38.2,135,-46.7,-159.35,0.437,-46.7,crypto
28-32,30,min 0-12,none,exit10,354,-56.0,202,-49.1,-297.36,0.293,-56.0,crypto
28-32,30,min 0-12,none,exit12,354,-52.7,202,-46.6,-280.62,0.349,-52.7,crypto
28-32,30,min 0-12,none,exit14,354,-63.0,202,-44.1,-312.02,0.41,-63.0,crypto
28-32,30,min 0-12,none,hold,354,-58.4,202,-43.8,-295.26,0.43,-58.4,crypto
28-32,30,min 0-12,spot_with,exit10,145,-44.1,143,-49.9,-135.31,0.25,-49.9,crypto
28-32,30,min 0-12,spot_with,exit12,145,-26.5,143,-65.3,-131.73,0.302,-65.3,crypto
28-32,30,min 0-12,spot_with,exit14,145,-26.1,143,-52.6,-113.07,0.413,-52.6,crypto
28-32,30,min 0-12,spot_with,hold,145,-7.7,143,-53.6,-87.73,0.444,-53.6,crypto
28-32,30,min 0-3,kalshi_against,exit10,253,-70.8,131,-37.5,-228.17,0.302,-70.8,crypto
28-32,30,min 0-3,kalshi_against,exit12,253,-70.5,131,-33.5,-222.38,0.339,-70.5,crypto
28-32,30,min 0-3,kalshi_against,exit14,253,-86.8,131,-28.6,-257.07,0.388,-86.8,crypto
28-32,30,min 0-3,kalshi_against,hold,253,-82.0,131,-24.1,-239.06,0.406,-82.0,crypto
28-32,30,min 0-3,kalshi_with,exit10,66,-86.3,26,-16.0,-61.08,0.283,-86.3,crypto
28-32,30,min 0-3,kalshi_with,exit12,66,-62.2,26,-34.3,-49.95,0.326,-62.2,crypto
28-32,30,min 0-3,kalshi_with,exit14,66,-72.6,26,-32.0,-56.22,0.37,-72.6,crypto
28-32,30,min 0-3,kalshi_with,hold,66,-63.6,26,-33.7,-50.72,0.38,-63.6,crypto
28-32,30,min 0-3,none,exit10,255,-70.3,134,-39.1,-231.76,0.301,-70.3,crypto
28-32,30,min 0-3,none,exit12,255,-70.1,134,-38.7,-230.78,0.337,-70.1,crypto
28-32,30,min 0-3,none,exit14,255,-86.4,134,-35.0,-267.25,0.386,-86.4,crypto
28-32,30,min 0-3,none,hold,255,-81.7,134,-30.7,-249.42,0.404,-81.7,crypto
28-32,30,min 0-3,spot_with,exit10,43,-57.0,33,-49.8,-40.96,0.276,-57.0,crypto
28-32,30,min 0-3,spot_with,exit12,43,-0.6,33,-30.6,-10.34,0.342,-30.6,crypto
28-32,30,min 0-3,spot_with,exit14,43,1.1,33,-41.2,-13.1,0.408,-41.2,crypto
28-32,30,min 0-3,spot_with,hold,43,0.1,33,-42.5,-14.0,0.408,-42.5,crypto
28-32,30,min 0-6,kalshi_against,exit10,328,-57.1,179,-45.6,-268.83,0.31,-57.1,crypto
28-32,30,min 0-6,kalshi_against,exit12,328,-53.5,179,-36.7,-241.34,0.359,-53.5,crypto
28-32,30,min 0-6,kalshi_against,exit14,328,-66.3,179,-30.4,-272.08,0.414,-66.3,crypto
28-32,30,min 0-6,kalshi_against,hold,328,-61.4,179,-27.7,-250.8,0.434,-61.4,crypto
28-32,30,min 0-6,kalshi_with,exit10,175,-62.9,83,-63.3,-162.67,0.271,-63.3,crypto
28-32,30,min 0-6,kalshi_with,exit12,175,-49.6,83,-67.6,-142.87,0.329,-67.6,crypto
28-32,30,min 0-6,kalshi_with,exit14,175,-60.3,83,-72.1,-165.28,0.388,-72.1,crypto
28-32,30,min 0-6,kalshi_with,hold,175,-51.3,83,-69.1,-147.18,0.411,-69.1,crypto
28-32,30,min 0-6,none,exit10,331,-57.4,183,-48.0,-277.84,0.307,-57.4,crypto
28-32,30,min 0-6,none,exit12,331,-54.1,183,-42.0,-256.01,0.356,-54.1,crypto
28-32,30,min 0-6,none,exit14,331,-67.0,183,-36.8,-288.98,0.411,-67.0,crypto
28-32,30,min 0-6,none,hold,331,-62.1,183,-34.1,-267.88,0.43,-62.1,crypto
28-32,30,min 0-6,spot_with,exit10,104,-49.7,94,-67.0,-114.7,0.263,-67.0,crypto
28-32,30,min 0-6,spot_with,exit12,104,-8.6,94,-57.4,-62.83,0.333,-57.4,crypto
28-32,30,min 0-6,spot_with,exit14,104,-2.3,94,-61.8,-60.48,0.419,-61.8,crypto
28-32,30,min 0-6,spot_with,hold,104,13.1,94,-60.4,-43.2,0.449,-60.4,crypto
28-32,30,min 0-9,kalshi_against,exit10,347,-55.4,195,-46.3,-282.45,0.299,-55.4,crypto
28-32,30,min 0-9,kalshi_against,exit12,347,-49.9,195,-42.2,-255.34,0.358,-49.9,crypto
28-32,30,min 0-9,kalshi_against,exit14,347,-62.7,195,-36.2,-288.1,0.417,-62.7,crypto
28-32,30,min 0-9,kalshi_against,hold,347,-58.3,195,-33.8,-268.19,0.435,-58.3,crypto
28-32,30,min 0-9,kalshi_with,exit10,228,-50.3,117,-56.6,-180.92,0.252,-56.6,crypto
28-32,30,min 0-9,kalshi_with,exit12,228,-31.7,117,-57.6,-139.65,0.345,-57.6,crypto
28-32,30,min 0-9,kalshi_with,exit14,228,-44.4,117,-57.7,-168.78,0.412,-57.7,crypto
28-32,30,min 0-9,kalshi_with,hold,228,-36.2,117,-58.4,-150.96,0.432,-58.4,crypto
28-32,30,min 0-9,none,exit10,350,-56.9,198,-47.5,-293.1,0.296,-56.9,crypto
28-32,30,min 0-9,none,exit12,350,-51.9,198,-45.8,-272.13,0.354,-51.9,crypto
28-32,30,min 0-9,none,exit14,350,-63.0,198,-40.6,-301.12,0.414,-63.0,crypto
28-32,30,min 0-9,none,hold,350,-58.7,198,-38.3,-281.39,0.432,-58.7,crypto
28-32,30,min 0-9,spot_with,exit10,132,-43.7,129,-62.3,-138.07,0.234,-62.3,crypto
28-32,30,min 0-9,spot_with,exit12,132,-14.9,129,-57.7,-94.13,0.33,-57.7,crypto
28-32,30,min 0-9,spot_with,exit14,132,-15.8,129,-64.3,-103.85,0.414,-64.3,crypto
28-32,30,min 0-9,spot_with,hold,132,4.6,129,-64.4,-77.03,0.444,-64.4,crypto
33-37,5,min 0-12,kalshi_against,exit10,344,-63.0,203,-44.2,-306.28,0.742,-63.0,crypto
33-37,5,min 0-12,kalshi_against,exit12,344,-62.8,203,-36.9,-291.0,0.761,-62.8,crypto
33-37,5,min 0-12,kalshi_against,exit14,344,-67.1,203,-30.8,-293.49,0.777,-67.1,crypto
33-37,5,min 0-12,kalshi_against,hold,344,-66.1,203,-31.2,-290.58,0.779,-66.1,crypto
33-37,5,min 0-12,kalshi_with,exit10,274,-61.4,142,-52.0,-241.94,0.683,-61.4,crypto
33-37,5,min 0-12,kalshi_with,exit12,274,-56.5,142,-50.9,-226.99,0.707,-56.5,crypto
33-37,5,min 0-12,kalshi_with,exit14,274,-62.7,142,-44.8,-235.34,0.745,-62.7,crypto
33-37,5,min 0-12,kalshi_with,hold,274,-63.4,142,-35.9,-224.75,0.752,-63.4,crypto
33-37,5,min 0-12,none,exit10,355,-61.1,211,-37.9,-296.64,0.744,-61.1,crypto
33-37,5,min 0-12,none,exit12,355,-64.0,211,-31.4,-293.54,0.763,-64.0,crypto
33-37,5,min 0-12,none,exit14,355,-68.3,211,-25.2,-295.81,0.777,-68.3,crypto
33-37,5,min 0-12,none,hold,355,-67.3,211,-25.5,-292.9,0.779,-67.3,crypto
33-37,5,min 0-12,spot_with,exit10,153,-58.1,150,-52.8,-167.99,0.677,-58.1,crypto
33-37,5,min 0-12,spot_with,exit12,153,-51.3,150,-53.9,-159.37,0.71,-53.9,crypto
33-37,5,min 0-12,spot_with,exit14,153,-57.3,150,-44.2,-153.99,0.752,-57.3,crypto
33-37,5,min 0-12,spot_with,hold,153,-57.9,150,-38.5,-146.33,0.759,-57.9,crypto
33-37,5,min 0-3,kalshi_against,exit10,298,-62.8,174,-49.2,-272.85,0.742,-62.8,crypto
33-37,5,min 0-3,kalshi_against,exit12,298,-61.8,174,-41.0,-255.57,0.761,-61.8,crypto
33-37,5,min 0-3,kalshi_against,exit14,298,-66.6,174,-35.1,-259.7,0.773,-66.6,crypto
33-37,5,min 0-3,kalshi_against,hold,298,-65.2,174,-35.5,-255.96,0.775,-65.2,crypto
33-37,5,min 0-3,kalshi_with,exit10,114,-73.1,38,-49.2,-102.05,0.704,-73.1,crypto
33-37,5,min 0-3,kalshi_with,exit12,114,-64.7,38,-46.1,-91.21,0.724,-64.7,crypto
33-37,5,min 0-3,kalshi_with,exit14,114,-69.3,38,-42.2,-95.01,0.73,-69.3,crypto
33-37,5,min 0-3,kalshi_with,hold,114,-69.7,38,-42.2,-95.46,0.73,-69.7,crypto
33-37,5,min 0-3,none,exit10,317,-59.0,186,-42.2,-265.55,0.748,-59.0,crypto
33-37,5,min 0-3,none,exit12,317,-61.3,186,-34.7,-258.81,0.765,-61.3,crypto
33-37,5,min 0-3,none,exit14,317,-65.7,186,-29.5,-263.33,0.777,-65.7,crypto
33-37,5,min 0-3,none,hold,317,-64.4,186,-29.9,-259.77,0.779,-64.4,crypto
33-37,5,min 0-3,spot_with,exit10,66,-45.5,54,-68.0,-66.74,0.733,-68.0,crypto
33-37,5,min 0-3,spot_with,exit12,66,-26.4,54,-50.8,-44.84,0.758,-50.8,crypto
33-37,5,min 0-3,spot_with,exit14,66,-27.1,54,-42.4,-40.79,0.783,-42.4,crypto
33-37,5,min 0-3,spot_with,hold,66,-27.2,54,-42.6,-40.97,0.783,-42.6,crypto
33-37,5,min 0-6,kalshi_against,exit10,336,-63.0,193,-44.3,-297.24,0.745,-63.0,crypto
33-37,5,min 0-6,kalshi_against,exit12,336,-62.7,193,-37.3,-282.77,0.762,-62.7,crypto
33-37,5,min 0-6,kalshi_against,exit14,336,-67.0,193,-30.2,-283.54,0.777,-67.0,crypto
33-37,5,min 0-6,kalshi_against,hold,336,-65.9,193,-30.5,-280.45,0.779,-65.9,crypto
33-37,5,min 0-6,kalshi_with,exit10,214,-66.2,101,-49.9,-192.02,0.711,-66.2,crypto
33-37,5,min 0-6,kalshi_with,exit12,214,-60.4,101,-47.0,-176.77,0.733,-60.4,crypto
33-37,5,min 0-6,kalshi_with,exit14,214,-61.9,101,-42.4,-175.19,0.752,-61.9,crypto
33-37,5,min 0-6,kalshi_with,hold,214,-62.2,101,-37.3,-170.76,0.756,-62.2,crypto
33-37,5,min 0-6,none,exit10,351,-61.2,208,-39.0,-295.86,0.746,-61.2,crypto
33-37,5,min 0-6,none,exit12,351,-64.0,208,-32.7,-292.69,0.762,-64.0,crypto
33-37,5,min 0-6,none,exit14,351,-68.3,208,-26.4,-294.59,0.776,-68.3,crypto
33-37,5,min 0-6,none,hold,351,-67.3,208,-26.7,-291.68,0.778,-67.3,crypto
33-37,5,min 0-6,spot_with,exit10,122,-50.7,121,-60.5,-135.06,0.716,-60.5,crypto
33-37,5,min 0-6,spot_with,exit12,122,-39.9,121,-51.1,-110.57,0.749,-51.1,crypto
33-37,5,min 0-6,spot_with,exit14,122,-41.1,121,-51.2,-112.09,0.77,-51.2,crypto
33-37,5,min 0-6,spot_with,hold,122,-41.4,121,-47.4,-107.75,0.774,-47.4,crypto
33-37,5,min 0-9,kalshi_against,exit10,340,-62.7,200,-42.6,-298.57,0.744,-62.7,crypto
33-37,5,min 0-9,kalshi_against,exit12,340,-62.6,200,-36.1,-285.13,0.763,-62.6,crypto
33-37,5,min 0-9,kalshi_against,exit14,340,-67.0,200,-29.4,-286.45,0.778,-67.0,crypto
33-37,5,min 0-9,kalshi_against,hold,340,-65.9,200,-29.7,-283.36,0.78,-65.9,crypto
33-37,5,min 0-9,kalshi_with,exit10,260,-59.7,131,-53.2,-224.89,0.693,-59.7,crypto
33-37,5,min 0-9,kalshi_with,exit12,260,-54.1,131,-46.1,-200.97,0.737,-54.1,crypto
33-37,5,min 0-9,kalshi_with,exit14,260,-56.8,131,-43.1,-204.17,0.757,-56.8,crypto
33-37,5,min 0-9,kalshi_with,hold,260,-57.4,131,-33.4,-193.13,0.765,-57.4,crypto
33-37,5,min 0-9,none,exit10,354,-61.2,210,-37.8,-296.07,0.745,-61.2,crypto
33-37,5,min 0-9,none,exit12,354,-64.2,210,-31.5,-293.46,0.762,-64.2,crypto
33-37,5,min 0-9,none,exit14,354,-68.5,210,-25.3,-295.73,0.777,-68.5,crypto
33-37,5,min 0-9,none,hold,354,-67.5,210,-25.6,-292.82,0.778,-67.5,crypto
33-37,5,min 0-9,spot_with,exit10,140,-57.1,141,-59.3,-163.47,0.683,-59.3,crypto
33-37,5,min 0-9,spot_with,exit12,140,-48.7,141,-54.4,-144.91,0.73,-54.4,crypto
33-37,5,min 0-9,spot_with,exit14,140,-50.3,141,-52.6,-144.63,0.754,-52.6,crypto
33-37,5,min 0-9,spot_with,hold,140,-50.6,141,-46.5,-136.43,0.762,-50.6,crypto
33-37,10,min 0-12,kalshi_against,exit10,344,-73.2,203,-64.5,-382.72,0.6,-73.2,crypto
33-37,10,min 0-12,kalshi_against,exit12,344,-73.0,203,-61.4,-375.68,0.622,-73.0,crypto
33-37,10,min 0-12,kalshi_against,exit14,344,-77.0,203,-53.6,-373.55,0.654,-77.0,crypto
33-37,10,min 0-12,kalshi_against,hold,344,-76.8,203,-51.6,-368.97,0.658,-76.8,crypto
33-37,10,min 0-12,kalshi_with,exit10,274,-67.2,142,-62.6,-272.98,0.553,-67.2,crypto
33-37,10,min 0-12,kalshi_with,exit12,274,-60.9,142,-62.5,-255.56,0.594,-62.5,crypto
33-37,10,min 0-12,kalshi_with,exit14,274,-66.2,142,-51.2,-254.14,0.651,-66.2,crypto
33-37,10,min 0-12,kalshi_with,hold,274,-66.3,142,-45.4,-246.18,0.659,-66.3,crypto
33-37,10,min 0-12,none,exit10,355,-74.7,211,-54.7,-380.4,0.594,-74.7,crypto
33-37,10,min 0-12,none,exit12,355,-78.8,211,-53.2,-392.19,0.617,-78.8,crypto
33-37,10,min 0-12,none,exit14,355,-83.1,211,-43.7,-387.15,0.648,-83.1,crypto
33-37,10,min 0-12,none,hold,355,-83.0,211,-41.6,-382.57,0.652,-83.0,crypto
33-37,10,min 0-12,spot_with,exit10,153,-57.9,150,-54.8,-170.81,0.564,-57.9,crypto
33-37,10,min 0-12,spot_with,exit12,153,-50.3,150,-58.0,-163.92,0.601,-58.0,crypto
33-37,10,min 0-12,spot_with,exit14,153,-53.0,150,-42.8,-145.42,0.673,-53.0,crypto
33-37,10,min 0-12,spot_with,hold,153,-53.9,150,-37.2,-138.21,0.68,-53.9,crypto
33-37,10,min 0-3,kalshi_against,exit10,298,-74.0,174,-64.2,-332.19,0.606,-74.0,crypto
33-37,10,min 0-3,kalshi_against,exit12,298,-75.3,174,-60.0,-328.95,0.627,-75.3,crypto
33-37,10,min 0-3,kalshi_against,exit14,298,-80.7,174,-51.2,-329.53,0.65,-80.7,crypto
33-37,10,min 0-3,kalshi_against,hold,298,-80.3,174,-48.7,-323.85,0.655,-80.3,crypto
33-37,10,min 0-3,kalshi_with,exit10,114,-93.8,38,-41.1,-122.51,0.572,-93.8,crypto
33-37,10,min 0-3,kalshi_with,exit12,114,-91.5,38,-37.8,-118.64,0.592,-91.5,crypto
33-37,10,min 0-3,kalshi_with,exit14,114,-97.2,38,-34.7,-123.98,0.612,-97.2,crypto
33-37,10,min 0-3,kalshi_with,hold,114,-97.8,38,-34.9,-124.7,0.612,-97.8,crypto
33-37,10,min 0-3,none,exit10,317,-73.6,186,-56.4,-338.17,0.6,-73.6,crypto
33-37,10,min 0-3,none,exit12,317,-79.9,186,-52.3,-350.59,0.62,-79.9,crypto
33-37,10,min 0-3,none,exit14,317,-84.9,186,-44.6,-352.09,0.644,-84.9,crypto
33-37,10,min 0-3,none,hold,317,-84.6,186,-42.2,-346.68,0.648,-84.6,crypto
33-37,10,min 0-3,spot_with,exit10,66,-44.7,54,-63.1,-63.58,0.633,-63.1,crypto
33-37,10,min 0-3,spot_with,exit12,66,-33.8,54,-42.0,-45.01,0.658,-42.0,crypto
33-37,10,min 0-3,spot_with,exit14,66,-39.3,54,-32.6,-43.55,0.692,-39.3,crypto
33-37,10,min 0-3,spot_with,hold,66,-39.7,54,-33.0,-44.0,0.692,-39.7,crypto
33-37,10,min 0-6,kalshi_against,exit10,336,-72.6,193,-61.1,-361.99,0.607,-72.6,crypto
33-37,10,min 0-6,kalshi_against,exit12,336,-72.4,193,-58.8,-356.64,0.628,-72.4,crypto
33-37,10,min 0-6,kalshi_against,exit14,336,-76.6,193,-48.9,-351.73,0.658,-76.6,crypto
33-37,10,min 0-6,kalshi_against,hold,336,-76.4,193,-46.7,-346.88,0.662,-76.4,crypto
33-37,10,min 0-6,kalshi_with,exit10,214,-79.0,101,-59.3,-229.02,0.578,-79.0,crypto
33-37,10,min 0-6,kalshi_with,exit12,214,-74.0,101,-53.2,-212.15,0.613,-74.0,crypto
33-37,10,min 0-6,kalshi_with,exit14,214,-77.1,101,-39.4,-204.78,0.651,-77.1,crypto
33-37,10,min 0-6,kalshi_with,hold,214,-75.3,101,-34.5,-195.92,0.657,-75.3,crypto
33-37,10,min 0-6,none,exit10,351,-74.8,208,-56.3,-379.73,0.596,-74.8,crypto
33-37,10,min 0-6,none,exit12,351,-79.3,208,-54.3,-391.36,0.615,-79.3,crypto
33-37,10,min 0-6,none,exit14,351,-83.5,208,-45.7,-388.2,0.646,-83.5,crypto
33-37,10,min 0-6,none,hold,351,-83.4,208,-43.6,-383.62,0.649,-83.4,crypto
33-37,10,min 0-6,spot_with,exit10,122,-55.4,121,-62.0,-142.56,0.597,-62.0,crypto
33-37,10,min 0-6,spot_with,exit12,122,-42.2,121,-52.3,-114.78,0.642,-52.3,crypto
33-37,10,min 0-6,spot_with,exit14,122,-47.1,121,-44.6,-111.45,0.683,-47.1,crypto
33-37,10,min 0-6,spot_with,hold,122,-47.6,121,-40.9,-107.56,0.687,-47.6,crypto
33-37,10,min 0-9,kalshi_against,exit10,340,-73.2,200,-61.4,-371.58,0.604,-73.2,crypto
33-37,10,min 0-9,kalshi_against,exit12,340,-73.2,200,-60.2,-369.33,0.626,-73.2,crypto
33-37,10,min 0-9,kalshi_against,exit14,340,-77.5,200,-50.9,-365.33,0.656,-77.5,crypto
33-37,10,min 0-9,kalshi_against,hold,340,-77.3,200,-48.8,-360.48,0.659,-77.3,crypto
33-37,10,min 0-9,kalshi_with,exit10,260,-66.0,131,-66.0,-258.14,0.558,-66.0,crypto
33-37,10,min 0-9,kalshi_with,exit12,260,-59.0,131,-58.4,-229.78,0.621,-59.0,crypto
33-37,10,min 0-9,kalshi_with,exit14,260,-62.9,131,-51.4,-230.95,0.66,-62.9,crypto
33-37,10,min 0-9,kalshi_with,hold,260,-61.8,131,-45.0,-219.69,0.668,-61.8,crypto
33-37,10,min 0-9,none,exit10,354,-74.6,210,-54.7,-378.95,0.596,-74.6,crypto
33-37,10,min 0-9,none,exit12,354,-79.2,210,-52.7,-391.14,0.617,-79.2,crypto
33-37,10,min 0-9,none,exit14,354,-83.5,210,-44.1,-388.35,0.647,-83.5,crypto
33-37,10,min 0-9,none,hold,354,-83.4,210,-42.1,-383.77,0.651,-83.4,crypto
33-37,10,min 0-9,spot_with,exit10,140,-59.3,141,-63.2,-172.05,0.562,-63.2,crypto
33-37,10,min 0-9,spot_with,exit12,140,-47.2,141,-59.7,-150.21,0.619,-59.7,crypto
33-37,10,min 0-9,spot_with,exit14,140,-50.2,141,-52.8,-144.74,0.669,-52.8,crypto
33-37,10,min 0-9,spot_with,hold,140,-50.7,141,-46.8,-136.99,0.676,-50.7,crypto
33-37,15,min 0-12,kalshi_against,exit10,344,-72.2,203,-75.6,-401.93,0.506,-75.6,crypto
33-37,15,min 0-12,kalshi_against,exit12,344,-71.2,203,-76.7,-400.77,0.528,-76.7,crypto
33-37,15,min 0-12,kalshi_against,exit14,344,-77.5,203,-71.7,-412.24,0.569,-77.5,crypto
33-37,15,min 0-12,kalshi_against,hold,344,-73.0,203,-70.6,-394.3,0.578,-73.0,crypto
33-37,15,min 0-12,kalshi_with,exit10,274,-63.2,142,-64.6,-264.97,0.471,-64.6,crypto
33-37,15,min 0-12,kalshi_with,exit12,274,-52.8,142,-66.6,-239.31,0.519,-66.6,crypto
33-37,15,min 0-12,kalshi_with,exit14,274,-58.4,142,-56.6,-240.37,0.587,-58.4,crypto
33-37,15,min 0-12,kalshi_with,hold,274,-54.8,142,-49.3,-220.01,0.599,-54.8,crypto
33-37,15,min 0-12,none,exit10,355,-74.2,211,-65.0,-400.52,0.502,-74.2,crypto
33-37,15,min 0-12,none,exit12,355,-74.2,211,-67.4,-405.59,0.527,-74.2,crypto
33-37,15,min 0-12,none,exit14,355,-80.3,211,-60.5,-412.8,0.565,-80.3,crypto
33-37,15,min 0-12,none,hold,355,-75.8,211,-59.3,-394.4,0.574,-75.8,crypto
33-37,15,min 0-12,spot_with,exit10,153,-45.4,150,-51.3,-146.42,0.508,-51.3,crypto
33-37,15,min 0-12,spot_with,exit12,153,-28.8,150,-56.4,-128.57,0.538,-56.4,crypto
33-37,15,min 0-12,spot_with,exit14,153,-33.5,150,-43.4,-116.43,0.617,-43.4,crypto
33-37,15,min 0-12,spot_with,hold,153,-27.4,150,-36.4,-96.46,0.63,-36.4,crypto
33-37,15,min 0-3,kalshi_against,exit10,298,-73.4,174,-67.3,-336.03,0.521,-73.4,crypto
33-37,15,min 0-3,kalshi_against,exit12,298,-74.0,174,-64.5,-332.94,0.538,-74.0,crypto
33-37,15,min 0-3,kalshi_against,exit14,298,-82.5,174,-58.6,-347.8,0.57,-82.5,crypto
33-37,15,min 0-3,kalshi_against,hold,298,-78.5,174,-57.0,-333.27,0.578,-78.5,crypto
33-37,15,min 0-3,kalshi_with,exit10,114,-86.0,38,-40.2,-113.35,0.493,-86.0,crypto
33-37,15,min 0-3,kalshi_with,exit12,114,-76.0,38,-38.3,-101.18,0.513,-76.0,crypto
33-37,15,min 0-3,kalshi_with,exit14,114,-83.4,38,-25.6,-104.74,0.546,-83.4,crypto
33-37,15,min 0-3,kalshi_with,hold,114,-74.3,38,-25.8,-94.5,0.559,-74.3,crypto
33-37,15,min 0-3,none,exit10,317,-73.1,186,-60.7,-344.81,0.513,-73.1,crypto
33-37,15,min 0-3,none,exit12,317,-75.5,186,-58.2,-347.54,0.533,-75.5,crypto
33-37,15,min 0-3,none,exit14,317,-83.3,186,-53.2,-363.0,0.565,-83.3,crypto
33-37,15,min 0-3,none,hold,317,-79.7,186,-51.7,-348.74,0.573,-79.7,crypto
33-37,15,min 0-3,spot_with,exit10,66,-29.1,54,-55.1,-48.98,0.575,-55.1,crypto
33-37,15,min 0-3,spot_with,exit12,66,-1.7,54,-33.8,-19.38,0.583,-33.8,crypto
33-37,15,min 0-3,spot_with,exit14,66,-7.9,54,-25.4,-18.94,0.625,-25.4,crypto
33-37,15,min 0-3,spot_with,hold,66,-1.8,54,-26.0,-15.28,0.633,-26.0,crypto
33-37,15,min 0-6,kalshi_against,exit10,336,-72.0,193,-69.1,-375.17,0.518,-72.0,crypto
33-37,15,min 0-6,kalshi_against,exit12,336,-71.7,193,-70.6,-377.36,0.535,-71.7,crypto
33-37,15,min 0-6,kalshi_against,exit14,336,-78.4,193,-63.7,-386.19,0.573,-78.4,crypto
33-37,15,min 0-6,kalshi_against,hold,336,-73.7,193,-62.4,-367.98,0.582,-73.7,crypto
33-37,15,min 0-6,kalshi_with,exit10,214,-77.1,101,-62.9,-228.57,0.489,-77.1,crypto
33-37,15,min 0-6,kalshi_with,exit12,214,-66.2,101,-60.1,-202.45,0.524,-66.2,crypto
33-37,15,min 0-6,kalshi_with,exit14,214,-70.0,101,-49.2,-199.45,0.575,-70.0,crypto
33-37,15,min 0-6,kalshi_with,hold,214,-63.3,101,-45.7,-181.56,0.587,-63.3,crypto
33-37,15,min 0-6,none,exit10,351,-74.7,208,-66.8,-401.07,0.504,-74.7,crypto
33-37,15,min 0-6,none,exit12,351,-75.5,208,-68.7,-407.77,0.524,-75.5,crypto
33-37,15,min 0-6,none,exit14,351,-81.6,208,-62.9,-417.26,0.562,-81.6,crypto
33-37,15,min 0-6,none,hold,351,-77.1,208,-61.7,-398.86,0.571,-77.1,crypto
33-37,15,min 0-6,spot_with,exit10,122,-43.1,121,-60.2,-125.4,0.531,-60.2,crypto
33-37,15,min 0-6,spot_with,exit12,122,-17.7,121,-53.4,-86.16,0.568,-53.4,crypto
33-37,15,min 0-6,spot_with,exit14,122,-23.1,121,-47.6,-85.78,0.621,-47.6,crypto
33-37,15,min 0-6,spot_with,hold,122,-20.4,121,-44.8,-79.08,0.63,-44.8,crypto
33-37,15,min 0-9,kalshi_against,exit10,340,-72.1,200,-72.6,-390.5,0.511,-72.6,crypto
33-37,15,min 0-9,kalshi_against,exit12,340,-71.8,200,-75.8,-395.62,0.531,-75.8,crypto
33-37,15,min 0-9,kalshi_against,exit14,340,-78.5,200,-69.5,-405.72,0.569,-78.5,crypto
33-37,15,min 0-9,kalshi_against,hold,340,-73.8,200,-68.2,-387.51,0.578,-73.8,crypto
33-37,15,min 0-9,kalshi_with,exit10,260,-62.4,131,-69.3,-253.13,0.471,-69.3,crypto
33-37,15,min 0-9,kalshi_with,exit12,260,-50.7,131,-62.8,-214.03,0.542,-62.8,crypto
33-37,15,min 0-9,kalshi_with,exit14,260,-55.3,131,-58.4,-220.18,0.591,-58.4,crypto
33-37,15,min 0-9,kalshi_with,hold,260,-50.2,131,-50.4,-196.52,0.604,-50.4,crypto
33-37,15,min 0-9,none,exit10,354,-74.1,210,-65.1,-399.07,0.504,-74.1,crypto
33-37,15,min 0-9,none,exit12,354,-74.7,210,-66.9,-404.84,0.527,-74.7,crypto
33-37,15,min 0-9,none,exit14,354,-80.8,210,-61.2,-414.7,0.564,-80.8,crypto
33-37,15,min 0-9,none,hold,354,-76.3,210,-60.0,-396.3,0.573,-76.3,crypto
33-37,15,min 0-9,spot_with,exit10,140,-46.7,141,-61.4,-151.96,0.502,-61.4,crypto
33-37,15,min 0-9,spot_with,exit12,140,-24.0,141,-59.2,-117.06,0.552,-59.2,crypto
33-37,15,min 0-9,spot_with,exit14,140,-30.1,141,-55.7,-120.75,0.609,-55.7,crypto
33-37,15,min 0-9,spot_with,hold,140,-23.0,141,-48.3,-100.24,0.623,-48.3,crypto
33-37,20,min 0-12,kalshi_against,exit10,344,-71.0,203,-66.8,-379.82,0.45,-71.0,crypto
33-37,20,min 0-12,kalshi_against,exit12,344,-69.3,203,-67.7,-375.91,0.473,-69.3,crypto
33-37,20,min 0-12,kalshi_against,exit14,344,-77.1,203,-64.3,-395.76,0.521,-77.1,crypto
33-37,20,min 0-12,kalshi_against,hold,344,-71.7,203,-63.3,-375.28,0.534,-71.7,crypto
33-37,20,min 0-12,kalshi_with,exit10,274,-63.5,142,-56.5,-254.17,0.409,-63.5,crypto
33-37,20,min 0-12,kalshi_with,exit12,274,-48.1,142,-64.4,-223.26,0.457,-64.4,crypto
33-37,20,min 0-12,kalshi_with,exit14,274,-58.0,142,-55.3,-237.29,0.529,-58.0,crypto
33-37,20,min 0-12,kalshi_with,hold,274,-54.3,142,-48.1,-216.99,0.546,-54.3,crypto
33-37,20,min 0-12,none,exit10,355,-72.4,211,-55.7,-374.58,0.445,-72.4,crypto
33-37,20,min 0-12,none,exit12,355,-71.4,211,-59.2,-378.39,0.472,-71.4,crypto
33-37,20,min 0-12,none,exit14,355,-79.0,211,-54.5,-395.5,0.518,-79.0,crypto
33-37,20,min 0-12,none,hold,355,-73.7,211,-53.5,-374.65,0.53,-73.7,crypto
33-37,20,min 0-12,spot_with,exit10,153,-50.5,150,-42.9,-141.61,0.432,-50.5,crypto
33-37,20,min 0-12,spot_with,exit12,153,-29.7,150,-51.7,-123.03,0.472,-51.7,crypto
33-37,20,min 0-12,spot_with,exit14,153,-34.0,150,-39.4,-111.2,0.564,-39.4,crypto
33-37,20,min 0-12,spot_with,hold,153,-24.3,150,-32.5,-86.01,0.581,-32.5,crypto
33-37,20,min 0-3,kalshi_against,exit10,298,-74.5,174,-59.4,-325.37,0.458,-74.5,crypto
33-37,20,min 0-3,kalshi_against,exit12,298,-74.8,174,-56.7,-321.62,0.477,-74.8,crypto
33-37,20,min 0-3,kalshi_against,exit14,298,-85.9,174,-53.3,-348.65,0.517,-85.9,crypto
33-37,20,min 0-3,kalshi_against,hold,298,-81.2,174,-51.9,-332.28,0.528,-81.2,crypto
33-37,20,min 0-3,kalshi_with,exit10,114,-83.6,38,-30.2,-106.76,0.434,-83.6,crypto
33-37,20,min 0-3,kalshi_with,exit12,114,-73.3,38,-48.6,-101.99,0.454,-73.3,crypto
33-37,20,min 0-3,kalshi_with,exit14,114,-78.4,38,-47.6,-107.49,0.487,-78.4,crypto
33-37,20,min 0-3,kalshi_with,hold,114,-72.6,38,-48.3,-101.16,0.5,-72.6,crypto
33-37,20,min 0-3,none,exit10,317,-72.5,186,-52.3,-327.22,0.451,-72.5,crypto
33-37,20,min 0-3,none,exit12,317,-74.4,186,-51.3,-331.18,0.473,-74.4,crypto
33-37,20,min 0-3,none,exit14,317,-84.4,186,-49.5,-359.73,0.513,-84.4,crypto
33-37,20,min 0-3,none,hold,317,-80.1,186,-48.3,-343.72,0.523,-80.1,crypto
33-37,20,min 0-3,spot_with,exit10,66,-27.5,54,-57.6,-49.24,0.483,-57.6,crypto
33-37,20,min 0-3,spot_with,exit12,66,2.8,54,-42.3,-20.98,0.5,-42.3,crypto
33-37,20,min 0-3,spot_with,exit14,66,-1.9,54,-44.4,-25.23,0.558,-44.4,crypto
33-37,20,min 0-3,spot_with,hold,66,3.9,54,-45.4,-21.93,0.567,-45.4,crypto
33-37,20,min 0-6,kalshi_against,exit10,336,-70.9,193,-60.2,-354.26,0.459,-70.9,crypto
33-37,20,min 0-6,kalshi_against,exit12,336,-69.5,193,-61.8,-352.81,0.48,-69.5,crypto
33-37,20,min 0-6,kalshi_against,exit14,336,-78.1,193,-56.7,-372.01,0.526,-78.1,crypto
33-37,20,min 0-6,kalshi_against,hold,336,-72.8,193,-55.6,-351.96,0.537,-72.8,crypto
33-37,20,min 0-6,kalshi_with,exit10,214,-77.7,101,-57.7,-224.56,0.419,-77.7,crypto
33-37,20,min 0-6,kalshi_with,exit12,214,-64.0,101,-63.8,-201.45,0.457,-64.0,crypto
33-37,20,min 0-6,kalshi_with,exit14,214,-72.4,101,-57.2,-212.64,0.511,-72.4,crypto
33-37,20,min 0-6,kalshi_with,hold,214,-65.0,101,-53.8,-193.53,0.527,-65.0,crypto
33-37,20,min 0-6,none,exit10,351,-72.9,208,-57.7,-375.73,0.447,-72.9,crypto
33-37,20,min 0-6,none,exit12,351,-72.4,208,-60.9,-380.68,0.47,-72.4,crypto
33-37,20,min 0-6,none,exit14,351,-80.3,208,-57.6,-401.46,0.515,-80.3,crypto
33-37,20,min 0-6,none,hold,351,-75.1,208,-56.6,-381.31,0.526,-75.1,crypto
33-37,20,min 0-6,spot_with,exit10,122,-49.2,121,-54.8,-126.28,0.444,-54.8,crypto
33-37,20,min 0-6,spot_with,exit12,122,-17.8,121,-52.5,-85.21,0.498,-52.5,crypto
33-37,20,min 0-6,spot_with,exit14,122,-26.7,121,-49.5,-92.43,0.56,-49.5,crypto
33-37,20,min 0-6,spot_with,hold,122,-19.5,121,-46.9,-80.51,0.572,-46.9,crypto
33-37,20,min 0-9,kalshi_against,exit10,340,-71.1,200,-63.7,-368.99,0.454,-71.1,crypto
33-37,20,min 0-9,kalshi_against,exit12,340,-69.6,200,-66.7,-369.97,0.478,-69.6,crypto
33-37,20,min 0-9,kalshi_against,exit14,340,-78.2,200,-62.2,-390.44,0.522,-78.2,crypto
33-37,20,min 0-9,kalshi_against,hold,340,-73.0,200,-61.1,-370.39,0.533,-73.0,crypto
33-37,20,min 0-9,kalshi_with,exit10,260,-61.0,131,-62.9,-241.03,0.409,-62.9,crypto
33-37,20,min 0-9,kalshi_with,exit12,260,-45.1,131,-60.4,-196.29,0.481,-60.4,crypto
33-37,20,min 0-9,kalshi_with,exit14,260,-54.6,131,-59.3,-219.52,0.535,-59.3,crypto
33-37,20,min 0-9,kalshi_with,hold,260,-49.0,131,-51.4,-194.64,0.55,-51.4,crypto
33-37,20,min 0-9,none,exit10,354,-72.3,210,-55.7,-373.13,0.447,-72.3,crypto
33-37,20,min 0-9,none,exit12,354,-71.6,210,-58.7,-376.65,0.473,-71.6,crypto
33-37,20,min 0-9,none,exit14,354,-79.5,210,-55.4,-397.8,0.518,-79.5,crypto
33-37,20,min 0-9,none,hold,354,-74.4,210,-54.4,-377.65,0.528,-74.4,crypto
33-37,20,min 0-9,spot_with,exit10,140,-52.6,141,-55.1,-151.37,0.423,-55.1,crypto
33-37,20,min 0-9,spot_with,exit12,140,-24.4,141,-55.4,-112.22,0.488,-55.4,crypto
33-37,20,min 0-9,spot_with,exit14,140,-34.2,141,-54.3,-124.51,0.552,-54.3,crypto
33-37,20,min 0-9,spot_with,hold,140,-23.2,141,-47.0,-98.78,0.569,-47.0,crypto
33-37,25,min 0-12,kalshi_against,exit10,344,-75.4,203,-62.7,-386.66,0.38,-75.4,crypto
33-37,25,min 0-12,kalshi_against,exit12,344,-70.2,203,-60.0,-363.42,0.42,-70.2,crypto
33-37,25,min 0-12,kalshi_against,exit14,344,-81.8,203,-60.2,-403.6,0.466,-81.8,crypto
33-37,25,min 0-12,kalshi_against,hold,344,-76.7,203,-59.6,-384.84,0.486,-76.7,crypto
33-37,25,min 0-12,kalshi_with,exit10,274,-63.8,142,-52.3,-249.16,0.334,-63.8,crypto
33-37,25,min 0-12,kalshi_with,exit12,274,-46.4,142,-54.3,-204.19,0.404,-54.3,crypto
33-37,25,min 0-12,kalshi_with,exit14,274,-55.2,142,-50.1,-222.34,0.483,-55.2,crypto
33-37,25,min 0-12,kalshi_with,hold,274,-52.1,142,-40.9,-200.84,0.507,-52.1,crypto
33-37,25,min 0-12,none,exit10,355,-74.8,211,-51.1,-373.56,0.38,-74.8,crypto
33-37,25,min 0-12,none,exit12,355,-73.1,211,-51.5,-368.4,0.419,-73.1,crypto
33-37,25,min 0-12,none,exit14,355,-83.0,211,-50.2,-400.76,0.465,-83.0,crypto
33-37,25,min 0-12,none,hold,355,-78.2,211,-49.6,-382.09,0.484,-78.2,crypto
33-37,25,min 0-12,spot_with,exit10,153,-52.6,150,-32.8,-129.77,0.363,-52.6,crypto
33-37,25,min 0-12,spot_with,exit12,153,-30.0,150,-38.2,-103.17,0.416,-38.2,crypto
33-37,25,min 0-12,spot_with,exit14,153,-26.8,150,-32.4,-89.57,0.515,-32.4,crypto
33-37,25,min 0-12,spot_with,hold,153,-16.4,150,-23.6,-60.52,0.545,-23.6,crypto
33-37,25,min 0-3,kalshi_against,exit10,298,-77.6,174,-54.6,-326.25,0.39,-77.6,crypto
33-37,25,min 0-3,kalshi_against,exit12,298,-74.6,174,-48.1,-305.9,0.426,-74.6,crypto
33-37,25,min 0-3,kalshi_against,exit14,298,-89.6,174,-51.2,-356.04,0.466,-89.6,crypto
33-37,25,min 0-3,kalshi_against,hold,298,-85.3,174,-48.2,-338.19,0.483,-85.3,crypto
33-37,25,min 0-3,kalshi_with,exit10,114,-91.3,38,-18.4,-111.09,0.349,-91.3,crypto
33-37,25,min 0-3,kalshi_with,exit12,114,-84.6,38,-27.2,-106.74,0.395,-84.6,crypto
33-37,25,min 0-3,kalshi_with,exit14,114,-86.5,38,-28.2,-109.36,0.434,-86.5,crypto
33-37,25,min 0-3,kalshi_with,hold,114,-81.2,38,-34.6,-105.75,0.454,-81.2,crypto
33-37,25,min 0-3,none,exit10,317,-74.4,186,-47.1,-323.41,0.388,-74.4,crypto
33-37,25,min 0-3,none,exit12,317,-74.0,186,-43.0,-314.59,0.423,-74.0,crypto
33-37,25,min 0-3,none,exit14,317,-87.9,186,-47.2,-366.59,0.463,-87.9,crypto
33-37,25,min 0-3,none,hold,317,-84.2,186,-44.5,-349.56,0.479,-84.2,crypto
33-37,25,min 0-3,spot_with,exit10,66,-53.7,54,-54.7,-65.01,0.383,-54.7,crypto
33-37,25,min 0-3,spot_with,exit12,66,-19.9,54,-25.0,-26.66,0.433,-25.0,crypto
33-37,25,min 0-3,spot_with,exit14,66,-23.2,54,-38.2,-35.93,0.483,-38.2,crypto
33-37,25,min 0-3,spot_with,hold,66,-15.5,54,-43.4,-33.67,0.508,-43.4,crypto
33-37,25,min 0-6,kalshi_against,exit10,336,-73.8,193,-56.2,-356.29,0.389,-73.8,crypto
33-37,25,min 0-6,kalshi_against,exit12,336,-71.0,193,-54.2,-342.97,0.425,-71.0,crypto
33-37,25,min 0-6,kalshi_against,exit14,336,-81.8,193,-52.0,-375.19,0.473,-81.8,crypto
33-37,25,min 0-6,kalshi_against,hold,336,-76.9,193,-49.4,-353.84,0.491,-76.9,crypto
33-37,25,min 0-6,kalshi_with,exit10,214,-80.0,101,-53.2,-224.96,0.34,-80.0,crypto
33-37,25,min 0-6,kalshi_with,exit12,214,-68.3,101,-54.1,-200.71,0.394,-68.3,crypto
33-37,25,min 0-6,kalshi_with,exit14,214,-76.5,101,-50.6,-214.82,0.457,-76.5,crypto
33-37,25,min 0-6,kalshi_with,hold,214,-70.1,101,-44.2,-194.65,0.483,-70.1,crypto
33-37,25,min 0-6,none,exit10,351,-75.3,208,-53.3,-375.32,0.381,-75.3,crypto
33-37,25,min 0-6,none,exit12,351,-74.3,208,-53.6,-372.22,0.417,-74.3,crypto
33-37,25,min 0-6,none,exit14,351,-84.4,208,-52.9,-406.36,0.463,-84.4,crypto
33-37,25,min 0-6,none,hold,351,-79.8,208,-50.6,-385.37,0.481,-79.8,crypto
33-37,25,min 0-6,spot_with,exit10,122,-58.1,121,-46.8,-127.5,0.362,-58.1,crypto
33-37,25,min 0-6,spot_with,exit12,122,-23.0,121,-39.3,-75.73,0.436,-39.3,crypto
33-37,25,min 0-6,spot_with,exit14,122,-25.7,121,-43.4,-83.81,0.502,-43.4,crypto
33-37,25,min 0-6,spot_with,hold,122,-17.6,121,-38.3,-67.85,0.531,-38.3,crypto
33-37,25,min 0-9,kalshi_against,exit10,340,-73.9,200,-59.5,-370.41,0.385,-73.9,crypto
33-37,25,min 0-9,kalshi_against,exit12,340,-70.9,200,-58.8,-358.6,0.424,-70.9,crypto
33-37,25,min 0-9,kalshi_against,exit14,340,-81.7,200,-57.1,-392.09,0.47,-81.7,crypto
33-37,25,min 0-9,kalshi_against,hold,340,-76.9,200,-54.7,-370.74,0.489,-76.9,crypto
33-37,25,min 0-9,kalshi_with,exit10,260,-62.0,131,-56.6,-235.37,0.332,-62.0,crypto
33-37,25,min 0-9,kalshi_with,exit12,260,-43.4,131,-50.2,-178.64,0.425,-50.2,crypto
33-37,25,min 0-9,kalshi_with,exit14,260,-52.1,131,-52.0,-203.6,0.488,-52.1,crypto
33-37,25,min 0-9,kalshi_with,hold,260,-47.2,131,-42.0,-177.84,0.512,-47.2,crypto
33-37,25,min 0-9,none,exit10,354,-74.8,210,-51.1,-372.11,0.381,-74.8,crypto
33-37,25,min 0-9,none,exit12,354,-73.3,210,-51.0,-366.66,0.42,-73.3,crypto
33-37,25,min 0-9,none,exit14,354,-83.5,210,-50.3,-401.17,0.466,-83.5,crypto
33-37,25,min 0-9,none,hold,354,-78.9,210,-48.0,-380.18,0.484,-78.9,crypto
33-37,25,min 0-9,spot_with,exit10,140,-57.1,141,-46.9,-146.05,0.349,-57.1,crypto
33-37,25,min 0-9,spot_with,exit12,140,-25.4,141,-42.8,-95.93,0.431,-42.8,crypto
33-37,25,min 0-9,spot_with,exit14,140,-28.4,141,-49.8,-110.01,0.498,-49.8,crypto
33-37,25,min 0-9,spot_with,hold,140,-16.7,141,-40.5,-80.42,0.53,-40.5,crypto
33-37,30,min 0-12,kalshi_against,exit10,344,-73.1,203,-54.7,-362.3,0.336,-73.1,crypto
33-37,30,min 0-12,kalshi_against,exit12,344,-69.7,203,-53.5,-348.24,0.378,-69.7,crypto
33-37,30,min 0-12,kalshi_against,exit14,344,-82.7,203,-47.2,-380.28,0.431,-82.7,crypto
33-37,30,min 0-12,kalshi_against,hold,344,-76.7,203,-42.7,-350.5,0.455,-76.7,crypto
33-37,30,min 0-12,kalshi_with,exit10,274,-57.4,142,-46.5,-223.44,0.296,-57.4,crypto
33-37,30,min 0-12,kalshi_with,exit12,274,-40.7,142,-56.1,-191.24,0.358,-56.1,crypto
33-37,30,min 0-12,kalshi_with,exit14,274,-52.6,142,-43.5,-205.85,0.447,-52.6,crypto
33-37,30,min 0-12,kalshi_with,hold,274,-47.9,142,-24.2,-165.55,0.481,-47.9,crypto
33-37,30,min 0-12,none,exit10,355,-72.3,211,-42.7,-346.94,0.336,-72.3,crypto
33-37,30,min 0-12,none,exit12,355,-73.3,211,-44.5,-354.18,0.376,-73.3,crypto
33-37,30,min 0-12,none,exit14,355,-84.2,211,-37.0,-377.22,0.429,-84.2,crypto
33-37,30,min 0-12,none,hold,355,-79.2,211,-32.6,-349.89,0.452,-79.2,crypto
33-37,30,min 0-12,spot_with,exit10,153,-51.6,150,-22.1,-112.16,0.32,-51.6,crypto
33-37,30,min 0-12,spot_with,exit12,153,-32.3,150,-34.5,-101.15,0.37,-34.5,crypto
33-37,30,min 0-12,spot_with,exit14,153,-33.3,150,-24.7,-87.94,0.472,-33.3,crypto
33-37,30,min 0-12,spot_with,hold,153,-19.1,150,-6.1,-38.24,0.515,-19.1,crypto
33-37,30,min 0-3,kalshi_against,exit10,298,-75.2,174,-44.8,-302.09,0.35,-75.2,crypto
33-37,30,min 0-3,kalshi_against,exit12,298,-73.5,174,-39.0,-286.81,0.386,-73.5,crypto
33-37,30,min 0-3,kalshi_against,exit14,298,-92.4,174,-36.1,-338.11,0.43,-92.4,crypto
33-37,30,min 0-3,kalshi_against,hold,298,-89.9,174,-28.8,-318.09,0.449,-89.9,crypto
33-37,30,min 0-3,kalshi_with,exit10,114,-87.7,38,-24.4,-109.29,0.303,-87.7,crypto
33-37,30,min 0-3,kalshi_with,exit12,114,-80.9,38,-33.1,-104.83,0.355,-80.9,crypto
33-37,30,min 0-3,kalshi_with,exit14,114,-81.2,38,-16.7,-98.98,0.408,-81.2,crypto
33-37,30,min 0-3,kalshi_with,hold,114,-77.5,38,-23.4,-97.2,0.428,-77.5,crypto
33-37,30,min 0-3,none,exit10,317,-71.8,186,-37.2,-296.76,0.346,-71.8,crypto
33-37,30,min 0-3,none,exit12,317,-73.1,186,-33.7,-294.21,0.384,-73.1,crypto
33-37,30,min 0-3,none,exit14,317,-90.3,186,-32.3,-346.19,0.427,-90.3,crypto
33-37,30,min 0-3,none,hold,317,-89.0,186,-25.4,-329.35,0.445,-89.0,crypto
33-37,30,min 0-3,spot_with,exit10,66,-54.3,54,-54.5,-65.28,0.333,-54.5,crypto
33-37,30,min 0-3,spot_with,exit12,66,-25.9,54,-32.0,-34.34,0.375,-32.0,crypto
33-37,30,min 0-3,spot_with,exit14,66,-27.5,54,-46.5,-43.27,0.433,-46.5,crypto
33-37,30,min 0-3,spot_with,hold,66,-31.5,54,-38.4,-41.53,0.458,-38.4,crypto
33-37,30,min 0-6,kalshi_against,exit10,336,-71.1,193,-47.6,-330.62,0.348,-71.1,crypto
33-37,30,min 0-6,kalshi_against,exit12,336,-69.5,193,-44.5,-319.3,0.386,-69.5,crypto
33-37,30,min 0-6,kalshi_against,exit14,336,-83.4,193,-35.5,-348.93,0.439,-83.4,crypto
33-37,30,min 0-6,kalshi_against,hold,336,-77.8,193,-28.9,-317.17,0.461,-77.8,crypto
33-37,30,min 0-6,kalshi_with,exit10,214,-74.5,101,-49.5,-209.35,0.305,-74.5,crypto
33-37,30,min 0-6,kalshi_with,exit12,214,-63.3,101,-53.7,-189.57,0.356,-63.3,crypto
33-37,30,min 0-6,kalshi_with,exit14,214,-72.5,101,-38.7,-194.22,0.429,-72.5,crypto
33-37,30,min 0-6,kalshi_with,hold,214,-70.7,101,-24.5,-176.0,0.454,-70.7,crypto
33-37,30,min 0-6,none,exit10,351,-72.5,208,-44.7,-347.39,0.34,-72.5,crypto
33-37,30,min 0-6,none,exit12,351,-73.6,208,-43.8,-349.51,0.377,-73.6,crypto
33-37,30,min 0-6,none,exit14,351,-86.4,208,-36.9,-379.88,0.429,-86.4,crypto
33-37,30,min 0-6,none,hold,351,-81.7,208,-30.7,-350.84,0.451,-81.7,crypto
33-37,30,min 0-6,spot_with,exit10,122,-55.4,121,-39.6,-115.61,0.325,-55.4,crypto
33-37,30,min 0-6,spot_with,exit12,122,-22.1,121,-31.4,-65.0,0.399,-31.4,crypto
33-37,30,min 0-6,spot_with,exit14,122,-23.4,121,-32.3,-67.65,0.473,-32.3,crypto
33-37,30,min 0-6,spot_with,hold,122,-21.6,121,-20.5,-51.18,0.502,-21.6,crypto
33-37,30,min 0-9,kalshi_against,exit10,340,-71.6,200,-51.3,-346.05,0.341,-71.6,crypto
33-37,30,min 0-9,kalshi_against,exit12,340,-70.3,200,-52.2,-343.42,0.381,-70.3,crypto
33-37,30,min 0-9,kalshi_against,exit14,340,-82.6,200,-43.9,-368.77,0.435,-82.6,crypto
33-37,30,min 0-9,kalshi_against,hold,340,-77.1,200,-37.5,-337.01,0.457,-77.1,crypto
33-37,30,min 0-9,kalshi_with,exit10,260,-55.9,131,-53.1,-215.06,0.292,-55.9,crypto
33-37,30,min 0-9,kalshi_with,exit12,260,-37.7,131,-52.3,-166.41,0.376,-52.3,crypto
33-37,30,min 0-9,kalshi_with,exit14,260,-47.7,131,-47.6,-186.39,0.453,-47.7,crypto
33-37,30,min 0-9,kalshi_with,hold,260,-43.5,131,-26.5,-147.96,0.483,-43.5,crypto
33-37,30,min 0-9,none,exit10,354,-72.3,210,-42.7,-345.49,0.337,-72.3,crypto
33-37,30,min 0-9,none,exit12,354,-73.5,210,-43.9,-352.44,0.378,-73.5,crypto
33-37,30,min 0-9,none,exit14,354,-84.7,210,-37.0,-377.63,0.431,-84.7,crypto
33-37,30,min 0-9,none,hold,354,-80.1,210,-30.9,-348.59,0.452,-80.1,crypto
33-37,30,min 0-9,spot_with,exit10,140,-56.9,141,-40.1,-136.19,0.302,-56.9,crypto
33-37,30,min 0-9,spot_with,exit12,140,-28.4,141,-40.4,-96.77,0.381,-40.4,crypto
33-37,30,min 0-9,spot_with,exit14,140,-32.5,141,-46.9,-111.73,0.456,-46.9,crypto
33-37,30,min 0-9,spot_with,hold,140,-20.5,141,-27.1,-67.01,0.498,-27.1,crypto
38-42,5,min 0-12,kalshi_against,exit10,319,-67.9,204,-87.1,-394.28,0.713,-87.1,crypto
38-42,5,min 0-12,kalshi_against,exit12,319,-67.2,204,-79.1,-375.89,0.727,-79.1,crypto
38-42,5,min 0-12,kalshi_against,exit14,319,-70.9,204,-72.1,-373.16,0.748,-72.1,crypto
38-42,5,min 0-12,kalshi_against,hold,319,-69.3,204,-70.0,-363.83,0.753,-70.0,crypto
38-42,5,min 0-12,kalshi_with,exit10,262,-64.9,154,-55.5,-255.53,0.707,-64.9,crypto
38-42,5,min 0-12,kalshi_with,exit12,262,-69.1,154,-58.1,-270.45,0.731,-69.1,crypto
38-42,5,min 0-12,kalshi_with,exit14,262,-72.4,154,-45.3,-259.56,0.772,-72.4,crypto
38-42,5,min 0-12,kalshi_with,hold,262,-71.3,154,-45.9,-257.5,0.774,-71.3,crypto
38-42,5,min 0-12,none,exit10,349,-73.7,224,-83.5,-444.02,0.71,-83.5,crypto
38-42,5,min 0-12,none,exit12,349,-79.7,224,-78.0,-452.79,0.728,-79.7,crypto
38-42,5,min 0-12,none,exit14,349,-84.5,224,-73.1,-458.61,0.743,-84.5,crypto
38-42,5,min 0-12,none,hold,349,-84.3,224,-71.1,-453.4,0.747,-84.3,crypto
38-42,5,min 0-12,spot_with,exit10,148,-59.7,150,-62.7,-182.4,0.705,-62.7,crypto
38-42,5,min 0-12,spot_with,exit12,148,-65.9,150,-62.3,-191.06,0.725,-65.9,crypto
38-42,5,min 0-12,spot_with,exit14,148,-65.5,150,-56.7,-182.04,0.772,-65.5,crypto
38-42,5,min 0-12,spot_with,hold,148,-66.4,150,-54.7,-180.27,0.775,-66.4,crypto
38-42,5,min 0-3,kalshi_against,exit10,281,-72.0,181,-92.5,-369.73,0.706,-92.5,crypto
38-42,5,min 0-3,kalshi_against,exit12,281,-71.1,181,-84.8,-353.44,0.723,-84.8,crypto
38-42,5,min 0-3,kalshi_against,exit14,281,-74.7,181,-75.6,-346.6,0.742,-75.6,crypto
38-42,5,min 0-3,kalshi_against,hold,281,-74.2,181,-73.0,-340.65,0.747,-74.2,crypto
38-42,5,min 0-3,kalshi_with,exit10,151,-72.5,88,-51.1,-154.51,0.741,-72.5,crypto
38-42,5,min 0-3,kalshi_with,exit12,151,-79.3,88,-44.5,-158.87,0.757,-79.3,crypto
38-42,5,min 0-3,kalshi_with,exit14,151,-84.5,88,-46.4,-168.39,0.766,-84.5,crypto
38-42,5,min 0-3,kalshi_with,hold,151,-84.7,88,-47.0,-169.2,0.766,-84.7,crypto
38-42,5,min 0-3,none,exit10,325,-72.3,211,-88.7,-422.09,0.716,-88.7,crypto
38-42,5,min 0-3,none,exit12,325,-76.5,211,-83.8,-425.52,0.731,-83.8,crypto
38-42,5,min 0-3,none,exit14,325,-79.9,211,-77.9,-424.1,0.746,-79.9,crypto
38-42,5,min 0-3,none,hold,325,-79.4,211,-75.8,-418.06,0.75,-79.4,crypto
38-42,5,min 0-3,spot_with,exit10,91,-57.3,87,-74.3,-116.81,0.742,-74.3,crypto
38-42,5,min 0-3,spot_with,exit12,91,-66.3,87,-65.7,-117.43,0.758,-66.3,crypto
38-42,5,min 0-3,spot_with,exit14,91,-71.5,87,-61.1,-118.28,0.787,-71.5,crypto
38-42,5,min 0-3,spot_with,hold,91,-71.7,87,-61.7,-119.0,0.787,-71.7,crypto
38-42,5,min 0-6,kalshi_against,exit10,304,-68.4,197,-84.9,-375.05,0.717,-84.9,crypto
38-42,5,min 0-6,kalshi_against,exit12,304,-68.3,197,-78.8,-362.72,0.733,-78.8,crypto
38-42,5,min 0-6,kalshi_against,exit14,304,-72.2,197,-68.9,-355.12,0.752,-72.2,crypto
38-42,5,min 0-6,kalshi_against,hold,304,-72.0,197,-66.6,-349.91,0.756,-72.0,crypto
38-42,5,min 0-6,kalshi_with,exit10,222,-71.1,123,-66.6,-239.87,0.719,-71.1,crypto
38-42,5,min 0-6,kalshi_with,exit12,222,-76.2,123,-62.1,-245.52,0.736,-76.2,crypto
38-42,5,min 0-6,kalshi_with,exit14,222,-80.1,123,-58.0,-249.11,0.757,-80.1,crypto
38-42,5,min 0-6,kalshi_with,hold,222,-78.3,123,-58.6,-245.86,0.759,-78.3,crypto
38-42,5,min 0-6,none,exit10,342,-73.5,220,-84.9,-438.07,0.715,-84.9,crypto
38-42,5,min 0-6,none,exit12,342,-78.6,220,-80.5,-446.13,0.73,-80.5,crypto
38-42,5,min 0-6,none,exit14,342,-82.9,220,-75.5,-449.57,0.744,-82.9,crypto
38-42,5,min 0-6,none,hold,342,-82.6,220,-73.5,-444.27,0.747,-82.6,crypto
38-42,5,min 0-6,spot_with,exit10,121,-60.3,123,-76.5,-167.05,0.725,-76.5,crypto
38-42,5,min 0-6,spot_with,exit12,121,-67.1,123,-69.7,-166.93,0.742,-69.7,crypto
38-42,5,min 0-6,spot_with,exit14,121,-68.3,123,-67.3,-165.46,0.775,-68.3,crypto
38-42,5,min 0-6,spot_with,hold,121,-68.5,123,-68.0,-166.63,0.775,-68.5,crypto
38-42,5,min 0-9,kalshi_against,exit10,313,-69.8,199,-85.4,-388.54,0.711,-85.4,crypto
38-42,5,min 0-9,kalshi_against,exit12,313,-68.5,199,-79.9,-373.42,0.727,-79.9,crypto
38-42,5,min 0-9,kalshi_against,exit14,313,-72.8,199,-70.2,-367.6,0.746,-72.8,crypto
38-42,5,min 0-9,kalshi_against,hold,313,-71.2,199,-67.9,-358.09,0.752,-71.2,crypto
38-42,5,min 0-9,kalshi_with,exit10,249,-68.4,146,-61.3,-259.91,0.701,-68.4,crypto
38-42,5,min 0-9,kalshi_with,exit12,249,-71.6,146,-57.9,-262.78,0.737,-71.6,crypto
38-42,5,min 0-9,kalshi_with,exit14,249,-74.4,146,-50.9,-259.62,0.765,-74.4,crypto
38-42,5,min 0-9,kalshi_with,hold,249,-73.2,146,-51.4,-257.47,0.767,-73.2,crypto
38-42,5,min 0-9,none,exit10,346,-73.7,223,-84.0,-442.36,0.712,-84.0,crypto
38-42,5,min 0-9,none,exit12,346,-79.0,223,-78.5,-448.62,0.729,-79.0,crypto
38-42,5,min 0-9,none,exit14,346,-82.9,223,-73.6,-451.05,0.745,-82.9,crypto
38-42,5,min 0-9,none,hold,346,-82.7,223,-71.6,-445.75,0.749,-82.7,crypto
38-42,5,min 0-9,spot_with,exit10,139,-61.2,143,-67.2,-181.18,0.709,-67.2,crypto
38-42,5,min 0-9,spot_with,exit12,139,-64.2,143,-61.9,-177.77,0.738,-64.2,crypto
38-42,5,min 0-9,spot_with,exit14,139,-65.3,143,-59.4,-175.73,0.773,-65.3,crypto
38-42,5,min 0-9,spot_with,hold,139,-66.0,143,-60.0,-177.64,0.773,-66.0,crypto
38-42,10,min 0-12,kalshi_against,exit10,319,-66.9,204,-102.4,-422.3,0.598,-102.4,crypto
38-42,10,min 0-12,kalshi_against,exit12,319,-69.5,204,-95.8,-417.22,0.61,-95.8,crypto
38-42,10,min 0-12,kalshi_against,exit14,319,-76.0,204,-92.5,-431.03,0.641,-92.5,crypto
38-42,10,min 0-12,kalshi_against,hold,319,-72.3,204,-91.2,-416.65,0.65,-91.2,crypto
38-42,10,min 0-12,kalshi_with,exit10,262,-61.6,154,-70.0,-269.26,0.594,-70.0,crypto
38-42,10,min 0-12,kalshi_with,exit12,262,-58.8,154,-81.9,-280.0,0.618,-81.9,crypto
38-42,10,min 0-12,kalshi_with,exit14,262,-63.5,154,-70.4,-274.69,0.671,-70.4,crypto
38-42,10,min 0-12,kalshi_with,hold,262,-58.4,154,-71.9,-263.87,0.678,-71.9,crypto
38-42,10,min 0-12,none,exit10,349,-78.0,224,-101.3,-499.14,0.585,-101.3,crypto
38-42,10,min 0-12,none,exit12,349,-82.0,224,-97.3,-504.04,0.602,-97.3,crypto
38-42,10,min 0-12,none,exit14,349,-90.9,224,-94.3,-528.57,0.625,-94.3,crypto
38-42,10,min 0-12,none,hold,349,-86.8,224,-93.1,-511.64,0.634,-93.1,crypto
38-42,10,min 0-12,spot_with,exit10,148,-48.7,150,-74.0,-183.19,0.604,-74.0,crypto
38-42,10,min 0-12,spot_with,exit12,148,-38.3,150,-78.0,-173.81,0.624,-78.0,crypto
38-42,10,min 0-12,spot_with,exit14,148,-39.5,150,-73.8,-169.15,0.685,-73.8,crypto
38-42,10,min 0-12,spot_with,hold,148,-36.0,150,-70.5,-159.09,0.691,-70.5,crypto
38-42,10,min 0-3,kalshi_against,exit10,281,-72.1,181,-104.6,-391.94,0.595,-104.6,crypto
38-42,10,min 0-3,kalshi_against,exit12,281,-74.7,181,-98.7,-388.69,0.608,-98.7,crypto
38-42,10,min 0-3,kalshi_against,exit14,281,-80.6,181,-92.6,-394.1,0.639,-92.6,crypto
38-42,10,min 0-3,kalshi_against,hold,281,-78.8,181,-91.0,-386.15,0.645,-91.0,crypto
38-42,10,min 0-3,kalshi_with,exit10,151,-75.4,88,-71.8,-177.03,0.619,-75.4,crypto
38-42,10,min 0-3,kalshi_with,exit12,151,-70.6,88,-71.4,-169.36,0.636,-71.4,crypto
38-42,10,min 0-3,kalshi_with,exit14,151,-74.5,88,-81.5,-184.23,0.653,-81.5,crypto
38-42,10,min 0-3,kalshi_with,hold,151,-74.8,88,-82.4,-185.4,0.653,-82.4,crypto
38-42,10,min 0-3,none,exit10,325,-76.3,211,-104.9,-469.32,0.591,-104.9,crypto
38-42,10,min 0-3,none,exit12,325,-77.7,211,-101.3,-466.23,0.608,-101.3,crypto
38-42,10,min 0-3,none,exit14,325,-83.4,211,-98.7,-479.3,0.631,-98.7,crypto
38-42,10,min 0-3,none,hold,325,-81.8,211,-97.4,-471.26,0.636,-97.4,crypto
38-42,10,min 0-3,spot_with,exit10,91,-43.6,87,-78.4,-107.84,0.652,-78.4,crypto
38-42,10,min 0-3,spot_with,exit12,91,-28.2,87,-72.8,-88.98,0.663,-72.8,crypto
38-42,10,min 0-3,spot_with,exit14,91,-34.5,87,-76.1,-97.6,0.697,-76.1,crypto
38-42,10,min 0-3,spot_with,hold,91,-34.7,87,-77.0,-98.59,0.697,-77.0,crypto
38-42,10,min 0-6,kalshi_against,exit10,304,-68.8,197,-98.5,-403.31,0.603,-98.5,crypto
38-42,10,min 0-6,kalshi_against,exit12,304,-72.1,197,-94.5,-405.42,0.615,-94.5,crypto
38-42,10,min 0-6,kalshi_against,exit14,304,-78.4,197,-88.3,-412.33,0.645,-88.3,crypto
38-42,10,min 0-6,kalshi_against,hold,304,-77.0,197,-86.9,-405.21,0.651,-86.9,crypto
38-42,10,min 0-6,kalshi_with,exit10,222,-68.7,123,-87.3,-259.85,0.606,-87.3,crypto
38-42,10,min 0-6,kalshi_with,exit12,222,-64.7,123,-90.1,-254.5,0.626,-90.1,crypto
38-42,10,min 0-6,kalshi_with,exit14,222,-69.2,123,-85.3,-258.46,0.658,-85.3,crypto
38-42,10,min 0-6,kalshi_with,hold,222,-67.6,123,-87.0,-257.05,0.661,-87.0,crypto
38-42,10,min 0-6,none,exit10,342,-78.4,220,-103.4,-495.69,0.587,-103.4,crypto
38-42,10,min 0-6,none,exit12,342,-81.2,220,-101.0,-499.79,0.603,-101.0,crypto
38-42,10,min 0-6,none,exit14,342,-87.8,220,-97.9,-515.75,0.626,-97.9,crypto
38-42,10,min 0-6,none,hold,342,-86.5,220,-96.7,-508.54,0.632,-96.7,crypto
38-42,10,min 0-6,spot_with,exit10,121,-46.9,123,-94.9,-173.52,0.615,-94.9,crypto
38-42,10,min 0-6,spot_with,exit12,121,-32.4,123,-94.3,-155.16,0.631,-94.3,crypto
38-42,10,min 0-6,spot_with,exit14,121,-33.0,123,-91.7,-152.76,0.68,-91.7,crypto
38-42,10,min 0-6,spot_with,hold,121,-33.4,123,-93.6,-155.5,0.68,-93.6,crypto
38-42,10,min 0-9,kalshi_against,exit10,313,-69.4,199,-100.5,-417.4,0.598,-100.5,crypto
38-42,10,min 0-9,kalshi_against,exit12,313,-71.5,199,-97.5,-417.76,0.609,-97.5,crypto
38-42,10,min 0-9,kalshi_against,exit14,313,-78.1,199,-91.6,-426.63,0.639,-91.6,crypto
38-42,10,min 0-9,kalshi_against,hold,313,-75.3,199,-90.2,-415.21,0.646,-90.2,crypto
38-42,10,min 0-9,kalshi_with,exit10,249,-66.5,146,-78.2,-279.86,0.592,-78.2,crypto
38-42,10,min 0-9,kalshi_with,exit12,249,-58.7,146,-82.7,-266.97,0.628,-82.7,crypto
38-42,10,min 0-9,kalshi_with,exit14,249,-63.9,146,-79.4,-275.15,0.663,-79.4,crypto
38-42,10,min 0-9,kalshi_with,hold,249,-60.3,146,-81.1,-268.53,0.668,-81.1,crypto
38-42,10,min 0-9,none,exit10,346,-78.3,223,-102.3,-498.98,0.585,-102.3,crypto
38-42,10,min 0-9,none,exit12,346,-81.3,223,-98.2,-500.18,0.605,-98.2,crypto
38-42,10,min 0-9,none,exit14,346,-88.8,223,-95.2,-519.37,0.627,-95.2,crypto
38-42,10,min 0-9,none,hold,346,-85.5,223,-94.0,-505.49,0.634,-94.0,crypto
38-42,10,min 0-9,spot_with,exit10,139,-50.6,143,-80.7,-185.77,0.603,-80.7,crypto
38-42,10,min 0-9,spot_with,exit12,139,-34.9,143,-79.8,-162.63,0.635,-79.8,crypto
38-42,10,min 0-9,spot_with,exit14,139,-38.9,143,-79.0,-166.94,0.681,-79.0,crypto
38-42,10,min 0-9,spot_with,hold,139,-35.0,143,-80.7,-164.02,0.684,-80.7,crypto
38-42,15,min 0-12,kalshi_against,exit10,319,-72.8,204,-98.4,-432.77,0.52,-98.4,crypto
38-42,15,min 0-12,kalshi_against,exit12,319,-74.1,204,-96.3,-432.8,0.533,-96.3,crypto
38-42,15,min 0-12,kalshi_against,exit14,319,-83.9,204,-96.1,-463.64,0.572,-96.1,crypto
38-42,15,min 0-12,kalshi_against,hold,319,-82.6,204,-95.1,-457.57,0.579,-95.1,crypto
38-42,15,min 0-12,kalshi_with,exit10,262,-54.3,154,-66.3,-244.47,0.524,-66.3,crypto
38-42,15,min 0-12,kalshi_with,exit12,262,-52.0,154,-80.9,-260.75,0.546,-80.9,crypto
38-42,15,min 0-12,kalshi_with,exit14,262,-60.1,154,-72.0,-268.29,0.608,-72.0,crypto
38-42,15,min 0-12,kalshi_with,hold,262,-54.3,154,-73.8,-256.09,0.62,-73.8,crypto
38-42,15,min 0-12,none,exit10,349,-78.9,224,-99.3,-497.71,0.511,-99.3,crypto
38-42,15,min 0-12,none,exit12,349,-80.2,224,-98.5,-500.64,0.532,-98.5,crypto
38-42,15,min 0-12,none,exit14,349,-92.4,224,-99.2,-544.73,0.562,-99.2,crypto
38-42,15,min 0-12,none,hold,349,-89.1,224,-98.3,-531.08,0.571,-98.3,crypto
38-42,15,min 0-12,spot_with,exit10,148,-43.8,150,-69.7,-169.27,0.527,-69.7,crypto
38-42,15,min 0-12,spot_with,exit12,148,-33.5,150,-77.7,-166.16,0.554,-77.7,crypto
38-42,15,min 0-12,spot_with,exit14,148,-41.8,150,-77.4,-178.02,0.617,-77.4,crypto
38-42,15,min 0-12,spot_with,hold,148,-34.8,150,-74.6,-163.48,0.628,-74.6,crypto
38-42,15,min 0-3,kalshi_against,exit10,281,-77.8,181,-103.1,-405.08,0.513,-103.1,crypto
38-42,15,min 0-3,kalshi_against,exit12,281,-81.0,181,-100.9,-410.25,0.526,-100.9,crypto
38-42,15,min 0-3,kalshi_against,exit14,281,-90.5,181,-97.1,-430.08,0.565,-97.1,crypto
38-42,15,min 0-3,kalshi_against,hold,281,-90.3,181,-95.8,-427.17,0.571,-95.8,crypto
38-42,15,min 0-3,kalshi_with,exit10,151,-65.8,88,-63.5,-155.19,0.556,-65.8,crypto
38-42,15,min 0-3,kalshi_with,exit12,151,-60.5,88,-60.2,-144.31,0.577,-60.5,crypto
38-42,15,min 0-3,kalshi_with,exit14,151,-65.6,88,-75.4,-165.4,0.603,-75.4,crypto
38-42,15,min 0-3,kalshi_with,hold,151,-68.4,88,-76.7,-170.84,0.603,-76.7,crypto
38-42,15,min 0-3,none,exit10,325,-75.2,211,-104.4,-464.76,0.521,-104.4,crypto
38-42,15,min 0-3,none,exit12,325,-75.8,211,-103.3,-464.25,0.537,-103.3,crypto
38-42,15,min 0-3,none,exit14,325,-84.7,211,-104.0,-494.8,0.567,-104.0,crypto
38-42,15,min 0-3,none,hold,325,-84.4,211,-102.9,-491.53,0.573,-102.9,crypto
38-42,15,min 0-3,spot_with,exit10,91,-38.1,87,-61.8,-88.45,0.584,-61.8,crypto
38-42,15,min 0-3,spot_with,exit12,91,-22.3,87,-55.4,-68.51,0.601,-55.4,crypto
38-42,15,min 0-3,spot_with,exit14,91,-33.3,87,-60.0,-82.46,0.646,-60.0,crypto
38-42,15,min 0-3,spot_with,hold,91,-33.7,87,-61.0,-83.72,0.646,-61.0,crypto
38-42,15,min 0-6,kalshi_against,exit10,304,-74.0,197,-94.7,-411.57,0.523,-94.7,crypto
38-42,15,min 0-6,kalshi_against,exit12,304,-77.6,197,-94.0,-421.15,0.537,-94.0,crypto
38-42,15,min 0-6,kalshi_against,exit14,304,-87.5,197,-89.9,-443.23,0.575,-89.9,crypto
38-42,15,min 0-6,kalshi_against,hold,304,-87.6,197,-88.8,-441.24,0.581,-88.8,crypto
38-42,15,min 0-6,kalshi_with,exit10,222,-61.3,123,-86.3,-242.31,0.536,-86.3,crypto
38-42,15,min 0-6,kalshi_with,exit12,222,-55.6,123,-89.1,-233.02,0.565,-89.1,crypto
38-42,15,min 0-6,kalshi_with,exit14,222,-62.2,123,-87.1,-245.13,0.603,-87.1,crypto
38-42,15,min 0-6,kalshi_with,hold,222,-60.0,123,-89.0,-242.77,0.609,-89.0,crypto
38-42,15,min 0-6,none,exit10,342,-78.1,220,-101.6,-490.65,0.516,-101.6,crypto
38-42,15,min 0-6,none,exit12,342,-79.7,220,-101.6,-495.9,0.534,-101.6,crypto
38-42,15,min 0-6,none,exit14,342,-89.6,220,-101.7,-530.1,0.564,-101.7,crypto
38-42,15,min 0-6,none,hold,342,-87.5,220,-100.7,-520.96,0.571,-100.7,crypto
38-42,15,min 0-6,spot_with,exit10,121,-42.2,123,-90.8,-162.74,0.541,-90.8,crypto
38-42,15,min 0-6,spot_with,exit12,121,-26.4,123,-91.4,-144.4,0.566,-91.4,crypto
38-42,15,min 0-6,spot_with,exit14,121,-33.4,123,-90.9,-152.3,0.619,-90.9,crypto
38-42,15,min 0-6,spot_with,hold,121,-29.4,123,-92.9,-149.73,0.623,-92.9,crypto
38-42,15,min 0-9,kalshi_against,exit10,313,-74.3,199,-96.7,-425.16,0.52,-96.7,crypto
38-42,15,min 0-9,kalshi_against,exit12,313,-76.6,199,-97.1,-432.99,0.533,-97.1,crypto
38-42,15,min 0-9,kalshi_against,exit14,313,-86.8,199,-93.2,-457.03,0.57,-93.2,crypto
38-42,15,min 0-9,kalshi_against,hold,313,-84.8,199,-92.1,-448.8,0.578,-92.1,crypto
38-42,15,min 0-9,kalshi_with,exit10,249,-59.9,146,-73.4,-256.21,0.524,-73.4,crypto
38-42,15,min 0-9,kalshi_with,exit12,249,-51.9,146,-76.6,-241.03,0.562,-76.6,crypto
38-42,15,min 0-9,kalshi_with,exit14,249,-61.6,146,-75.7,-263.83,0.605,-75.7,crypto
38-42,15,min 0-9,kalshi_with,hold,249,-57.5,146,-77.6,-256.44,0.613,-77.6,crypto
38-42,15,min 0-9,none,exit10,346,-77.7,223,-100.0,-492.03,0.515,-100.0,crypto
38-42,15,min 0-9,none,exit12,346,-79.5,223,-97.7,-493.07,0.536,-97.7,crypto
38-42,15,min 0-9,none,exit14,346,-90.2,223,-97.9,-530.5,0.566,-97.9,crypto
38-42,15,min 0-9,none,hold,346,-86.3,223,-96.9,-514.69,0.575,-96.9,crypto
38-42,15,min 0-9,spot_with,exit10,139,-46.7,143,-75.3,-172.49,0.528,-75.3,crypto
38-42,15,min 0-9,spot_with,exit12,139,-30.7,143,-75.0,-149.87,0.567,-75.0,crypto
38-42,15,min 0-9,spot_with,exit14,139,-43.1,143,-76.8,-169.77,0.617,-76.8,crypto
38-42,15,min 0-9,spot_with,hold,139,-35.5,143,-79.0,-162.28,0.624,-79.0,crypto
38-42,20,min 0-12,kalshi_against,exit10,319,-74.0,204,-95.0,-429.79,0.447,-95.0,crypto
38-42,20,min 0-12,kalshi_against,exit12,319,-70.9,204,-91.0,-411.66,0.472,-91.0,crypto
38-42,20,min 0-12,kalshi_against,exit14,319,-86.4,204,-92.5,-464.35,0.511,-92.5,crypto
38-42,20,min 0-12,kalshi_against,hold,319,-85.7,204,-90.1,-457.35,0.526,-90.1,crypto
38-42,20,min 0-12,kalshi_with,exit10,262,-54.3,154,-61.7,-237.2,0.442,-61.7,crypto
38-42,20,min 0-12,kalshi_with,exit12,262,-51.9,154,-65.9,-237.49,0.488,-65.9,crypto
38-42,20,min 0-12,kalshi_with,exit14,262,-61.0,154,-64.9,-259.74,0.55,-64.9,crypto
38-42,20,min 0-12,kalshi_with,hold,262,-55.8,154,-67.6,-250.3,0.572,-67.6,crypto
38-42,20,min 0-12,none,exit10,349,-76.9,224,-92.0,-474.5,0.445,-92.0,crypto
38-42,20,min 0-12,none,exit12,349,-75.6,224,-90.5,-466.46,0.473,-90.5,crypto
38-42,20,min 0-12,none,exit14,349,-91.1,224,-89.0,-517.2,0.51,-91.1,crypto
38-42,20,min 0-12,none,hold,349,-88.3,224,-86.7,-502.62,0.524,-88.3,crypto
38-42,20,min 0-12,spot_with,exit10,148,-43.8,150,-52.4,-143.53,0.463,-52.4,crypto
38-42,20,min 0-12,spot_with,exit12,148,-34.5,150,-62.0,-144.07,0.497,-62.0,crypto
38-42,20,min 0-12,spot_with,exit14,148,-36.9,150,-68.9,-157.89,0.564,-68.9,crypto
38-42,20,min 0-12,spot_with,hold,148,-30.2,150,-64.7,-141.73,0.587,-64.7,crypto
38-42,20,min 0-3,kalshi_against,exit10,281,-78.6,181,-98.0,-398.34,0.444,-98.0,crypto
38-42,20,min 0-3,kalshi_against,exit12,281,-77.9,181,-94.3,-389.65,0.468,-94.3,crypto
38-42,20,min 0-3,kalshi_against,exit14,281,-92.8,181,-93.3,-429.59,0.504,-93.3,crypto
38-42,20,min 0-3,kalshi_against,hold,281,-93.2,181,-90.4,-425.57,0.519,-93.2,crypto
38-42,20,min 0-3,kalshi_with,exit10,151,-74.3,88,-52.6,-158.53,0.469,-74.3,crypto
38-42,20,min 0-3,kalshi_with,exit12,151,-70.0,88,-43.7,-144.23,0.51,-70.0,crypto
38-42,20,min 0-3,kalshi_with,exit14,151,-76.6,88,-62.7,-170.9,0.54,-76.6,crypto
38-42,20,min 0-3,kalshi_with,hold,151,-80.8,88,-61.4,-176.04,0.552,-80.8,crypto
38-42,20,min 0-3,none,exit10,325,-75.1,211,-95.3,-445.33,0.451,-95.3,crypto
38-42,20,min 0-3,none,exit12,325,-72.5,211,-92.5,-430.75,0.479,-92.5,crypto
38-42,20,min 0-3,none,exit14,325,-85.9,211,-91.7,-472.84,0.513,-91.7,crypto
38-42,20,min 0-3,none,hold,325,-86.2,211,-89.2,-468.46,0.524,-89.2,crypto
38-42,20,min 0-3,spot_with,exit10,91,-53.6,87,-42.7,-85.95,0.494,-53.6,crypto
38-42,20,min 0-3,spot_with,exit12,91,-37.3,87,-31.5,-61.3,0.539,-37.3,crypto
38-42,20,min 0-3,spot_with,exit14,91,-49.3,87,-44.2,-83.37,0.579,-49.3,crypto
38-42,20,min 0-3,spot_with,hold,91,-50.3,87,-42.6,-82.83,0.596,-50.3,crypto
38-42,20,min 0-6,kalshi_against,exit10,304,-75.3,197,-91.7,-409.6,0.451,-91.7,crypto
38-42,20,min 0-6,kalshi_against,exit12,304,-76.3,197,-89.1,-407.56,0.473,-89.1,crypto
38-42,20,min 0-6,kalshi_against,exit14,304,-90.6,197,-86.7,-446.07,0.513,-90.6,crypto
38-42,20,min 0-6,kalshi_against,hold,304,-91.3,197,-84.1,-443.15,0.527,-91.3,crypto
38-42,20,min 0-6,kalshi_with,exit10,222,-64.1,123,-77.5,-237.52,0.452,-77.5,crypto
38-42,20,min 0-6,kalshi_with,exit12,222,-56.7,123,-74.5,-217.44,0.504,-74.5,crypto
38-42,20,min 0-6,kalshi_with,exit14,222,-64.3,123,-75.1,-234.99,0.548,-75.1,crypto
38-42,20,min 0-6,kalshi_with,hold,222,-63.2,123,-75.1,-232.6,0.565,-75.1,crypto
38-42,20,min 0-6,none,exit10,342,-76.9,220,-94.2,-470.41,0.448,-94.2,crypto
38-42,20,min 0-6,none,exit12,342,-75.8,220,-92.3,-462.31,0.475,-92.3,crypto
38-42,20,min 0-6,none,exit14,342,-89.1,220,-88.9,-500.3,0.512,-89.1,crypto
38-42,20,min 0-6,none,hold,342,-87.6,220,-86.5,-490.05,0.525,-87.6,crypto
38-42,20,min 0-6,spot_with,exit10,121,-46.7,123,-76.0,-150.02,0.467,-76.0,crypto
38-42,20,min 0-6,spot_with,exit12,121,-30.1,123,-76.8,-130.94,0.508,-76.8,crypto
38-42,20,min 0-6,spot_with,exit14,121,-36.4,123,-83.2,-146.42,0.557,-83.2,crypto
38-42,20,min 0-6,spot_with,hold,121,-32.7,123,-83.3,-142.05,0.578,-83.3,crypto
38-42,20,min 0-9,kalshi_against,exit10,313,-74.9,199,-93.7,-420.85,0.447,-93.7,crypto
38-42,20,min 0-9,kalshi_against,exit12,313,-74.6,199,-92.2,-417.06,0.471,-92.2,crypto
38-42,20,min 0-9,kalshi_against,exit14,313,-88.9,199,-90.0,-457.53,0.51,-90.0,crypto
38-42,20,min 0-9,kalshi_against,hold,313,-87.6,199,-87.5,-448.37,0.525,-87.6,crypto
38-42,20,min 0-9,kalshi_with,exit10,249,-62.0,146,-62.3,-245.32,0.443,-62.3,crypto
38-42,20,min 0-9,kalshi_with,exit12,249,-52.3,146,-61.4,-220.0,0.501,-61.4,crypto
38-42,20,min 0-9,kalshi_with,exit14,249,-62.5,146,-64.6,-249.96,0.552,-64.6,crypto
38-42,20,min 0-9,kalshi_with,hold,249,-59.4,146,-65.0,-242.72,0.57,-65.0,crypto
38-42,20,min 0-9,none,exit10,346,-75.7,223,-92.7,-468.82,0.448,-92.7,crypto
38-42,20,min 0-9,none,exit12,346,-74.8,223,-89.7,-458.89,0.476,-89.7,crypto
38-42,20,min 0-9,none,exit14,346,-88.9,223,-87.6,-502.97,0.513,-88.9,crypto
38-42,20,min 0-9,none,hold,346,-85.5,223,-85.3,-486.23,0.527,-85.5,crypto
38-42,20,min 0-9,spot_with,exit10,139,-48.5,143,-58.4,-150.93,0.461,-58.4,crypto
38-42,20,min 0-9,spot_with,exit12,139,-31.5,143,-59.3,-128.62,0.511,-59.3,crypto
38-42,20,min 0-9,spot_with,exit14,139,-41.0,143,-69.1,-155.76,0.56,-69.1,crypto
38-42,20,min 0-9,spot_with,hold,139,-33.7,143,-69.8,-146.65,0.582,-69.8,crypto
38-42,25,min 0-12,kalshi_against,exit10,319,-70.9,204,-79.1,-387.3,0.402,-79.1,crypto
38-42,25,min 0-12,kalshi_against,exit12,319,-65.8,204,-71.1,-354.86,0.44,-71.1,crypto
38-42,25,min 0-12,kalshi_against,exit14,319,-82.2,204,-64.8,-394.2,0.486,-82.2,crypto
38-42,25,min 0-12,kalshi_against,hold,319,-83.2,204,-62.0,-391.96,0.501,-83.2,crypto
38-42,25,min 0-12,kalshi_with,exit10,262,-50.9,154,-50.9,-211.86,0.397,-50.9,crypto
38-42,25,min 0-12,kalshi_with,exit12,262,-52.4,154,-60.4,-230.11,0.435,-60.4,crypto
38-42,25,min 0-12,kalshi_with,exit14,262,-62.4,154,-50.3,-240.81,0.512,-62.4,crypto
38-42,25,min 0-12,kalshi_with,hold,262,-57.9,154,-48.1,-225.82,0.536,-57.9,crypto
38-42,25,min 0-12,none,exit10,349,-68.4,224,-83.4,-425.37,0.403,-83.4,crypto
38-42,25,min 0-12,none,exit12,349,-68.0,224,-79.9,-416.12,0.438,-79.9,crypto
38-42,25,min 0-12,none,exit14,349,-84.3,224,-71.7,-454.87,0.482,-84.3,crypto
38-42,25,min 0-12,none,hold,349,-82.0,224,-69.2,-441.3,0.497,-82.0,crypto
38-42,25,min 0-12,spot_with,exit10,148,-47.0,150,-45.3,-137.59,0.403,-47.0,crypto
38-42,25,min 0-12,spot_with,exit12,148,-42.2,150,-60.3,-152.81,0.44,-60.3,crypto
38-42,25,min 0-12,spot_with,exit14,148,-48.5,150,-59.6,-161.12,0.517,-59.6,crypto
38-42,25,min 0-12,spot_with,hold,148,-42.1,150,-51.0,-138.74,0.544,-51.0,crypto
38-42,25,min 0-3,kalshi_against,exit10,281,-72.8,181,-83.7,-356.03,0.405,-83.7,crypto
38-42,25,min 0-3,kalshi_against,exit12,281,-72.7,181,-75.8,-341.61,0.433,-75.8,crypto
38-42,25,min 0-3,kalshi_against,exit14,281,-88.5,181,-67.9,-371.4,0.478,-88.5,crypto
38-42,25,min 0-3,kalshi_against,hold,281,-90.9,181,-64.5,-372.05,0.494,-90.9,crypto
38-42,25,min 0-3,kalshi_with,exit10,151,-71.6,88,-46.0,-148.54,0.423,-71.6,crypto
38-42,25,min 0-3,kalshi_with,exit12,151,-67.5,88,-36.9,-134.3,0.469,-67.5,crypto
38-42,25,min 0-3,kalshi_with,exit14,151,-75.0,88,-46.9,-154.44,0.506,-75.0,crypto
38-42,25,min 0-3,kalshi_with,hold,151,-83.2,88,-45.6,-165.8,0.515,-83.2,crypto
38-42,25,min 0-3,none,exit10,325,-65.7,211,-87.3,-397.67,0.412,-87.3,crypto
38-42,25,min 0-3,none,exit12,325,-63.5,211,-83.0,-381.39,0.444,-83.0,crypto
38-42,25,min 0-3,none,exit14,325,-78.0,211,-76.8,-415.44,0.485,-78.0,crypto
38-42,25,min 0-3,none,hold,325,-78.0,211,-74.0,-409.71,0.498,-78.0,crypto
38-42,25,min 0-3,spot_with,exit10,91,-59.7,87,-39.7,-88.8,0.433,-59.7,crypto
38-42,25,min 0-3,spot_with,exit12,91,-42.4,87,-30.9,-65.46,0.483,-42.4,crypto
38-42,25,min 0-3,spot_with,exit14,91,-55.7,87,-35.3,-81.38,0.534,-55.7,crypto
38-42,25,min 0-3,spot_with,hold,91,-56.3,87,-33.6,-80.54,0.551,-56.3,crypto
38-42,25,min 0-6,kalshi_against,exit10,304,-71.5,197,-75.9,-366.83,0.405,-75.9,crypto
38-42,25,min 0-6,kalshi_against,exit12,304,-72.2,197,-69.1,-355.66,0.439,-72.2,crypto
38-42,25,min 0-6,kalshi_against,exit14,304,-87.3,197,-58.6,-380.82,0.487,-87.3,crypto
38-42,25,min 0-6,kalshi_against,hold,304,-89.9,197,-55.6,-382.66,0.501,-89.9,crypto
38-42,25,min 0-6,kalshi_with,exit10,222,-59.6,123,-69.0,-217.31,0.409,-69.0,crypto
38-42,25,min 0-6,kalshi_with,exit12,222,-53.8,123,-67.6,-202.45,0.461,-67.6,crypto
38-42,25,min 0-6,kalshi_with,exit14,222,-62.4,123,-59.4,-211.48,0.513,-62.4,crypto
38-42,25,min 0-6,kalshi_with,hold,222,-64.8,123,-53.3,-209.45,0.53,-64.8,crypto
38-42,25,min 0-6,none,exit10,342,-68.2,220,-85.6,-421.48,0.407,-85.6,crypto
38-42,25,min 0-6,none,exit12,342,-66.9,220,-82.0,-409.05,0.441,-82.0,crypto
38-42,25,min 0-6,none,exit14,342,-81.2,220,-71.8,-435.62,0.486,-81.2,crypto
38-42,25,min 0-6,none,hold,342,-79.5,220,-69.1,-424.02,0.5,-79.5,crypto
38-42,25,min 0-6,spot_with,exit10,121,-48.6,123,-73.0,-148.68,0.414,-73.0,crypto
38-42,25,min 0-6,spot_with,exit12,121,-32.2,123,-72.8,-128.54,0.463,-72.8,crypto
38-42,25,min 0-6,spot_with,exit14,121,-41.1,123,-69.8,-135.64,0.52,-69.8,crypto
38-42,25,min 0-6,spot_with,hold,121,-42.1,123,-69.9,-136.9,0.537,-69.9,crypto
38-42,25,min 0-9,kalshi_against,exit10,313,-72.0,199,-78.1,-380.6,0.4,-78.1,crypto
38-42,25,min 0-9,kalshi_against,exit12,313,-69.8,199,-72.4,-362.5,0.438,-72.4,crypto
38-42,25,min 0-9,kalshi_against,exit14,313,-85.0,199,-62.2,-389.62,0.484,-85.0,crypto
38-42,25,min 0-9,kalshi_against,hold,313,-85.4,199,-59.2,-385.22,0.5,-85.4,crypto
38-42,25,min 0-9,kalshi_with,exit10,249,-59.0,146,-52.8,-223.97,0.395,-59.0,crypto
38-42,25,min 0-9,kalshi_with,exit12,249,-52.9,146,-55.7,-213.14,0.451,-55.7,crypto
38-42,25,min 0-9,kalshi_with,exit14,249,-64.9,146,-51.3,-236.55,0.511,-64.9,crypto
38-42,25,min 0-9,kalshi_with,hold,249,-62.8,146,-46.5,-224.37,0.532,-62.8,crypto
38-42,25,min 0-9,none,exit10,346,-67.1,223,-84.0,-419.69,0.406,-84.0,crypto
38-42,25,min 0-9,none,exit12,346,-67.2,223,-79.0,-408.55,0.441,-79.0,crypto
38-42,25,min 0-9,none,exit14,346,-82.1,223,-70.3,-440.64,0.485,-82.1,crypto
38-42,25,min 0-9,none,hold,346,-79.2,223,-67.7,-424.91,0.501,-79.2,crypto
38-42,25,min 0-9,spot_with,exit10,139,-52.9,143,-53.3,-149.69,0.401,-53.3,crypto
38-42,25,min 0-9,spot_with,exit12,139,-40.4,143,-58.5,-139.91,0.45,-58.5,crypto
38-42,25,min 0-9,spot_with,exit14,139,-54.3,143,-62.1,-164.3,0.511,-62.1,crypto
38-42,25,min 0-9,spot_with,hold,139,-47.3,143,-58.2,-148.97,0.535,-58.2,crypto
38-42,30,min 0-12,kalshi_against,exit10,319,-67.1,204,-78.6,-374.46,0.354,-78.6,crypto
38-42,30,min 0-12,kalshi_against,exit12,319,-60.5,204,-66.9,-329.52,0.402,-66.9,crypto
38-42,30,min 0-12,kalshi_against,exit14,319,-80.6,204,-59.4,-378.23,0.453,-80.6,crypto
38-42,30,min 0-12,kalshi_against,hold,319,-83.9,204,-57.7,-385.41,0.468,-83.9,crypto
38-42,30,min 0-12,kalshi_with,exit10,262,-55.0,154,-45.3,-214.0,0.329,-55.0,crypto
38-42,30,min 0-12,kalshi_with,exit12,262,-60.8,154,-57.1,-247.19,0.37,-60.8,crypto
38-42,30,min 0-12,kalshi_with,exit14,262,-73.9,154,-54.0,-276.72,0.459,-73.9,crypto
38-42,30,min 0-12,kalshi_with,hold,262,-71.6,154,-53.3,-269.72,0.483,-71.6,crypto
38-42,30,min 0-12,none,exit10,349,-65.4,224,-81.0,-409.81,0.354,-81.0,crypto
38-42,30,min 0-12,none,exit12,349,-67.7,224,-73.6,-401.2,0.398,-73.6,crypto
38-42,30,min 0-12,none,exit14,349,-89.5,224,-64.5,-456.7,0.443,-89.5,crypto
38-42,30,min 0-12,none,hold,349,-89.5,224,-63.0,-453.57,0.459,-89.5,crypto
38-42,30,min 0-12,spot_with,exit10,148,-52.8,150,-43.0,-142.74,0.339,-52.8,crypto
38-42,30,min 0-12,spot_with,exit12,148,-51.4,150,-51.0,-152.56,0.386,-51.4,crypto
38-42,30,min 0-12,spot_with,exit14,148,-60.5,150,-53.9,-170.45,0.473,-60.5,crypto
38-42,30,min 0-12,spot_with,hold,148,-54.8,150,-51.2,-158.0,0.497,-54.8,crypto
38-42,30,min 0-3,kalshi_against,exit10,281,-70.7,181,-86.4,-354.97,0.351,-86.4,crypto
38-42,30,min 0-3,kalshi_against,exit12,281,-70.0,181,-74.6,-331.84,0.392,-74.6,crypto
38-42,30,min 0-3,kalshi_against,exit14,281,-90.0,181,-65.4,-371.31,0.442,-90.0,crypto
38-42,30,min 0-3,kalshi_against,hold,281,-95.0,181,-63.3,-381.38,0.457,-95.0,crypto
38-42,30,min 0-3,kalshi_with,exit10,151,-79.0,88,-31.5,-146.98,0.36,-79.0,crypto
38-42,30,min 0-3,kalshi_with,exit12,151,-80.8,88,-26.2,-145.15,0.41,-80.8,crypto
38-42,30,min 0-3,kalshi_with,exit14,151,-92.0,88,-42.2,-175.95,0.452,-92.0,crypto
38-42,30,min 0-3,kalshi_with,hold,151,-104.5,88,-43.4,-196.0,0.46,-104.5,crypto
38-42,30,min 0-3,none,exit10,325,-63.7,211,-85.7,-387.87,0.36,-85.7,crypto
38-42,30,min 0-3,none,exit12,325,-64.6,211,-77.7,-374.08,0.401,-77.7,crypto
38-42,30,min 0-3,none,exit14,325,-85.0,211,-70.5,-424.88,0.444,-85.0,crypto
38-42,30,min 0-3,none,hold,325,-87.6,211,-68.7,-429.59,0.457,-87.6,crypto
38-42,30,min 0-3,spot_with,exit10,91,-60.0,87,-36.7,-86.59,0.376,-60.0,crypto
38-42,30,min 0-3,spot_with,exit12,91,-41.2,87,-20.7,-55.43,0.444,-41.2,crypto
38-42,30,min 0-3,spot_with,exit14,91,-53.2,87,-33.2,-77.25,0.494,-53.2,crypto
38-42,30,min 0-3,spot_with,hold,91,-53.6,87,-34.0,-78.4,0.511,-53.6,crypto
38-42,30,min 0-6,kalshi_against,exit10,304,-68.4,197,-75.9,-357.48,0.355,-75.9,crypto
38-42,30,min 0-6,kalshi_against,exit12,304,-67.8,197,-65.1,-334.42,0.401,-67.8,crypto
38-42,30,min 0-6,kalshi_against,exit14,304,-86.8,197,-53.4,-369.26,0.453,-86.8,crypto
38-42,30,min 0-6,kalshi_against,hold,304,-91.7,197,-51.6,-380.52,0.467,-91.7,crypto
38-42,30,min 0-6,kalshi_with,exit10,222,-64.0,123,-62.9,-219.38,0.339,-64.0,crypto
38-42,30,min 0-6,kalshi_with,exit12,222,-62.3,123,-61.7,-214.34,0.397,-62.3,crypto
38-42,30,min 0-6,kalshi_with,exit14,222,-74.2,123,-59.5,-237.98,0.461,-74.2,crypto
38-42,30,min 0-6,kalshi_with,hold,222,-79.4,123,-55.3,-244.2,0.478,-79.4,crypto
38-42,30,min 0-6,none,exit10,342,-65.2,220,-83.6,-406.75,0.358,-83.6,crypto
38-42,30,min 0-6,none,exit12,342,-66.6,220,-76.1,-395.17,0.4,-76.1,crypto
38-42,30,min 0-6,none,exit14,342,-86.5,220,-64.9,-438.49,0.447,-86.5,crypto
38-42,30,min 0-6,none,hold,342,-87.2,220,-63.3,-437.33,0.461,-87.2,crypto
38-42,30,min 0-6,spot_with,exit10,121,-51.6,123,-69.7,-148.11,0.352,-69.7,crypto
38-42,30,min 0-6,spot_with,exit12,121,-36.5,123,-63.2,-121.85,0.418,-63.2,crypto
38-42,30,min 0-6,spot_with,exit14,121,-48.6,123,-63.5,-136.91,0.48,-63.5,crypto
38-42,30,min 0-6,spot_with,hold,121,-49.6,123,-65.3,-140.34,0.496,-65.3,crypto
38-42,30,min 0-9,kalshi_against,exit10,313,-68.5,199,-78.1,-369.6,0.352,-78.1,crypto
38-42,30,min 0-9,kalshi_against,exit12,313,-64.8,199,-68.5,-339.0,0.4,-68.5,crypto
38-42,30,min 0-9,kalshi_against,exit14,313,-83.8,199,-57.1,-375.8,0.451,-83.8,crypto
38-42,30,min 0-9,kalshi_against,hold,313,-86.5,199,-55.3,-380.82,0.467,-86.5,crypto
38-42,30,min 0-9,kalshi_with,exit10,249,-63.6,146,-47.5,-227.76,0.327,-63.6,crypto
38-42,30,min 0-9,kalshi_with,exit12,249,-61.4,146,-52.8,-230.02,0.387,-61.4,crypto
38-42,30,min 0-9,kalshi_with,exit14,249,-75.9,146,-56.1,-270.89,0.458,-75.9,crypto
38-42,30,min 0-9,kalshi_with,hold,249,-76.2,146,-52.9,-266.96,0.478,-76.2,crypto
38-42,30,min 0-9,none,exit10,346,-64.2,223,-81.7,-404.13,0.357,-81.7,crypto
38-42,30,min 0-9,none,exit12,346,-66.9,223,-72.7,-393.63,0.401,-72.7,crypto
38-42,30,min 0-9,none,exit14,346,-87.3,223,-63.0,-442.47,0.446,-87.3,crypto
38-42,30,min 0-9,none,hold,346,-86.8,223,-61.4,-437.18,0.462,-86.8,crypto
38-42,30,min 0-9,spot_with,exit10,139,-60.8,143,-51.0,-157.5,0.333,-60.8,crypto
38-42,30,min 0-9,spot_with,exit12,139,-50.4,143,-49.4,-140.78,0.401,-50.4,crypto
38-42,30,min 0-9,spot_with,exit14,139,-68.8,143,-56.9,-177.11,0.465,-68.8,crypto
38-42,30,min 0-9,spot_with,hold,139,-62.6,143,-59.2,-171.71,0.486,-62.6,crypto
43-47,5,min 0-12,kalshi_against,exit10,288,-68.2,194,-97.0,-384.63,0.712,-97.0,crypto
43-47,5,min 0-12,kalshi_against,exit12,288,-72.4,194,-89.4,-382.1,0.728,-89.4,crypto
43-47,5,min 0-12,kalshi_against,exit14,288,-78.7,194,-86.7,-395.01,0.749,-86.7,crypto
43-47,5,min 0-12,kalshi_against,hold,288,-78.9,194,-88.4,-398.53,0.751,-88.4,crypto
43-47,5,min 0-12,kalshi_with,exit10,271,-57.6,179,-82.6,-304.1,0.722,-82.6,crypto
43-47,5,min 0-12,kalshi_with,exit12,271,-55.7,179,-84.4,-302.15,0.729,-84.4,crypto
43-47,5,min 0-12,kalshi_with,exit14,271,-63.1,179,-84.7,-322.62,0.751,-84.7,crypto
43-47,5,min 0-12,kalshi_with,hold,271,-59.7,179,-86.0,-315.86,0.756,-86.0,crypto
43-47,5,min 0-12,none,exit10,330,-72.8,229,-71.2,-403.11,0.712,-72.8,crypto
43-47,5,min 0-12,none,exit12,330,-77.2,229,-68.1,-410.51,0.721,-77.2,crypto
43-47,5,min 0-12,none,exit14,330,-82.7,229,-63.2,-417.73,0.735,-82.7,crypto
43-47,5,min 0-12,none,hold,330,-79.9,229,-64.1,-410.52,0.739,-79.9,crypto
43-47,5,min 0-12,spot_with,exit10,150,-41.4,159,-71.9,-176.38,0.757,-71.9,crypto
43-47,5,min 0-12,spot_with,exit12,150,-27.9,159,-76.5,-163.46,0.764,-76.5,crypto
43-47,5,min 0-12,spot_with,exit14,150,-36.3,159,-77.6,-177.88,0.786,-77.6,crypto
43-47,5,min 0-12,spot_with,hold,150,-29.8,159,-75.8,-165.25,0.796,-75.8,crypto
43-47,5,min 0-3,kalshi_against,exit10,242,-72.1,167,-99.7,-340.93,0.707,-99.7,crypto
43-47,5,min 0-3,kalshi_against,exit12,242,-75.6,167,-94.2,-340.18,0.719,-94.2,crypto
43-47,5,min 0-3,kalshi_against,exit14,242,-82.4,167,-87.4,-345.26,0.741,-87.4,crypto
43-47,5,min 0-3,kalshi_against,hold,242,-82.3,167,-88.7,-347.4,0.743,-88.7,crypto
43-47,5,min 0-3,kalshi_with,exit10,201,-63.8,132,-79.7,-233.36,0.736,-79.7,crypto
43-47,5,min 0-3,kalshi_with,exit12,201,-57.1,132,-79.4,-219.57,0.745,-79.4,crypto
43-47,5,min 0-3,kalshi_with,exit14,201,-60.9,132,-87.6,-238.1,0.757,-87.6,crypto
43-47,5,min 0-3,kalshi_with,hold,201,-61.1,132,-88.4,-239.54,0.757,-88.4,crypto
43-47,5,min 0-3,none,exit10,308,-74.3,217,-75.4,-392.36,0.712,-75.4,crypto
43-47,5,min 0-3,none,exit12,308,-75.8,217,-71.7,-388.82,0.724,-75.8,crypto
43-47,5,min 0-3,none,exit14,308,-79.5,217,-66.5,-388.99,0.739,-79.5,crypto
43-47,5,min 0-3,none,hold,308,-79.9,217,-67.4,-392.56,0.739,-79.9,crypto
43-47,5,min 0-3,spot_with,exit10,116,-39.6,109,-76.5,-129.32,0.787,-76.5,crypto
43-47,5,min 0-3,spot_with,exit12,116,-23.9,109,-78.4,-113.13,0.787,-78.4,crypto
43-47,5,min 0-3,spot_with,exit14,116,-27.1,109,-84.7,-123.75,0.804,-84.7,crypto
43-47,5,min 0-3,spot_with,hold,116,-27.2,109,-80.6,-119.41,0.809,-80.6,crypto
43-47,5,min 0-6,kalshi_against,exit10,272,-71.3,183,-96.7,-370.76,0.712,-96.7,crypto
43-47,5,min 0-6,kalshi_against,exit12,272,-75.6,183,-93.5,-376.77,0.723,-93.5,crypto
43-47,5,min 0-6,kalshi_against,exit14,272,-82.2,183,-87.6,-383.76,0.743,-87.6,crypto
43-47,5,min 0-6,kalshi_against,hold,272,-82.1,183,-89.1,-386.36,0.745,-89.1,crypto
43-47,5,min 0-6,kalshi_with,exit10,245,-62.7,159,-81.5,-283.18,0.733,-81.5,crypto
43-47,5,min 0-6,kalshi_with,exit12,245,-59.7,159,-82.2,-276.85,0.74,-82.2,crypto
43-47,5,min 0-6,kalshi_with,exit14,245,-66.6,159,-84.7,-297.68,0.755,-84.7,crypto
43-47,5,min 0-6,kalshi_with,hold,245,-67.3,159,-86.0,-301.52,0.755,-86.0,crypto
43-47,5,min 0-6,none,exit10,320,-74.6,224,-72.0,-399.97,0.713,-74.6,crypto
43-47,5,min 0-6,none,exit12,320,-77.7,224,-68.4,-401.86,0.724,-77.7,crypto
43-47,5,min 0-6,none,exit14,320,-82.3,224,-63.3,-405.11,0.739,-82.3,crypto
43-47,5,min 0-6,none,hold,320,-82.7,224,-64.3,-408.77,0.739,-82.7,crypto
43-47,5,min 0-6,spot_with,exit10,137,-39.3,138,-78.6,-162.25,0.771,-78.6,crypto
43-47,5,min 0-6,spot_with,exit12,137,-26.3,138,-82.9,-150.42,0.775,-82.9,crypto
43-47,5,min 0-6,spot_with,exit14,137,-32.9,138,-88.5,-167.19,0.793,-88.5,crypto
43-47,5,min 0-6,spot_with,hold,137,-33.2,138,-86.2,-164.51,0.796,-86.2,crypto
43-47,5,min 0-9,kalshi_against,exit10,282,-69.2,186,-94.9,-371.52,0.716,-94.9,crypto
43-47,5,min 0-9,kalshi_against,exit12,282,-72.9,186,-91.8,-376.3,0.729,-91.8,crypto
43-47,5,min 0-9,kalshi_against,exit14,282,-79.4,186,-86.0,-383.67,0.748,-86.0,crypto
43-47,5,min 0-9,kalshi_against,hold,282,-79.5,186,-87.4,-386.73,0.75,-87.4,crypto
43-47,5,min 0-9,kalshi_with,exit10,259,-59.9,171,-88.2,-305.82,0.726,-88.2,crypto
43-47,5,min 0-9,kalshi_with,exit12,259,-53.5,171,-90.2,-292.82,0.735,-90.2,crypto
43-47,5,min 0-9,kalshi_with,exit14,259,-60.9,171,-90.3,-312.2,0.753,-90.3,crypto
43-47,5,min 0-9,kalshi_with,hold,259,-61.6,171,-91.7,-316.31,0.753,-91.7,crypto
43-47,5,min 0-9,none,exit10,325,-73.3,226,-72.8,-402.57,0.713,-73.3,crypto
43-47,5,min 0-9,none,exit12,325,-74.3,226,-69.6,-398.84,0.724,-74.3,crypto
43-47,5,min 0-9,none,exit14,325,-78.8,226,-64.7,-402.27,0.739,-78.8,crypto
43-47,5,min 0-9,none,hold,325,-79.2,226,-65.7,-405.93,0.739,-79.2,crypto
43-47,5,min 0-9,spot_with,exit10,145,-40.4,151,-81.0,-180.94,0.76,-81.0,crypto
43-47,5,min 0-9,spot_with,exit12,145,-23.3,151,-85.8,-163.32,0.767,-85.8,crypto
43-47,5,min 0-9,spot_with,exit14,145,-29.6,151,-87.1,-174.32,0.791,-87.1,crypto
43-47,5,min 0-9,spot_with,hold,145,-30.4,151,-85.1,-172.56,0.794,-85.1,crypto
43-47,10,min 0-12,kalshi_against,exit10,288,-70.8,194,-110.7,-418.72,0.602,-110.7,crypto
43-47,10,min 0-12,kalshi_against,exit12,288,-75.2,194,-109.8,-429.49,0.629,-109.8,crypto
43-47,10,min 0-12,kalshi_against,exit14,288,-84.7,194,-105.9,-449.53,0.662,-105.9,crypto
43-47,10,min 0-12,kalshi_against,hold,288,-82.9,194,-106.8,-445.88,0.668,-106.8,crypto
43-47,10,min 0-12,kalshi_with,exit10,271,-53.1,179,-79.0,-285.11,0.64,-79.0,crypto
43-47,10,min 0-12,kalshi_with,exit12,271,-51.6,179,-84.9,-291.77,0.649,-84.9,crypto
43-47,10,min 0-12,kalshi_with,exit14,271,-62.2,179,-88.9,-327.52,0.68,-88.9,crypto
43-47,10,min 0-12,kalshi_with,hold,271,-58.2,179,-90.5,-319.72,0.687,-90.5,crypto
43-47,10,min 0-12,none,exit10,330,-67.5,229,-75.5,-395.84,0.624,-75.5,crypto
43-47,10,min 0-12,none,exit12,330,-70.0,229,-77.2,-407.7,0.635,-77.2,crypto
43-47,10,min 0-12,none,exit14,330,-80.0,229,-73.3,-431.73,0.66,-80.0,crypto
43-47,10,min 0-12,none,hold,330,-77.6,229,-74.5,-426.6,0.665,-77.6,crypto
43-47,10,min 0-12,spot_with,exit10,150,-37.5,159,-72.3,-171.29,0.65,-72.3,crypto
43-47,10,min 0-12,spot_with,exit12,150,-27.7,159,-83.5,-174.24,0.663,-83.5,crypto
43-47,10,min 0-12,spot_with,exit14,150,-38.0,159,-90.5,-200.85,0.699,-90.5,crypto
43-47,10,min 0-12,spot_with,hold,150,-24.1,159,-88.9,-177.48,0.715,-88.9,crypto
43-47,10,min 0-3,kalshi_against,exit10,242,-73.3,167,-114.9,-369.37,0.609,-114.9,crypto
43-47,10,min 0-3,kalshi_against,exit12,242,-75.4,167,-113.3,-371.61,0.626,-113.3,crypto
43-47,10,min 0-3,kalshi_against,exit14,242,-86.7,167,-105.6,-386.11,0.658,-105.6,crypto
43-47,10,min 0-3,kalshi_against,hold,242,-84.2,167,-107.1,-382.59,0.663,-107.1,crypto
43-47,10,min 0-3,kalshi_with,exit10,201,-59.6,132,-79.3,-224.38,0.652,-79.3,crypto
43-47,10,min 0-3,kalshi_with,exit12,201,-52.9,132,-80.4,-212.43,0.664,-80.4,crypto
43-47,10,min 0-3,kalshi_with,exit14,201,-58.2,132,-92.6,-239.32,0.685,-92.6,crypto
43-47,10,min 0-3,kalshi_with,hold,201,-61.0,132,-93.8,-246.33,0.685,-93.8,crypto
43-47,10,min 0-3,none,exit10,308,-70.5,217,-80.3,-391.63,0.623,-80.3,crypto
43-47,10,min 0-3,none,exit12,308,-70.0,217,-79.6,-388.2,0.636,-79.6,crypto
43-47,10,min 0-3,none,exit14,308,-78.4,217,-74.7,-403.68,0.663,-78.4,crypto
43-47,10,min 0-3,none,hold,308,-79.4,217,-76.0,-409.24,0.665,-79.4,crypto
43-47,10,min 0-3,spot_with,exit10,116,-36.8,109,-77.0,-126.58,0.689,-77.0,crypto
43-47,10,min 0-3,spot_with,exit12,116,-21.2,109,-81.1,-112.98,0.693,-81.1,crypto
43-47,10,min 0-3,spot_with,exit14,116,-27.6,109,-90.0,-130.11,0.724,-90.0,crypto
43-47,10,min 0-3,spot_with,hold,116,-27.8,109,-86.1,-126.04,0.729,-86.1,crypto
43-47,10,min 0-6,kalshi_against,exit10,272,-75.7,183,-108.3,-404.1,0.609,-108.3,crypto
43-47,10,min 0-6,kalshi_against,exit12,272,-80.2,183,-109.4,-418.24,0.626,-109.4,crypto
43-47,10,min 0-6,kalshi_against,exit14,272,-90.4,183,-102.2,-432.76,0.657,-102.2,crypto
43-47,10,min 0-6,kalshi_against,hold,272,-88.2,183,-102.8,-428.19,0.664,-102.8,crypto
43-47,10,min 0-6,kalshi_with,exit10,245,-56.8,159,-78.5,-264.07,0.656,-78.5,crypto
43-47,10,min 0-6,kalshi_with,exit12,245,-53.8,159,-80.6,-260.04,0.666,-80.6,crypto
43-47,10,min 0-6,kalshi_with,exit14,245,-62.2,159,-86.3,-289.67,0.688,-86.3,crypto
43-47,10,min 0-6,kalshi_with,hold,245,-65.0,159,-87.9,-299.08,0.688,-87.9,crypto
43-47,10,min 0-6,none,exit10,320,-70.0,224,-75.2,-392.52,0.627,-75.2,crypto
43-47,10,min 0-6,none,exit12,320,-71.1,224,-74.5,-394.52,0.64,-74.5,crypto
43-47,10,min 0-6,none,exit14,320,-80.2,224,-69.8,-413.08,0.665,-80.2,crypto
43-47,10,min 0-6,none,hold,320,-81.2,224,-71.0,-418.73,0.667,-81.2,crypto
43-47,10,min 0-6,spot_with,exit10,137,-32.9,138,-76.2,-150.25,0.676,-76.2,crypto
43-47,10,min 0-6,spot_with,exit12,137,-21.7,138,-83.8,-145.44,0.684,-83.8,crypto
43-47,10,min 0-6,spot_with,exit14,137,-30.1,138,-93.2,-169.78,0.716,-93.2,crypto
43-47,10,min 0-6,spot_with,hold,137,-30.8,138,-91.1,-167.92,0.72,-91.1,crypto
43-47,10,min 0-9,kalshi_against,exit10,282,-72.7,186,-109.5,-408.73,0.607,-109.5,crypto
43-47,10,min 0-9,kalshi_against,exit12,282,-76.5,186,-113.0,-425.75,0.628,-113.0,crypto
43-47,10,min 0-9,kalshi_against,exit14,282,-86.4,186,-104.6,-438.39,0.66,-104.6,crypto
43-47,10,min 0-9,kalshi_against,hold,282,-84.5,186,-105.3,-434.28,0.667,-105.3,crypto
43-47,10,min 0-9,kalshi_with,exit10,259,-55.7,171,-85.9,-291.16,0.644,-85.9,crypto
43-47,10,min 0-9,kalshi_with,exit12,259,-50.0,171,-90.2,-283.75,0.656,-90.2,crypto
43-47,10,min 0-9,kalshi_with,exit14,259,-61.2,171,-93.5,-318.3,0.681,-93.5,crypto
43-47,10,min 0-9,kalshi_with,hold,259,-61.2,171,-95.2,-321.28,0.684,-95.2,crypto
43-47,10,min 0-9,none,exit10,325,-68.3,226,-77.6,-397.32,0.626,-77.6,crypto
43-47,10,min 0-9,none,exit12,325,-67.4,226,-77.8,-394.74,0.639,-77.8,crypto
43-47,10,min 0-9,none,exit14,325,-76.3,226,-73.3,-413.66,0.664,-76.3,crypto
43-47,10,min 0-9,none,hold,325,-77.2,226,-74.5,-419.31,0.666,-77.2,crypto
43-47,10,min 0-9,spot_with,exit10,145,-36.8,151,-83.2,-178.96,0.655,-83.2,crypto
43-47,10,min 0-9,spot_with,exit12,145,-23.4,151,-93.0,-174.3,0.666,-93.0,crypto
43-47,10,min 0-9,spot_with,exit14,145,-31.6,151,-99.5,-196.17,0.703,-99.5,crypto
43-47,10,min 0-9,spot_with,hold,145,-24.8,151,-97.8,-183.58,0.713,-97.8,crypto
43-47,15,min 0-12,kalshi_against,exit10,288,-70.1,194,-120.0,-434.83,0.51,-120.0,crypto
43-47,15,min 0-12,kalshi_against,exit12,288,-73.7,194,-109.5,-424.76,0.556,-109.5,crypto
43-47,15,min 0-12,kalshi_against,exit14,288,-90.6,194,-109.5,-473.25,0.589,-109.5,crypto
43-47,15,min 0-12,kalshi_against,hold,288,-90.1,194,-109.1,-471.02,0.602,-109.1,crypto
43-47,15,min 0-12,kalshi_with,exit10,271,-51.9,179,-68.2,-262.8,0.553,-68.2,crypto
43-47,15,min 0-12,kalshi_with,exit12,271,-52.6,179,-70.5,-268.62,0.58,-70.5,crypto
43-47,15,min 0-12,kalshi_with,exit14,271,-66.7,179,-76.8,-318.28,0.618,-76.8,crypto
43-47,15,min 0-12,kalshi_with,hold,271,-63.5,179,-77.3,-310.49,0.629,-77.3,crypto
43-47,15,min 0-12,none,exit10,330,-69.4,229,-71.7,-393.25,0.531,-71.7,crypto
43-47,15,min 0-12,none,exit12,330,-71.4,229,-71.7,-399.76,0.551,-71.7,crypto
43-47,15,min 0-12,none,exit14,330,-86.5,229,-66.4,-437.69,0.581,-86.5,crypto
43-47,15,min 0-12,none,hold,330,-84.9,229,-66.7,-432.84,0.592,-84.9,crypto
43-47,15,min 0-12,spot_with,exit10,150,-36.7,159,-67.9,-162.92,0.566,-67.9,crypto
43-47,15,min 0-12,spot_with,exit12,150,-25.4,159,-73.4,-154.85,0.595,-73.4,crypto
43-47,15,min 0-12,spot_with,exit14,150,-33.6,159,-89.0,-191.83,0.634,-89.0,crypto
43-47,15,min 0-12,spot_with,hold,150,-16.9,159,-85.6,-161.53,0.66,-85.6,crypto
43-47,15,min 0-3,kalshi_against,exit10,242,-70.3,167,-119.4,-369.47,0.528,-119.4,crypto
43-47,15,min 0-3,kalshi_against,exit12,242,-68.9,167,-110.0,-350.52,0.565,-110.0,crypto
43-47,15,min 0-3,kalshi_against,exit14,242,-83.4,167,-104.5,-376.23,0.597,-104.5,crypto
43-47,15,min 0-3,kalshi_against,hold,242,-81.9,167,-107.4,-377.62,0.606,-107.4,crypto
43-47,15,min 0-3,kalshi_with,exit10,201,-62.8,132,-69.6,-218.12,0.559,-69.6,crypto
43-47,15,min 0-3,kalshi_with,exit12,201,-58.4,132,-68.7,-208.06,0.589,-68.7,crypto
43-47,15,min 0-3,kalshi_with,exit14,201,-66.2,132,-82.9,-242.5,0.616,-82.9,crypto
43-47,15,min 0-3,kalshi_with,hold,201,-70.1,132,-82.3,-249.48,0.622,-82.3,crypto
43-47,15,min 0-3,none,exit10,308,-73.3,217,-72.9,-384.11,0.531,-73.3,crypto
43-47,15,min 0-3,none,exit12,308,-71.8,217,-72.4,-378.13,0.552,-72.4,crypto
43-47,15,min 0-3,none,exit14,308,-85.7,217,-66.9,-409.18,0.583,-85.7,crypto
43-47,15,min 0-3,none,hold,308,-87.9,217,-67.1,-416.28,0.59,-87.9,crypto
43-47,15,min 0-3,spot_with,exit10,116,-39.9,109,-74.1,-127.08,0.591,-74.1,crypto
43-47,15,min 0-3,spot_with,exit12,116,-21.0,109,-69.5,-100.12,0.627,-69.5,crypto
43-47,15,min 0-3,spot_with,exit14,116,-27.1,109,-86.3,-125.51,0.653,-86.3,crypto
43-47,15,min 0-3,spot_with,hold,116,-27.5,109,-79.7,-118.75,0.671,-79.7,crypto
43-47,15,min 0-6,kalshi_against,exit10,272,-74.3,183,-115.5,-413.34,0.521,-115.5,crypto
43-47,15,min 0-6,kalshi_against,exit12,272,-79.7,183,-109.2,-416.59,0.554,-109.2,crypto
43-47,15,min 0-6,kalshi_against,exit14,272,-96.7,183,-104.0,-453.48,0.585,-104.0,crypto
43-47,15,min 0-6,kalshi_against,hold,272,-96.1,183,-103.3,-450.24,0.598,-103.3,crypto
43-47,15,min 0-6,kalshi_with,exit10,245,-60.0,159,-64.9,-250.23,0.562,-64.9,crypto
43-47,15,min 0-6,kalshi_with,exit12,245,-58.1,159,-64.7,-245.26,0.597,-64.7,crypto
43-47,15,min 0-6,kalshi_with,exit14,245,-70.6,159,-71.7,-286.93,0.624,-71.7,crypto
43-47,15,min 0-6,kalshi_with,hold,245,-74.5,159,-71.9,-296.67,0.629,-74.5,crypto
43-47,15,min 0-6,none,exit10,320,-73.7,224,-68.9,-390.23,0.533,-73.7,crypto
43-47,15,min 0-6,none,exit12,320,-73.9,224,-67.9,-388.39,0.555,-73.9,crypto
43-47,15,min 0-6,none,exit14,320,-88.3,224,-60.5,-417.99,0.586,-88.3,crypto
43-47,15,min 0-6,none,hold,320,-90.5,224,-60.6,-425.27,0.594,-90.5,crypto
43-47,15,min 0-6,spot_with,exit10,137,-36.3,138,-70.1,-146.38,0.585,-70.1,crypto
43-47,15,min 0-6,spot_with,exit12,137,-22.0,138,-71.1,-128.31,0.622,-71.1,crypto
43-47,15,min 0-6,spot_with,exit14,137,-30.2,138,-87.0,-161.55,0.651,-87.0,crypto
43-47,15,min 0-6,spot_with,hold,137,-31.2,138,-82.9,-157.09,0.665,-82.9,crypto
43-47,15,min 0-9,kalshi_against,exit10,282,-70.3,186,-116.6,-415.12,0.517,-116.6,crypto
43-47,15,min 0-9,kalshi_against,exit12,282,-75.5,186,-112.8,-422.9,0.556,-112.8,crypto
43-47,15,min 0-9,kalshi_against,exit14,282,-91.1,186,-106.5,-454.83,0.59,-106.5,crypto
43-47,15,min 0-9,kalshi_against,hold,282,-90.6,186,-105.7,-452.05,0.603,-105.7,crypto
43-47,15,min 0-9,kalshi_with,exit10,259,-56.3,171,-72.0,-269.05,0.556,-72.0,crypto
43-47,15,min 0-9,kalshi_with,exit12,259,-52.0,171,-74.3,-261.8,0.588,-74.3,crypto
43-47,15,min 0-9,kalshi_with,exit14,259,-65.9,171,-78.5,-304.84,0.621,-78.5,crypto
43-47,15,min 0-9,kalshi_with,hold,259,-67.0,171,-78.8,-308.15,0.628,-78.8,crypto
43-47,15,min 0-9,none,exit10,325,-70.6,226,-71.3,-390.84,0.534,-71.3,crypto
43-47,15,min 0-9,none,exit12,325,-68.8,226,-71.2,-384.42,0.555,-71.2,crypto
43-47,15,min 0-9,none,exit14,325,-83.0,226,-64.0,-414.38,0.586,-83.0,crypto
43-47,15,min 0-9,none,hold,325,-85.1,226,-64.2,-421.66,0.593,-85.1,crypto
43-47,15,min 0-9,spot_with,exit10,145,-37.6,151,-75.6,-168.65,0.571,-75.6,crypto
43-47,15,min 0-9,spot_with,exit12,145,-22.0,151,-79.4,-151.83,0.605,-79.4,crypto
43-47,15,min 0-9,spot_with,exit14,145,-28.1,151,-91.5,-178.95,0.642,-91.5,crypto
43-47,15,min 0-9,spot_with,hold,145,-19.4,151,-87.8,-160.78,0.662,-87.8,crypto
43-47,20,min 0-12,kalshi_against,exit10,288,-66.1,194,-115.0,-413.59,0.459,-115.0,crypto
43-47,20,min 0-12,kalshi_against,exit12,288,-68.1,194,-107.0,-403.61,0.502,-107.0,crypto
43-47,20,min 0-12,kalshi_against,exit14,288,-82.9,194,-99.8,-432.27,0.556,-99.8,crypto
43-47,20,min 0-12,kalshi_against,hold,288,-82.5,194,-94.9,-421.76,0.571,-94.9,crypto
43-47,20,min 0-12,kalshi_with,exit10,271,-43.0,179,-58.0,-220.4,0.496,-58.0,crypto
43-47,20,min 0-12,kalshi_with,exit12,271,-46.9,179,-60.1,-234.76,0.527,-60.1,crypto
43-47,20,min 0-12,kalshi_with,exit14,271,-62.5,179,-56.8,-270.94,0.58,-62.5,crypto
43-47,20,min 0-12,kalshi_with,hold,271,-61.1,179,-57.4,-268.48,0.591,-61.1,crypto
43-47,20,min 0-12,none,exit10,330,-63.0,229,-66.8,-361.06,0.478,-66.8,crypto
43-47,20,min 0-12,none,exit12,330,-65.4,229,-66.2,-367.29,0.504,-66.2,crypto
43-47,20,min 0-12,none,exit14,330,-81.8,229,-53.2,-391.92,0.547,-81.8,crypto
43-47,20,min 0-12,none,hold,330,-81.2,229,-53.5,-390.4,0.558,-81.2,crypto
43-47,20,min 0-12,spot_with,exit10,150,-29.0,159,-59.3,-137.69,0.511,-59.3,crypto
43-47,20,min 0-12,spot_with,exit12,150,-22.4,159,-65.0,-136.88,0.544,-65.0,crypto
43-47,20,min 0-12,spot_with,exit14,150,-34.7,159,-71.5,-165.73,0.595,-71.5,crypto
43-47,20,min 0-12,spot_with,hold,150,-19.7,159,-67.7,-137.31,0.621,-67.7,crypto
43-47,20,min 0-3,kalshi_against,exit10,242,-64.9,167,-113.7,-346.85,0.474,-113.7,crypto
43-47,20,min 0-3,kalshi_against,exit12,242,-62.4,167,-105.4,-327.11,0.513,-105.4,crypto
43-47,20,min 0-3,kalshi_against,exit14,242,-76.3,167,-94.9,-343.01,0.562,-94.9,crypto
43-47,20,min 0-3,kalshi_against,hold,242,-75.0,167,-93.2,-337.25,0.575,-93.2,crypto
43-47,20,min 0-3,kalshi_with,exit10,201,-56.3,132,-62.1,-195.2,0.495,-62.1,crypto
43-47,20,min 0-3,kalshi_with,exit12,201,-55.7,132,-59.8,-190.79,0.532,-59.8,crypto
43-47,20,min 0-3,kalshi_with,exit14,201,-62.3,132,-65.7,-212.02,0.577,-65.7,crypto
43-47,20,min 0-3,kalshi_with,hold,201,-66.5,132,-65.4,-220.01,0.583,-66.5,crypto
43-47,20,min 0-3,none,exit10,308,-67.0,217,-67.1,-351.97,0.48,-67.1,crypto
43-47,20,min 0-3,none,exit12,308,-65.2,217,-65.3,-342.62,0.507,-65.3,crypto
43-47,20,min 0-3,none,exit14,308,-80.8,217,-52.5,-362.69,0.55,-80.8,crypto
43-47,20,min 0-3,none,hold,308,-83.2,217,-52.7,-370.76,0.558,-83.2,crypto
43-47,20,min 0-3,spot_with,exit10,116,-31.4,109,-65.7,-108.02,0.538,-65.7,crypto
43-47,20,min 0-3,spot_with,exit12,116,-12.0,109,-62.5,-82.06,0.578,-62.5,crypto
43-47,20,min 0-3,spot_with,exit14,116,-21.1,109,-71.7,-102.54,0.618,-71.7,crypto
43-47,20,min 0-3,spot_with,hold,116,-21.3,109,-64.5,-95.03,0.636,-64.5,crypto
43-47,20,min 0-6,kalshi_against,exit10,272,-67.5,183,-110.6,-385.92,0.47,-110.6,crypto
43-47,20,min 0-6,kalshi_against,exit12,272,-71.9,183,-105.0,-387.62,0.505,-105.0,crypto
43-47,20,min 0-6,kalshi_against,exit14,272,-88.4,183,-91.4,-407.79,0.554,-91.4,crypto
43-47,20,min 0-6,kalshi_against,hold,272,-87.9,183,-85.9,-396.27,0.569,-87.9,crypto
43-47,20,min 0-6,kalshi_with,exit10,245,-51.1,159,-56.5,-215.08,0.502,-56.5,crypto
43-47,20,min 0-6,kalshi_with,exit12,245,-51.7,159,-55.5,-214.92,0.542,-55.5,crypto
43-47,20,min 0-6,kalshi_with,exit14,245,-64.3,159,-54.3,-243.93,0.587,-64.3,crypto
43-47,20,min 0-6,kalshi_with,hold,245,-69.1,159,-54.7,-256.37,0.592,-69.1,crypto
43-47,20,min 0-6,none,exit10,320,-67.6,224,-64.3,-360.27,0.48,-67.6,crypto
43-47,20,min 0-6,none,exit12,320,-66.9,224,-62.6,-354.32,0.509,-66.9,crypto
43-47,20,min 0-6,none,exit14,320,-82.9,224,-47.3,-371.19,0.553,-82.9,crypto
43-47,20,min 0-6,none,hold,320,-85.4,224,-47.5,-379.44,0.561,-85.4,crypto
43-47,20,min 0-6,spot_with,exit10,137,-26.5,138,-63.6,-124.11,0.531,-63.6,crypto
43-47,20,min 0-6,spot_with,exit12,137,-13.1,138,-64.3,-106.66,0.575,-64.3,crypto
43-47,20,min 0-6,spot_with,exit14,137,-25.3,138,-73.1,-135.61,0.615,-73.1,crypto
43-47,20,min 0-6,spot_with,hold,137,-26.2,138,-68.5,-130.4,0.629,-68.5,crypto
43-47,20,min 0-9,kalshi_against,exit10,282,-66.7,186,-111.8,-396.02,0.464,-111.8,crypto
43-47,20,min 0-9,kalshi_against,exit12,282,-70.3,186,-108.6,-400.38,0.502,-108.6,crypto
43-47,20,min 0-9,kalshi_against,exit14,282,-83.7,186,-94.0,-410.98,0.558,-94.0,crypto
43-47,20,min 0-9,kalshi_against,hold,282,-83.4,186,-88.6,-399.92,0.573,-88.6,crypto
43-47,20,min 0-9,kalshi_with,exit10,259,-47.5,171,-63.3,-231.33,0.495,-63.3,crypto
43-47,20,min 0-9,kalshi_with,exit12,259,-46.9,171,-64.8,-232.32,0.533,-64.8,crypto
43-47,20,min 0-9,kalshi_with,exit14,259,-62.3,171,-59.4,-263.0,0.581,-62.3,crypto
43-47,20,min 0-9,kalshi_with,hold,259,-65.3,171,-59.9,-271.64,0.588,-65.3,crypto
43-47,20,min 0-9,none,exit10,325,-64.3,226,-66.7,-359.87,0.479,-66.7,crypto
43-47,20,min 0-9,none,exit12,325,-62.8,226,-66.0,-353.17,0.508,-66.0,crypto
43-47,20,min 0-9,none,exit14,325,-78.4,226,-51.0,-369.83,0.552,-78.4,crypto
43-47,20,min 0-9,none,hold,325,-81.5,226,-51.1,-380.44,0.559,-81.5,crypto
43-47,20,min 0-9,spot_with,exit10,145,-29.6,151,-68.7,-146.67,0.514,-68.7,crypto
43-47,20,min 0-9,spot_with,exit12,145,-17.2,151,-72.1,-133.9,0.554,-72.1,crypto
43-47,20,min 0-9,spot_with,exit14,145,-29.7,151,-75.3,-156.71,0.601,-75.3,crypto
43-47,20,min 0-9,spot_with,hold,145,-22.7,151,-71.2,-140.42,0.622,-71.2,crypto
43-47,25,min 0-12,kalshi_against,exit10,288,-66.4,194,-106.2,-397.39,0.407,-106.2,crypto
43-47,25,min 0-12,kalshi_against,exit12,288,-66.1,194,-96.1,-376.7,0.459,-96.1,crypto
43-47,25,min 0-12,kalshi_against,exit14,288,-82.1,194,-87.1,-405.36,0.521,-87.1,crypto
43-47,25,min 0-12,kalshi_against,hold,288,-84.0,194,-81.5,-400.03,0.535,-84.0,crypto
43-47,25,min 0-12,kalshi_with,exit10,271,-43.4,179,-53.3,-213.1,0.429,-53.3,crypto
43-47,25,min 0-12,kalshi_with,exit12,271,-46.5,179,-49.9,-215.3,0.471,-49.9,crypto
43-47,25,min 0-12,kalshi_with,exit14,271,-67.4,179,-47.0,-266.82,0.531,-67.4,crypto
43-47,25,min 0-12,kalshi_with,hold,271,-68.7,179,-50.0,-275.76,0.542,-68.7,crypto
43-47,25,min 0-12,none,exit10,330,-59.7,229,-67.2,-350.99,0.419,-67.2,crypto
43-47,25,min 0-12,none,exit12,330,-63.3,229,-63.0,-353.2,0.46,-63.3,crypto
43-47,25,min 0-12,none,exit14,330,-83.4,229,-49.0,-387.5,0.504,-83.4,crypto
43-47,25,min 0-12,none,hold,330,-84.8,229,-50.3,-395.05,0.515,-84.8,crypto
43-47,25,min 0-12,spot_with,exit10,150,-32.0,159,-58.9,-141.71,0.437,-58.9,crypto
43-47,25,min 0-12,spot_with,exit12,150,-25.3,159,-61.1,-135.01,0.489,-61.1,crypto
43-47,25,min 0-12,spot_with,exit14,150,-40.7,159,-66.3,-166.45,0.55,-66.3,crypto
43-47,25,min 0-12,spot_with,hold,150,-25.8,159,-64.3,-140.85,0.576,-64.3,crypto
43-47,25,min 0-3,kalshi_against,exit10,242,-64.0,167,-106.1,-331.94,0.423,-106.1,crypto
43-47,25,min 0-3,kalshi_against,exit12,242,-57.6,167,-96.0,-299.8,0.474,-96.0,crypto
43-47,25,min 0-3,kalshi_against,exit14,242,-75.0,167,-83.9,-321.42,0.528,-83.9,crypto
43-47,25,min 0-3,kalshi_against,hold,242,-74.2,167,-82.3,-316.98,0.54,-82.3,crypto
43-47,25,min 0-3,kalshi_with,exit10,201,-60.5,132,-63.4,-205.26,0.414,-63.4,crypto
43-47,25,min 0-3,kalshi_with,exit12,201,-60.2,132,-54.9,-193.46,0.471,-60.2,crypto
43-47,25,min 0-3,kalshi_with,exit14,201,-73.5,132,-59.7,-226.44,0.52,-73.5,crypto
43-47,25,min 0-3,kalshi_with,hold,201,-81.0,132,-61.0,-243.3,0.526,-81.0,crypto
43-47,25,min 0-3,none,exit10,308,-63.6,217,-68.6,-345.0,0.419,-68.6,crypto
43-47,25,min 0-3,none,exit12,308,-63.0,217,-63.4,-331.63,0.461,-63.4,crypto
43-47,25,min 0-3,none,exit14,308,-82.1,217,-49.6,-360.44,0.507,-82.1,crypto
43-47,25,min 0-3,none,hold,308,-86.8,217,-50.8,-377.58,0.514,-86.8,crypto
43-47,25,min 0-3,spot_with,exit10,116,-36.1,109,-74.9,-123.46,0.449,-74.9,crypto
43-47,25,min 0-3,spot_with,exit12,116,-17.6,109,-67.6,-94.14,0.511,-67.6,crypto
43-47,25,min 0-3,spot_with,exit14,116,-30.5,109,-76.8,-119.04,0.56,-76.8,crypto
43-47,25,min 0-3,spot_with,hold,116,-30.7,109,-72.2,-114.35,0.578,-72.2,crypto
43-47,25,min 0-6,kalshi_against,exit10,272,-68.5,183,-101.5,-372.02,0.418,-101.5,crypto
43-47,25,min 0-6,kalshi_against,exit12,272,-69.7,183,-94.1,-361.91,0.464,-94.1,crypto
43-47,25,min 0-6,kalshi_against,exit14,272,-88.1,183,-79.1,-384.31,0.519,-88.1,crypto
43-47,25,min 0-6,kalshi_against,hold,272,-89.3,183,-72.8,-376.09,0.534,-89.3,crypto
43-47,25,min 0-6,kalshi_with,exit10,245,-50.9,159,-54.1,-210.65,0.431,-54.1,crypto
43-47,25,min 0-6,kalshi_with,exit12,245,-51.8,159,-46.7,-201.07,0.488,-51.8,crypto
43-47,25,min 0-6,kalshi_with,exit14,245,-69.9,159,-46.2,-244.88,0.535,-69.9,crypto
43-47,25,min 0-6,kalshi_with,hold,245,-77.5,159,-49.3,-268.26,0.54,-77.5,crypto
43-47,25,min 0-6,none,exit10,320,-64.6,224,-64.7,-351.54,0.419,-64.7,crypto
43-47,25,min 0-6,none,exit12,320,-65.2,224,-59.4,-341.57,0.463,-65.2,crypto
43-47,25,min 0-6,none,exit14,320,-84.9,224,-43.1,-368.11,0.509,-84.9,crypto
43-47,25,min 0-6,none,hold,320,-89.4,224,-44.3,-385.43,0.517,-89.4,crypto
43-47,25,min 0-6,spot_with,exit10,137,-30.3,138,-67.1,-134.17,0.447,-67.1,crypto
43-47,25,min 0-6,spot_with,exit12,137,-16.7,138,-63.5,-110.52,0.513,-63.5,crypto
43-47,25,min 0-6,spot_with,exit14,137,-32.8,138,-71.0,-142.98,0.564,-71.0,crypto
43-47,25,min 0-6,spot_with,hold,137,-33.7,138,-68.4,-140.59,0.578,-68.4,crypto
43-47,25,min 0-9,kalshi_against,exit10,282,-66.7,186,-102.8,-379.33,0.412,-102.8,crypto
43-47,25,min 0-9,kalshi_against,exit12,282,-67.0,186,-98.0,-371.27,0.462,-98.0,crypto
43-47,25,min 0-9,kalshi_against,exit14,282,-81.7,186,-81.7,-382.37,0.524,-81.7,crypto
43-47,25,min 0-9,kalshi_against,hold,282,-83.1,186,-75.5,-374.61,0.538,-83.1,crypto
43-47,25,min 0-9,kalshi_with,exit10,259,-46.3,171,-59.4,-221.48,0.428,-59.4,crypto
43-47,25,min 0-9,kalshi_with,exit12,259,-46.0,171,-55.0,-213.05,0.481,-55.0,crypto
43-47,25,min 0-9,kalshi_with,exit14,259,-66.7,171,-50.1,-258.53,0.533,-66.7,crypto
43-47,25,min 0-9,kalshi_with,hold,259,-72.3,171,-53.1,-278.11,0.54,-72.3,crypto
43-47,25,min 0-9,none,exit10,325,-61.1,226,-67.2,-350.42,0.419,-67.2,crypto
43-47,25,min 0-9,none,exit12,325,-60.9,226,-62.8,-339.7,0.463,-62.8,crypto
43-47,25,min 0-9,none,exit14,325,-80.1,226,-46.8,-366.03,0.508,-80.1,crypto
43-47,25,min 0-9,none,hold,325,-85.3,226,-48.0,-385.71,0.515,-85.3,crypto
43-47,25,min 0-9,spot_with,exit10,145,-33.2,151,-69.5,-153.05,0.436,-69.5,crypto
43-47,25,min 0-9,spot_with,exit12,145,-20.6,151,-69.0,-134.08,0.497,-69.0,crypto
43-47,25,min 0-9,spot_with,exit14,145,-36.8,151,-70.9,-160.4,0.554,-70.9,crypto
43-47,25,min 0-9,spot_with,hold,145,-29.8,151,-68.7,-146.93,0.574,-68.7,crypto
43-47,30,min 0-12,kalshi_against,exit10,288,-63.5,194,-108.3,-392.81,0.344,-108.3,crypto
43-47,30,min 0-12,kalshi_against,exit12,288,-65.3,194,-89.8,-362.21,0.409,-89.8,crypto
43-47,30,min 0-12,kalshi_against,exit14,288,-75.5,194,-75.9,-364.63,0.488,-75.9,crypto
43-47,30,min 0-12,kalshi_against,hold,288,-75.1,194,-68.0,-348.16,0.512,-75.1,crypto
43-47,30,min 0-12,kalshi_with,exit10,271,-45.5,179,-58.4,-227.8,0.344,-58.4,crypto
43-47,30,min 0-12,kalshi_with,exit12,271,-52.9,179,-44.2,-222.5,0.409,-52.9,crypto
43-47,30,min 0-12,kalshi_with,exit14,271,-72.8,179,-33.8,-257.76,0.491,-72.8,crypto
43-47,30,min 0-12,kalshi_with,hold,271,-71.7,179,-36.4,-259.53,0.511,-71.7,crypto
43-47,30,min 0-12,none,exit10,330,-55.0,229,-74.0,-350.81,0.352,-74.0,crypto
43-47,30,min 0-12,none,exit12,330,-62.1,229,-62.3,-347.62,0.403,-62.3,crypto
43-47,30,min 0-12,none,exit14,330,-79.4,229,-41.6,-357.3,0.47,-79.4,crypto
43-47,30,min 0-12,none,hold,330,-78.4,229,-41.9,-354.7,0.49,-78.4,crypto
43-47,30,min 0-12,spot_with,exit10,150,-32.9,159,-65.9,-154.0,0.356,-65.9,crypto
43-47,30,min 0-12,spot_with,exit12,150,-32.7,159,-63.3,-149.66,0.421,-63.3,crypto
43-47,30,min 0-12,spot_with,exit14,150,-51.8,159,-63.1,-178.02,0.502,-63.1,crypto
43-47,30,min 0-12,spot_with,hold,150,-32.1,159,-59.8,-143.25,0.537,-59.8,crypto
43-47,30,min 0-3,kalshi_against,exit10,242,-63.3,167,-108.7,-334.68,0.355,-108.7,crypto
43-47,30,min 0-3,kalshi_against,exit12,242,-59.9,167,-89.3,-293.93,0.423,-89.3,crypto
43-47,30,min 0-3,kalshi_against,exit14,242,-72.4,167,-73.5,-297.91,0.491,-73.5,crypto
43-47,30,min 0-3,kalshi_against,hold,242,-68.9,167,-71.0,-285.23,0.513,-71.0,crypto
43-47,30,min 0-3,kalshi_with,exit10,201,-64.4,132,-72.7,-225.36,0.33,-72.7,crypto
43-47,30,min 0-3,kalshi_with,exit12,201,-68.0,132,-55.8,-210.37,0.396,-68.0,crypto
43-47,30,min 0-3,kalshi_with,exit14,201,-82.8,132,-50.8,-233.37,0.471,-82.8,crypto
43-47,30,min 0-3,kalshi_with,hold,201,-88.0,132,-51.4,-244.71,0.489,-88.0,crypto
43-47,30,min 0-3,none,exit10,308,-60.0,217,-77.3,-352.46,0.35,-77.3,crypto
43-47,30,min 0-3,none,exit12,308,-62.5,217,-64.3,-332.03,0.402,-64.3,crypto
43-47,30,min 0-3,none,exit14,308,-79.0,217,-43.3,-337.46,0.47,-79.0,crypto
43-47,30,min 0-3,none,hold,308,-81.9,217,-43.5,-346.73,0.488,-81.9,crypto
43-47,30,min 0-3,spot_with,exit10,116,-40.4,109,-86.4,-140.97,0.369,-86.4,crypto
43-47,30,min 0-3,spot_with,exit12,116,-28.8,109,-75.7,-115.94,0.431,-75.7,crypto
43-47,30,min 0-3,spot_with,exit14,116,-47.1,109,-76.4,-137.89,0.502,-76.4,crypto
43-47,30,min 0-3,spot_with,hold,116,-46.2,109,-69.7,-129.49,0.529,-69.7,crypto
43-47,30,min 0-6,kalshi_against,exit10,272,-66.3,183,-104.1,-370.73,0.354,-104.1,crypto
43-47,30,min 0-6,kalshi_against,exit12,272,-70.1,183,-87.5,-350.8,0.415,-87.5,crypto
43-47,30,min 0-6,kalshi_against,exit14,272,-84.0,183,-68.2,-353.29,0.486,-84.0,crypto
43-47,30,min 0-6,kalshi_against,hold,272,-82.8,183,-60.4,-335.69,0.51,-82.8,crypto
43-47,30,min 0-6,kalshi_with,exit10,245,-55.2,159,-61.9,-233.64,0.342,-61.9,crypto
43-47,30,min 0-6,kalshi_with,exit12,245,-57.3,159,-42.6,-208.15,0.421,-57.3,crypto
43-47,30,min 0-6,kalshi_with,exit14,245,-75.4,159,-34.1,-238.99,0.493,-75.4,crypto
43-47,30,min 0-6,kalshi_with,hold,245,-81.4,159,-36.6,-257.59,0.507,-81.4,crypto
43-47,30,min 0-6,none,exit10,320,-60.7,224,-72.4,-356.53,0.351,-72.4,crypto
43-47,30,min 0-6,none,exit12,320,-64.2,224,-59.4,-338.57,0.406,-64.2,crypto
43-47,30,min 0-6,none,exit14,320,-81.4,224,-36.2,-341.73,0.474,-81.4,crypto
43-47,30,min 0-6,none,hold,320,-84.2,224,-36.4,-351.18,0.491,-84.2,crypto
43-47,30,min 0-6,spot_with,exit10,137,-32.5,138,-77.8,-151.83,0.36,-77.8,crypto
43-47,30,min 0-6,spot_with,exit12,137,-25.1,138,-69.0,-129.61,0.436,-69.0,crypto
43-47,30,min 0-6,spot_with,exit14,137,-45.5,138,-70.6,-159.71,0.509,-70.6,crypto
43-47,30,min 0-6,spot_with,hold,137,-43.0,138,-66.4,-150.63,0.535,-66.4,crypto
43-47,30,min 0-9,kalshi_against,exit10,282,-64.2,186,-105.4,-377.12,0.348,-105.4,crypto
43-47,30,min 0-9,kalshi_against,exit12,282,-66.6,186,-91.5,-358.01,0.415,-91.5,crypto
43-47,30,min 0-9,kalshi_against,exit14,282,-75.8,186,-71.3,-346.28,0.489,-75.8,crypto
43-47,30,min 0-9,kalshi_against,hold,282,-74.8,186,-62.6,-327.38,0.515,-74.8,crypto
43-47,30,min 0-9,kalshi_with,exit10,259,-50.2,171,-66.3,-243.33,0.34,-66.3,crypto
43-47,30,min 0-9,kalshi_with,exit12,259,-52.8,171,-50.4,-223.04,0.416,-52.8,crypto
43-47,30,min 0-9,kalshi_with,exit14,259,-73.8,171,-38.0,-256.2,0.491,-73.8,crypto
43-47,30,min 0-9,kalshi_with,hold,259,-77.8,171,-40.5,-270.89,0.507,-77.8,crypto
43-47,30,min 0-9,none,exit10,325,-57.0,226,-74.8,-354.28,0.352,-74.8,crypto
43-47,30,min 0-9,none,exit12,325,-59.6,226,-62.8,-335.57,0.407,-62.8,crypto
43-47,30,min 0-9,none,exit14,325,-76.3,226,-40.0,-338.52,0.474,-76.3,crypto
43-47,30,min 0-9,none,hold,325,-79.8,226,-40.2,-350.33,0.49,-79.8,crypto
43-47,30,min 0-9,spot_with,exit10,145,-35.3,151,-78.6,-169.89,0.351,-78.6,crypto
43-47,30,min 0-9,spot_with,exit12,145,-28.6,151,-72.9,-151.52,0.426,-72.9,crypto
43-47,30,min 0-9,spot_with,exit14,145,-48.7,151,-69.5,-175.48,0.503,-69.5,crypto
43-47,30,min 0-9,spot_with,hold,145,-38.5,151,-65.8,-155.12,0.534,-65.8,crypto
48-52,5,min 0-12,kalshi_against,exit10,247,-64.8,162,-90.4,-306.45,0.714,-90.4,crypto
48-52,5,min 0-12,kalshi_against,exit12,247,-69.1,162,-99.3,-331.47,0.741,-99.3,crypto
48-52,5,min 0-12,kalshi_against,exit14,247,-68.8,162,-92.2,-319.43,0.768,-92.2,crypto
48-52,5,min 0-12,kalshi_against,hold,247,-64.1,162,-92.0,-307.4,0.778,-92.0,crypto
48-52,5,min 0-12,kalshi_with,exit10,255,-43.2,159,-55.0,-197.53,0.763,-55.0,crypto
48-52,5,min 0-12,kalshi_with,exit12,255,-41.8,159,-64.7,-209.55,0.771,-64.7,crypto
48-52,5,min 0-12,kalshi_with,exit14,255,-49.3,159,-72.1,-240.18,0.792,-72.1,crypto
48-52,5,min 0-12,kalshi_with,hold,255,-48.5,159,-73.4,-240.28,0.797,-73.4,crypto
48-52,5,min 0-12,none,exit10,297,-58.5,197,-59.3,-290.65,0.721,-59.3,crypto
48-52,5,min 0-12,none,exit12,297,-59.4,197,-66.3,-307.1,0.737,-66.3,crypto
48-52,5,min 0-12,none,exit14,297,-63.5,197,-63.4,-313.48,0.757,-63.5,crypto
48-52,5,min 0-12,none,hold,297,-65.2,197,-61.5,-314.77,0.761,-65.2,crypto
48-52,5,min 0-12,spot_with,exit10,143,-37.4,134,-53.0,-124.48,0.783,-53.0,crypto
48-52,5,min 0-12,spot_with,exit12,143,-34.3,134,-64.3,-135.19,0.78,-64.3,crypto
48-52,5,min 0-12,spot_with,exit14,143,-39.2,134,-72.6,-153.31,0.809,-72.6,crypto
48-52,5,min 0-12,spot_with,hold,143,-28.9,134,-74.3,-140.87,0.819,-74.3,crypto
48-52,5,min 0-3,kalshi_against,exit10,194,-65.7,127,-93.8,-246.61,0.726,-93.8,crypto
48-52,5,min 0-3,kalshi_against,exit12,194,-67.9,127,-99.9,-258.67,0.745,-99.9,crypto
48-52,5,min 0-3,kalshi_against,exit14,194,-67.1,127,-93.8,-249.33,0.769,-93.8,crypto
48-52,5,min 0-3,kalshi_against,hold,194,-61.7,127,-94.1,-239.19,0.776,-94.1,crypto
48-52,5,min 0-3,kalshi_with,exit10,194,-45.9,114,-53.9,-150.5,0.776,-53.9,crypto
48-52,5,min 0-3,kalshi_with,exit12,194,-41.0,114,-59.1,-146.86,0.786,-59.1,crypto
48-52,5,min 0-3,kalshi_with,exit14,194,-47.6,114,-66.3,-167.96,0.802,-66.3,crypto
48-52,5,min 0-3,kalshi_with,hold,194,-50.2,114,-67.6,-174.51,0.802,-67.6,crypto
48-52,5,min 0-3,none,exit10,252,-60.9,173,-67.5,-270.45,0.718,-67.5,crypto
48-52,5,min 0-3,none,exit12,252,-60.0,173,-70.7,-273.54,0.732,-70.7,crypto
48-52,5,min 0-3,none,exit14,252,-64.7,173,-66.4,-277.82,0.753,-66.4,crypto
48-52,5,min 0-3,none,hold,252,-66.8,173,-64.2,-279.49,0.755,-66.8,crypto
48-52,5,min 0-3,spot_with,exit10,111,-42.7,96,-41.6,-87.29,0.816,-42.7,crypto
48-52,5,min 0-3,spot_with,exit12,111,-38.4,96,-48.2,-88.86,0.821,-48.2,crypto
48-52,5,min 0-3,spot_with,exit14,111,-41.0,96,-53.0,-96.39,0.836,-53.0,crypto
48-52,5,min 0-3,spot_with,hold,111,-37.5,96,-53.2,-92.64,0.841,-53.2,crypto
48-52,5,min 0-6,kalshi_against,exit10,225,-68.9,149,-93.4,-294.14,0.717,-93.4,crypto
48-52,5,min 0-6,kalshi_against,exit12,225,-73.7,149,-103.3,-319.76,0.735,-103.3,crypto
48-52,5,min 0-6,kalshi_against,exit14,225,-74.4,149,-96.4,-311.0,0.759,-96.4,crypto
48-52,5,min 0-6,kalshi_against,hold,225,-69.8,149,-95.8,-299.9,0.767,-95.8,crypto
48-52,5,min 0-6,kalshi_with,exit10,229,-43.6,142,-52.3,-173.98,0.776,-52.3,crypto
48-52,5,min 0-6,kalshi_with,exit12,229,-40.9,142,-58.3,-176.35,0.784,-58.3,crypto
48-52,5,min 0-6,kalshi_with,exit14,229,-46.5,142,-66.7,-201.31,0.803,-66.7,crypto
48-52,5,min 0-6,kalshi_with,hold,229,-45.9,142,-68.0,-201.7,0.806,-68.0,crypto
48-52,5,min 0-6,none,exit10,277,-57.6,187,-62.9,-277.15,0.726,-62.9,crypto
48-52,5,min 0-6,none,exit12,277,-57.9,187,-67.7,-286.93,0.739,-67.7,crypto
48-52,5,min 0-6,none,exit14,277,-62.3,187,-63.8,-292.0,0.761,-63.8,crypto
48-52,5,min 0-6,none,hold,277,-64.3,187,-61.8,-293.76,0.763,-64.3,crypto
48-52,5,min 0-6,spot_with,exit10,129,-40.4,117,-48.9,-109.42,0.797,-48.9,crypto
48-52,5,min 0-6,spot_with,exit12,129,-37.4,117,-56.2,-114.09,0.801,-56.2,crypto
48-52,5,min 0-6,spot_with,exit14,129,-39.9,117,-67.0,-129.77,0.821,-67.0,crypto
48-52,5,min 0-6,spot_with,hold,129,-31.7,117,-68.3,-120.8,0.829,-68.3,crypto
48-52,5,min 0-9,kalshi_against,exit10,236,-69.1,157,-89.5,-303.63,0.718,-89.5,crypto
48-52,5,min 0-9,kalshi_against,exit12,236,-73.3,157,-101.3,-332.04,0.738,-101.3,crypto
48-52,5,min 0-9,kalshi_against,exit14,236,-74.1,157,-92.9,-320.67,0.763,-92.9,crypto
48-52,5,min 0-9,kalshi_against,hold,236,-69.7,157,-92.4,-309.57,0.771,-92.4,crypto
48-52,5,min 0-9,kalshi_with,exit10,248,-44.6,152,-57.1,-197.33,0.765,-57.1,crypto
48-52,5,min 0-9,kalshi_with,exit12,248,-40.1,152,-65.0,-198.25,0.772,-65.0,crypto
48-52,5,min 0-9,kalshi_with,exit14,248,-47.8,152,-70.2,-225.2,0.795,-70.2,crypto
48-52,5,min 0-9,kalshi_with,hold,248,-48.7,152,-71.5,-229.5,0.798,-71.5,crypto
48-52,5,min 0-9,none,exit10,291,-59.8,191,-61.8,-291.94,0.722,-61.8,crypto
48-52,5,min 0-9,none,exit12,291,-58.1,191,-67.8,-298.58,0.737,-67.8,crypto
48-52,5,min 0-9,none,exit14,291,-62.3,191,-64.1,-303.74,0.757,-64.1,crypto
48-52,5,min 0-9,none,hold,291,-65.5,191,-62.2,-309.23,0.759,-65.5,crypto
48-52,5,min 0-9,spot_with,exit10,138,-40.4,127,-55.4,-126.11,0.781,-55.4,crypto
48-52,5,min 0-9,spot_with,exit12,138,-32.6,127,-64.6,-127.06,0.785,-64.6,crypto
48-52,5,min 0-9,spot_with,exit14,138,-39.1,127,-70.4,-143.37,0.811,-70.4,crypto
48-52,5,min 0-9,spot_with,hold,138,-31.5,127,-72.2,-135.13,0.819,-72.2,crypto
48-52,10,min 0-12,kalshi_against,exit10,247,-61.6,162,-90.0,-297.87,0.619,-90.0,crypto
48-52,10,min 0-12,kalshi_against,exit12,247,-62.9,162,-94.8,-308.97,0.663,-94.8,crypto
48-52,10,min 0-12,kalshi_against,exit14,247,-60.3,162,-93.9,-301.12,0.699,-93.9,crypto
48-52,10,min 0-12,kalshi_against,hold,247,-56.4,162,-96.9,-296.28,0.714,-96.9,crypto
48-52,10,min 0-12,kalshi_with,exit10,255,-40.7,159,-48.4,-180.75,0.65,-48.4,crypto
48-52,10,min 0-12,kalshi_with,exit12,255,-37.7,159,-52.9,-180.06,0.674,-52.9,crypto
48-52,10,min 0-12,kalshi_with,exit14,255,-50.9,159,-59.5,-224.44,0.705,-59.5,crypto
48-52,10,min 0-12,kalshi_with,hold,255,-51.1,159,-59.5,-224.73,0.715,-59.5,crypto
48-52,10,min 0-12,none,exit10,297,-58.9,197,-45.8,-265.13,0.621,-58.9,crypto
48-52,10,min 0-12,none,exit12,297,-55.9,197,-49.7,-263.9,0.648,-55.9,crypto
48-52,10,min 0-12,none,exit14,297,-63.3,197,-46.5,-279.45,0.676,-63.3,crypto
48-52,10,min 0-12,none,hold,297,-65.5,197,-44.3,-281.87,0.684,-65.5,crypto
48-52,10,min 0-12,spot_with,exit10,143,-47.7,134,-44.1,-127.23,0.675,-47.7,crypto
48-52,10,min 0-12,spot_with,exit12,143,-38.8,134,-46.7,-118.1,0.693,-46.7,crypto
48-52,10,min 0-12,spot_with,exit14,143,-42.9,134,-58.2,-139.25,0.736,-58.2,crypto
48-52,10,min 0-12,spot_with,hold,143,-31.4,134,-61.7,-127.46,0.751,-61.7,crypto
48-52,10,min 0-3,kalshi_against,exit10,194,-65.6,127,-94.8,-247.72,0.632,-94.8,crypto
48-52,10,min 0-3,kalshi_against,exit12,194,-60.9,127,-99.8,-244.87,0.667,-99.8,crypto
48-52,10,min 0-3,kalshi_against,exit14,194,-56.1,127,-94.9,-229.4,0.704,-94.9,crypto
48-52,10,min 0-3,kalshi_against,hold,194,-51.8,127,-97.0,-223.59,0.717,-97.0,crypto
48-52,10,min 0-3,kalshi_with,exit10,194,-48.4,114,-44.9,-145.06,0.656,-48.4,crypto
48-52,10,min 0-3,kalshi_with,exit12,194,-41.5,114,-47.0,-134.1,0.679,-47.0,crypto
48-52,10,min 0-3,kalshi_with,exit14,194,-52.9,114,-54.5,-164.89,0.701,-54.5,crypto
48-52,10,min 0-3,kalshi_with,hold,194,-56.7,114,-57.8,-175.86,0.705,-57.8,crypto
48-52,10,min 0-3,none,exit10,252,-63.4,173,-53.0,-251.53,0.614,-63.4,crypto
48-52,10,min 0-3,none,exit12,252,-57.2,173,-55.1,-239.51,0.64,-57.2,crypto
48-52,10,min 0-3,none,exit14,252,-64.7,173,-49.0,-247.75,0.668,-64.7,crypto
48-52,10,min 0-3,none,hold,252,-67.5,173,-46.3,-250.23,0.675,-67.5,crypto
48-52,10,min 0-3,spot_with,exit10,111,-61.6,96,-33.3,-100.42,0.696,-61.6,crypto
48-52,10,min 0-3,spot_with,exit12,111,-49.5,96,-33.0,-86.6,0.72,-49.5,crypto
48-52,10,min 0-3,spot_with,exit14,111,-51.0,96,-40.4,-95.34,0.749,-51.0,crypto
48-52,10,min 0-3,spot_with,hold,111,-47.2,96,-42.8,-93.5,0.758,-47.2,crypto
48-52,10,min 0-6,kalshi_against,exit10,225,-67.5,149,-92.7,-290.04,0.626,-92.7,crypto
48-52,10,min 0-6,kalshi_against,exit12,225,-69.5,149,-101.2,-307.23,0.655,-101.2,crypto
48-52,10,min 0-6,kalshi_against,exit14,225,-69.3,149,-97.1,-300.56,0.69,-97.1,crypto
48-52,10,min 0-6,kalshi_against,hold,225,-65.8,149,-97.8,-293.64,0.703,-97.8,crypto
48-52,10,min 0-6,kalshi_with,exit10,229,-42.9,142,-43.1,-159.57,0.666,-43.1,crypto
48-52,10,min 0-6,kalshi_with,exit12,229,-38.6,142,-46.0,-153.6,0.687,-46.0,crypto
48-52,10,min 0-6,kalshi_with,exit14,229,-48.4,142,-52.4,-185.26,0.714,-52.4,crypto
48-52,10,min 0-6,kalshi_with,hold,229,-48.8,142,-52.1,-185.61,0.722,-52.1,crypto
48-52,10,min 0-6,none,exit10,277,-60.1,187,-46.8,-254.03,0.625,-60.1,crypto
48-52,10,min 0-6,none,exit12,277,-55.5,187,-50.0,-247.19,0.651,-55.5,crypto
48-52,10,min 0-6,none,exit14,277,-63.2,187,-44.2,-257.71,0.679,-63.2,crypto
48-52,10,min 0-6,none,hold,277,-65.8,187,-41.9,-260.64,0.685,-65.8,crypto
48-52,10,min 0-6,spot_with,exit10,129,-56.6,117,-36.5,-115.77,0.687,-56.6,crypto
48-52,10,min 0-6,spot_with,exit12,129,-46.8,117,-37.2,-103.92,0.711,-46.8,crypto
48-52,10,min 0-6,spot_with,exit14,129,-48.5,117,-49.7,-120.69,0.744,-49.7,crypto
48-52,10,min 0-6,spot_with,hold,129,-40.2,117,-52.9,-113.72,0.756,-52.9,crypto
48-52,10,min 0-9,kalshi_against,exit10,236,-66.4,157,-86.1,-291.89,0.623,-86.1,crypto
48-52,10,min 0-9,kalshi_against,exit12,236,-67.5,157,-96.5,-310.75,0.662,-96.5,crypto
48-52,10,min 0-9,kalshi_against,exit14,236,-67.4,157,-92.0,-303.36,0.695,-92.0,crypto
48-52,10,min 0-9,kalshi_against,hold,236,-64.0,157,-94.8,-299.87,0.707,-94.8,crypto
48-52,10,min 0-9,kalshi_with,exit10,248,-42.8,152,-47.0,-177.61,0.655,-47.0,crypto
48-52,10,min 0-9,kalshi_with,exit12,248,-36.7,152,-51.9,-169.85,0.678,-51.9,crypto
48-52,10,min 0-9,kalshi_with,exit14,248,-50.4,152,-54.5,-207.79,0.708,-54.5,crypto
48-52,10,min 0-9,kalshi_with,hold,248,-52.8,152,-54.3,-213.63,0.715,-54.3,crypto
48-52,10,min 0-9,none,exit10,291,-61.1,191,-45.5,-264.78,0.622,-61.1,crypto
48-52,10,min 0-9,none,exit12,291,-55.0,191,-50.0,-255.36,0.649,-55.0,crypto
48-52,10,min 0-9,none,exit14,291,-62.5,191,-44.5,-266.93,0.676,-62.5,crypto
48-52,10,min 0-9,none,hold,291,-66.8,191,-42.1,-274.9,0.683,-66.8,crypto
48-52,10,min 0-9,spot_with,exit10,138,-52.9,127,-42.2,-126.62,0.675,-52.9,crypto
48-52,10,min 0-9,spot_with,exit12,138,-38.0,127,-45.2,-109.84,0.702,-45.2,crypto
48-52,10,min 0-9,spot_with,exit14,138,-43.7,127,-52.2,-126.63,0.74,-52.2,crypto
48-52,10,min 0-9,spot_with,hold,138,-36.0,127,-55.7,-120.39,0.751,-55.7,crypto
48-52,15,min 0-12,kalshi_against,exit10,247,-54.0,162,-79.4,-261.96,0.562,-79.4,crypto
48-52,15,min 0-12,kalshi_against,exit12,247,-53.7,162,-90.5,-279.31,0.606,-90.5,crypto
48-52,15,min 0-12,kalshi_against,exit14,247,-50.5,162,-87.1,-265.85,0.653,-87.1,crypto
48-52,15,min 0-12,kalshi_against,hold,247,-44.2,162,-89.3,-253.78,0.672,-89.3,crypto
48-52,15,min 0-12,kalshi_with,exit10,255,-33.7,159,-41.0,-151.05,0.585,-41.0,crypto
48-52,15,min 0-12,kalshi_with,exit12,255,-30.5,159,-45.9,-150.84,0.616,-45.9,crypto
48-52,15,min 0-12,kalshi_with,exit14,255,-44.1,159,-48.9,-190.07,0.662,-48.9,crypto
48-52,15,min 0-12,kalshi_with,hold,255,-43.0,159,-49.1,-187.74,0.674,-49.1,crypto
48-52,15,min 0-12,none,exit10,297,-55.7,197,-39.9,-244.12,0.557,-55.7,crypto
48-52,15,min 0-12,none,exit12,297,-51.9,197,-45.8,-244.49,0.585,-51.9,crypto
48-52,15,min 0-12,none,exit14,297,-55.4,197,-41.2,-245.75,0.634,-55.4,crypto
48-52,15,min 0-12,none,hold,297,-55.9,197,-38.7,-242.44,0.646,-55.9,crypto
48-52,15,min 0-12,spot_with,exit10,143,-43.3,134,-26.8,-97.8,0.614,-43.3,crypto
48-52,15,min 0-12,spot_with,exit12,143,-35.0,134,-30.0,-90.2,0.643,-35.0,crypto
48-52,15,min 0-12,spot_with,exit14,143,-41.5,134,-38.7,-111.21,0.693,-41.5,crypto
48-52,15,min 0-12,spot_with,hold,143,-26.1,134,-42.4,-94.22,0.711,-42.4,crypto
48-52,15,min 0-3,kalshi_against,exit10,194,-51.0,127,-85.1,-207.11,0.583,-85.1,crypto
48-52,15,min 0-3,kalshi_against,exit12,194,-44.6,127,-94.6,-206.69,0.62,-94.6,crypto
48-52,15,min 0-3,kalshi_against,exit14,194,-41.0,127,-85.8,-188.44,0.664,-85.8,crypto
48-52,15,min 0-3,kalshi_against,hold,194,-35.8,127,-87.6,-180.66,0.679,-87.6,crypto
48-52,15,min 0-3,kalshi_with,exit10,194,-42.6,114,-35.4,-123.11,0.597,-42.6,crypto
48-52,15,min 0-3,kalshi_with,exit12,194,-37.2,114,-37.3,-114.65,0.62,-37.3,crypto
48-52,15,min 0-3,kalshi_with,exit14,194,-46.2,114,-44.1,-139.93,0.659,-46.2,crypto
48-52,15,min 0-3,kalshi_with,hold,194,-47.0,114,-47.6,-145.56,0.666,-47.6,crypto
48-52,15,min 0-3,none,exit10,252,-59.8,173,-46.6,-231.47,0.555,-59.8,crypto
48-52,15,min 0-3,none,exit12,252,-52.8,173,-45.7,-212.01,0.584,-52.8,crypto
48-52,15,min 0-3,none,exit14,252,-54.5,173,-37.4,-202.0,0.633,-54.5,crypto
48-52,15,min 0-3,none,hold,252,-54.3,173,-34.2,-196.03,0.645,-54.3,crypto
48-52,15,min 0-3,spot_with,exit10,111,-54.6,96,-7.9,-68.23,0.652,-54.6,crypto
48-52,15,min 0-3,spot_with,exit12,111,-44.4,96,-7.2,-56.21,0.681,-44.4,crypto
48-52,15,min 0-3,spot_with,exit14,111,-45.2,96,-14.1,-63.73,0.715,-45.2,crypto
48-52,15,min 0-3,spot_with,hold,111,-34.0,96,-16.9,-53.97,0.729,-34.0,crypto
48-52,15,min 0-6,kalshi_against,exit10,225,-57.4,149,-84.0,-254.28,0.572,-84.0,crypto
48-52,15,min 0-6,kalshi_against,exit12,225,-58.7,149,-96.7,-276.19,0.604,-96.7,crypto
48-52,15,min 0-6,kalshi_against,exit14,225,-58.4,149,-89.1,-264.02,0.647,-89.1,crypto
48-52,15,min 0-6,kalshi_against,hold,225,-54.1,149,-88.8,-254.09,0.663,-88.8,crypto
48-52,15,min 0-6,kalshi_with,exit10,229,-33.3,142,-35.8,-127.08,0.606,-35.8,crypto
48-52,15,min 0-6,kalshi_with,exit12,229,-29.3,142,-41.3,-125.67,0.633,-41.3,crypto
48-52,15,min 0-6,kalshi_with,exit14,229,-37.0,142,-46.2,-150.41,0.674,-46.2,crypto
48-52,15,min 0-6,kalshi_with,hold,229,-34.9,142,-46.1,-145.51,0.685,-46.1,crypto
48-52,15,min 0-6,none,exit10,277,-54.7,187,-42.7,-231.19,0.565,-54.7,crypto
48-52,15,min 0-6,none,exit12,277,-48.5,187,-45.3,-219.08,0.595,-48.5,crypto
48-52,15,min 0-6,none,exit14,277,-51.0,187,-37.7,-211.78,0.642,-51.0,crypto
48-52,15,min 0-6,none,hold,277,-50.9,187,-34.9,-206.35,0.653,-50.9,crypto
48-52,15,min 0-6,spot_with,exit10,129,-46.7,117,-17.9,-81.21,0.638,-46.7,crypto
48-52,15,min 0-6,spot_with,exit12,129,-37.0,117,-21.9,-73.33,0.671,-37.0,crypto
48-52,15,min 0-6,spot_with,exit14,129,-38.0,117,-34.4,-89.31,0.707,-38.0,crypto
48-52,15,min 0-6,spot_with,hold,129,-23.4,117,-37.9,-74.51,0.724,-37.9,crypto
48-52,15,min 0-9,kalshi_against,exit10,236,-59.6,157,-75.6,-259.34,0.565,-75.6,crypto
48-52,15,min 0-9,kalshi_against,exit12,236,-59.2,157,-90.0,-280.94,0.606,-90.0,crypto
48-52,15,min 0-9,kalshi_against,exit14,236,-57.2,157,-82.1,-263.95,0.651,-82.1,crypto
48-52,15,min 0-9,kalshi_against,hold,236,-53.2,157,-84.0,-257.45,0.667,-84.0,crypto
48-52,15,min 0-9,kalshi_with,exit10,248,-33.4,152,-41.0,-145.12,0.592,-41.0,crypto
48-52,15,min 0-9,kalshi_with,exit12,248,-26.7,152,-46.2,-136.5,0.622,-46.2,crypto
48-52,15,min 0-9,kalshi_with,exit14,248,-40.1,152,-45.5,-168.6,0.668,-45.5,crypto
48-52,15,min 0-9,kalshi_with,hold,248,-40.4,152,-45.6,-169.46,0.678,-45.6,crypto
48-52,15,min 0-9,none,exit10,291,-56.1,191,-40.7,-240.98,0.56,-56.1,crypto
48-52,15,min 0-9,none,exit12,291,-48.6,191,-44.7,-226.67,0.591,-48.6,crypto
48-52,15,min 0-9,none,exit14,291,-51.6,191,-37.4,-221.76,0.639,-51.6,crypto
48-52,15,min 0-9,none,hold,291,-53.4,191,-34.7,-221.64,0.649,-53.4,crypto
48-52,15,min 0-9,spot_with,exit10,138,-45.0,127,-26.0,-95.22,0.619,-45.0,crypto
48-52,15,min 0-9,spot_with,exit12,138,-28.7,127,-29.4,-76.99,0.657,-29.4,crypto
48-52,15,min 0-9,spot_with,exit14,138,-36.6,127,-34.1,-93.87,0.702,-36.6,crypto
48-52,15,min 0-9,spot_with,hold,138,-23.2,127,-37.8,-80.07,0.717,-37.8,crypto
48-52,20,min 0-12,kalshi_against,exit10,247,-46.9,162,-66.6,-223.73,0.506,-66.6,crypto
48-52,20,min 0-12,kalshi_against,exit12,247,-37.5,162,-81.8,-225.19,0.555,-81.8,crypto
48-52,20,min 0-12,kalshi_against,exit14,247,-31.6,162,-81.8,-210.62,0.623,-81.8,crypto
48-52,20,min 0-12,kalshi_against,hold,247,-28.6,162,-83.1,-205.22,0.641,-83.1,crypto
48-52,20,min 0-12,kalshi_with,exit10,255,-32.0,159,-34.7,-136.92,0.514,-34.7,crypto
48-52,20,min 0-12,kalshi_with,exit12,255,-29.5,159,-33.4,-128.25,0.563,-33.4,crypto
48-52,20,min 0-12,kalshi_with,exit14,255,-49.3,159,-32.7,-177.72,0.614,-49.3,crypto
48-52,20,min 0-12,kalshi_with,hold,255,-50.7,159,-35.6,-185.82,0.626,-50.7,crypto
48-52,20,min 0-12,none,exit10,297,-51.5,197,-33.0,-217.94,0.494,-51.5,crypto
48-52,20,min 0-12,none,exit12,297,-46.5,197,-32.8,-202.75,0.543,-46.5,crypto
48-52,20,min 0-12,none,exit14,297,-54.0,197,-25.5,-210.4,0.593,-54.0,crypto
48-52,20,min 0-12,none,hold,297,-56.4,197,-24.9,-216.4,0.605,-56.4,crypto
48-52,20,min 0-12,spot_with,exit10,143,-37.9,134,-23.0,-84.97,0.542,-37.9,crypto
48-52,20,min 0-12,spot_with,exit12,143,-27.5,134,-22.3,-69.29,0.588,-27.5,crypto
48-52,20,min 0-12,spot_with,exit14,143,-35.1,134,-33.9,-95.6,0.646,-35.1,crypto
48-52,20,min 0-12,spot_with,hold,143,-18.7,134,-42.4,-83.51,0.664,-42.4,crypto
48-52,20,min 0-3,kalshi_against,exit10,194,-41.8,127,-74.6,-175.79,0.523,-74.6,crypto
48-52,20,min 0-3,kalshi_against,exit12,194,-25.9,127,-86.9,-160.63,0.567,-86.9,crypto
48-52,20,min 0-3,kalshi_against,exit14,194,-20.9,127,-80.6,-142.99,0.632,-80.6,crypto
48-52,20,min 0-3,kalshi_against,hold,194,-15.6,127,-81.3,-133.66,0.648,-81.3,crypto
48-52,20,min 0-3,kalshi_with,exit10,194,-39.8,114,-37.0,-119.43,0.516,-39.8,crypto
48-52,20,min 0-3,kalshi_with,exit12,194,-35.3,114,-30.5,-103.22,0.568,-35.3,crypto
48-52,20,min 0-3,kalshi_with,exit14,194,-52.5,114,-33.7,-140.24,0.607,-52.5,crypto
48-52,20,min 0-3,kalshi_with,hold,194,-54.1,114,-42.3,-153.21,0.614,-54.1,crypto
48-52,20,min 0-3,none,exit10,252,-51.9,173,-42.7,-204.58,0.492,-51.9,crypto
48-52,20,min 0-3,none,exit12,252,-43.4,173,-34.1,-168.33,0.546,-43.4,crypto
48-52,20,min 0-3,none,exit14,252,-49.5,173,-23.7,-165.58,0.595,-49.5,crypto
48-52,20,min 0-3,none,hold,252,-49.5,173,-22.7,-164.18,0.607,-49.5,crypto
48-52,20,min 0-3,spot_with,exit10,111,-49.5,96,-11.9,-66.39,0.565,-49.5,crypto
48-52,20,min 0-3,spot_with,exit12,111,-41.1,96,-5.6,-51.01,0.618,-41.1,crypto
48-52,20,min 0-3,spot_with,exit14,111,-45.9,96,-18.2,-68.44,0.652,-45.9,crypto
48-52,20,min 0-3,spot_with,hold,111,-33.4,96,-27.6,-63.58,0.667,-33.4,crypto
48-52,20,min 0-6,kalshi_against,exit10,225,-46.6,149,-71.6,-211.49,0.519,-71.6,crypto
48-52,20,min 0-6,kalshi_against,exit12,225,-39.8,149,-89.0,-222.15,0.556,-89.0,crypto
48-52,20,min 0-6,kalshi_against,exit14,225,-38.3,149,-85.1,-213.03,0.618,-85.1,crypto
48-52,20,min 0-6,kalshi_against,hold,225,-34.0,149,-83.9,-201.55,0.634,-83.9,crypto
48-52,20,min 0-6,kalshi_with,exit10,229,-28.7,142,-31.3,-110.16,0.534,-31.3,crypto
48-52,20,min 0-6,kalshi_with,exit12,229,-26.0,142,-30.2,-102.59,0.582,-30.2,crypto
48-52,20,min 0-6,kalshi_with,exit14,229,-40.2,142,-31.3,-136.54,0.625,-40.2,crypto
48-52,20,min 0-6,kalshi_with,hold,229,-40.4,142,-34.2,-140.96,0.636,-40.4,crypto
48-52,20,min 0-6,none,exit10,277,-47.2,187,-36.5,-198.95,0.502,-47.2,crypto
48-52,20,min 0-6,none,exit12,277,-40.3,187,-32.5,-172.25,0.554,-40.3,crypto
48-52,20,min 0-6,none,exit14,277,-46.2,187,-22.3,-169.68,0.603,-46.2,crypto
48-52,20,min 0-6,none,hold,277,-47.7,187,-21.5,-172.45,0.614,-47.7,crypto
48-52,20,min 0-6,spot_with,exit10,129,-39.1,117,-16.7,-69.91,0.561,-39.1,crypto
48-52,20,min 0-6,spot_with,exit12,129,-28.9,117,-16.7,-56.74,0.614,-28.9,crypto
48-52,20,min 0-6,spot_with,exit14,129,-33.3,117,-32.8,-81.3,0.654,-33.3,crypto
48-52,20,min 0-6,spot_with,hold,129,-17.5,117,-41.7,-71.4,0.671,-41.7,crypto
48-52,20,min 0-9,kalshi_against,exit10,236,-48.9,157,-62.6,-213.68,0.514,-62.6,crypto
48-52,20,min 0-9,kalshi_against,exit12,236,-40.2,157,-81.5,-222.81,0.56,-81.5,crypto
48-52,20,min 0-9,kalshi_against,exit14,236,-36.8,157,-77.2,-208.16,0.623,-77.2,crypto
48-52,20,min 0-9,kalshi_against,hold,236,-32.7,157,-78.3,-200.11,0.639,-78.3,crypto
48-52,20,min 0-9,kalshi_with,exit10,248,-29.1,152,-34.8,-125.07,0.522,-34.8,crypto
48-52,20,min 0-9,kalshi_with,exit12,248,-24.6,152,-33.6,-112.06,0.572,-33.6,crypto
48-52,20,min 0-9,kalshi_with,exit14,248,-43.6,152,-29.4,-152.73,0.62,-43.6,crypto
48-52,20,min 0-9,kalshi_with,hold,248,-46.2,152,-32.2,-163.56,0.63,-46.2,crypto
48-52,20,min 0-9,none,exit10,291,-49.5,191,-33.9,-208.88,0.498,-49.5,crypto
48-52,20,min 0-9,none,exit12,291,-42.0,191,-31.3,-182.06,0.55,-42.0,crypto
48-52,20,min 0-9,none,exit14,291,-48.3,191,-21.4,-181.46,0.6,-48.3,crypto
48-52,20,min 0-9,none,hold,291,-51.8,191,-20.7,-190.19,0.61,-51.8,crypto
48-52,20,min 0-9,spot_with,exit10,138,-37.4,127,-22.4,-80.12,0.547,-37.4,crypto
48-52,20,min 0-9,spot_with,exit12,138,-20.1,127,-22.0,-55.68,0.604,-22.0,crypto
48-52,20,min 0-9,spot_with,exit14,138,-30.6,127,-29.9,-80.31,0.653,-30.6,crypto
48-52,20,min 0-9,spot_with,hold,138,-16.1,127,-38.7,-71.41,0.668,-38.7,crypto
48-52,25,min 0-12,kalshi_against,exit10,247,-35.0,162,-72.5,-203.82,0.44,-72.5,crypto
48-52,25,min 0-12,kalshi_against,exit12,247,-26.4,162,-86.2,-205.0,0.506,-86.2,crypto
48-52,25,min 0-12,kalshi_against,exit14,247,-15.3,162,-82.8,-171.81,0.589,-82.8,crypto
48-52,25,min 0-12,kalshi_against,hold,247,-12.0,162,-83.6,-165.04,0.609,-83.6,crypto
48-52,25,min 0-12,kalshi_with,exit10,255,-30.7,159,-37.9,-138.44,0.428,-37.9,crypto
48-52,25,min 0-12,kalshi_with,exit12,255,-31.8,159,-27.2,-124.38,0.498,-31.8,crypto
48-52,25,min 0-12,kalshi_with,exit14,255,-46.7,159,-18.3,-148.25,0.572,-46.7,crypto
48-52,25,min 0-12,kalshi_with,hold,255,-44.7,159,-19.0,-144.22,0.597,-44.7,crypto
48-52,25,min 0-12,none,exit10,297,-51.0,197,-34.6,-219.68,0.419,-51.0,crypto
48-52,25,min 0-12,none,exit12,297,-52.1,197,-21.5,-197.11,0.478,-52.1,crypto
48-52,25,min 0-12,none,exit14,297,-53.7,197,-6.0,-171.19,0.557,-53.7,crypto
48-52,25,min 0-12,none,hold,297,-54.8,197,-3.3,-169.42,0.577,-54.8,crypto
48-52,25,min 0-12,spot_with,exit10,143,-44.1,134,-28.4,-101.1,0.448,-44.1,crypto
48-52,25,min 0-12,spot_with,exit12,143,-41.7,134,-16.7,-81.99,0.516,-41.7,crypto
48-52,25,min 0-12,spot_with,exit14,143,-47.5,134,-19.9,-94.6,0.596,-47.5,crypto
48-52,25,min 0-12,spot_with,hold,143,-28.5,134,-26.0,-75.62,0.625,-28.5,crypto
48-52,25,min 0-3,kalshi_against,exit10,194,-32.9,127,-83.1,-169.38,0.455,-83.1,crypto
48-52,25,min 0-3,kalshi_against,exit12,194,-17.6,127,-93.9,-153.29,0.517,-93.9,crypto
48-52,25,min 0-3,kalshi_against,exit14,194,-9.9,127,-84.9,-127.08,0.592,-84.9,crypto
48-52,25,min 0-3,kalshi_against,hold,194,-5.7,127,-86.0,-120.25,0.611,-86.0,crypto
48-52,25,min 0-3,kalshi_with,exit10,194,-42.3,114,-46.6,-135.11,0.416,-46.6,crypto
48-52,25,min 0-3,kalshi_with,exit12,194,-43.8,114,-32.5,-122.03,0.487,-43.8,crypto
48-52,25,min 0-3,kalshi_with,exit14,194,-57.9,114,-26.0,-142.06,0.552,-57.9,crypto
48-52,25,min 0-3,kalshi_with,hold,194,-55.9,114,-31.6,-144.45,0.575,-55.9,crypto
48-52,25,min 0-3,none,exit10,252,-53.1,173,-46.3,-213.92,0.414,-53.1,crypto
48-52,25,min 0-3,none,exit12,252,-52.3,173,-25.2,-175.39,0.478,-52.3,crypto
48-52,25,min 0-3,none,exit14,252,-53.7,173,-6.9,-147.16,0.553,-53.7,crypto
48-52,25,min 0-3,none,hold,252,-52.8,173,-3.6,-139.34,0.574,-52.8,crypto
48-52,25,min 0-3,spot_with,exit10,111,-63.8,96,-23.1,-93.0,0.454,-63.8,crypto
48-52,25,min 0-3,spot_with,exit12,111,-65.3,96,-7.5,-79.67,0.531,-65.3,crypto
48-52,25,min 0-3,spot_with,exit14,111,-70.2,96,-10.6,-88.03,0.585,-70.2,crypto
48-52,25,min 0-3,spot_with,hold,111,-55.8,96,-16.5,-77.83,0.614,-55.8,crypto
48-52,25,min 0-6,kalshi_against,exit10,225,-35.5,149,-79.7,-198.78,0.455,-79.7,crypto
48-52,25,min 0-6,kalshi_against,exit12,225,-29.2,149,-95.8,-208.54,0.511,-95.8,crypto
48-52,25,min 0-6,kalshi_against,exit14,225,-25.0,149,-89.5,-189.57,0.58,-89.5,crypto
48-52,25,min 0-6,kalshi_against,hold,225,-21.6,149,-87.8,-179.45,0.599,-87.8,crypto
48-52,25,min 0-6,kalshi_with,exit10,229,-28.8,142,-36.9,-118.3,0.442,-36.9,crypto
48-52,25,min 0-6,kalshi_with,exit12,229,-30.8,142,-26.6,-108.24,0.512,-30.8,crypto
48-52,25,min 0-6,kalshi_with,exit14,229,-39.8,142,-19.0,-118.25,0.58,-39.8,crypto
48-52,25,min 0-6,kalshi_with,hold,229,-36.8,142,-19.4,-111.89,0.604,-36.8,crypto
48-52,25,min 0-6,none,exit10,277,-47.7,187,-40.3,-207.41,0.425,-47.7,crypto
48-52,25,min 0-6,none,exit12,277,-47.3,187,-22.5,-173.22,0.489,-47.3,crypto
48-52,25,min 0-6,none,exit14,277,-47.1,187,-4.4,-138.73,0.565,-47.1,crypto
48-52,25,min 0-6,none,hold,277,-47.8,187,-1.4,-135.08,0.584,-47.8,crypto
48-52,25,min 0-6,spot_with,exit10,129,-48.2,117,-25.3,-91.82,0.459,-48.2,crypto
48-52,25,min 0-6,spot_with,exit12,129,-46.2,117,-14.3,-76.27,0.537,-46.2,crypto
48-52,25,min 0-6,spot_with,exit14,129,-49.4,117,-21.5,-88.88,0.598,-49.4,crypto
48-52,25,min 0-6,spot_with,hold,129,-31.9,117,-27.6,-73.44,0.626,-31.9,crypto
48-52,25,min 0-9,kalshi_against,exit10,236,-37.7,157,-69.3,-197.79,0.445,-69.3,crypto
48-52,25,min 0-9,kalshi_against,exit12,236,-28.9,157,-86.3,-203.66,0.514,-86.3,crypto
48-52,25,min 0-9,kalshi_against,exit14,236,-22.0,157,-79.0,-175.94,0.588,-79.0,crypto
48-52,25,min 0-9,kalshi_against,hold,236,-18.7,157,-79.6,-169.25,0.606,-79.6,crypto
48-52,25,min 0-9,kalshi_with,exit10,248,-28.2,152,-39.9,-130.73,0.432,-39.9,crypto
48-52,25,min 0-9,kalshi_with,exit12,248,-27.2,152,-28.9,-111.39,0.505,-28.9,crypto
48-52,25,min 0-9,kalshi_with,exit14,248,-41.5,152,-16.3,-127.7,0.578,-41.5,crypto
48-52,25,min 0-9,kalshi_with,hold,248,-41.2,152,-16.8,-127.75,0.6,-41.2,crypto
48-52,25,min 0-9,none,exit10,291,-49.5,191,-37.0,-214.76,0.421,-49.5,crypto
48-52,25,min 0-9,none,exit12,291,-47.9,191,-20.9,-179.31,0.483,-47.9,crypto
48-52,25,min 0-9,none,exit14,291,-48.2,191,-2.8,-145.55,0.562,-48.2,crypto
48-52,25,min 0-9,none,hold,291,-50.9,191,0.1,-147.86,0.581,-50.9,crypto
48-52,25,min 0-9,spot_with,exit10,138,-45.1,127,-30.3,-100.8,0.449,-45.1,crypto
48-52,25,min 0-9,spot_with,exit12,138,-34.7,127,-18.2,-71.07,0.528,-34.7,crypto
48-52,25,min 0-9,spot_with,exit14,138,-44.1,127,-17.7,-83.33,0.6,-44.1,crypto
48-52,25,min 0-9,spot_with,hold,138,-28.0,127,-23.8,-68.89,0.626,-28.0,crypto
48-52,30,min 0-12,kalshi_against,exit10,247,-34.6,162,-80.3,-215.56,0.359,-80.3,crypto
48-52,30,min 0-12,kalshi_against,exit12,247,-21.9,162,-93.4,-205.49,0.447,-93.4,crypto
48-52,30,min 0-12,kalshi_against,exit14,247,-17.4,162,-81.8,-175.61,0.55,-81.8,crypto
48-52,30,min 0-12,kalshi_against,hold,247,-14.0,162,-85.0,-172.29,0.572,-85.0,crypto
48-52,30,min 0-12,kalshi_with,exit10,255,-28.5,159,-48.2,-149.21,0.362,-48.2,crypto
48-52,30,min 0-12,kalshi_with,exit12,255,-31.1,159,-24.2,-117.69,0.44,-31.1,crypto
48-52,30,min 0-12,kalshi_with,exit14,255,-49.0,159,-12.9,-145.48,0.527,-49.0,crypto
48-52,30,min 0-12,kalshi_with,hold,255,-51.5,159,-14.5,-154.34,0.556,-51.5,crypto
48-52,30,min 0-12,none,exit10,297,-50.8,197,-38.6,-226.9,0.36,-50.8,crypto
48-52,30,min 0-12,none,exit12,297,-52.2,197,-16.9,-188.48,0.427,-52.2,crypto
48-52,30,min 0-12,none,exit14,297,-58.8,197,5.0,-164.67,0.512,-58.8,crypto
48-52,30,min 0-12,none,hold,297,-63.0,197,7.3,-172.8,0.54,-63.0,crypto
48-52,30,min 0-12,spot_with,exit10,143,-44.1,134,-43.9,-121.82,0.375,-44.1,crypto
48-52,30,min 0-12,spot_with,exit12,143,-52.9,134,-18.0,-99.74,0.44,-52.9,crypto
48-52,30,min 0-12,spot_with,exit14,143,-56.8,134,-23.1,-112.16,0.538,-56.8,crypto
48-52,30,min 0-12,spot_with,hold,143,-45.1,134,-30.4,-105.23,0.57,-45.1,crypto
48-52,30,min 0-3,kalshi_against,exit10,194,-34.9,127,-90.9,-183.12,0.364,-90.9,crypto
48-52,30,min 0-3,kalshi_against,exit12,194,-16.6,127,-105.0,-165.59,0.455,-105.0,crypto
48-52,30,min 0-3,kalshi_against,exit14,194,-19.5,127,-89.8,-151.93,0.542,-89.8,crypto
48-52,30,min 0-3,kalshi_against,hold,194,-15.1,127,-93.8,-148.55,0.564,-93.8,crypto
48-52,30,min 0-3,kalshi_with,exit10,194,-40.5,114,-60.2,-147.12,0.354,-60.2,crypto
48-52,30,min 0-3,kalshi_with,exit12,194,-43.9,114,-36.2,-126.37,0.425,-43.9,crypto
48-52,30,min 0-3,kalshi_with,exit14,194,-63.9,114,-28.5,-156.33,0.5,-63.9,crypto
48-52,30,min 0-3,kalshi_with,hold,194,-66.1,114,-39.0,-172.68,0.526,-66.1,crypto
48-52,30,min 0-3,none,exit10,252,-51.8,173,-49.1,-215.57,0.358,-51.8,crypto
48-52,30,min 0-3,none,exit12,252,-52.2,173,-21.5,-168.91,0.428,-52.2,crypto
48-52,30,min 0-3,none,exit14,252,-59.5,173,4.0,-143.1,0.508,-59.5,crypto
48-52,30,min 0-3,none,hold,252,-60.7,173,4.4,-145.31,0.536,-60.7,crypto
48-52,30,min 0-3,spot_with,exit10,111,-68.3,96,-42.4,-116.53,0.377,-68.3,crypto
48-52,30,min 0-3,spot_with,exit12,111,-78.9,96,-14.8,-101.82,0.449,-78.9,crypto
48-52,30,min 0-3,spot_with,exit14,111,-87.0,96,-22.3,-118.02,0.517,-87.0,crypto
48-52,30,min 0-3,spot_with,hold,111,-79.2,96,-34.4,-120.94,0.546,-79.2,crypto
48-52,30,min 0-6,kalshi_against,exit10,225,-36.6,149,-88.4,-214.06,0.366,-88.4,crypto
48-52,30,min 0-6,kalshi_against,exit12,225,-25.5,149,-105.0,-213.84,0.455,-105.0,crypto
48-52,30,min 0-6,kalshi_against,exit14,225,-30.4,149,-89.9,-202.44,0.537,-89.9,crypto
48-52,30,min 0-6,kalshi_against,hold,225,-26.9,149,-90.8,-195.77,0.559,-90.8,crypto
48-52,30,min 0-6,kalshi_with,exit10,229,-27.2,142,-50.6,-134.28,0.372,-50.6,crypto
48-52,30,min 0-6,kalshi_with,exit12,229,-28.9,142,-24.7,-101.2,0.453,-28.9,crypto
48-52,30,min 0-6,kalshi_with,exit14,229,-40.4,142,-16.7,-116.23,0.531,-40.4,crypto
48-52,30,min 0-6,kalshi_with,hold,229,-42.4,142,-18.1,-122.76,0.561,-42.4,crypto
48-52,30,min 0-6,none,exit10,277,-48.0,187,-45.6,-218.18,0.364,-48.0,crypto
48-52,30,min 0-6,none,exit12,277,-46.4,187,-17.7,-161.55,0.44,-46.4,crypto
48-52,30,min 0-6,none,exit14,277,-50.7,187,6.0,-129.13,0.519,-50.7,crypto
48-52,30,min 0-6,none,hold,277,-54.7,187,8.6,-135.38,0.547,-54.7,crypto
48-52,30,min 0-6,spot_with,exit10,129,-49.6,117,-45.7,-117.45,0.378,-49.6,crypto
48-52,30,min 0-6,spot_with,exit12,129,-59.5,117,-17.4,-97.14,0.455,-59.5,crypto
48-52,30,min 0-6,spot_with,exit14,129,-61.9,117,-29.9,-114.89,0.533,-61.9,crypto
48-52,30,min 0-6,spot_with,hold,129,-52.4,117,-37.5,-111.5,0.565,-52.4,crypto
48-52,30,min 0-9,kalshi_against,exit10,236,-38.2,157,-77.5,-211.72,0.361,-77.5,crypto
48-52,30,min 0-9,kalshi_against,exit12,236,-24.5,157,-94.4,-206.14,0.458,-94.4,crypto
48-52,30,min 0-9,kalshi_against,exit14,236,-25.7,157,-78.9,-184.54,0.547,-78.9,crypto
48-52,30,min 0-9,kalshi_against,hold,236,-22.4,157,-81.9,-181.3,0.567,-81.9,crypto
48-52,30,min 0-9,kalshi_with,exit10,248,-26.0,152,-51.8,-143.18,0.365,-51.8,crypto
48-52,30,min 0-9,kalshi_with,exit12,248,-26.6,152,-25.9,-105.33,0.448,-26.6,crypto
48-52,30,min 0-9,kalshi_with,exit14,248,-44.1,152,-12.1,-127.65,0.53,-44.1,crypto
48-52,30,min 0-9,kalshi_with,hold,248,-48.4,152,-13.6,-140.59,0.558,-48.4,crypto
48-52,30,min 0-9,none,exit10,291,-49.3,191,-42.0,-223.66,0.361,-49.3,crypto
48-52,30,min 0-9,none,exit12,291,-48.2,191,-16.0,-170.79,0.434,-48.2,crypto
48-52,30,min 0-9,none,exit14,291,-53.6,191,7.7,-141.23,0.517,-53.6,crypto
48-52,30,min 0-9,none,hold,291,-59.4,191,10.2,-153.44,0.544,-59.4,crypto
48-52,30,min 0-9,spot_with,exit10,138,-45.6,127,-48.0,-123.83,0.374,-48.0,crypto
48-52,30,min 0-9,spot_with,exit12,138,-46.4,127,-19.6,-88.93,0.453,-46.4,crypto
48-52,30,min 0-9,spot_with,exit14,138,-54.7,127,-22.7,-104.35,0.54,-54.7,crypto
48-52,30,min 0-9,spot_with,hold,138,-46.1,127,-30.2,-101.96,0.57,-46.1,crypto
53-57,5,min 0-12,kalshi_against,exit10,261,-53.1,177,-58.1,-241.41,0.785,-58.1,crypto
53-57,5,min 0-12,kalshi_against,exit12,261,-54.9,177,-61.1,-251.47,0.811,-61.1,crypto
53-57,5,min 0-12,kalshi_against,exit14,261,-53.9,177,-71.4,-266.98,0.826,-71.4,crypto
53-57,5,min 0-12,kalshi_against,hold,261,-55.8,177,-65.3,-261.16,0.836,-65.3,crypto
53-57,5,min 0-12,kalshi_with,exit10,277,-55.0,190,-9.9,-171.38,0.786,-55.0,crypto
53-57,5,min 0-12,kalshi_with,exit12,277,-49.9,190,-15.0,-166.68,0.801,-49.9,crypto
53-57,5,min 0-12,kalshi_with,exit14,277,-57.3,190,-17.3,-191.69,0.818,-57.3,crypto
53-57,5,min 0-12,kalshi_with,hold,277,-59.4,190,-13.9,-190.88,0.824,-59.4,crypto
53-57,5,min 0-12,none,exit10,318,-58.1,222,-64.0,-327.0,0.75,-64.0,crypto
53-57,5,min 0-12,none,exit12,318,-54.3,222,-62.5,-311.28,0.774,-62.5,crypto
53-57,5,min 0-12,none,exit14,318,-59.1,222,-63.9,-329.75,0.791,-63.9,crypto
53-57,5,min 0-12,none,hold,318,-56.3,222,-66.2,-325.94,0.798,-66.2,crypto
53-57,5,min 0-12,spot_with,exit10,170,-59.6,164,-54.9,-191.43,0.808,-59.6,crypto
53-57,5,min 0-12,spot_with,exit12,170,-55.3,164,-49.9,-175.83,0.823,-55.3,crypto
53-57,5,min 0-12,spot_with,exit14,170,-57.5,164,-53.6,-185.81,0.85,-57.5,crypto
53-57,5,min 0-12,spot_with,hold,170,-54.4,164,-51.6,-177.06,0.856,-54.4,crypto
53-57,5,min 0-3,kalshi_against,exit10,204,-45.8,137,-48.2,-159.46,0.818,-48.2,crypto
53-57,5,min 0-3,kalshi_against,exit12,204,-44.7,137,-51.4,-161.6,0.833,-51.4,crypto
53-57,5,min 0-3,kalshi_against,exit14,204,-40.8,137,-59.5,-164.76,0.848,-59.5,crypto
53-57,5,min 0-3,kalshi_against,hold,204,-41.7,137,-62.2,-170.29,0.85,-62.2,crypto
53-57,5,min 0-3,kalshi_with,exit10,219,-50.5,163,-8.9,-125.27,0.793,-50.5,crypto
53-57,5,min 0-3,kalshi_with,exit12,219,-43.7,163,-13.7,-118.06,0.806,-43.7,crypto
53-57,5,min 0-3,kalshi_with,exit14,219,-49.4,163,-12.9,-129.23,0.822,-49.4,crypto
53-57,5,min 0-3,kalshi_with,hold,219,-51.3,163,-11.5,-130.99,0.825,-51.3,crypto
53-57,5,min 0-3,none,exit10,297,-56.5,206,-56.7,-284.69,0.759,-56.7,crypto
53-57,5,min 0-3,none,exit12,297,-51.5,206,-55.7,-267.67,0.779,-55.7,crypto
53-57,5,min 0-3,none,exit14,297,-55.1,206,-54.8,-276.7,0.797,-55.1,crypto
53-57,5,min 0-3,none,hold,297,-51.9,206,-58.0,-273.53,0.803,-58.0,crypto
53-57,5,min 0-3,spot_with,exit10,145,-62.1,136,-55.7,-165.73,0.815,-62.1,crypto
53-57,5,min 0-3,spot_with,exit12,145,-53.7,136,-53.9,-151.26,0.829,-53.9,crypto
53-57,5,min 0-3,spot_with,exit14,145,-54.5,136,-62.5,-164.1,0.847,-62.5,crypto
53-57,5,min 0-3,spot_with,hold,145,-50.6,136,-59.9,-154.81,0.854,-59.9,crypto
53-57,5,min 0-6,kalshi_against,exit10,240,-52.1,162,-51.8,-209.07,0.803,-52.1,crypto
53-57,5,min 0-6,kalshi_against,exit12,240,-54.6,162,-56.7,-222.91,0.818,-56.7,crypto
53-57,5,min 0-6,kalshi_against,exit14,240,-55.0,162,-64.1,-235.86,0.831,-64.1,crypto
53-57,5,min 0-6,kalshi_against,hold,240,-56.8,162,-57.1,-228.85,0.841,-57.1,crypto
53-57,5,min 0-6,kalshi_with,exit10,254,-52.4,180,-6.7,-145.19,0.795,-52.4,crypto
53-57,5,min 0-6,kalshi_with,exit12,254,-46.8,180,-11.3,-139.29,0.809,-46.8,crypto
53-57,5,min 0-6,kalshi_with,exit14,254,-52.6,180,-10.0,-151.62,0.825,-52.6,crypto
53-57,5,min 0-6,kalshi_with,hold,254,-53.9,180,-6.2,-148.11,0.832,-53.9,crypto
53-57,5,min 0-6,none,exit10,308,-58.5,214,-59.4,-307.23,0.755,-59.4,crypto
53-57,5,min 0-6,none,exit12,308,-55.3,214,-60.0,-298.71,0.774,-60.0,crypto
53-57,5,min 0-6,none,exit14,308,-60.2,214,-58.7,-310.99,0.791,-60.2,crypto
53-57,5,min 0-6,none,hold,308,-57.1,214,-60.9,-306.26,0.799,-60.9,crypto
53-57,5,min 0-6,spot_with,exit10,158,-64.4,150,-50.7,-177.68,0.812,-64.4,crypto
53-57,5,min 0-6,spot_with,exit12,158,-59.4,150,-49.3,-167.81,0.825,-59.4,crypto
53-57,5,min 0-6,spot_with,exit14,158,-61.7,150,-57.4,-183.6,0.844,-61.7,crypto
53-57,5,min 0-6,spot_with,hold,158,-58.3,150,-55.0,-174.67,0.851,-58.3,crypto
53-57,5,min 0-9,kalshi_against,exit10,250,-56.4,171,-54.2,-233.63,0.791,-56.4,crypto
53-57,5,min 0-9,kalshi_against,exit12,250,-58.4,171,-61.5,-251.22,0.812,-61.5,crypto
53-57,5,min 0-9,kalshi_against,exit14,250,-59.3,171,-69.0,-266.12,0.824,-69.0,crypto
53-57,5,min 0-9,kalshi_against,hold,250,-61.3,171,-62.4,-259.84,0.834,-62.4,crypto
53-57,5,min 0-9,kalshi_with,exit10,270,-54.9,182,-6.1,-159.34,0.79,-54.9,crypto
53-57,5,min 0-9,kalshi_with,exit12,270,-50.1,182,-10.7,-154.72,0.805,-50.1,crypto
53-57,5,min 0-9,kalshi_with,exit14,270,-57.6,182,-9.4,-172.71,0.821,-57.6,crypto
53-57,5,min 0-9,kalshi_with,hold,270,-59.3,182,-5.6,-170.51,0.827,-59.3,crypto
53-57,5,min 0-9,none,exit10,312,-59.0,217,-59.7,-313.8,0.754,-59.7,crypto
53-57,5,min 0-9,none,exit12,312,-56.2,217,-61.4,-308.81,0.773,-61.4,crypto
53-57,5,min 0-9,none,exit14,312,-61.2,217,-60.3,-321.74,0.79,-61.2,crypto
53-57,5,min 0-9,none,hold,312,-58.3,217,-62.5,-317.47,0.798,-62.5,crypto
53-57,5,min 0-9,spot_with,exit10,166,-61.8,158,-52.7,-185.88,0.812,-61.8,crypto
53-57,5,min 0-9,spot_with,exit12,166,-57.3,158,-50.7,-175.34,0.824,-57.3,crypto
53-57,5,min 0-9,spot_with,exit14,166,-59.7,158,-52.9,-182.56,0.849,-59.7,crypto
53-57,5,min 0-9,spot_with,hold,166,-56.4,158,-50.6,-173.63,0.855,-56.4,crypto
53-57,10,min 0-12,kalshi_against,exit10,261,-48.4,177,-49.2,-213.36,0.712,-49.2,crypto
53-57,10,min 0-12,kalshi_against,exit12,261,-49.5,177,-50.2,-218.09,0.742,-50.2,crypto
53-57,10,min 0-12,kalshi_against,exit14,261,-42.7,177,-66.2,-228.56,0.772,-66.2,crypto
53-57,10,min 0-12,kalshi_against,hold,261,-41.2,177,-51.7,-199.13,0.79,-51.7,crypto
53-57,10,min 0-12,kalshi_with,exit10,277,-48.7,190,14.7,-106.97,0.713,-48.7,crypto
53-57,10,min 0-12,kalshi_with,exit12,277,-42.6,190,4.8,-108.92,0.732,-42.6,crypto
53-57,10,min 0-12,kalshi_with,exit14,277,-44.6,190,1.3,-121.12,0.764,-44.6,crypto
53-57,10,min 0-12,kalshi_with,hold,277,-45.5,190,8.3,-110.22,0.777,-45.5,crypto
53-57,10,min 0-12,none,exit10,318,-50.1,222,-47.4,-264.58,0.685,-50.1,crypto
53-57,10,min 0-12,none,exit12,318,-45.2,222,-42.3,-237.78,0.715,-45.2,crypto
53-57,10,min 0-12,none,exit14,318,-45.9,222,-43.9,-243.43,0.741,-45.9,crypto
53-57,10,min 0-12,none,hold,318,-40.7,222,-42.5,-223.61,0.754,-42.5,crypto
53-57,10,min 0-12,spot_with,exit10,170,-47.8,164,-40.5,-147.75,0.746,-47.8,crypto
53-57,10,min 0-12,spot_with,exit12,170,-43.6,164,-40.3,-140.07,0.763,-43.6,crypto
53-57,10,min 0-12,spot_with,exit14,170,-46.2,164,-42.5,-148.12,0.796,-46.2,crypto
53-57,10,min 0-12,spot_with,hold,170,-35.3,164,-35.7,-118.67,0.814,-35.7,crypto
53-57,10,min 0-3,kalshi_against,exit10,204,-35.8,137,-30.0,-114.17,0.754,-35.8,crypto
53-57,10,min 0-3,kalshi_against,exit12,204,-31.9,137,-30.3,-106.6,0.777,-31.9,crypto
53-57,10,min 0-3,kalshi_against,exit14,204,-20.9,137,-39.9,-97.23,0.806,-39.9,crypto
53-57,10,min 0-3,kalshi_against,hold,204,-17.5,137,-37.3,-86.65,0.818,-37.3,crypto
53-57,10,min 0-3,kalshi_with,exit10,219,-47.4,163,21.4,-68.89,0.728,-47.4,crypto
53-57,10,min 0-3,kalshi_with,exit12,219,-40.4,163,15.9,-62.56,0.743,-40.4,crypto
53-57,10,min 0-3,kalshi_with,exit14,219,-36.7,163,16.9,-52.94,0.775,-36.7,crypto
53-57,10,min 0-3,kalshi_with,hold,219,-36.2,163,18.6,-49.06,0.783,-36.2,crypto
53-57,10,min 0-3,none,exit10,297,-46.7,206,-36.1,-213.06,0.698,-46.7,crypto
53-57,10,min 0-3,none,exit12,297,-40.6,206,-33.1,-188.87,0.724,-40.6,crypto
53-57,10,min 0-3,none,exit14,297,-39.6,206,-30.5,-180.33,0.751,-39.6,crypto
53-57,10,min 0-3,none,hold,297,-33.7,206,-30.1,-162.19,0.763,-33.7,crypto
53-57,10,min 0-3,spot_with,exit10,145,-51.8,136,-37.4,-125.98,0.762,-51.8,crypto
53-57,10,min 0-3,spot_with,exit12,145,-42.2,136,-38.1,-113.06,0.779,-42.2,crypto
53-57,10,min 0-3,spot_with,exit14,145,-41.2,136,-46.9,-123.45,0.801,-46.9,crypto
53-57,10,min 0-3,spot_with,hold,145,-26.4,136,-38.6,-90.74,0.822,-38.6,crypto
53-57,10,min 0-6,kalshi_against,exit10,240,-47.1,162,-40.4,-178.58,0.729,-47.1,crypto
53-57,10,min 0-6,kalshi_against,exit12,240,-48.9,162,-45.8,-191.64,0.751,-48.9,crypto
53-57,10,min 0-6,kalshi_against,exit14,240,-43.6,162,-57.1,-197.21,0.776,-57.1,crypto
53-57,10,min 0-6,kalshi_against,hold,240,-41.8,162,-40.9,-166.5,0.796,-41.8,crypto
53-57,10,min 0-6,kalshi_with,exit10,254,-43.7,180,16.9,-80.59,0.728,-43.7,crypto
53-57,10,min 0-6,kalshi_with,exit12,254,-38.0,180,7.3,-83.32,0.744,-38.0,crypto
53-57,10,min 0-6,kalshi_with,exit14,254,-35.6,180,6.8,-78.21,0.774,-35.6,crypto
53-57,10,min 0-6,kalshi_with,hold,254,-34.7,180,14.5,-61.98,0.788,-34.7,crypto
53-57,10,min 0-6,none,exit10,308,-49.7,214,-40.2,-239.19,0.692,-49.7,crypto
53-57,10,min 0-6,none,exit12,308,-45.7,214,-39.1,-224.44,0.716,-45.7,crypto
53-57,10,min 0-6,none,exit14,308,-46.0,214,-36.3,-219.42,0.743,-46.0,crypto
53-57,10,min 0-6,none,hold,308,-40.4,214,-34.6,-198.59,0.757,-40.4,crypto
53-57,10,min 0-6,spot_with,exit10,158,-51.3,150,-38.5,-138.92,0.753,-51.3,crypto
53-57,10,min 0-6,spot_with,exit12,158,-45.2,150,-42.5,-135.26,0.769,-45.2,crypto
53-57,10,min 0-6,spot_with,exit14,158,-45.9,150,-51.4,-149.62,0.792,-51.4,crypto
53-57,10,min 0-6,spot_with,hold,158,-32.6,150,-43.9,-117.36,0.812,-43.9,crypto
53-57,10,min 0-9,kalshi_against,exit10,250,-52.7,171,-42.0,-203.53,0.717,-52.7,crypto
53-57,10,min 0-9,kalshi_against,exit12,250,-54.0,171,-49.8,-220.33,0.743,-54.0,crypto
53-57,10,min 0-9,kalshi_against,exit14,250,-49.0,171,-61.0,-226.76,0.77,-61.0,crypto
53-57,10,min 0-9,kalshi_against,hold,250,-47.5,171,-45.6,-196.78,0.789,-47.5,crypto
53-57,10,min 0-9,kalshi_with,exit10,270,-46.3,182,17.8,-92.66,0.721,-46.3,crypto
53-57,10,min 0-9,kalshi_with,exit12,270,-40.5,182,8.3,-94.25,0.739,-40.5,crypto
53-57,10,min 0-9,kalshi_with,exit14,270,-41.8,182,7.8,-98.74,0.77,-41.8,crypto
53-57,10,min 0-9,kalshi_with,hold,270,-41.5,182,15.4,-84.09,0.783,-41.5,crypto
53-57,10,min 0-9,none,exit10,312,-51.7,217,-40.4,-248.81,0.69,-51.7,crypto
53-57,10,min 0-9,none,exit12,312,-48.0,217,-40.5,-237.59,0.715,-48.0,crypto
53-57,10,min 0-9,none,exit14,312,-48.7,217,-37.8,-233.96,0.741,-48.7,crypto
53-57,10,min 0-9,none,hold,312,-43.3,217,-36.1,-213.59,0.754,-43.3,crypto
53-57,10,min 0-9,spot_with,exit10,166,-50.4,158,-39.5,-146.06,0.75,-50.4,crypto
53-57,10,min 0-9,spot_with,exit12,166,-43.4,158,-42.5,-139.31,0.769,-43.4,crypto
53-57,10,min 0-9,spot_with,exit14,166,-46.8,158,-43.6,-146.49,0.796,-46.8,crypto
53-57,10,min 0-9,spot_with,hold,166,-34.2,158,-36.5,-114.5,0.815,-36.5,crypto
53-57,15,min 0-12,kalshi_against,exit10,261,-50.3,177,-39.5,-201.18,0.626,-50.3,crypto
53-57,15,min 0-12,kalshi_against,exit12,261,-39.4,177,-40.2,-173.98,0.68,-40.2,crypto
53-57,15,min 0-12,kalshi_against,exit14,261,-32.0,177,-58.0,-186.04,0.728,-58.0,crypto
53-57,15,min 0-12,kalshi_against,hold,261,-32.4,177,-51.4,-175.63,0.742,-51.4,crypto
53-57,15,min 0-12,kalshi_with,exit10,277,-40.0,190,15.8,-80.72,0.63,-40.0,crypto
53-57,15,min 0-12,kalshi_with,exit12,277,-31.5,190,7.1,-73.56,0.662,-31.5,crypto
53-57,15,min 0-12,kalshi_with,exit14,277,-35.9,190,-3.6,-106.32,0.704,-35.9,crypto
53-57,15,min 0-12,kalshi_with,hold,277,-37.4,190,-2.6,-108.42,0.715,-37.4,crypto
53-57,15,min 0-12,none,exit10,318,-39.5,222,-37.3,-208.45,0.617,-39.5,crypto
53-57,15,min 0-12,none,exit12,318,-23.6,222,-33.3,-148.76,0.656,-33.3,crypto
53-57,15,min 0-12,none,exit14,318,-21.8,222,-37.7,-152.99,0.704,-37.7,crypto
53-57,15,min 0-12,none,hold,318,-16.7,222,-36.6,-134.22,0.717,-36.6,crypto
53-57,15,min 0-12,spot_with,exit10,170,-31.4,164,-27.1,-97.85,0.689,-31.4,crypto
53-57,15,min 0-12,spot_with,exit12,170,-26.5,164,-28.6,-92.01,0.71,-28.6,crypto
53-57,15,min 0-12,spot_with,exit14,170,-30.7,164,-34.8,-109.22,0.754,-34.8,crypto
53-57,15,min 0-12,spot_with,hold,170,-19.3,164,-28.4,-79.47,0.772,-28.4,crypto
53-57,15,min 0-3,kalshi_against,exit10,204,-31.6,137,-15.0,-85.11,0.672,-31.6,crypto
53-57,15,min 0-3,kalshi_against,exit12,204,-18.5,137,-14.5,-57.71,0.718,-18.5,crypto
53-57,15,min 0-3,kalshi_against,exit14,204,-5.2,137,-26.3,-46.55,0.768,-26.3,crypto
53-57,15,min 0-3,kalshi_against,hold,204,-1.8,137,-24.1,-36.65,0.78,-24.1,crypto
53-57,15,min 0-3,kalshi_with,exit10,219,-38.0,163,22.3,-46.95,0.639,-38.0,crypto
53-57,15,min 0-3,kalshi_with,exit12,219,-28.2,163,18.7,-31.28,0.67,-28.2,crypto
53-57,15,min 0-3,kalshi_with,exit14,219,-26.4,163,12.8,-36.97,0.715,-26.4,crypto
53-57,15,min 0-3,kalshi_with,hold,219,-26.1,163,12.7,-36.46,0.723,-26.1,crypto
53-57,15,min 0-3,none,exit10,297,-33.1,206,-23.5,-146.58,0.632,-33.1,crypto
53-57,15,min 0-3,none,exit12,297,-18.3,206,-21.6,-98.8,0.666,-21.6,crypto
53-57,15,min 0-3,none,exit14,297,-13.8,206,-22.1,-86.58,0.716,-22.1,crypto
53-57,15,min 0-3,none,hold,297,-7.9,206,-22.1,-69.03,0.728,-22.1,crypto
53-57,15,min 0-3,spot_with,exit10,145,-37.4,136,-21.6,-83.53,0.701,-37.4,crypto
53-57,15,min 0-3,spot_with,exit12,145,-27.0,136,-25.3,-73.57,0.726,-27.0,crypto
53-57,15,min 0-3,spot_with,exit14,145,-28.5,136,-40.1,-95.74,0.754,-40.1,crypto
53-57,15,min 0-3,spot_with,hold,145,-13.1,136,-32.2,-62.73,0.776,-32.2,crypto
53-57,15,min 0-6,kalshi_against,exit10,240,-44.7,162,-31.5,-158.25,0.647,-44.7,crypto
53-57,15,min 0-6,kalshi_against,exit12,240,-39.2,162,-36.7,-153.66,0.689,-39.2,crypto
53-57,15,min 0-6,kalshi_against,exit14,240,-32.0,162,-50.2,-158.17,0.731,-50.2,crypto
53-57,15,min 0-6,kalshi_against,hold,240,-31.8,162,-42.7,-145.55,0.746,-42.7,crypto
53-57,15,min 0-6,kalshi_with,exit10,254,-32.1,180,16.9,-51.15,0.643,-32.1,crypto
53-57,15,min 0-6,kalshi_with,exit12,254,-24.4,180,8.5,-46.66,0.673,-24.4,crypto
53-57,15,min 0-6,kalshi_with,exit14,254,-24.0,180,0.2,-60.45,0.714,-24.0,crypto
53-57,15,min 0-6,kalshi_with,hold,254,-23.2,180,1.5,-56.11,0.726,-23.2,crypto
53-57,15,min 0-6,none,exit10,308,-35.3,214,-30.5,-174.01,0.626,-35.3,crypto
53-57,15,min 0-6,none,exit12,308,-22.9,214,-30.7,-136.23,0.659,-30.7,crypto
53-57,15,min 0-6,none,exit14,308,-19.9,214,-31.0,-127.71,0.707,-31.0,crypto
53-57,15,min 0-6,none,hold,308,-14.3,214,-29.6,-107.47,0.72,-29.6,crypto
53-57,15,min 0-6,spot_with,exit10,158,-36.0,150,-25.4,-94.9,0.695,-36.0,crypto
53-57,15,min 0-6,spot_with,exit12,158,-29.1,150,-32.3,-94.48,0.718,-32.3,crypto
53-57,15,min 0-6,spot_with,exit14,158,-32.1,150,-47.0,-121.18,0.747,-47.0,crypto
53-57,15,min 0-6,spot_with,hold,158,-18.2,150,-39.9,-88.62,0.766,-39.9,crypto
53-57,15,min 0-9,kalshi_against,exit10,250,-52.0,171,-32.2,-185.01,0.634,-52.0,crypto
53-57,15,min 0-9,kalshi_against,exit12,250,-44.5,171,-39.9,-179.49,0.682,-44.5,crypto
53-57,15,min 0-9,kalshi_against,exit14,250,-36.7,171,-53.0,-182.41,0.727,-53.0,crypto
53-57,15,min 0-9,kalshi_against,hold,250,-36.8,171,-45.9,-170.52,0.741,-45.9,crypto
53-57,15,min 0-9,kalshi_with,exit10,270,-35.4,182,18.5,-61.93,0.637,-35.4,crypto
53-57,15,min 0-9,kalshi_with,exit12,270,-28.4,182,10.1,-58.17,0.668,-28.4,crypto
53-57,15,min 0-9,kalshi_with,exit14,270,-31.4,182,2.0,-81.14,0.71,-31.4,crypto
53-57,15,min 0-9,kalshi_with,hold,270,-31.4,182,3.2,-79.03,0.721,-31.4,crypto
53-57,15,min 0-9,none,exit10,312,-38.7,217,-30.2,-186.14,0.624,-38.7,crypto
53-57,15,min 0-9,none,exit12,312,-25.1,217,-31.6,-146.92,0.658,-31.6,crypto
53-57,15,min 0-9,none,exit14,312,-22.6,217,-31.9,-139.79,0.705,-31.9,crypto
53-57,15,min 0-9,none,hold,312,-17.2,217,-30.6,-120.01,0.718,-30.6,crypto
53-57,15,min 0-9,spot_with,exit10,166,-34.7,158,-25.9,-98.52,0.691,-34.7,crypto
53-57,15,min 0-9,spot_with,exit12,166,-26.5,158,-31.4,-93.59,0.716,-31.4,crypto
53-57,15,min 0-9,spot_with,exit14,166,-32.0,158,-36.8,-111.27,0.753,-36.8,crypto
53-57,15,min 0-9,spot_with,hold,166,-19.0,158,-30.1,-78.98,0.772,-30.1,crypto
53-57,20,min 0-12,kalshi_against,exit10,261,-34.9,177,-32.0,-147.66,0.555,-34.9,crypto
53-57,20,min 0-12,kalshi_against,exit12,261,-21.9,177,-32.6,-114.98,0.63,-32.6,crypto
53-57,20,min 0-12,kalshi_against,exit14,261,-13.2,177,-48.8,-120.7,0.692,-48.8,crypto
53-57,20,min 0-12,kalshi_against,hold,261,-12.0,177,-41.9,-105.46,0.71,-41.9,crypto
53-57,20,min 0-12,kalshi_with,exit10,277,-29.6,190,21.8,-40.67,0.555,-29.6,crypto
53-57,20,min 0-12,kalshi_with,exit12,277,-19.9,190,9.3,-37.34,0.604,-19.9,crypto
53-57,20,min 0-12,kalshi_with,exit14,277,-24.7,190,5.1,-58.82,0.666,-24.7,crypto
53-57,20,min 0-12,kalshi_with,hold,277,-26.0,190,6.8,-59.02,0.681,-26.0,crypto
53-57,20,min 0-12,none,exit10,318,-27.6,222,-25.7,-144.8,0.554,-27.6,crypto
53-57,20,min 0-12,none,exit12,318,-6.9,222,-25.4,-78.18,0.613,-25.4,crypto
53-57,20,min 0-12,none,exit14,318,-4.5,222,-28.4,-77.45,0.67,-28.4,crypto
53-57,20,min 0-12,none,hold,318,0.7,222,-27.0,-57.75,0.685,-27.0,crypto
53-57,20,min 0-12,spot_with,exit10,170,-16.7,164,-22.0,-64.41,0.62,-22.0,crypto
53-57,20,min 0-12,spot_with,exit12,170,-14.3,164,-23.4,-62.65,0.656,-23.4,crypto
53-57,20,min 0-12,spot_with,exit14,170,-14.0,164,-25.4,-65.51,0.722,-25.4,crypto
53-57,20,min 0-12,spot_with,hold,170,-3.4,164,-19.0,-36.91,0.74,-19.0,crypto
53-57,20,min 0-3,kalshi_against,exit10,204,-15.8,137,-8.5,-43.75,0.601,-15.8,crypto
53-57,20,min 0-3,kalshi_against,exit12,204,2.3,137,-7.1,-4.91,0.666,-7.1,crypto
53-57,20,min 0-3,kalshi_against,exit14,204,16.3,137,-16.6,10.51,0.73,-16.6,crypto
53-57,20,min 0-3,kalshi_against,hold,204,19.4,137,-14.7,19.39,0.745,-14.7,crypto
53-57,20,min 0-3,kalshi_with,exit10,219,-25.9,163,24.0,-17.48,0.565,-25.9,crypto
53-57,20,min 0-3,kalshi_with,exit12,219,-16.4,163,15.6,-10.41,0.61,-16.4,crypto
53-57,20,min 0-3,kalshi_with,exit14,219,-17.4,163,16.1,-11.98,0.67,-17.4,crypto
53-57,20,min 0-3,kalshi_with,hold,219,-17.1,163,16.9,-10.01,0.683,-17.1,crypto
53-57,20,min 0-3,none,exit10,297,-21.4,206,-12.5,-89.22,0.569,-21.4,crypto
53-57,20,min 0-3,none,exit12,297,-2.5,206,-14.3,-37.07,0.62,-14.3,crypto
53-57,20,min 0-3,none,exit14,297,2.6,206,-13.9,-20.82,0.68,-13.9,crypto
53-57,20,min 0-3,none,hold,297,8.6,206,-14.0,-3.48,0.694,-14.0,crypto
53-57,20,min 0-3,spot_with,exit10,145,-24.3,136,-22.8,-66.24,0.626,-24.3,crypto
53-57,20,min 0-3,spot_with,exit12,145,-15.6,136,-27.3,-59.65,0.665,-27.3,crypto
53-57,20,min 0-3,spot_with,exit14,145,-13.6,136,-37.6,-70.87,0.715,-37.6,crypto
53-57,20,min 0-3,spot_with,hold,145,0.8,136,-29.6,-39.01,0.737,-29.6,crypto
53-57,20,min 0-6,kalshi_against,exit10,240,-29.1,162,-25.1,-110.4,0.58,-29.1,crypto
53-57,20,min 0-6,kalshi_against,exit12,240,-20.6,162,-30.9,-99.61,0.639,-30.9,crypto
53-57,20,min 0-6,kalshi_against,exit14,240,-13.4,162,-43.2,-102.12,0.694,-43.2,crypto
53-57,20,min 0-6,kalshi_against,hold,240,-13.6,162,-35.3,-89.93,0.711,-35.3,crypto
53-57,20,min 0-6,kalshi_with,exit10,254,-22.0,180,21.8,-16.78,0.569,-22.0,crypto
53-57,20,min 0-6,kalshi_with,exit12,254,-13.7,180,8.9,-18.91,0.615,-13.7,crypto
53-57,20,min 0-6,kalshi_with,exit14,254,-14.2,180,6.8,-23.8,0.673,-14.2,crypto
53-57,20,min 0-6,kalshi_with,hold,254,-13.1,180,8.8,-17.56,0.689,-13.1,crypto
53-57,20,min 0-6,none,exit10,308,-23.3,214,-19.3,-112.95,0.563,-23.3,crypto
53-57,20,min 0-6,none,exit12,308,-7.0,214,-23.0,-70.8,0.615,-23.0,crypto
53-57,20,min 0-6,none,exit14,308,-3.4,214,-22.3,-58.25,0.672,-22.3,crypto
53-57,20,min 0-6,none,hold,308,2.3,214,-20.6,-37.08,0.688,-20.6,crypto
53-57,20,min 0-6,spot_with,exit10,158,-22.4,150,-22.4,-69.07,0.623,-22.4,crypto
53-57,20,min 0-6,spot_with,exit12,158,-17.1,150,-30.0,-72.02,0.662,-30.0,crypto
53-57,20,min 0-6,spot_with,exit14,158,-16.6,150,-40.7,-87.26,0.711,-40.7,crypto
53-57,20,min 0-6,spot_with,hold,158,-3.6,150,-33.4,-55.85,0.731,-33.4,crypto
53-57,20,min 0-9,kalshi_against,exit10,250,-36.6,171,-24.9,-134.08,0.563,-36.6,crypto
53-57,20,min 0-9,kalshi_against,exit12,250,-26.1,171,-32.2,-120.2,0.634,-32.2,crypto
53-57,20,min 0-9,kalshi_against,exit14,250,-17.4,171,-44.2,-119.14,0.691,-44.2,crypto
53-57,20,min 0-9,kalshi_against,hold,250,-17.9,171,-36.8,-107.68,0.708,-36.8,crypto
53-57,20,min 0-9,kalshi_with,exit10,270,-24.8,182,23.1,-24.77,0.564,-24.8,crypto
53-57,20,min 0-9,kalshi_with,exit12,270,-17.1,182,10.9,-26.49,0.613,-17.1,crypto
53-57,20,min 0-9,kalshi_with,exit14,270,-20.6,182,8.8,-39.52,0.67,-20.6,crypto
53-57,20,min 0-9,kalshi_with,hold,270,-20.4,182,10.8,-35.51,0.686,-20.4,crypto
53-57,20,min 0-9,none,exit10,312,-26.6,217,-18.7,-123.74,0.561,-26.6,crypto
53-57,20,min 0-9,none,exit12,312,-9.1,217,-23.6,-79.74,0.614,-23.6,crypto
53-57,20,min 0-9,none,exit14,312,-6.0,217,-23.0,-68.58,0.671,-23.0,crypto
53-57,20,min 0-9,none,hold,312,-0.5,217,-21.4,-47.87,0.686,-21.4,crypto
53-57,20,min 0-9,spot_with,exit10,166,-20.7,158,-22.3,-69.62,0.62,-22.3,crypto
53-57,20,min 0-9,spot_with,exit12,166,-13.8,158,-27.9,-66.92,0.664,-27.9,crypto
53-57,20,min 0-9,spot_with,exit14,166,-16.0,158,-29.2,-72.72,0.719,-29.2,crypto
53-57,20,min 0-9,spot_with,hold,166,-3.7,158,-22.4,-41.58,0.738,-22.4,crypto
53-57,25,min 0-12,kalshi_against,exit10,261,-33.7,177,-28.4,-138.14,0.468,-33.7,crypto
53-57,25,min 0-12,kalshi_against,exit12,261,-17.7,177,-25.7,-91.61,0.566,-25.7,crypto
53-57,25,min 0-12,kalshi_against,exit14,261,-10.3,177,-42.1,-101.44,0.646,-42.1,crypto
53-57,25,min 0-12,kalshi_against,hold,261,-6.9,177,-35.7,-81.05,0.674,-35.7,crypto
53-57,25,min 0-12,kalshi_with,exit10,277,-19.9,190,18.9,-19.14,0.48,-19.9,crypto
53-57,25,min 0-12,kalshi_with,exit12,277,-13.0,190,10.7,-15.61,0.552,-13.0,crypto
53-57,25,min 0-12,kalshi_with,exit14,277,-21.1,190,8.4,-42.49,0.621,-21.1,crypto
53-57,25,min 0-12,kalshi_with,hold,277,-20.3,190,11.0,-35.23,0.647,-20.3,crypto
53-57,25,min 0-12,none,exit10,318,-21.1,222,-28.0,-129.35,0.472,-28.0,crypto
53-57,25,min 0-12,none,exit12,318,-0.9,222,-27.1,-63.23,0.554,-27.1,crypto
53-57,25,min 0-12,none,exit14,318,-0.9,222,-28.6,-66.37,0.624,-28.6,crypto
53-57,25,min 0-12,none,hold,318,7.8,222,-27.6,-36.48,0.646,-27.6,crypto
53-57,25,min 0-12,spot_with,exit10,170,-10.2,164,-29.8,-66.22,0.527,-29.8,crypto
53-57,25,min 0-12,spot_with,exit12,170,-5.0,164,-31.7,-60.46,0.593,-31.7,crypto
53-57,25,min 0-12,spot_with,exit14,170,-0.4,164,-27.8,-46.16,0.677,-27.8,crypto
53-57,25,min 0-12,spot_with,hold,170,15.2,164,-23.1,-12.06,0.704,-23.1,crypto
53-57,25,min 0-3,kalshi_against,exit10,204,-8.7,137,-5.1,-24.84,0.513,-8.7,crypto
53-57,25,min 0-3,kalshi_against,exit12,204,17.6,137,1.7,38.19,0.613,1.7,crypto
53-57,25,min 0-3,kalshi_against,exit14,204,27.8,137,-8.1,45.49,0.689,-8.1,crypto
53-57,25,min 0-3,kalshi_against,hold,204,33.2,137,-6.8,58.49,0.713,-6.8,crypto
53-57,25,min 0-3,kalshi_with,exit10,219,-18.8,163,19.4,-9.64,0.482,-18.8,crypto
53-57,25,min 0-3,kalshi_with,exit12,219,-9.2,163,14.9,4.06,0.558,-9.2,crypto
53-57,25,min 0-3,kalshi_with,exit14,219,-13.0,163,18.5,1.61,0.623,-13.0,crypto
53-57,25,min 0-3,kalshi_with,hold,219,-6.6,163,17.9,14.73,0.649,-6.6,crypto
53-57,25,min 0-3,none,exit10,297,-14.4,206,-14.1,-71.67,0.487,-14.4,crypto
53-57,25,min 0-3,none,exit12,297,5.9,206,-14.4,-11.97,0.567,-14.4,crypto
53-57,25,min 0-3,none,exit14,297,7.4,206,-11.6,-2.0,0.634,-11.6,crypto
53-57,25,min 0-3,none,hold,297,17.0,206,-12.2,25.53,0.656,-12.2,crypto
53-57,25,min 0-3,spot_with,exit10,145,-19.7,136,-34.5,-75.51,0.53,-34.5,crypto
53-57,25,min 0-3,spot_with,exit12,145,-5.4,136,-41.5,-64.33,0.601,-41.5,crypto
53-57,25,min 0-3,spot_with,exit14,145,-3.5,136,-47.7,-70.07,0.662,-47.7,crypto
53-57,25,min 0-3,spot_with,hold,145,16.8,136,-42.0,-32.71,0.694,-42.0,crypto
53-57,25,min 0-6,kalshi_against,exit10,240,-26.8,162,-21.8,-99.47,0.49,-26.8,crypto
53-57,25,min 0-6,kalshi_against,exit12,240,-12.1,162,-24.3,-68.45,0.585,-24.3,crypto
53-57,25,min 0-6,kalshi_against,exit14,240,-8.5,162,-37.9,-81.69,0.649,-37.9,crypto
53-57,25,min 0-6,kalshi_against,hold,240,-4.0,162,-30.4,-58.93,0.677,-30.4,crypto
53-57,25,min 0-6,kalshi_with,exit10,254,-12.6,180,17.5,-0.45,0.491,-12.6,crypto
53-57,25,min 0-6,kalshi_with,exit12,254,-5.8,180,9.7,2.76,0.565,-5.8,crypto
53-57,25,min 0-6,kalshi_with,exit14,254,-8.8,180,8.5,-6.97,0.627,-8.8,crypto
53-57,25,min 0-6,kalshi_with,hold,254,-5.5,180,11.5,6.73,0.654,-5.5,crypto
53-57,25,min 0-6,none,exit10,308,-16.2,214,-22.1,-97.1,0.481,-22.1,crypto
53-57,25,min 0-6,none,exit12,308,1.1,214,-25.7,-51.63,0.559,-25.7,crypto
53-57,25,min 0-6,none,exit14,308,2.0,214,-23.5,-44.09,0.626,-23.5,crypto
53-57,25,min 0-6,none,hold,308,11.3,214,-22.2,-12.73,0.649,-22.2,crypto
53-57,25,min 0-6,spot_with,exit10,158,-17.6,150,-33.1,-77.55,0.523,-33.1,crypto
53-57,25,min 0-6,spot_with,exit12,158,-8.8,150,-41.2,-75.77,0.597,-41.2,crypto
53-57,25,min 0-6,spot_with,exit14,158,-4.4,150,-48.1,-79.17,0.662,-48.1,crypto
53-57,25,min 0-6,spot_with,hold,158,14.0,150,-43.0,-42.26,0.692,-43.0,crypto
53-57,25,min 0-9,kalshi_against,exit10,250,-34.9,171,-21.3,-123.76,0.475,-34.9,crypto
53-57,25,min 0-9,kalshi_against,exit12,250,-20.8,171,-25.6,-95.87,0.572,-25.6,crypto
53-57,25,min 0-9,kalshi_against,exit14,250,-14.8,171,-38.1,-102.22,0.646,-38.1,crypto
53-57,25,min 0-9,kalshi_against,hold,250,-10.8,171,-31.1,-80.19,0.672,-31.1,crypto
53-57,25,min 0-9,kalshi_with,exit10,270,-15.0,182,19.2,-5.44,0.487,-15.0,crypto
53-57,25,min 0-9,kalshi_with,exit12,270,-10.4,182,12.2,-5.91,0.562,-10.4,crypto
53-57,25,min 0-9,kalshi_with,exit14,270,-17.2,182,11.0,-26.43,0.624,-17.2,crypto
53-57,25,min 0-9,kalshi_with,hold,270,-14.9,182,13.9,-14.96,0.65,-14.9,crypto
53-57,25,min 0-9,none,exit10,312,-20.1,217,-21.2,-108.5,0.478,-21.2,crypto
53-57,25,min 0-9,none,exit12,312,-3.7,217,-25.9,-67.72,0.556,-25.9,crypto
53-57,25,min 0-9,none,exit14,312,-2.9,217,-23.8,-60.64,0.624,-23.8,crypto
53-57,25,min 0-9,none,hold,312,6.1,217,-22.5,-29.74,0.647,-22.5,crypto
53-57,25,min 0-9,spot_with,exit10,166,-14.8,158,-31.4,-74.25,0.525,-31.4,crypto
53-57,25,min 0-9,spot_with,exit12,166,-4.3,158,-37.2,-65.89,0.602,-37.2,crypto
53-57,25,min 0-9,spot_with,exit14,166,-2.7,158,-33.7,-57.76,0.673,-33.7,crypto
53-57,25,min 0-9,spot_with,hold,166,14.7,158,-28.8,-21.12,0.701,-28.8,crypto
53-57,30,min 0-12,kalshi_against,exit10,261,-35.5,177,-25.6,-138.01,0.358,-35.5,crypto
53-57,30,min 0-12,kalshi_against,exit12,261,-22.6,177,-19.6,-93.84,0.489,-22.6,crypto
53-57,30,min 0-12,kalshi_against,exit14,261,-8.2,177,-40.5,-93.1,0.596,-40.5,crypto
53-57,30,min 0-12,kalshi_against,hold,261,-3.2,177,-30.6,-62.69,0.632,-30.6,crypto
53-57,30,min 0-12,kalshi_with,exit10,277,-17.2,190,27.9,5.38,0.407,-17.2,crypto
53-57,30,min 0-12,kalshi_with,exit12,277,-12.7,190,16.5,-3.76,0.482,-12.7,crypto
53-57,30,min 0-12,kalshi_with,exit14,277,-22.6,190,15.1,-33.95,0.578,-22.6,crypto
53-57,30,min 0-12,kalshi_with,hold,277,-17.2,190,20.7,-8.25,0.612,-17.2,crypto
53-57,30,min 0-12,none,exit10,318,-20.5,222,-21.3,-112.48,0.387,-21.3,crypto
53-57,30,min 0-12,none,exit12,318,-1.3,222,-25.0,-59.46,0.485,-25.0,crypto
53-57,30,min 0-12,none,exit14,318,9.5,222,-32.4,-41.86,0.58,-32.4,crypto
53-57,30,min 0-12,none,hold,318,18.4,222,-27.2,-1.9,0.613,-27.2,crypto
53-57,30,min 0-12,spot_with,exit10,170,-16.2,164,-21.5,-62.81,0.419,-21.5,crypto
53-57,30,min 0-12,spot_with,exit12,170,-11.1,164,-30.0,-68.05,0.518,-30.0,crypto
53-57,30,min 0-12,spot_with,exit14,170,-5.6,164,-30.4,-59.36,0.623,-30.4,crypto
53-57,30,min 0-12,spot_with,hold,170,11.2,164,-20.2,-14.02,0.662,-20.2,crypto
53-57,30,min 0-3,kalshi_against,exit10,204,-10.9,137,-5.3,-29.45,0.393,-10.9,crypto
53-57,30,min 0-3,kalshi_against,exit12,204,12.6,137,7.5,35.89,0.525,7.5,crypto
53-57,30,min 0-3,kalshi_against,exit14,204,26.7,137,-7.0,44.95,0.63,-7.0,crypto
53-57,30,min 0-3,kalshi_against,hold,204,34.7,137,-2.5,67.42,0.666,-2.5,crypto
53-57,30,min 0-3,kalshi_with,exit10,219,-18.6,163,27.6,4.27,0.411,-18.6,crypto
53-57,30,min 0-3,kalshi_with,exit12,219,-12.3,163,23.4,11.22,0.492,-12.3,crypto
53-57,30,min 0-3,kalshi_with,exit14,219,-12.3,163,26.0,15.44,0.581,-12.3,crypto
53-57,30,min 0-3,kalshi_with,hold,219,-3.1,163,28.2,39.19,0.615,-3.1,crypto
53-57,30,min 0-3,none,exit10,297,-13.2,206,-7.7,-55.0,0.402,-13.2,crypto
53-57,30,min 0-3,none,exit12,297,5.9,206,-10.4,-3.93,0.497,-10.4,crypto
53-57,30,min 0-3,none,exit14,297,16.3,206,-13.0,21.66,0.588,-13.0,crypto
53-57,30,min 0-3,none,hold,297,26.3,206,-9.6,58.29,0.622,-9.6,crypto
53-57,30,min 0-3,spot_with,exit10,145,-25.0,136,-28.3,-74.66,0.431,-28.3,crypto
53-57,30,min 0-3,spot_with,exit12,145,-8.5,136,-38.3,-64.37,0.534,-38.3,crypto
53-57,30,min 0-3,spot_with,exit14,145,2.7,136,-48.3,-61.76,0.619,-48.3,crypto
53-57,30,min 0-3,spot_with,hold,145,22.8,136,-33.3,-12.27,0.662,-33.3,crypto
53-57,30,min 0-6,kalshi_against,exit10,240,-29.5,162,-20.5,-104.08,0.371,-29.5,crypto
53-57,30,min 0-6,kalshi_against,exit12,240,-18.6,162,-19.6,-76.36,0.5,-19.6,crypto
53-57,30,min 0-6,kalshi_against,exit14,240,-8.7,162,-38.8,-83.78,0.595,-38.8,crypto
53-57,30,min 0-6,kalshi_against,hold,240,-2.8,162,-27.6,-51.53,0.632,-27.6,crypto
53-57,30,min 0-6,kalshi_with,exit10,254,-10.4,180,26.3,20.97,0.415,-10.4,crypto
53-57,30,min 0-6,kalshi_with,exit12,254,-5.1,180,15.0,13.88,0.495,-5.1,crypto
53-57,30,min 0-6,kalshi_with,exit14,254,-6.6,180,13.5,7.51,0.585,-6.6,crypto
53-57,30,min 0-6,kalshi_with,hold,254,2.3,180,19.6,41.14,0.622,2.3,crypto
53-57,30,min 0-6,none,exit10,308,-15.6,214,-16.0,-82.44,0.393,-16.0,crypto
53-57,30,min 0-6,none,exit12,308,0.2,214,-23.9,-50.39,0.489,-23.9,crypto
53-57,30,min 0-6,none,exit14,308,11.8,214,-28.2,-24.01,0.58,-28.2,crypto
53-57,30,min 0-6,none,hold,308,21.4,214,-22.6,17.42,0.615,-22.6,crypto
53-57,30,min 0-6,spot_with,exit10,158,-25.2,150,-26.0,-78.83,0.419,-26.0,crypto
53-57,30,min 0-6,spot_with,exit12,158,-14.9,150,-41.4,-85.64,0.523,-41.4,crypto
53-57,30,min 0-6,spot_with,exit14,158,-1.2,150,-50.9,-78.29,0.617,-50.9,crypto
53-57,30,min 0-6,spot_with,hold,158,17.0,150,-37.5,-29.34,0.656,-37.5,crypto
53-57,30,min 0-9,kalshi_against,exit10,250,-37.6,171,-19.1,-126.58,0.361,-37.6,crypto
53-57,30,min 0-9,kalshi_against,exit12,250,-26.8,171,-19.5,-100.41,0.492,-26.8,crypto
53-57,30,min 0-9,kalshi_against,exit14,250,-14.3,171,-37.1,-99.04,0.594,-37.1,crypto
53-57,30,min 0-9,kalshi_against,hold,250,-8.9,171,-26.5,-67.52,0.629,-26.5,crypto
53-57,30,min 0-9,kalshi_with,exit10,270,-12.5,182,28.2,17.6,0.412,-12.5,crypto
53-57,30,min 0-9,kalshi_with,exit12,270,-9.9,182,18.0,6.12,0.491,-9.9,crypto
53-57,30,min 0-9,kalshi_with,exit14,270,-19.3,182,16.6,-22.01,0.58,-19.3,crypto
53-57,30,min 0-9,kalshi_with,hold,270,-12.3,182,22.6,7.9,0.615,-12.3,crypto
53-57,30,min 0-9,none,exit10,312,-19.5,217,-14.8,-92.89,0.391,-19.5,crypto
53-57,30,min 0-9,none,exit12,312,-4.5,217,-23.7,-65.53,0.486,-23.7,crypto
53-57,30,min 0-9,none,exit14,312,7.0,217,-28.1,-39.08,0.578,-28.1,crypto
53-57,30,min 0-9,none,hold,312,16.3,217,-22.5,1.89,0.612,-22.5,crypto
53-57,30,min 0-9,spot_with,exit10,166,-22.2,158,-23.5,-74.01,0.414,-23.5,crypto
53-57,30,min 0-9,spot_with,exit12,166,-10.5,158,-35.8,-74.01,0.525,-35.8,crypto
53-57,30,min 0-9,spot_with,exit14,166,-7.1,158,-37.4,-70.83,0.62,-37.4,crypto
53-57,30,min 0-9,spot_with,hold,166,9.2,158,-26.6,-26.78,0.657,-26.6,crypto
58-62,5,min 0-12,kalshi_against,exit10,263,-17.1,162,-28.6,-91.36,0.854,-28.6,crypto
58-62,5,min 0-12,kalshi_against,exit12,263,-19.8,162,-38.0,-113.69,0.875,-38.0,crypto
58-62,5,min 0-12,kalshi_against,exit14,263,-15.4,162,-29.1,-87.69,0.904,-29.1,crypto
58-62,5,min 0-12,kalshi_against,hold,263,-17.9,162,-24.7,-87.23,0.908,-24.7,crypto
58-62,5,min 0-12,kalshi_with,exit10,306,-47.1,204,-0.4,-144.91,0.824,-47.1,crypto
58-62,5,min 0-12,kalshi_with,exit12,306,-42.9,204,-2.1,-135.67,0.839,-42.9,crypto
58-62,5,min 0-12,kalshi_with,exit14,306,-37.4,204,-6.2,-127.01,0.863,-37.4,crypto
58-62,5,min 0-12,kalshi_with,hold,306,-32.3,204,-4.5,-108.09,0.873,-32.3,crypto
58-62,5,min 0-12,none,exit10,342,-55.1,226,2.4,-182.99,0.808,-55.1,crypto
58-62,5,min 0-12,none,exit12,342,-53.3,226,1.0,-179.92,0.826,-53.3,crypto
58-62,5,min 0-12,none,exit14,342,-48.2,226,-1.4,-167.86,0.845,-48.2,crypto
58-62,5,min 0-12,none,hold,342,-44.8,226,0.3,-152.78,0.854,-44.8,crypto
58-62,5,min 0-12,spot_with,exit10,190,-37.3,183,-20.4,-108.16,0.869,-37.3,crypto
58-62,5,min 0-12,spot_with,exit12,190,-35.5,183,-19.4,-102.95,0.885,-35.5,crypto
58-62,5,min 0-12,spot_with,exit14,190,-24.1,183,-24.8,-91.26,0.903,-24.8,crypto
58-62,5,min 0-12,spot_with,hold,190,-21.9,183,-21.0,-80.17,0.914,-21.9,crypto
58-62,5,min 0-3,kalshi_against,exit10,161,-10.9,99,-7.6,-25.03,0.877,-10.9,crypto
58-62,5,min 0-3,kalshi_against,exit12,161,-11.2,99,-12.4,-30.25,0.896,-12.4,crypto
58-62,5,min 0-3,kalshi_against,exit14,161,-8.4,99,-11.1,-24.39,0.912,-11.1,crypto
58-62,5,min 0-3,kalshi_against,hold,161,-12.2,99,-8.0,-27.53,0.915,-12.2,crypto
58-62,5,min 0-3,kalshi_with,exit10,264,-43.2,184,10.4,-94.91,0.833,-43.2,crypto
58-62,5,min 0-3,kalshi_with,exit12,264,-37.4,184,8.5,-83.15,0.85,-37.4,crypto
58-62,5,min 0-3,kalshi_with,exit14,264,-29.9,184,7.0,-66.12,0.873,-29.9,crypto
58-62,5,min 0-3,kalshi_with,hold,264,-23.0,184,9.0,-44.3,0.884,-23.0,crypto
58-62,5,min 0-3,none,exit10,321,-50.8,215,4.9,-152.43,0.813,-50.8,crypto
58-62,5,min 0-3,none,exit12,321,-49.2,215,3.1,-151.36,0.828,-49.2,crypto
58-62,5,min 0-3,none,exit14,321,-43.4,215,0.7,-137.99,0.847,-43.4,crypto
58-62,5,min 0-3,none,hold,321,-39.8,215,2.4,-122.73,0.856,-39.8,crypto
58-62,5,min 0-3,spot_with,exit10,172,-36.3,166,-12.7,-83.37,0.882,-36.3,crypto
58-62,5,min 0-3,spot_with,exit12,172,-32.3,166,-14.3,-79.39,0.893,-32.3,crypto
58-62,5,min 0-3,spot_with,exit14,172,-17.2,166,-18.3,-60.05,0.914,-18.3,crypto
58-62,5,min 0-3,spot_with,hold,172,-13.2,166,-14.0,-45.97,0.926,-14.0,crypto
58-62,5,min 0-6,kalshi_against,exit10,227,-17.7,132,-23.2,-70.81,0.861,-23.2,crypto
58-62,5,min 0-6,kalshi_against,exit12,227,-19.9,132,-26.6,-80.13,0.886,-26.6,crypto
58-62,5,min 0-6,kalshi_against,exit14,227,-17.2,132,-27.1,-74.89,0.9,-27.1,crypto
58-62,5,min 0-6,kalshi_against,hold,227,-20.0,132,-21.7,-74.16,0.905,-21.7,crypto
58-62,5,min 0-6,kalshi_with,exit10,289,-44.8,197,5.1,-119.2,0.829,-44.8,crypto
58-62,5,min 0-6,kalshi_with,exit12,289,-39.6,197,1.1,-112.36,0.846,-39.6,crypto
58-62,5,min 0-6,kalshi_with,exit14,289,-33.5,197,-0.9,-98.54,0.868,-33.5,crypto
58-62,5,min 0-6,kalshi_with,hold,289,-27.3,197,0.9,-77.08,0.879,-27.3,crypto
58-62,5,min 0-6,none,exit10,337,-53.8,222,5.4,-169.38,0.812,-53.8,crypto
58-62,5,min 0-6,none,exit12,337,-52.8,222,3.7,-169.6,0.826,-52.8,crypto
58-62,5,min 0-6,none,exit14,337,-47.3,222,1.3,-156.62,0.846,-47.3,crypto
58-62,5,min 0-6,none,hold,337,-44.0,222,3.0,-141.54,0.855,-44.0,crypto
58-62,5,min 0-6,spot_with,exit10,185,-37.8,176,-14.4,-95.29,0.878,-37.8,crypto
58-62,5,min 0-6,spot_with,exit12,185,-34.1,176,-15.5,-90.37,0.892,-34.1,crypto
58-62,5,min 0-6,spot_with,exit14,185,-20.4,176,-19.4,-71.86,0.911,-20.4,crypto
58-62,5,min 0-6,spot_with,hold,185,-16.7,176,-15.3,-57.96,0.922,-16.7,crypto
58-62,5,min 0-9,kalshi_against,exit10,250,-20.2,150,-30.9,-96.81,0.855,-30.9,crypto
58-62,5,min 0-9,kalshi_against,exit12,250,-20.6,150,-36.7,-106.67,0.882,-36.7,crypto
58-62,5,min 0-9,kalshi_against,exit14,250,-18.8,150,-34.2,-98.43,0.898,-34.2,crypto
58-62,5,min 0-9,kalshi_against,hold,250,-21.5,150,-29.6,-97.97,0.902,-29.6,crypto
58-62,5,min 0-9,kalshi_with,exit10,298,-44.3,199,5.2,-121.74,0.831,-44.3,crypto
58-62,5,min 0-9,kalshi_with,exit12,298,-39.5,199,1.2,-115.37,0.847,-39.5,crypto
58-62,5,min 0-9,kalshi_with,exit14,298,-33.6,199,-0.8,-101.64,0.869,-33.6,crypto
58-62,5,min 0-9,kalshi_with,hold,298,-27.6,199,1.0,-80.18,0.879,-27.6,crypto
58-62,5,min 0-9,none,exit10,340,-55.7,224,3.1,-182.36,0.809,-55.7,crypto
58-62,5,min 0-9,none,exit12,340,-53.9,224,1.0,-181.01,0.824,-53.9,crypto
58-62,5,min 0-9,none,exit14,340,-48.7,224,-1.5,-168.95,0.844,-48.7,crypto
58-62,5,min 0-9,none,hold,340,-45.4,224,0.2,-153.87,0.853,-45.4,crypto
58-62,5,min 0-9,spot_with,exit10,188,-37.5,180,-16.6,-100.42,0.875,-37.5,crypto
58-62,5,min 0-9,spot_with,exit12,188,-33.6,180,-18.3,-96.14,0.889,-33.6,crypto
58-62,5,min 0-9,spot_with,exit14,188,-22.5,180,-22.2,-82.16,0.908,-22.5,crypto
58-62,5,min 0-9,spot_with,hold,188,-19.0,180,-18.2,-68.53,0.918,-19.0,crypto
58-62,10,min 0-12,kalshi_against,exit10,263,-9.7,162,-17.3,-53.68,0.767,-17.3,crypto
58-62,10,min 0-12,kalshi_against,exit12,263,-2.9,162,-20.3,-40.4,0.816,-20.3,crypto
58-62,10,min 0-12,kalshi_against,exit14,263,-0.5,162,-16.3,-27.59,0.856,-16.3,crypto
58-62,10,min 0-12,kalshi_against,hold,263,-5.8,162,-16.5,-42.05,0.859,-16.5,crypto
58-62,10,min 0-12,kalshi_with,exit10,306,-35.0,204,11.7,-83.34,0.737,-35.0,crypto
58-62,10,min 0-12,kalshi_with,exit12,306,-26.2,204,8.8,-62.25,0.765,-26.2,crypto
58-62,10,min 0-12,kalshi_with,exit14,306,-18.2,204,1.2,-53.1,0.81,-18.2,crypto
58-62,10,min 0-12,kalshi_with,hold,306,-13.4,204,2.6,-35.77,0.82,-13.4,crypto
58-62,10,min 0-12,none,exit10,342,-35.6,226,10.9,-97.12,0.734,-35.6,crypto
58-62,10,min 0-12,none,exit12,342,-26.2,226,8.4,-70.68,0.766,-26.2,crypto
58-62,10,min 0-12,none,exit14,342,-16.9,226,2.9,-51.38,0.806,-16.9,crypto
58-62,10,min 0-12,none,hold,342,-13.0,226,4.2,-34.89,0.815,-13.0,crypto
58-62,10,min 0-12,spot_with,exit10,190,-15.7,183,-14.6,-56.58,0.796,-15.7,crypto
58-62,10,min 0-12,spot_with,exit12,190,-8.2,183,-14.6,-42.24,0.828,-14.6,crypto
58-62,10,min 0-12,spot_with,exit14,190,4.0,183,-24.1,-36.35,0.858,-24.1,crypto
58-62,10,min 0-12,spot_with,hold,190,7.4,183,-20.7,-23.76,0.869,-20.7,crypto
58-62,10,min 0-3,kalshi_against,exit10,161,8.2,99,8.0,21.05,0.815,8.0,crypto
58-62,10,min 0-3,kalshi_against,exit12,161,16.8,99,3.9,30.89,0.85,3.9,crypto
58-62,10,min 0-3,kalshi_against,exit14,161,18.6,99,2.5,32.41,0.877,2.5,crypto
58-62,10,min 0-3,kalshi_against,hold,161,14.6,99,5.2,28.64,0.881,5.2,crypto
58-62,10,min 0-3,kalshi_with,exit10,264,-23.6,184,21.3,-23.1,0.754,-23.6,crypto
58-62,10,min 0-3,kalshi_with,exit12,264,-13.1,184,19.5,1.44,0.781,-13.1,crypto
58-62,10,min 0-3,kalshi_with,exit14,264,-1.8,184,14.7,22.37,0.826,-1.8,crypto
58-62,10,min 0-3,kalshi_with,hold,264,5.2,184,16.7,44.36,0.837,5.2,crypto
58-62,10,min 0-3,none,exit10,321,-30.2,215,13.3,-68.35,0.743,-30.2,crypto
58-62,10,min 0-3,none,exit12,321,-20.5,215,11.3,-41.65,0.771,-20.5,crypto
58-62,10,min 0-3,none,exit14,321,-10.2,215,6.0,-19.79,0.81,-10.2,crypto
58-62,10,min 0-3,none,hold,321,-5.9,215,7.6,-2.47,0.819,-5.9,crypto
58-62,10,min 0-3,spot_with,exit10,172,-18.0,166,-4.3,-38.02,0.811,-18.0,crypto
58-62,10,min 0-3,spot_with,exit12,172,-7.4,166,-5.9,-22.52,0.84,-7.4,crypto
58-62,10,min 0-3,spot_with,exit14,172,8.3,166,-13.5,-8.1,0.87,-13.5,crypto
58-62,10,min 0-3,spot_with,hold,172,13.6,166,-9.3,8.04,0.882,-9.3,crypto
58-62,10,min 0-6,kalshi_against,exit10,227,-4.8,132,-5.2,-17.7,0.797,-5.2,crypto
58-62,10,min 0-6,kalshi_against,exit12,227,0.7,132,-7.8,-8.75,0.836,-7.8,crypto
58-62,10,min 0-6,kalshi_against,exit14,227,1.0,132,-10.7,-11.73,0.858,-10.7,crypto
58-62,10,min 0-6,kalshi_against,hold,227,-4.3,132,-10.7,-23.79,0.861,-10.7,crypto
58-62,10,min 0-6,kalshi_with,exit10,289,-30.5,197,16.3,-55.87,0.743,-30.5,crypto
58-62,10,min 0-6,kalshi_with,exit12,289,-20.6,197,11.1,-37.65,0.772,-20.6,crypto
58-62,10,min 0-6,kalshi_with,exit14,289,-11.0,197,5.4,-21.06,0.817,-11.0,crypto
58-62,10,min 0-6,kalshi_with,hold,289,-4.7,197,6.9,-0.08,0.827,-4.7,crypto
58-62,10,min 0-6,none,exit10,337,-34.3,222,13.7,-84.94,0.739,-34.3,crypto
58-62,10,min 0-6,none,exit12,337,-25.7,222,10.7,-62.71,0.767,-25.7,crypto
58-62,10,min 0-6,none,exit14,337,-16.0,222,5.0,-42.8,0.807,-16.0,crypto
58-62,10,min 0-6,none,hold,337,-12.0,222,6.4,-26.31,0.816,-12.0,crypto
58-62,10,min 0-6,spot_with,exit10,185,-17.3,176,-9.4,-48.65,0.803,-17.3,crypto
58-62,10,min 0-6,spot_with,exit12,185,-7.4,176,-11.9,-34.69,0.837,-11.9,crypto
58-62,10,min 0-6,spot_with,exit14,185,6.9,176,-20.0,-22.6,0.864,-20.0,crypto
58-62,10,min 0-6,spot_with,hold,185,11.7,176,-16.4,-7.2,0.875,-16.4,crypto
58-62,10,min 0-9,kalshi_against,exit10,250,-9.7,150,-16.8,-49.54,0.775,-16.8,crypto
58-62,10,min 0-9,kalshi_against,exit12,250,-4.3,150,-19.8,-40.44,0.825,-19.8,crypto
58-62,10,min 0-9,kalshi_against,exit14,250,-2.6,150,-19.0,-34.95,0.852,-19.0,crypto
58-62,10,min 0-9,kalshi_against,hold,250,-7.8,150,-19.1,-48.3,0.855,-19.1,crypto
58-62,10,min 0-9,kalshi_with,exit10,298,-30.2,199,17.0,-56.39,0.744,-30.2,crypto
58-62,10,min 0-9,kalshi_with,exit12,298,-21.7,199,11.8,-41.33,0.773,-21.7,crypto
58-62,10,min 0-9,kalshi_with,exit14,298,-12.5,199,6.2,-25.02,0.817,-12.5,crypto
58-62,10,min 0-9,kalshi_with,hold,298,-6.7,199,7.6,-4.69,0.827,-6.7,crypto
58-62,10,min 0-9,none,exit10,340,-36.2,224,11.6,-97.0,0.736,-36.2,crypto
58-62,10,min 0-9,none,exit12,340,-26.8,224,8.1,-72.89,0.766,-26.8,crypto
58-62,10,min 0-9,none,exit14,340,-17.4,224,2.4,-53.9,0.805,-17.4,crypto
58-62,10,min 0-9,none,hold,340,-13.4,224,3.7,-37.41,0.814,-13.4,crypto
58-62,10,min 0-9,spot_with,exit10,188,-16.2,180,-10.8,-49.97,0.802,-16.2,crypto
58-62,10,min 0-9,spot_with,exit12,188,-6.2,180,-13.9,-36.65,0.834,-13.9,crypto
58-62,10,min 0-9,spot_with,exit14,188,5.5,180,-21.9,-29.09,0.861,-21.9,crypto
58-62,10,min 0-9,spot_with,hold,188,10.1,180,-18.3,-13.96,0.872,-18.3,crypto
58-62,15,min 0-12,kalshi_against,exit10,263,8.0,162,-18.4,-8.85,0.68,-18.4,crypto
58-62,15,min 0-12,kalshi_against,exit12,263,10.1,162,-23.2,-10.94,0.744,-23.2,crypto
58-62,15,min 0-12,kalshi_against,exit14,263,18.0,162,-18.6,17.04,0.805,-18.6,crypto
58-62,15,min 0-12,kalshi_against,hold,263,13.7,162,-18.2,6.72,0.814,-18.2,crypto
58-62,15,min 0-12,kalshi_with,exit10,306,-19.8,204,7.0,-46.3,0.655,-19.8,crypto
58-62,15,min 0-12,kalshi_with,exit12,306,-7.1,204,1.7,-18.19,0.7,-7.1,crypto
58-62,15,min 0-12,kalshi_with,exit14,306,0.1,204,-1.4,-2.61,0.763,-1.4,crypto
58-62,15,min 0-12,kalshi_with,hold,306,5.8,204,-0.3,17.1,0.778,-0.3,crypto
58-62,15,min 0-12,none,exit10,342,-20.1,226,18.0,-28.17,0.665,-20.1,crypto
58-62,15,min 0-12,none,exit12,342,-6.4,226,11.3,3.64,0.713,-6.4,crypto
58-62,15,min 0-12,none,exit14,342,1.9,226,7.6,23.76,0.762,1.9,crypto
58-62,15,min 0-12,none,hold,342,6.7,226,9.2,43.75,0.776,6.7,crypto
58-62,15,min 0-12,spot_with,exit10,190,-0.1,183,-11.0,-20.29,0.724,-11.0,crypto
58-62,15,min 0-12,spot_with,exit12,190,7.2,183,-15.4,-14.42,0.764,-15.4,crypto
58-62,15,min 0-12,spot_with,exit14,190,19.2,183,-23.0,-5.67,0.807,-23.0,crypto
58-62,15,min 0-12,spot_with,hold,190,24.0,183,-19.3,10.4,0.823,-19.3,crypto
58-62,15,min 0-3,kalshi_against,exit10,161,28.9,99,14.9,61.21,0.75,14.9,crypto
58-62,15,min 0-3,kalshi_against,exit12,161,38.0,99,5.3,66.37,0.796,5.3,crypto
58-62,15,min 0-3,kalshi_against,exit14,161,42.6,99,7.0,75.48,0.835,7.0,crypto
58-62,15,min 0-3,kalshi_against,hold,161,38.5,99,10.4,72.3,0.838,10.4,crypto
58-62,15,min 0-3,kalshi_with,exit10,264,-8.5,184,14.1,3.52,0.672,-8.5,crypto
58-62,15,min 0-3,kalshi_with,exit12,264,4.6,184,11.1,32.64,0.717,4.6,crypto
58-62,15,min 0-3,kalshi_with,exit14,264,14.0,184,10.9,57.0,0.775,10.9,crypto
58-62,15,min 0-3,kalshi_with,hold,264,22.0,184,12.7,81.55,0.792,12.7,crypto
58-62,15,min 0-3,none,exit10,321,-14.1,215,20.5,-1.17,0.675,-14.1,crypto
58-62,15,min 0-3,none,exit12,321,-1.6,215,15.6,28.36,0.718,-1.6,crypto
58-62,15,min 0-3,none,exit14,321,7.2,215,12.0,49.07,0.765,7.2,crypto
58-62,15,min 0-3,none,hold,321,12.4,215,14.0,70.07,0.78,12.4,crypto
58-62,15,min 0-3,spot_with,exit10,172,-3.3,166,-1.6,-8.36,0.737,-3.3,crypto
58-62,15,min 0-3,spot_with,exit12,172,7.0,166,-7.0,0.57,0.775,-7.0,crypto
58-62,15,min 0-3,spot_with,exit14,172,22.4,166,-12.3,18.06,0.817,-12.3,crypto
58-62,15,min 0-3,spot_with,hold,172,29.4,166,-7.7,37.86,0.834,-7.7,crypto
58-62,15,min 0-6,kalshi_against,exit10,227,14.8,132,0.6,34.51,0.724,0.6,crypto
58-62,15,min 0-6,kalshi_against,exit12,227,17.6,132,-7.5,29.97,0.772,-7.5,crypto
58-62,15,min 0-6,kalshi_against,exit14,227,22.5,132,-5.7,43.56,0.813,-5.7,crypto
58-62,15,min 0-6,kalshi_against,hold,227,14.6,132,-3.9,27.96,0.819,-3.9,crypto
58-62,15,min 0-6,kalshi_with,exit10,289,-15.8,197,10.0,-25.85,0.66,-15.8,crypto
58-62,15,min 0-6,kalshi_with,exit12,289,-2.2,197,2.2,-1.84,0.708,-2.2,crypto
58-62,15,min 0-6,kalshi_with,exit14,289,6.3,197,0.8,19.73,0.767,0.8,crypto
58-62,15,min 0-6,kalshi_with,hold,289,13.5,197,2.0,43.09,0.784,2.0,crypto
58-62,15,min 0-6,none,exit10,337,-18.5,222,20.3,-17.43,0.671,-18.5,crypto
58-62,15,min 0-6,none,exit12,337,-6.2,222,13.2,8.33,0.714,-6.2,crypto
58-62,15,min 0-6,none,exit14,337,2.4,222,9.0,28.13,0.762,2.4,crypto
58-62,15,min 0-6,none,hold,337,7.3,222,10.6,48.12,0.776,7.3,crypto
58-62,15,min 0-6,spot_with,exit10,185,-1.6,176,-7.6,-16.27,0.729,-7.6,crypto
58-62,15,min 0-6,spot_with,exit12,185,8.1,176,-14.8,-10.99,0.77,-14.8,crypto
58-62,15,min 0-6,spot_with,exit14,185,22.1,176,-21.0,3.86,0.812,-21.0,crypto
58-62,15,min 0-6,spot_with,hold,185,28.5,176,-17.0,22.74,0.828,-17.0,crypto
58-62,15,min 0-9,kalshi_against,exit10,250,7.9,150,-12.7,0.61,0.69,-12.7,crypto
58-62,15,min 0-9,kalshi_against,exit12,250,9.7,150,-20.7,-6.73,0.755,-20.7,crypto
58-62,15,min 0-9,kalshi_against,exit14,250,15.9,150,-15.5,16.37,0.805,-15.5,crypto
58-62,15,min 0-9,kalshi_against,hold,250,10.5,150,-14.0,5.3,0.812,-14.0,crypto
58-62,15,min 0-9,kalshi_with,exit10,298,-14.8,199,11.1,-21.94,0.664,-14.8,crypto
58-62,15,min 0-9,kalshi_with,exit12,298,-2.7,199,3.4,-1.09,0.71,-2.7,crypto
58-62,15,min 0-9,kalshi_with,exit14,298,5.5,199,2.0,20.2,0.769,2.0,crypto
58-62,15,min 0-9,kalshi_with,hold,298,12.3,199,3.2,42.91,0.785,3.2,crypto
58-62,15,min 0-9,none,exit10,340,-20.4,224,18.3,-28.47,0.668,-20.4,crypto
58-62,15,min 0-9,none,exit12,340,-7.1,224,10.8,-0.01,0.713,-7.1,crypto
58-62,15,min 0-9,none,exit14,340,1.2,224,6.6,18.87,0.761,1.2,crypto
58-62,15,min 0-9,none,hold,340,6.0,224,8.2,38.86,0.775,6.0,crypto
58-62,15,min 0-9,spot_with,exit10,188,-0.5,180,-8.1,-15.44,0.728,-8.1,crypto
58-62,15,min 0-9,spot_with,exit12,188,9.3,180,-15.7,-10.8,0.769,-15.7,crypto
58-62,15,min 0-9,spot_with,exit14,188,20.7,180,-21.9,-0.48,0.81,-21.9,crypto
58-62,15,min 0-9,spot_with,hold,188,26.9,180,-18.0,18.13,0.826,-18.0,crypto
58-62,20,min 0-12,kalshi_against,exit10,263,10.1,162,-34.8,-29.84,0.562,-34.8,crypto
58-62,20,min 0-12,kalshi_against,exit12,263,10.4,162,-34.6,-28.72,0.654,-34.6,crypto
58-62,20,min 0-12,kalshi_against,exit14,263,19.1,162,-32.0,-1.58,0.741,-32.0,crypto
58-62,20,min 0-12,kalshi_against,hold,263,15.2,162,-29.1,-7.07,0.758,-29.1,crypto
58-62,20,min 0-12,kalshi_with,exit10,306,-11.9,204,3.2,-29.89,0.563,-11.9,crypto
58-62,20,min 0-12,kalshi_with,exit12,306,0.0,204,4.1,8.41,0.643,0.0,crypto
58-62,20,min 0-12,kalshi_with,exit14,306,5.7,204,5.5,28.75,0.714,5.5,crypto
58-62,20,min 0-12,kalshi_with,hold,306,15.0,204,6.5,59.37,0.739,6.5,crypto
58-62,20,min 0-12,none,exit10,342,-16.1,226,9.1,-34.51,0.57,-16.1,crypto
58-62,20,min 0-12,none,exit12,342,1.4,226,4.5,14.91,0.648,1.4,crypto
58-62,20,min 0-12,none,exit14,342,9.5,226,2.9,38.97,0.71,2.9,crypto
58-62,20,min 0-12,none,hold,342,17.5,226,4.3,69.69,0.732,4.3,crypto
58-62,20,min 0-12,spot_with,exit10,190,7.4,183,-15.0,-13.38,0.619,-15.0,crypto
58-62,20,min 0-12,spot_with,exit12,190,15.3,183,-15.9,-0.02,0.7,-15.9,crypto
58-62,20,min 0-12,spot_with,exit14,190,27.9,183,-21.0,14.69,0.756,-21.0,crypto
58-62,20,min 0-12,spot_with,hold,190,37.2,183,-17.4,38.78,0.783,-17.4,crypto
58-62,20,min 0-3,kalshi_against,exit10,161,27.1,99,-8.1,35.66,0.631,-8.1,crypto
58-62,20,min 0-3,kalshi_against,exit12,161,38.7,99,-25.9,36.65,0.704,-25.9,crypto
58-62,20,min 0-3,kalshi_against,exit14,161,41.4,99,-17.1,49.74,0.765,-17.1,crypto
58-62,20,min 0-3,kalshi_against,hold,161,41.1,99,-17.2,49.05,0.777,-17.2,crypto
58-62,20,min 0-3,kalshi_with,exit10,264,-2.1,184,7.7,8.62,0.578,-2.1,crypto
58-62,20,min 0-3,kalshi_with,exit12,264,14.4,184,11.1,58.42,0.658,11.1,crypto
58-62,20,min 0-3,kalshi_with,exit14,264,21.5,184,15.5,85.45,0.723,15.5,crypto
58-62,20,min 0-3,kalshi_with,hold,264,33.8,184,17.2,120.91,0.752,17.2,crypto
58-62,20,min 0-3,none,exit10,321,-10.8,215,10.1,-13.05,0.58,-10.8,crypto
58-62,20,min 0-3,none,exit12,321,5.6,215,6.7,32.48,0.653,5.6,crypto
58-62,20,min 0-3,none,exit14,321,13.3,215,4.8,53.23,0.709,4.8,crypto
58-62,20,min 0-3,none,hold,321,22.0,215,6.7,84.96,0.733,6.7,crypto
58-62,20,min 0-3,spot_with,exit10,172,3.2,166,-7.4,-6.82,0.636,-7.4,crypto
58-62,20,min 0-3,spot_with,exit12,172,17.3,166,-10.4,12.44,0.71,-10.4,crypto
58-62,20,min 0-3,spot_with,exit14,172,32.7,166,-13.4,34.07,0.763,-13.4,crypto
58-62,20,min 0-3,spot_with,hold,172,45.0,166,-8.9,62.63,0.793,-8.9,crypto
58-62,20,min 0-6,kalshi_against,exit10,227,16.4,132,-19.8,10.98,0.61,-19.8,crypto
58-62,20,min 0-6,kalshi_against,exit12,227,21.1,132,-27.8,11.15,0.694,-27.8,crypto
58-62,20,min 0-6,kalshi_against,exit14,227,23.1,132,-21.2,24.54,0.752,-21.2,crypto
58-62,20,min 0-6,kalshi_against,hold,227,17.6,132,-22.0,10.88,0.763,-22.0,crypto
58-62,20,min 0-6,kalshi_with,exit10,289,-8.0,197,5.2,-12.89,0.568,-8.0,crypto
58-62,20,min 0-6,kalshi_with,exit12,289,8.6,197,3.8,32.36,0.652,3.8,crypto
58-62,20,min 0-6,kalshi_with,exit14,289,16.3,197,7.0,60.92,0.72,7.0,crypto
58-62,20,min 0-6,kalshi_with,hold,289,27.4,197,8.2,95.19,0.747,8.2,crypto
58-62,20,min 0-6,none,exit10,337,-14.6,222,10.9,-25.02,0.574,-14.6,crypto
58-62,20,min 0-6,none,exit12,337,1.2,222,5.6,16.57,0.649,1.2,crypto
58-62,20,min 0-6,none,exit14,337,9.6,222,3.4,40.1,0.708,3.4,crypto
58-62,20,min 0-6,none,hold,337,17.8,222,4.9,70.82,0.732,4.9,crypto
58-62,20,min 0-6,spot_with,exit10,185,6.3,176,-12.5,-10.22,0.623,-12.5,crypto
58-62,20,min 0-6,spot_with,exit12,185,18.0,176,-16.8,3.75,0.706,-16.8,crypto
58-62,20,min 0-6,spot_with,exit14,185,30.6,176,-20.3,20.87,0.759,-20.3,crypto
58-62,20,min 0-6,spot_with,hold,185,41.5,176,-16.4,47.77,0.787,-16.4,crypto
58-62,20,min 0-9,kalshi_against,exit10,250,9.5,150,-31.8,-23.97,0.572,-31.8,crypto
58-62,20,min 0-9,kalshi_against,exit12,250,11.4,150,-35.1,-24.2,0.668,-35.1,crypto
58-62,20,min 0-9,kalshi_against,exit14,250,15.9,150,-28.1,-2.44,0.742,-28.1,crypto
58-62,20,min 0-9,kalshi_against,hold,250,12.7,150,-24.0,-4.2,0.758,-24.0,crypto
58-62,20,min 0-9,kalshi_with,exit10,298,-7.0,199,6.8,-7.52,0.569,-7.0,crypto
58-62,20,min 0-9,kalshi_with,exit12,298,4.3,199,5.3,23.42,0.652,4.3,crypto
58-62,20,min 0-9,kalshi_with,exit14,298,10.8,199,8.5,49.05,0.718,8.5,crypto
58-62,20,min 0-9,kalshi_with,hold,298,21.3,199,9.6,82.67,0.744,9.6,crypto
58-62,20,min 0-9,none,exit10,340,-16.4,224,9.2,-35.02,0.573,-16.4,crypto
58-62,20,min 0-9,none,exit12,340,0.5,224,3.5,9.48,0.647,0.5,crypto
58-62,20,min 0-9,none,exit14,340,8.6,224,1.3,32.09,0.707,1.3,crypto
58-62,20,min 0-9,none,hold,340,16.7,224,2.8,62.81,0.73,2.8,crypto
58-62,20,min 0-9,spot_with,exit10,188,6.7,180,-12.1,-9.26,0.622,-12.1,crypto
58-62,20,min 0-9,spot_with,exit12,188,17.5,180,-16.9,2.55,0.704,-16.9,crypto
58-62,20,min 0-9,spot_with,exit14,188,29.2,180,-20.4,18.1,0.758,-20.4,crypto
58-62,20,min 0-9,spot_with,hold,188,39.8,180,-16.7,44.73,0.785,-16.7,crypto
58-62,25,min 0-12,kalshi_against,exit10,263,11.4,162,-30.1,-18.84,0.466,-30.1,crypto
58-62,25,min 0-12,kalshi_against,exit12,263,5.4,162,-35.3,-42.92,0.565,-35.3,crypto
58-62,25,min 0-12,kalshi_against,exit14,263,12.1,162,-34.7,-24.43,0.68,-34.7,crypto
58-62,25,min 0-12,kalshi_against,hold,263,7.3,162,-23.7,-19.27,0.708,-23.7,crypto
58-62,25,min 0-12,kalshi_with,exit10,306,-8.7,204,9.0,-8.38,0.475,-8.7,crypto
58-62,25,min 0-12,kalshi_with,exit12,306,0.1,204,8.3,17.29,0.561,0.1,crypto
58-62,25,min 0-12,kalshi_with,exit14,306,10.4,204,10.8,53.79,0.669,10.4,crypto
58-62,25,min 0-12,kalshi_with,hold,306,21.9,204,20.4,108.53,0.704,20.4,crypto
58-62,25,min 0-12,none,exit10,342,-14.9,226,14.9,-17.4,0.481,-14.9,crypto
58-62,25,min 0-12,none,exit12,342,-2.6,226,6.6,6.14,0.57,-2.6,crypto
58-62,25,min 0-12,none,exit14,342,8.6,226,2.4,34.82,0.657,2.4,crypto
58-62,25,min 0-12,none,hold,342,18.4,226,11.4,88.77,0.69,11.4,crypto
58-62,25,min 0-12,spot_with,exit10,190,6.4,183,-9.4,-5.0,0.509,-9.4,crypto
58-62,25,min 0-12,spot_with,exit12,190,4.4,183,-13.8,-16.9,0.614,-13.8,crypto
58-62,25,min 0-12,spot_with,exit14,190,20.1,183,-23.3,-4.46,0.7,-23.3,crypto
58-62,25,min 0-12,spot_with,hold,190,29.0,183,-11.1,34.8,0.735,-11.1,crypto
58-62,25,min 0-3,kalshi_against,exit10,161,34.3,99,-11.6,43.67,0.519,-11.6,crypto
58-62,25,min 0-3,kalshi_against,exit12,161,39.7,99,-33.0,31.3,0.623,-33.0,crypto
58-62,25,min 0-3,kalshi_against,exit14,161,41.2,99,-32.4,34.31,0.7,-32.4,crypto
58-62,25,min 0-3,kalshi_against,hold,161,41.5,99,-23.3,43.77,0.727,-23.3,crypto
58-62,25,min 0-3,kalshi_with,exit10,264,2.5,184,13.0,30.5,0.493,2.5,crypto
58-62,25,min 0-3,kalshi_with,exit12,264,14.3,184,17.5,69.98,0.58,14.3,crypto
58-62,25,min 0-3,kalshi_with,exit14,264,25.3,184,22.5,108.16,0.679,22.5,crypto
58-62,25,min 0-3,kalshi_with,hold,264,39.8,184,33.8,167.06,0.717,33.8,crypto
58-62,25,min 0-3,none,exit10,321,-9.6,215,15.7,2.78,0.491,-9.6,crypto
58-62,25,min 0-3,none,exit12,321,1.4,215,9.9,25.81,0.576,1.4,crypto
58-62,25,min 0-3,none,exit14,321,10.1,215,6.5,46.52,0.657,6.5,crypto
58-62,25,min 0-3,none,hold,321,20.4,215,16.3,100.62,0.69,16.3,crypto
58-62,25,min 0-3,spot_with,exit10,172,3.4,166,-2.8,1.23,0.527,-2.8,crypto
58-62,25,min 0-3,spot_with,exit12,172,6.4,166,-5.9,1.16,0.627,-5.9,crypto
58-62,25,min 0-3,spot_with,exit14,172,21.0,166,-9.2,20.92,0.707,-9.2,crypto
58-62,25,min 0-3,spot_with,hold,172,32.8,166,5.7,65.86,0.746,5.7,crypto
58-62,25,min 0-6,kalshi_against,exit10,227,20.3,132,-16.6,24.22,0.507,-16.6,crypto
58-62,25,min 0-6,kalshi_against,exit12,227,15.8,132,-25.3,2.39,0.613,-25.3,crypto
58-62,25,min 0-6,kalshi_against,exit14,227,19.9,132,-24.4,12.93,0.694,-24.4,crypto
58-62,25,min 0-6,kalshi_against,hold,227,13.5,132,-18.0,6.82,0.716,-18.0,crypto
58-62,25,min 0-6,kalshi_with,exit10,289,-4.9,197,10.7,6.88,0.479,-4.9,crypto
58-62,25,min 0-6,kalshi_with,exit12,289,8.8,197,7.7,40.53,0.57,7.7,crypto
58-62,25,min 0-6,kalshi_with,exit14,289,22.5,197,11.4,87.43,0.675,11.4,crypto
58-62,25,min 0-6,kalshi_with,hold,289,35.9,197,21.4,146.0,0.712,21.4,crypto
58-62,25,min 0-6,none,exit10,337,-13.6,222,17.0,-8.04,0.485,-13.6,crypto
58-62,25,min 0-6,none,exit12,337,-3.3,222,9.6,10.16,0.572,-3.3,crypto
58-62,25,min 0-6,none,exit14,337,8.0,222,6.1,40.68,0.657,6.1,crypto
58-62,25,min 0-6,none,hold,337,18.1,222,15.3,94.72,0.691,15.3,crypto
58-62,25,min 0-6,spot_with,exit10,185,5.2,176,-7.5,-3.63,0.512,-7.5,crypto
58-62,25,min 0-6,spot_with,exit12,185,6.7,176,-15.3,-14.6,0.618,-15.3,crypto
58-62,25,min 0-6,spot_with,exit14,185,22.1,176,-23.5,-0.6,0.701,-23.5,crypto
58-62,25,min 0-6,spot_with,hold,185,32.6,176,-10.7,41.47,0.737,-10.7,crypto
58-62,25,min 0-9,kalshi_against,exit10,250,13.3,150,-28.7,-9.72,0.472,-28.7,crypto
58-62,25,min 0-9,kalshi_against,exit12,250,5.2,150,-35.1,-39.72,0.582,-35.1,crypto
58-62,25,min 0-9,kalshi_against,exit14,250,9.7,150,-32.4,-24.39,0.682,-32.4,crypto
58-62,25,min 0-9,kalshi_against,hold,250,5.5,150,-21.2,-17.88,0.708,-21.2,crypto
58-62,25,min 0-9,kalshi_with,exit10,298,-4.1,199,12.6,13.04,0.479,-4.1,crypto
58-62,25,min 0-9,kalshi_with,exit12,298,4.6,199,9.7,33.01,0.569,4.6,crypto
58-62,25,min 0-9,kalshi_with,exit14,298,14.9,199,13.3,71.03,0.672,13.3,crypto
58-62,25,min 0-9,kalshi_with,hold,298,27.7,199,23.2,128.77,0.708,23.2,crypto
58-62,25,min 0-9,none,exit10,340,-15.2,224,14.7,-18.75,0.482,-15.2,crypto
58-62,25,min 0-9,none,exit12,340,-3.8,224,5.7,-0.35,0.569,-3.8,crypto
58-62,25,min 0-9,none,exit14,340,7.4,224,0.5,26.04,0.654,0.5,crypto
58-62,25,min 0-9,none,hold,340,17.3,224,9.5,79.99,0.688,9.5,crypto
58-62,25,min 0-9,spot_with,exit10,188,5.6,180,-6.5,-1.2,0.511,-6.5,crypto
58-62,25,min 0-9,spot_with,exit12,188,6.5,180,-14.7,-14.33,0.617,-14.7,crypto
58-62,25,min 0-9,spot_with,exit14,188,21.1,180,-22.8,-1.37,0.701,-22.8,crypto
58-62,25,min 0-9,spot_with,hold,188,31.3,180,-10.2,40.43,0.736,-10.2,crypto
58-62,30,min 0-12,kalshi_against,exit10,263,3.1,162,-41.8,-59.46,0.329,-41.8,crypto
58-62,30,min 0-12,kalshi_against,exit12,263,-4.1,162,-32.1,-62.83,0.452,-32.1,crypto
58-62,30,min 0-12,kalshi_against,exit14,263,0.2,162,-32.2,-51.51,0.605,-32.2,crypto
58-62,30,min 0-12,kalshi_against,hold,263,11.8,162,-22.2,-4.9,0.664,-22.2,crypto
58-62,30,min 0-12,kalshi_with,exit10,306,-1.5,204,13.1,22.17,0.369,-1.5,crypto
58-62,30,min 0-12,kalshi_with,exit12,306,9.2,204,20.1,69.34,0.482,9.2,crypto
58-62,30,min 0-12,kalshi_with,exit14,306,18.9,204,26.9,112.62,0.62,18.9,crypto
58-62,30,min 0-12,kalshi_with,hold,306,33.8,204,28.2,160.96,0.673,28.2,crypto
58-62,30,min 0-12,none,exit10,342,-9.7,226,17.8,6.96,0.375,-9.7,crypto
58-62,30,min 0-12,none,exit12,342,0.5,226,17.1,40.48,0.488,0.5,crypto
58-62,30,min 0-12,none,exit14,342,13.0,226,18.0,84.99,0.609,13.0,crypto
58-62,30,min 0-12,none,hold,342,24.9,226,23.7,138.51,0.658,23.7,crypto
58-62,30,min 0-12,spot_with,exit10,190,12.6,183,-4.2,16.38,0.399,-4.2,crypto
58-62,30,min 0-12,spot_with,exit12,190,10.5,183,1.0,21.84,0.52,1.0,crypto
58-62,30,min 0-12,spot_with,exit14,190,27.0,183,-7.0,38.47,0.654,-7.0,crypto
58-62,30,min 0-12,spot_with,hold,190,39.4,183,1.2,77.1,0.705,1.2,crypto
58-62,30,min 0-3,kalshi_against,exit10,161,29.2,99,-19.9,27.29,0.373,-19.9,crypto
58-62,30,min 0-3,kalshi_against,exit12,161,28.6,99,-33.4,13.07,0.512,-33.4,crypto
58-62,30,min 0-3,kalshi_against,exit14,161,27.2,99,-19.0,24.88,0.631,-19.0,crypto
58-62,30,min 0-3,kalshi_against,hold,161,36.7,99,-16.5,42.82,0.681,-16.5,crypto
58-62,30,min 0-3,kalshi_with,exit10,264,11.1,184,15.8,58.23,0.393,11.1,crypto
58-62,30,min 0-3,kalshi_with,exit12,264,22.8,184,28.4,112.33,0.502,22.8,crypto
58-62,30,min 0-3,kalshi_with,exit14,264,34.2,184,37.1,158.57,0.629,34.2,crypto
58-62,30,min 0-3,kalshi_with,hold,264,51.3,184,39.1,207.51,0.683,39.1,crypto
58-62,30,min 0-3,none,exit10,321,-4.8,215,18.1,23.38,0.382,-4.8,crypto
58-62,30,min 0-3,none,exit12,321,3.2,215,20.1,53.58,0.494,3.2,crypto
58-62,30,min 0-3,none,exit14,321,13.0,215,21.1,87.19,0.608,13.0,crypto
58-62,30,min 0-3,none,hold,321,24.7,215,27.4,138.34,0.657,24.7,crypto
58-62,30,min 0-3,spot_with,exit10,172,12.5,166,1.7,24.36,0.42,1.7,crypto
58-62,30,min 0-3,spot_with,exit12,172,12.2,166,8.3,34.69,0.541,8.3,crypto
58-62,30,min 0-3,spot_with,exit14,172,29.9,166,5.7,60.82,0.66,5.7,crypto
58-62,30,min 0-3,spot_with,hold,172,40.6,166,16.0,96.47,0.713,16.0,crypto
58-62,30,min 0-6,kalshi_against,exit10,227,14.4,132,-20.1,6.16,0.365,-20.1,crypto
58-62,30,min 0-6,kalshi_against,exit12,227,4.4,132,-23.2,-20.52,0.496,-23.2,crypto
58-62,30,min 0-6,kalshi_against,exit14,227,6.5,132,-12.6,-1.85,0.621,-12.6,crypto
58-62,30,min 0-6,kalshi_against,hold,227,17.0,132,-9.6,25.97,0.674,-9.6,crypto
58-62,30,min 0-6,kalshi_with,exit10,289,2.1,197,14.4,34.51,0.377,2.1,crypto
58-62,30,min 0-6,kalshi_with,exit12,289,17.7,197,19.0,88.72,0.492,17.7,crypto
58-62,30,min 0-6,kalshi_with,exit14,289,30.8,197,26.9,141.98,0.628,26.9,crypto
58-62,30,min 0-6,kalshi_with,hold,289,46.6,197,28.3,190.36,0.679,28.3,crypto
58-62,30,min 0-6,none,exit10,337,-8.5,222,19.9,15.58,0.377,-8.5,crypto
58-62,30,min 0-6,none,exit12,337,-0.6,222,20.3,43.04,0.49,-0.6,crypto
58-62,30,min 0-6,none,exit14,337,12.4,222,21.6,89.7,0.61,12.4,crypto
58-62,30,min 0-6,none,hold,337,23.8,222,27.4,141.21,0.658,23.8,crypto
58-62,30,min 0-6,spot_with,exit10,185,11.0,176,-2.5,15.97,0.402,-2.5,crypto
58-62,30,min 0-6,spot_with,exit12,185,12.8,176,-1.2,21.52,0.524,-1.2,crypto
58-62,30,min 0-6,spot_with,exit14,185,28.3,176,-8.2,38.04,0.654,-8.2,crypto
58-62,30,min 0-6,spot_with,hold,185,42.5,176,0.5,79.48,0.706,0.5,crypto
58-62,30,min 0-9,kalshi_against,exit10,250,7.3,150,-30.9,-27.97,0.338,-30.9,crypto
58-62,30,min 0-9,kalshi_against,exit12,250,-4.0,150,-31.5,-57.3,0.47,-31.5,crypto
58-62,30,min 0-9,kalshi_against,exit14,250,-0.6,150,-20.7,-32.62,0.61,-20.7,crypto
58-62,30,min 0-9,kalshi_against,hold,250,12.0,150,-9.9,15.11,0.67,-9.9,crypto
58-62,30,min 0-9,kalshi_with,exit10,298,2.8,199,16.4,40.86,0.37,2.8,crypto
58-62,30,min 0-9,kalshi_with,exit12,298,13.8,199,21.6,84.12,0.491,13.8,crypto
58-62,30,min 0-9,kalshi_with,exit14,298,23.7,199,29.4,129.03,0.626,23.7,crypto
58-62,30,min 0-9,kalshi_with,hold,298,38.7,199,30.8,176.58,0.676,30.8,crypto
58-62,30,min 0-9,none,exit10,340,-10.0,224,17.5,5.4,0.376,-10.0,crypto
58-62,30,min 0-9,none,exit12,340,-1.0,224,16.3,33.06,0.488,-1.0,crypto
58-62,30,min 0-9,none,exit14,340,11.5,224,15.8,74.44,0.606,11.5,crypto
58-62,30,min 0-9,none,hold,340,23.4,224,21.5,127.96,0.656,21.5,crypto
58-62,30,min 0-9,spot_with,exit10,188,11.5,180,-1.4,19.24,0.399,-1.4,crypto
58-62,30,min 0-9,spot_with,exit12,188,12.7,180,0.1,24.1,0.524,0.1,crypto
58-62,30,min 0-9,spot_with,exit14,188,27.8,180,-6.7,40.1,0.655,-6.7,crypto
58-62,30,min 0-9,spot_with,hold,188,41.6,180,1.7,81.27,0.707,1.7,crypto
63-67,5,min 0-12,kalshi_against,exit10,267,-26.0,144,-45.3,-134.66,0.847,-45.3,crypto
63-67,5,min 0-12,kalshi_against,exit12,267,-26.8,144,-52.2,-146.79,0.878,-52.2,crypto
63-67,5,min 0-12,kalshi_against,exit14,267,-24.2,144,-48.4,-134.24,0.903,-48.4,crypto
63-67,5,min 0-12,kalshi_against,hold,267,-28.3,144,-50.6,-148.36,0.903,-50.6,crypto
63-67,5,min 0-12,kalshi_with,exit10,341,-21.4,201,-19.6,-112.29,0.854,-21.4,crypto
63-67,5,min 0-12,kalshi_with,exit12,341,-14.4,201,-18.4,-86.13,0.882,-18.4,crypto
63-67,5,min 0-12,kalshi_with,exit14,341,-11.8,201,-17.1,-74.48,0.908,-17.1,crypto
63-67,5,min 0-12,kalshi_with,hold,341,-11.6,201,-17.4,-74.52,0.91,-17.4,crypto
63-67,5,min 0-12,none,exit10,356,-20.6,210,-16.5,-107.8,0.859,-20.6,crypto
63-67,5,min 0-12,none,exit12,356,-13.9,210,-14.1,-79.12,0.885,-14.1,crypto
63-67,5,min 0-12,none,exit14,356,-10.8,210,-12.8,-65.33,0.91,-12.8,crypto
63-67,5,min 0-12,none,hold,356,-10.0,210,-13.1,-63.1,0.912,-13.1,crypto
63-67,5,min 0-12,spot_with,exit10,200,-21.5,187,-17.5,-75.67,0.876,-21.5,crypto
63-67,5,min 0-12,spot_with,exit12,200,-13.6,187,-14.0,-53.32,0.902,-14.0,crypto
63-67,5,min 0-12,spot_with,exit14,200,-8.2,187,-14.0,-42.65,0.93,-14.0,crypto
63-67,5,min 0-12,spot_with,hold,200,-5.4,187,-14.4,-37.73,0.933,-14.4,crypto
63-67,5,min 0-3,kalshi_against,exit10,120,-13.4,48,-9.9,-20.79,0.905,-13.4,crypto
63-67,5,min 0-3,kalshi_against,exit12,120,-5.5,48,-13.5,-13.09,0.929,-13.5,crypto
63-67,5,min 0-3,kalshi_against,exit14,120,-8.4,48,-17.5,-18.5,0.935,-17.5,crypto
63-67,5,min 0-3,kalshi_against,hold,120,-8.7,48,-17.7,-18.95,0.935,-17.7,crypto
63-67,5,min 0-3,kalshi_with,exit10,299,-16.7,176,-16.0,-78.27,0.865,-16.7,crypto
63-67,5,min 0-3,kalshi_with,exit12,299,-10.4,176,-12.5,-53.08,0.891,-12.5,crypto
63-67,5,min 0-3,kalshi_with,exit14,299,-8.7,176,-10.0,-43.71,0.914,-10.0,crypto
63-67,5,min 0-3,kalshi_with,hold,299,-7.3,176,-10.0,-39.35,0.916,-10.0,crypto
63-67,5,min 0-3,none,exit10,321,-17.8,190,-14.2,-84.09,0.865,-17.8,crypto
63-67,5,min 0-3,none,exit12,321,-12.1,190,-9.9,-57.84,0.888,-12.1,crypto
63-67,5,min 0-3,none,exit14,321,-9.9,190,-7.5,-45.81,0.912,-9.9,crypto
63-67,5,min 0-3,none,hold,321,-8.5,190,-7.5,-41.54,0.914,-8.5,crypto
63-67,5,min 0-3,spot_with,exit10,170,-16.0,165,-12.0,-47.08,0.89,-16.0,crypto
63-67,5,min 0-3,spot_with,exit12,170,-9.2,165,-3.5,-21.32,0.916,-9.2,crypto
63-67,5,min 0-3,spot_with,exit14,170,-4.6,165,-0.3,-8.39,0.943,-4.6,crypto
63-67,5,min 0-3,spot_with,hold,170,-0.5,165,-0.3,-1.43,0.946,-0.5,crypto
63-67,5,min 0-6,kalshi_against,exit10,212,-18.6,106,-37.9,-79.51,0.881,-37.9,crypto
63-67,5,min 0-6,kalshi_against,exit12,212,-15.8,106,-48.0,-84.42,0.903,-48.0,crypto
63-67,5,min 0-6,kalshi_against,exit14,212,-19.2,106,-44.7,-88.11,0.912,-44.7,crypto
63-67,5,min 0-6,kalshi_against,hold,212,-19.6,106,-47.4,-91.7,0.912,-47.4,crypto
63-67,5,min 0-6,kalshi_with,exit10,331,-21.8,192,-22.2,-114.7,0.855,-22.2,crypto
63-67,5,min 0-6,kalshi_with,exit12,331,-14.3,192,-21.1,-87.79,0.883,-21.1,crypto
63-67,5,min 0-6,kalshi_with,exit14,331,-12.1,192,-19.9,-78.25,0.906,-19.9,crypto
63-67,5,min 0-6,kalshi_with,hold,331,-11.2,192,-20.3,-75.93,0.908,-20.3,crypto
63-67,5,min 0-6,none,exit10,352,-21.2,207,-17.0,-109.75,0.859,-21.2,crypto
63-67,5,min 0-6,none,exit12,352,-14.1,207,-14.9,-80.56,0.886,-14.9,crypto
63-67,5,min 0-6,none,exit14,352,-11.4,207,-13.5,-68.0,0.909,-13.5,crypto
63-67,5,min 0-6,none,hold,352,-10.5,207,-13.9,-65.77,0.911,-13.9,crypto
63-67,5,min 0-6,spot_with,exit10,196,-20.7,181,-19.1,-75.11,0.878,-20.7,crypto
63-67,5,min 0-6,spot_with,exit12,196,-14.3,181,-13.5,-52.55,0.905,-14.3,crypto
63-67,5,min 0-6,spot_with,exit14,196,-9.2,181,-12.0,-39.65,0.931,-12.0,crypto
63-67,5,min 0-6,spot_with,hold,196,-6.3,181,-12.3,-34.73,0.934,-12.3,crypto
63-67,5,min 0-9,kalshi_against,exit10,253,-24.6,132,-41.2,-116.6,0.857,-41.2,crypto
63-67,5,min 0-9,kalshi_against,exit12,253,-27.3,132,-51.5,-137.16,0.886,-51.5,crypto
63-67,5,min 0-9,kalshi_against,exit14,253,-26.0,132,-44.7,-124.75,0.904,-44.7,crypto
63-67,5,min 0-9,kalshi_against,hold,253,-28.2,132,-46.9,-133.27,0.904,-46.9,crypto
63-67,5,min 0-9,kalshi_with,exit10,338,-21.5,197,-20.5,-113.1,0.856,-21.5,crypto
63-67,5,min 0-9,kalshi_with,exit12,338,-13.0,197,-19.5,-82.29,0.886,-19.5,crypto
63-67,5,min 0-9,kalshi_with,exit14,338,-10.9,197,-18.3,-72.75,0.908,-18.3,crypto
63-67,5,min 0-9,kalshi_with,hold,338,-10.0,197,-18.7,-70.43,0.91,-18.7,crypto
63-67,5,min 0-9,none,exit10,355,-20.7,209,-16.5,-107.94,0.86,-20.7,crypto
63-67,5,min 0-9,none,exit12,355,-13.7,209,-14.4,-78.75,0.887,-14.4,crypto
63-67,5,min 0-9,none,exit14,355,-11.0,209,-13.0,-66.19,0.91,-13.0,crypto
63-67,5,min 0-9,none,hold,355,-10.1,209,-13.4,-63.96,0.911,-13.4,crypto
63-67,5,min 0-9,spot_with,exit10,197,-22.4,185,-17.9,-77.18,0.877,-22.4,crypto
63-67,5,min 0-9,spot_with,exit12,197,-14.1,185,-12.4,-50.72,0.906,-14.1,crypto
63-67,5,min 0-9,spot_with,exit14,197,-8.9,185,-10.9,-37.82,0.932,-10.9,crypto
63-67,5,min 0-9,spot_with,hold,197,-6.1,185,-11.3,-32.9,0.935,-11.3,crypto
63-67,10,min 0-12,kalshi_against,exit10,267,-10.3,144,-51.2,-101.19,0.745,-51.2,crypto
63-67,10,min 0-12,kalshi_against,exit12,267,-15.6,144,-53.4,-118.6,0.796,-53.4,crypto
63-67,10,min 0-12,kalshi_against,exit14,267,-11.9,144,-44.2,-95.45,0.844,-44.2,crypto
63-67,10,min 0-12,kalshi_against,hold,267,-13.3,144,-43.7,-98.44,0.856,-43.7,crypto
63-67,10,min 0-12,kalshi_with,exit10,341,5.3,201,-18.4,-19.04,0.784,-18.4,crypto
63-67,10,min 0-12,kalshi_with,exit12,341,13.0,201,-18.4,7.48,0.825,-18.4,crypto
63-67,10,min 0-12,kalshi_with,exit14,341,14.8,201,-14.2,21.94,0.865,-14.2,crypto
63-67,10,min 0-12,kalshi_with,hold,341,15.2,201,-14.2,23.15,0.873,-14.2,crypto
63-67,10,min 0-12,none,exit10,356,8.8,210,-14.8,0.27,0.79,-14.8,crypto
63-67,10,min 0-12,none,exit12,356,16.1,210,-13.0,29.81,0.827,-13.0,crypto
63-67,10,min 0-12,none,exit14,356,18.9,210,-9.1,48.09,0.866,-9.1,crypto
63-67,10,min 0-12,none,hold,356,19.9,210,-9.1,51.66,0.873,-9.1,crypto
63-67,10,min 0-12,spot_with,exit10,200,3.1,187,-12.7,-17.49,0.806,-12.7,crypto
63-67,10,min 0-12,spot_with,exit12,200,9.0,187,-7.9,3.25,0.84,-7.9,crypto
63-67,10,min 0-12,spot_with,exit14,200,13.0,187,-3.5,19.37,0.884,-3.5,crypto
63-67,10,min 0-12,spot_with,hold,200,18.5,187,-3.4,30.58,0.894,-3.4,crypto
63-67,10,min 0-3,kalshi_against,exit10,120,4.7,48,-9.8,0.92,0.833,-9.8,crypto
63-67,10,min 0-3,kalshi_against,exit12,120,14.6,48,-3.6,15.74,0.881,-3.6,crypto
63-67,10,min 0-3,kalshi_against,exit14,120,10.2,48,1.8,13.08,0.893,1.8,crypto
63-67,10,min 0-3,kalshi_against,hold,120,9.8,48,10.9,17.01,0.899,9.8,crypto
63-67,10,min 0-3,kalshi_with,exit10,299,10.0,176,-18.6,-2.97,0.798,-18.6,crypto
63-67,10,min 0-3,kalshi_with,exit12,299,16.5,176,-12.7,26.94,0.834,-12.7,crypto
63-67,10,min 0-3,kalshi_with,exit14,299,16.8,176,-5.3,41.0,0.872,-5.3,crypto
63-67,10,min 0-3,kalshi_with,hold,299,17.4,176,-4.8,43.63,0.878,-4.8,crypto
63-67,10,min 0-3,none,exit10,321,11.8,190,-14.2,10.77,0.798,-14.2,crypto
63-67,10,min 0-3,none,exit12,321,17.8,190,-7.7,42.44,0.832,-7.7,crypto
63-67,10,min 0-3,none,exit14,321,19.4,190,-0.3,61.77,0.869,-0.3,crypto
63-67,10,min 0-3,none,hold,321,20.0,190,0.1,64.4,0.875,0.1,crypto
63-67,10,min 0-3,spot_with,exit10,170,11.2,165,-9.9,2.69,0.821,-9.9,crypto
63-67,10,min 0-3,spot_with,exit12,170,16.4,165,1.6,30.42,0.854,1.6,crypto
63-67,10,min 0-3,spot_with,exit14,170,19.7,165,10.4,50.69,0.899,10.4,crypto
63-67,10,min 0-3,spot_with,hold,170,25.2,165,11.0,60.96,0.907,11.0,crypto
63-67,10,min 0-6,kalshi_against,exit10,212,-3.3,106,-35.8,-44.89,0.796,-35.8,crypto
63-67,10,min 0-6,kalshi_against,exit12,212,-1.6,106,-39.7,-45.48,0.833,-39.7,crypto
63-67,10,min 0-6,kalshi_against,exit14,212,-4.2,106,-27.5,-38.03,0.865,-27.5,crypto
63-67,10,min 0-6,kalshi_against,hold,212,-7.4,106,-26.0,-43.25,0.871,-26.0,crypto
63-67,10,min 0-6,kalshi_with,exit10,331,4.8,192,-21.9,-26.26,0.788,-21.9,crypto
63-67,10,min 0-6,kalshi_with,exit12,331,13.4,192,-20.5,5.08,0.828,-20.5,crypto
63-67,10,min 0-6,kalshi_with,exit14,331,14.7,192,-16.2,17.39,0.866,-16.2,crypto
63-67,10,min 0-6,kalshi_with,hold,331,14.8,192,-16.1,17.98,0.872,-16.1,crypto
63-67,10,min 0-6,none,exit10,352,7.9,207,-14.1,-1.24,0.792,-14.1,crypto
63-67,10,min 0-6,none,exit12,352,16.3,207,-11.7,33.08,0.83,-11.7,crypto
63-67,10,min 0-6,none,exit14,352,18.7,207,-7.2,51.02,0.868,-7.2,crypto
63-67,10,min 0-6,none,hold,352,18.8,207,-7.1,51.61,0.873,-7.1,crypto
63-67,10,min 0-6,spot_with,exit10,196,4.4,181,-13.1,-15.13,0.814,-13.1,crypto
63-67,10,min 0-6,spot_with,exit12,196,8.7,181,-4.9,8.12,0.846,-4.9,crypto
63-67,10,min 0-6,spot_with,exit14,196,12.9,181,1.8,28.61,0.889,1.8,crypto
63-67,10,min 0-6,spot_with,hold,196,17.0,181,2.0,36.84,0.897,2.0,crypto
63-67,10,min 0-9,kalshi_against,exit10,253,-10.1,132,-43.5,-83.0,0.758,-43.5,crypto
63-67,10,min 0-9,kalshi_against,exit12,253,-15.1,132,-51.6,-106.47,0.81,-51.6,crypto
63-67,10,min 0-9,kalshi_against,exit14,253,-13.6,132,-38.5,-85.28,0.849,-38.5,crypto
63-67,10,min 0-9,kalshi_against,hold,253,-16.3,132,-37.5,-90.72,0.857,-37.5,crypto
63-67,10,min 0-9,kalshi_with,exit10,338,4.8,197,-20.8,-24.61,0.785,-20.8,crypto
63-67,10,min 0-9,kalshi_with,exit12,338,14.6,197,-20.7,8.43,0.828,-20.7,crypto
63-67,10,min 0-9,kalshi_with,exit14,338,15.4,197,-17.1,18.5,0.865,-17.1,crypto
63-67,10,min 0-9,kalshi_with,hold,338,16.5,197,-17.1,22.07,0.873,-17.1,crypto
63-67,10,min 0-9,none,exit10,355,8.3,209,-14.8,-1.22,0.791,-14.8,crypto
63-67,10,min 0-9,none,exit12,355,16.4,209,-13.5,29.77,0.828,-13.5,crypto
63-67,10,min 0-9,none,exit14,355,18.5,209,-9.6,45.47,0.865,-9.6,crypto
63-67,10,min 0-9,none,hold,355,19.5,209,-9.6,49.04,0.872,-9.6,crypto
63-67,10,min 0-9,spot_with,exit10,197,2.6,185,-13.2,-19.2,0.812,-13.2,crypto
63-67,10,min 0-9,spot_with,exit12,197,9.2,185,-6.4,6.15,0.846,-6.4,crypto
63-67,10,min 0-9,spot_with,exit14,197,13.4,185,-0.5,25.51,0.887,-0.5,crypto
63-67,10,min 0-9,spot_with,hold,197,17.4,185,-0.4,33.56,0.895,-0.4,crypto
63-67,15,min 0-12,kalshi_against,exit10,267,-3.3,144,-74.3,-115.88,0.63,-74.3,crypto
63-67,15,min 0-12,kalshi_against,exit12,267,-5.2,144,-67.8,-111.56,0.708,-67.8,crypto
63-67,15,min 0-12,kalshi_against,exit14,267,1.1,144,-64.5,-90.06,0.786,-64.5,crypto
63-67,15,min 0-12,kalshi_against,hold,267,1.9,144,-66.3,-90.23,0.805,-66.3,crypto
63-67,15,min 0-12,kalshi_with,exit10,341,15.6,201,-26.6,-0.23,0.685,-26.6,crypto
63-67,15,min 0-12,kalshi_with,exit12,341,23.0,201,-23.5,31.14,0.756,-23.5,crypto
63-67,15,min 0-12,kalshi_with,exit14,341,24.1,201,-13.6,54.9,0.815,-13.6,crypto
63-67,15,min 0-12,kalshi_with,hold,341,24.7,201,-14.6,55.01,0.827,-14.6,crypto
63-67,15,min 0-12,none,exit10,356,16.6,210,-24.0,8.73,0.689,-24.0,crypto
63-67,15,min 0-12,none,exit12,356,24.5,210,-18.2,49.2,0.76,-18.2,crypto
63-67,15,min 0-12,none,exit14,356,25.5,210,-8.1,73.57,0.813,-8.1,crypto
63-67,15,min 0-12,none,hold,356,26.6,210,-8.2,77.56,0.825,-8.2,crypto
63-67,15,min 0-12,spot_with,exit10,200,13.1,187,-16.5,-4.75,0.695,-16.5,crypto
63-67,15,min 0-12,spot_with,exit12,200,17.4,187,-7.1,21.53,0.77,-7.1,crypto
63-67,15,min 0-12,spot_with,exit14,200,22.9,187,4.3,53.81,0.835,4.3,crypto
63-67,15,min 0-12,spot_with,hold,200,31.9,187,4.2,71.59,0.853,4.2,crypto
63-67,15,min 0-3,kalshi_against,exit10,120,19.1,48,-67.3,-9.35,0.726,-67.3,crypto
63-67,15,min 0-3,kalshi_against,exit12,120,30.9,48,-68.9,4.05,0.798,-68.9,crypto
63-67,15,min 0-3,kalshi_against,exit14,120,21.8,48,-73.2,-8.97,0.821,-73.2,crypto
63-67,15,min 0-3,kalshi_against,hold,120,26.6,48,-65.0,0.67,0.833,-65.0,crypto
63-67,15,min 0-3,kalshi_with,exit10,299,19.1,176,-28.8,6.4,0.701,-28.8,crypto
63-67,15,min 0-3,kalshi_with,exit12,299,27.3,176,-19.8,46.59,0.768,-19.8,crypto
63-67,15,min 0-3,kalshi_with,exit14,299,27.1,176,-9.5,64.41,0.821,-9.5,crypto
63-67,15,min 0-3,kalshi_with,hold,299,29.9,176,-10.1,71.62,0.832,-10.1,crypto
63-67,15,min 0-3,none,exit10,321,19.7,190,-24.3,16.91,0.705,-24.3,crypto
63-67,15,min 0-3,none,exit12,321,27.1,190,-13.9,60.42,0.767,-13.9,crypto
63-67,15,min 0-3,none,exit14,321,27.3,190,-3.1,81.66,0.816,-3.1,crypto
63-67,15,min 0-3,none,hold,321,29.8,190,-2.7,90.39,0.828,-2.7,crypto
63-67,15,min 0-3,spot_with,exit10,170,19.0,165,-14.6,8.1,0.716,-14.6,crypto
63-67,15,min 0-3,spot_with,exit12,170,25.2,165,1.7,45.69,0.788,1.7,crypto
63-67,15,min 0-3,spot_with,exit14,170,27.9,165,14.7,71.63,0.845,14.7,crypto
63-67,15,min 0-3,spot_with,hold,170,37.3,165,15.1,88.27,0.863,15.1,crypto
63-67,15,min 0-6,kalshi_against,exit10,212,6.2,106,-55.2,-45.41,0.692,-55.2,crypto
63-67,15,min 0-6,kalshi_against,exit12,212,13.0,106,-58.8,-34.83,0.764,-58.8,crypto
63-67,15,min 0-6,kalshi_against,exit14,212,10.5,106,-51.9,-32.73,0.811,-51.9,crypto
63-67,15,min 0-6,kalshi_against,hold,212,10.2,106,-48.8,-30.17,0.824,-48.8,crypto
63-67,15,min 0-6,kalshi_with,exit10,331,15.4,192,-31.9,-10.2,0.686,-31.9,crypto
63-67,15,min 0-6,kalshi_with,exit12,331,24.3,192,-27.5,27.84,0.761,-27.5,crypto
63-67,15,min 0-6,kalshi_with,exit14,331,23.8,192,-17.3,45.62,0.816,-17.3,crypto
63-67,15,min 0-6,kalshi_with,hold,331,25.5,192,-18.2,49.59,0.826,-18.2,crypto
63-67,15,min 0-6,none,exit10,352,16.2,207,-23.6,8.02,0.692,-23.6,crypto
63-67,15,min 0-6,none,exit12,352,25.9,207,-17.3,55.53,0.764,-17.3,crypto
63-67,15,min 0-6,none,exit14,352,25.8,207,-6.6,77.09,0.816,-6.6,crypto
63-67,15,min 0-6,none,hold,352,27.3,207,-6.6,82.58,0.826,-6.6,crypto
63-67,15,min 0-6,spot_with,exit10,196,14.2,181,-18.6,-5.73,0.7,-18.6,crypto
63-67,15,min 0-6,spot_with,exit12,196,16.9,181,-5.5,23.17,0.777,-5.5,crypto
63-67,15,min 0-6,spot_with,exit14,196,21.8,181,8.4,57.94,0.838,8.4,crypto
63-67,15,min 0-6,spot_with,hold,196,28.9,181,8.4,71.8,0.854,8.4,crypto
63-67,15,min 0-9,kalshi_against,exit10,253,-3.4,132,-60.9,-88.94,0.644,-60.9,crypto
63-67,15,min 0-9,kalshi_against,exit12,253,-5.3,132,-67.7,-102.8,0.727,-67.7,crypto
63-67,15,min 0-9,kalshi_against,exit14,253,-1.3,132,-54.7,-75.5,0.792,-54.7,crypto
63-67,15,min 0-9,kalshi_against,hold,253,-2.0,132,-54.7,-77.18,0.808,-54.7,crypto
63-67,15,min 0-9,kalshi_with,exit10,338,15.1,197,-29.8,-7.58,0.684,-29.8,crypto
63-67,15,min 0-9,kalshi_with,exit12,338,24.4,197,-26.7,30.0,0.759,-26.7,crypto
63-67,15,min 0-9,kalshi_with,exit14,338,24.6,197,-17.3,49.16,0.815,-17.3,crypto
63-67,15,min 0-9,kalshi_with,hold,338,25.9,197,-18.3,51.63,0.826,-18.3,crypto
63-67,15,min 0-9,none,exit10,355,16.2,209,-24.0,7.24,0.69,-24.0,crypto
63-67,15,min 0-9,none,exit12,355,24.8,209,-18.9,48.64,0.761,-18.9,crypto
63-67,15,min 0-9,none,exit14,355,25.1,209,-8.9,70.43,0.812,-8.9,crypto
63-67,15,min 0-9,none,hold,355,26.2,209,-9.0,74.42,0.824,-9.0,crypto
63-67,15,min 0-9,spot_with,exit10,197,12.4,185,-17.6,-8.24,0.699,-17.6,crypto
63-67,15,min 0-9,spot_with,exit12,197,17.6,185,-6.2,23.17,0.777,-6.2,crypto
63-67,15,min 0-9,spot_with,exit14,197,22.4,185,6.8,56.81,0.838,6.8,crypto
63-67,15,min 0-9,spot_with,hold,197,29.4,185,6.8,70.49,0.853,6.8,crypto
63-67,20,min 0-12,kalshi_against,exit10,267,-2.3,144,-59.9,-92.37,0.523,-59.9,crypto
63-67,20,min 0-12,kalshi_against,exit12,267,-15.9,144,-56.9,-124.22,0.608,-56.9,crypto
63-67,20,min 0-12,kalshi_against,exit14,267,-9.4,144,-56.6,-106.62,0.727,-56.6,crypto
63-67,20,min 0-12,kalshi_against,hold,267,-9.8,144,-50.5,-98.93,0.754,-50.5,crypto
63-67,20,min 0-12,kalshi_with,exit10,341,14.9,201,-18.5,13.85,0.579,-18.5,crypto
63-67,20,min 0-12,kalshi_with,exit12,341,13.8,201,-12.8,21.53,0.662,-12.8,crypto
63-67,20,min 0-12,kalshi_with,exit14,341,19.8,201,-7.8,51.74,0.749,-7.8,crypto
63-67,20,min 0-12,kalshi_with,hold,341,19.8,201,1.1,69.84,0.773,1.1,crypto
63-67,20,min 0-12,none,exit10,356,18.1,210,-16.3,30.28,0.588,-16.3,crypto
63-67,20,min 0-12,none,exit12,356,19.5,210,-8.9,50.83,0.671,-8.9,crypto
63-67,20,min 0-12,none,exit14,356,23.7,210,-5.8,72.01,0.747,-5.8,crypto
63-67,20,min 0-12,none,hold,356,24.3,210,3.8,94.43,0.772,3.8,crypto
63-67,20,min 0-12,spot_with,exit10,200,15.8,187,-7.9,16.76,0.597,-7.9,crypto
63-67,20,min 0-12,spot_with,exit12,200,11.0,187,0.7,23.16,0.685,0.7,crypto
63-67,20,min 0-12,spot_with,exit14,200,21.0,187,5.1,51.63,0.778,5.1,crypto
63-67,20,min 0-12,spot_with,hold,200,30.2,187,14.7,88.0,0.806,14.7,crypto
63-67,20,min 0-3,kalshi_against,exit10,120,15.8,48,-62.4,-11.05,0.595,-62.4,crypto
63-67,20,min 0-3,kalshi_against,exit12,120,9.4,48,-86.8,-30.38,0.679,-86.8,crypto
63-67,20,min 0-3,kalshi_against,exit14,120,-3.3,48,-96.4,-50.25,0.738,-96.4,crypto
63-67,20,min 0-3,kalshi_against,hold,120,1.2,48,-94.6,-44.02,0.75,-94.6,crypto
63-67,20,min 0-3,kalshi_with,exit10,299,20.9,176,-21.0,25.57,0.594,-21.0,crypto
63-67,20,min 0-3,kalshi_with,exit12,299,21.9,176,-12.1,44.14,0.68,-12.1,crypto
63-67,20,min 0-3,kalshi_with,exit14,299,25.4,176,-7.5,62.78,0.758,-7.5,crypto
63-67,20,min 0-3,kalshi_with,hold,299,27.8,176,1.9,86.34,0.779,1.9,crypto
63-67,20,min 0-3,none,exit10,321,22.0,190,-16.6,38.9,0.601,-16.6,crypto
63-67,20,min 0-3,none,exit12,321,22.7,190,-7.6,58.19,0.683,-7.6,crypto
63-67,20,min 0-3,none,exit14,321,26.0,190,-4.1,75.66,0.753,-4.1,crypto
63-67,20,min 0-3,none,hold,321,28.1,190,5.8,101.18,0.775,5.8,crypto
63-67,20,min 0-3,spot_with,exit10,170,23.8,165,-8.4,26.49,0.612,-8.4,crypto
63-67,20,min 0-3,spot_with,exit12,170,20.2,165,6.4,44.97,0.701,6.4,crypto
63-67,20,min 0-3,spot_with,exit14,170,27.7,165,11.1,65.48,0.785,11.1,crypto
63-67,20,min 0-3,spot_with,hold,170,38.3,165,22.6,102.4,0.815,22.6,crypto
63-67,20,min 0-6,kalshi_against,exit10,212,7.5,106,-40.8,-27.26,0.579,-40.8,crypto
63-67,20,min 0-6,kalshi_against,exit12,212,3.4,106,-49.4,-45.2,0.673,-49.4,crypto
63-67,20,min 0-6,kalshi_against,exit14,212,3.0,106,-48.5,-45.0,0.755,-48.5,crypto
63-67,20,min 0-6,kalshi_against,hold,212,1.7,106,-39.3,-38.16,0.77,-39.3,crypto
63-67,20,min 0-6,kalshi_with,exit10,331,15.8,192,-22.9,8.37,0.581,-22.9,crypto
63-67,20,min 0-6,kalshi_with,exit12,331,18.0,192,-17.9,25.12,0.673,-17.9,crypto
63-67,20,min 0-6,kalshi_with,exit14,331,23.5,192,-12.7,53.31,0.757,-12.7,crypto
63-67,20,min 0-6,kalshi_with,hold,331,24.8,192,-4.4,73.63,0.776,-4.4,crypto
63-67,20,min 0-6,none,exit10,352,17.4,207,-14.2,31.88,0.592,-14.2,crypto
63-67,20,min 0-6,none,exit12,352,20.7,207,-8.7,54.92,0.678,-8.7,crypto
63-67,20,min 0-6,none,exit14,352,23.9,207,-4.4,75.16,0.755,-4.4,crypto
63-67,20,min 0-6,none,hold,352,24.7,207,4.3,95.75,0.775,4.3,crypto
63-67,20,min 0-6,spot_with,exit10,196,16.8,181,-10.6,13.87,0.599,-10.6,crypto
63-67,20,min 0-6,spot_with,exit12,196,12.2,181,1.6,26.77,0.692,1.6,crypto
63-67,20,min 0-6,spot_with,exit14,196,22.9,181,8.3,60.04,0.782,8.3,crypto
63-67,20,min 0-6,spot_with,hold,196,31.1,181,18.4,94.18,0.809,18.4,crypto
63-67,20,min 0-9,kalshi_against,exit10,253,-3.3,132,-46.9,-70.17,0.53,-46.9,crypto
63-67,20,min 0-9,kalshi_against,exit12,253,-16.7,132,-56.2,-116.37,0.636,-56.2,crypto
63-67,20,min 0-9,kalshi_against,exit14,253,-14.4,132,-48.2,-100.08,0.732,-48.2,crypto
63-67,20,min 0-9,kalshi_against,hold,253,-17.1,132,-39.7,-95.69,0.753,-39.7,crypto
63-67,20,min 0-9,kalshi_with,exit10,338,14.1,197,-21.9,4.71,0.578,-21.9,crypto
63-67,20,min 0-9,kalshi_with,exit12,338,15.6,197,-15.5,22.04,0.667,-15.5,crypto
63-67,20,min 0-9,kalshi_with,exit14,338,20.3,197,-11.0,46.91,0.751,-11.0,crypto
63-67,20,min 0-9,kalshi_with,hold,338,20.7,197,-3.0,64.04,0.772,-3.0,crypto
63-67,20,min 0-9,none,exit10,355,17.6,209,-16.3,28.37,0.589,-16.3,crypto
63-67,20,min 0-9,none,exit12,355,19.8,209,-9.4,50.68,0.674,-9.4,crypto
63-67,20,min 0-9,none,exit14,355,23.4,209,-5.7,71.15,0.75,-5.7,crypto
63-67,20,min 0-9,none,hold,355,23.7,209,2.9,90.24,0.771,2.9,crypto
63-67,20,min 0-9,spot_with,exit10,197,15.0,185,-8.9,12.95,0.599,-8.9,crypto
63-67,20,min 0-9,spot_with,exit12,197,11.1,185,1.6,24.8,0.691,1.6,crypto
63-67,20,min 0-9,spot_with,exit14,197,20.4,185,7.7,54.31,0.78,7.7,crypto
63-67,20,min 0-9,spot_with,hold,197,27.6,185,17.4,86.58,0.806,17.4,crypto
63-67,25,min 0-12,kalshi_against,exit10,267,-5.9,144,-70.4,-117.3,0.387,-70.4,crypto
63-67,25,min 0-12,kalshi_against,exit12,267,-22.9,144,-52.0,-135.92,0.487,-52.0,crypto
63-67,25,min 0-12,kalshi_against,exit14,267,-16.9,144,-54.1,-122.93,0.657,-54.1,crypto
63-67,25,min 0-12,kalshi_against,hold,267,-6.8,144,-43.8,-81.3,0.708,-43.8,crypto
63-67,25,min 0-12,kalshi_with,exit10,341,24.2,201,-20.7,40.79,0.458,-20.7,crypto
63-67,25,min 0-12,kalshi_with,exit12,341,20.6,201,-5.4,59.39,0.565,-5.4,crypto
63-67,25,min 0-12,kalshi_with,exit14,341,31.0,201,9.5,124.72,0.699,9.5,crypto
63-67,25,min 0-12,kalshi_with,hold,341,38.1,201,18.0,165.98,0.74,18.0,crypto
63-67,25,min 0-12,none,exit10,356,19.8,210,-18.7,31.09,0.459,-18.7,crypto
63-67,25,min 0-12,none,exit12,356,18.7,210,-1.4,63.75,0.569,-1.4,crypto
63-67,25,min 0-12,none,exit14,356,28.3,210,12.0,126.14,0.693,12.0,crypto
63-67,25,min 0-12,none,hold,356,36.4,210,21.6,174.87,0.735,21.6,crypto
63-67,25,min 0-12,spot_with,exit10,200,16.8,187,-10.5,13.98,0.463,-10.5,crypto
63-67,25,min 0-12,spot_with,exit12,200,7.3,187,8.2,30.02,0.574,7.3,crypto
63-67,25,min 0-12,spot_with,exit14,200,27.7,187,24.9,101.99,0.726,24.9,crypto
63-67,25,min 0-12,spot_with,hold,200,41.3,187,34.1,146.48,0.77,34.1,crypto
63-67,25,min 0-3,kalshi_against,exit10,120,2.2,48,-77.8,-34.72,0.44,-77.8,crypto
63-67,25,min 0-3,kalshi_against,exit12,120,-5.3,48,-90.7,-49.85,0.56,-90.7,crypto
63-67,25,min 0-3,kalshi_against,exit14,120,-26.6,48,-72.8,-66.81,0.667,-72.8,crypto
63-67,25,min 0-3,kalshi_against,hold,120,-19.2,48,-79.0,-60.93,0.696,-79.0,crypto
63-67,25,min 0-3,kalshi_with,exit10,299,29.1,176,-26.0,41.31,0.465,-26.0,crypto
63-67,25,min 0-3,kalshi_with,exit12,299,26.2,176,-8.4,63.49,0.579,-8.4,crypto
63-67,25,min 0-3,kalshi_with,exit14,299,33.0,176,8.6,113.74,0.705,8.6,crypto
63-67,25,min 0-3,kalshi_with,hold,299,42.9,176,14.8,154.41,0.745,14.8,crypto
63-67,25,min 0-3,none,exit10,321,21.9,190,-20.9,30.39,0.464,-20.9,crypto
63-67,25,min 0-3,none,exit12,321,18.7,190,-3.2,53.85,0.575,-3.2,crypto
63-67,25,min 0-3,none,exit14,321,27.1,190,13.1,111.85,0.697,13.1,crypto
63-67,25,min 0-3,none,hold,321,36.9,190,20.6,157.63,0.738,20.6,crypto
63-67,25,min 0-3,spot_with,exit10,170,23.5,165,-11.3,21.4,0.472,-11.3,crypto
63-67,25,min 0-3,spot_with,exit12,170,12.1,165,13.5,42.97,0.591,12.1,crypto
63-67,25,min 0-3,spot_with,exit14,170,29.2,165,29.6,98.52,0.731,29.2,crypto
63-67,25,min 0-3,spot_with,hold,170,44.3,165,38.4,138.56,0.779,38.4,crypto
63-67,25,min 0-6,kalshi_against,exit10,212,0.9,106,-40.9,-41.56,0.434,-40.9,crypto
63-67,25,min 0-6,kalshi_against,exit12,212,-5.3,106,-44.3,-58.17,0.553,-44.3,crypto
63-67,25,min 0-6,kalshi_against,exit14,212,-5.9,106,-38.4,-53.19,0.686,-38.4,crypto
63-67,25,min 0-6,kalshi_against,hold,212,0.1,106,-26.1,-27.42,0.726,-26.1,crypto
63-67,25,min 0-6,kalshi_with,exit10,331,24.7,192,-26.2,31.33,0.459,-26.2,crypto
63-67,25,min 0-6,kalshi_with,exit12,331,24.6,192,-11.5,59.52,0.574,-11.5,crypto
63-67,25,min 0-6,kalshi_with,exit14,331,34.4,192,3.8,121.15,0.706,3.8,crypto
63-67,25,min 0-6,kalshi_with,hold,331,42.6,192,11.2,162.3,0.744,11.2,crypto
63-67,25,min 0-6,none,exit10,352,18.8,207,-16.7,31.64,0.462,-16.7,crypto
63-67,25,min 0-6,none,exit12,352,19.8,207,-1.1,67.21,0.574,-1.1,crypto
63-67,25,min 0-6,none,exit14,352,28.5,207,13.7,128.66,0.699,13.7,crypto
63-67,25,min 0-6,none,hold,352,36.2,207,22.1,173.23,0.739,22.1,crypto
63-67,25,min 0-6,spot_with,exit10,196,17.6,181,-14.2,8.9,0.464,-14.2,crypto
63-67,25,min 0-6,spot_with,exit12,196,8.5,181,8.3,31.75,0.581,8.3,crypto
63-67,25,min 0-6,spot_with,exit14,196,29.3,181,27.4,107.16,0.729,27.4,crypto
63-67,25,min 0-6,spot_with,hold,196,41.3,181,37.1,148.14,0.775,37.1,crypto
63-67,25,min 0-9,kalshi_against,exit10,253,-8.2,132,-47.1,-82.9,0.392,-47.1,crypto
63-67,25,min 0-9,kalshi_against,exit12,253,-24.1,132,-49.1,-125.67,0.514,-49.1,crypto
63-67,25,min 0-9,kalshi_against,exit14,253,-20.8,132,-32.8,-95.87,0.668,-32.8,crypto
63-67,25,min 0-9,kalshi_against,hold,253,-16.5,132,-21.2,-69.71,0.712,-21.2,crypto
63-67,25,min 0-9,kalshi_with,exit10,338,23.1,197,-24.8,29.45,0.454,-24.8,crypto
63-67,25,min 0-9,kalshi_with,exit12,338,22.4,197,-8.2,59.59,0.57,-8.2,crypto
63-67,25,min 0-9,kalshi_with,exit14,338,31.4,197,6.2,118.11,0.701,6.2,crypto
63-67,25,min 0-9,kalshi_with,hold,338,38.8,197,13.2,157.35,0.738,13.2,crypto
63-67,25,min 0-9,none,exit10,355,19.1,209,-18.7,28.76,0.459,-18.7,crypto
63-67,25,min 0-9,none,exit12,355,19.0,209,-1.9,63.6,0.571,-1.9,crypto
63-67,25,min 0-9,none,exit14,355,28.1,209,12.2,125.28,0.695,12.2,crypto
63-67,25,min 0-9,none,hold,355,35.7,209,20.5,169.63,0.734,20.5,crypto
63-67,25,min 0-9,spot_with,exit10,197,15.7,185,-11.8,9.13,0.463,-11.8,crypto
63-67,25,min 0-9,spot_with,exit12,197,7.4,185,9.3,31.77,0.581,7.4,crypto
63-67,25,min 0-9,spot_with,exit14,197,26.8,185,27.4,103.42,0.728,26.8,crypto
63-67,25,min 0-9,spot_with,hold,197,37.8,185,36.7,142.53,0.772,36.7,crypto
63-67,30,min 0-12,kalshi_against,exit10,267,-10.5,144,-68.1,-126.12,0.236,-68.1,crypto
63-67,30,min 0-12,kalshi_against,exit12,267,-23.0,144,-55.0,-140.64,0.36,-55.0,crypto
63-67,30,min 0-12,kalshi_against,exit14,267,-9.2,144,-57.3,-107.0,0.596,-57.3,crypto
63-67,30,min 0-12,kalshi_against,hold,267,1.2,144,-44.6,-61.07,0.676,-44.6,crypto
63-67,30,min 0-12,kalshi_with,exit10,341,21.3,201,-18.8,34.67,0.301,-18.8,crypto
63-67,30,min 0-12,kalshi_with,exit12,341,27.5,201,-11.1,71.43,0.445,-11.1,crypto
63-67,30,min 0-12,kalshi_with,exit14,341,46.2,201,-3.3,150.91,0.637,-3.3,crypto
63-67,30,min 0-12,kalshi_with,hold,341,55.8,201,4.4,199.32,0.708,4.4,crypto
63-67,30,min 0-12,none,exit10,356,14.8,210,-19.0,12.59,0.295,-19.0,crypto
63-67,30,min 0-12,none,exit12,356,24.3,210,-6.6,72.5,0.44,-6.6,crypto
63-67,30,min 0-12,none,exit14,356,41.4,210,0.3,147.96,0.627,0.3,crypto
63-67,30,min 0-12,none,hold,356,52.3,210,9.3,205.62,0.701,9.3,crypto
63-67,30,min 0-12,spot_with,exit10,200,19.1,187,-8.1,23.0,0.297,-8.1,crypto
63-67,30,min 0-12,spot_with,exit12,200,17.6,187,6.7,47.7,0.447,6.7,crypto
63-67,30,min 0-12,spot_with,exit14,200,47.0,187,19.6,130.8,0.661,19.6,crypto
63-67,30,min 0-12,spot_with,hold,200,59.9,187,29.9,175.8,0.736,29.9,crypto
63-67,30,min 0-3,kalshi_against,exit10,120,1.3,48,-75.0,-34.44,0.268,-75.0,crypto
63-67,30,min 0-3,kalshi_against,exit12,120,-1.9,48,-78.7,-40.08,0.435,-78.7,crypto
63-67,30,min 0-3,kalshi_against,exit14,120,-17.6,48,-79.7,-59.38,0.607,-79.7,crypto
63-67,30,min 0-3,kalshi_against,hold,120,0.2,48,-88.0,-41.96,0.673,-88.0,crypto
63-67,30,min 0-3,kalshi_with,exit10,299,26.3,176,-25.6,33.68,0.307,-25.6,crypto
63-67,30,min 0-3,kalshi_with,exit12,299,33.5,176,-16.8,70.5,0.455,-16.8,crypto
63-67,30,min 0-3,kalshi_with,exit14,299,48.4,176,-1.4,142.26,0.646,-1.4,crypto
63-67,30,min 0-3,kalshi_with,hold,299,58.0,176,5.7,183.6,0.714,5.7,crypto
63-67,30,min 0-3,none,exit10,321,15.6,190,-22.0,8.27,0.301,-22.0,crypto
63-67,30,min 0-3,none,exit12,321,22.6,190,-10.2,52.97,0.446,-10.2,crypto
63-67,30,min 0-3,none,exit14,321,38.2,190,5.5,133.3,0.632,5.5,crypto
63-67,30,min 0-3,none,hold,321,50.7,190,13.8,188.89,0.705,13.8,crypto
63-67,30,min 0-3,spot_with,exit10,170,23.7,165,-10.6,22.7,0.301,-10.6,crypto
63-67,30,min 0-3,spot_with,exit12,170,20.8,165,9.7,51.33,0.454,9.7,crypto
63-67,30,min 0-3,spot_with,exit14,170,46.3,165,26.1,121.87,0.669,26.1,crypto
63-67,30,min 0-3,spot_with,hold,170,59.7,165,35.0,159.24,0.743,35.0,crypto
63-67,30,min 0-6,kalshi_against,exit10,212,-5.7,106,-39.0,-53.31,0.261,-39.0,crypto
63-67,30,min 0-6,kalshi_against,exit12,212,-5.5,106,-44.0,-58.29,0.415,-44.0,crypto
63-67,30,min 0-6,kalshi_against,exit14,212,0.8,106,-43.3,-44.28,0.619,-43.3,crypto
63-67,30,min 0-6,kalshi_against,hold,212,10.2,106,-28.5,-8.57,0.695,-28.5,crypto
63-67,30,min 0-6,kalshi_with,exit10,331,21.3,192,-25.1,22.35,0.302,-25.1,crypto
63-67,30,min 0-6,kalshi_with,exit12,331,31.5,192,-18.3,69.03,0.449,-18.3,crypto
63-67,30,min 0-6,kalshi_with,exit14,331,49.5,192,-11.0,142.8,0.641,-11.0,crypto
63-67,30,min 0-6,kalshi_with,hold,331,60.1,192,-4.5,190.36,0.711,-4.5,crypto
63-67,30,min 0-6,none,exit10,352,13.7,207,-17.0,12.93,0.297,-17.0,crypto
63-67,30,min 0-6,none,exit12,352,25.2,207,-6.4,75.54,0.444,-6.4,crypto
63-67,30,min 0-6,none,exit14,352,41.6,207,1.8,150.06,0.633,1.8,crypto
63-67,30,min 0-6,none,hold,352,52.1,207,9.4,202.82,0.705,9.4,crypto
63-67,30,min 0-6,spot_with,exit10,196,19.7,181,-12.2,16.44,0.3,-12.2,crypto
63-67,30,min 0-6,spot_with,exit12,196,19.0,181,6.1,48.27,0.451,6.1,crypto
63-67,30,min 0-6,spot_with,exit14,196,48.5,181,21.1,133.22,0.663,21.1,crypto
63-67,30,min 0-6,spot_with,hold,196,59.8,181,31.8,174.71,0.74,31.8,crypto
63-67,30,min 0-9,kalshi_against,exit10,253,-13.9,132,-45.9,-95.74,0.231,-45.9,crypto
63-67,30,min 0-9,kalshi_against,exit12,253,-23.4,132,-52.4,-128.3,0.384,-52.4,crypto
63-67,30,min 0-9,kalshi_against,exit14,253,-12.1,132,-37.7,-80.29,0.605,-37.7,crypto
63-67,30,min 0-9,kalshi_against,hold,253,-6.8,132,-23.9,-48.71,0.681,-23.9,crypto
63-67,30,min 0-9,kalshi_with,exit10,338,19.9,197,-23.6,20.9,0.295,-23.6,crypto
63-67,30,min 0-9,kalshi_with,exit12,338,29.4,197,-14.3,71.1,0.449,-14.3,crypto
63-67,30,min 0-9,kalshi_with,exit14,338,46.6,197,-7.7,142.29,0.637,-7.7,crypto
63-67,30,min 0-9,kalshi_with,hold,338,56.5,197,-1.5,187.94,0.707,-1.5,crypto
63-67,30,min 0-9,none,exit10,355,14.0,209,-19.0,9.84,0.294,-19.0,crypto
63-67,30,min 0-9,none,exit12,355,24.6,209,-7.1,72.35,0.441,-7.1,crypto
63-67,30,min 0-9,none,exit14,355,41.2,209,0.5,147.1,0.629,0.5,crypto
63-67,30,min 0-9,none,hold,355,51.6,209,7.9,199.64,0.7,7.9,crypto
63-67,30,min 0-9,spot_with,exit10,197,17.8,185,-9.7,17.09,0.296,-9.7,crypto
63-67,30,min 0-9,spot_with,exit12,197,17.8,185,7.8,49.45,0.453,7.8,crypto
63-67,30,min 0-9,spot_with,exit14,197,45.9,185,21.8,130.64,0.662,21.8,crypto
63-67,30,min 0-9,spot_with,hold,197,56.2,185,32.2,170.26,0.738,32.2,crypto
68-72,5,min 0-12,kalshi_against,exit10,256,-22.4,141,-41.3,-115.62,0.839,-41.3,crypto
68-72,5,min 0-12,kalshi_against,exit12,256,-35.3,141,-40.0,-146.8,0.864,-40.0,crypto
68-72,5,min 0-12,kalshi_against,exit14,256,-36.8,141,-44.8,-157.21,0.887,-44.8,crypto
68-72,5,min 0-12,kalshi_against,hold,256,-34.1,141,-42.1,-146.5,0.902,-42.1,crypto
68-72,5,min 0-12,kalshi_with,exit10,352,1.0,197,-49.0,-92.9,0.854,-49.0,crypto
68-72,5,min 0-12,kalshi_with,exit12,352,2.9,197,-42.1,-72.61,0.891,-42.1,crypto
68-72,5,min 0-12,kalshi_with,exit14,352,1.0,197,-39.2,-73.85,0.914,-39.2,crypto
68-72,5,min 0-12,kalshi_with,hold,352,-1.4,197,-38.4,-80.36,0.92,-38.4,crypto
68-72,5,min 0-12,none,exit10,355,1.9,201,-47.6,-88.91,0.856,-47.6,crypto
68-72,5,min 0-12,none,exit12,355,4.6,201,-40.8,-65.56,0.894,-40.8,crypto
68-72,5,min 0-12,none,exit14,355,3.9,201,-38.0,-62.58,0.917,-38.0,crypto
68-72,5,min 0-12,none,hold,355,1.6,201,-37.1,-69.09,0.923,-37.1,crypto
68-72,5,min 0-12,spot_with,exit10,203,-6.9,185,-40.9,-89.7,0.851,-40.9,crypto
68-72,5,min 0-12,spot_with,exit12,203,-12.2,185,-33.9,-87.45,0.879,-33.9,crypto
68-72,5,min 0-12,spot_with,exit14,203,-16.6,185,-31.4,-91.64,0.905,-31.4,crypto
68-72,5,min 0-12,spot_with,hold,203,-17.7,185,-30.4,-92.06,0.912,-30.4,crypto
68-72,5,min 0-3,kalshi_against,exit10,78,-23.2,30,2.2,-17.46,0.907,-23.2,crypto
68-72,5,min 0-3,kalshi_against,exit12,78,-20.5,30,-4.8,-17.47,0.926,-20.5,crypto
68-72,5,min 0-3,kalshi_against,exit14,78,-23.9,30,-3.1,-19.57,0.926,-23.9,crypto
68-72,5,min 0-3,kalshi_against,hold,78,-24.0,30,11.8,-15.19,0.935,-24.0,crypto
68-72,5,min 0-3,kalshi_with,exit10,264,10.9,140,-47.9,-38.41,0.884,-47.9,crypto
68-72,5,min 0-3,kalshi_with,exit12,264,13.5,140,-48.8,-32.64,0.903,-48.8,crypto
68-72,5,min 0-3,kalshi_with,exit14,264,14.7,140,-44.7,-23.8,0.926,-44.7,crypto
68-72,5,min 0-3,kalshi_with,hold,264,13.4,140,-45.0,-27.69,0.928,-45.0,crypto
68-72,5,min 0-3,none,exit10,266,10.7,144,-45.5,-37.0,0.883,-45.5,crypto
68-72,5,min 0-3,none,exit12,266,14.4,144,-46.3,-28.37,0.905,-46.3,crypto
68-72,5,min 0-3,none,exit14,266,15.6,144,-42.4,-19.53,0.927,-42.4,crypto
68-72,5,min 0-3,none,hold,266,14.3,144,-42.7,-23.42,0.929,-42.7,crypto
68-72,5,min 0-3,spot_with,exit10,148,4.4,131,-38.5,-43.92,0.882,-38.5,crypto
68-72,5,min 0-3,spot_with,exit12,148,1.2,131,-40.1,-50.81,0.892,-40.1,crypto
68-72,5,min 0-3,spot_with,exit14,148,-0.6,131,-38.1,-50.84,0.914,-38.1,crypto
68-72,5,min 0-3,spot_with,hold,148,-3.0,131,-38.3,-54.64,0.918,-38.3,crypto
68-72,5,min 0-6,kalshi_against,exit10,180,-18.9,91,-14.2,-46.87,0.897,-18.9,crypto
68-72,5,min 0-6,kalshi_against,exit12,180,-21.5,91,-16.6,-53.88,0.908,-21.5,crypto
68-72,5,min 0-6,kalshi_against,exit14,180,-21.8,91,-9.6,-48.01,0.923,-21.8,crypto
68-72,5,min 0-6,kalshi_against,hold,180,-22.1,91,-6.0,-45.2,0.934,-22.1,crypto
68-72,5,min 0-6,kalshi_with,exit10,332,1.6,182,-44.2,-75.27,0.87,-44.2,crypto
68-72,5,min 0-6,kalshi_with,exit12,332,6.8,182,-35.7,-42.48,0.903,-35.7,crypto
68-72,5,min 0-6,kalshi_with,exit14,332,6.4,182,-29.6,-32.62,0.926,-29.6,crypto
68-72,5,min 0-6,kalshi_with,hold,332,4.9,182,-28.5,-35.74,0.93,-28.5,crypto
68-72,5,min 0-6,none,exit10,335,1.7,188,-41.7,-72.71,0.87,-41.7,crypto
68-72,5,min 0-6,none,exit12,335,7.7,188,-33.4,-37.06,0.904,-33.4,crypto
68-72,5,min 0-6,none,exit14,335,7.3,188,-27.5,-27.2,0.927,-27.5,crypto
68-72,5,min 0-6,none,hold,335,5.8,188,-26.5,-30.32,0.931,-26.5,crypto
68-72,5,min 0-6,spot_with,exit10,189,-6.6,171,-37.3,-76.24,0.867,-37.3,crypto
68-72,5,min 0-6,spot_with,exit12,189,-7.8,171,-28.7,-63.98,0.889,-28.7,crypto
68-72,5,min 0-6,spot_with,exit14,189,-11.5,171,-24.0,-62.9,0.914,-24.0,crypto
68-72,5,min 0-6,spot_with,hold,189,-14.2,171,-22.9,-65.93,0.919,-22.9,crypto
68-72,5,min 0-9,kalshi_against,exit10,233,-22.3,120,-26.7,-83.96,0.864,-26.7,crypto
68-72,5,min 0-9,kalshi_against,exit12,233,-35.7,120,-34.0,-124.01,0.881,-35.7,crypto
68-72,5,min 0-9,kalshi_against,exit14,233,-36.2,120,-24.0,-113.25,0.901,-36.2,crypto
68-72,5,min 0-9,kalshi_against,hold,233,-34.5,120,-19.5,-103.76,0.915,-34.5,crypto
68-72,5,min 0-9,kalshi_with,exit10,348,0.9,194,-46.2,-86.52,0.858,-46.2,crypto
68-72,5,min 0-9,kalshi_with,exit12,348,3.2,194,-40.3,-67.08,0.895,-40.3,crypto
68-72,5,min 0-9,kalshi_with,exit14,348,1.4,194,-36.4,-65.74,0.917,-36.4,crypto
68-72,5,min 0-9,kalshi_with,hold,348,-1.9,194,-35.5,-75.41,0.921,-35.5,crypto
68-72,5,min 0-9,none,exit10,351,1.7,198,-44.8,-82.53,0.86,-44.8,crypto
68-72,5,min 0-9,none,exit12,351,4.9,198,-39.0,-60.03,0.898,-39.0,crypto
68-72,5,min 0-9,none,exit14,351,4.3,198,-35.2,-54.47,0.92,-35.2,crypto
68-72,5,min 0-9,none,hold,351,1.1,198,-34.3,-64.14,0.923,-34.3,crypto
68-72,5,min 0-9,spot_with,exit10,199,-7.3,181,-37.7,-82.79,0.858,-37.7,crypto
68-72,5,min 0-9,spot_with,exit12,199,-11.9,181,-32.6,-82.71,0.884,-32.6,crypto
68-72,5,min 0-9,spot_with,exit14,199,-16.2,181,-29.0,-84.63,0.908,-29.0,crypto
68-72,5,min 0-9,spot_with,hold,199,-18.9,181,-28.0,-88.21,0.913,-28.0,crypto
68-72,10,min 0-12,kalshi_against,exit10,256,-22.0,141,-55.4,-134.29,0.705,-55.4,crypto
68-72,10,min 0-12,kalshi_against,exit12,256,-39.8,141,-55.6,-180.22,0.753,-55.6,crypto
68-72,10,min 0-12,kalshi_against,exit14,256,-33.4,141,-64.1,-175.78,0.809,-64.1,crypto
68-72,10,min 0-12,kalshi_against,hold,256,-32.1,141,-56.6,-161.95,0.839,-56.6,crypto
68-72,10,min 0-12,kalshi_with,exit10,352,6.5,197,-57.3,-89.74,0.743,-57.3,crypto
68-72,10,min 0-12,kalshi_with,exit12,352,12.5,197,-52.2,-58.72,0.814,-52.2,crypto
68-72,10,min 0-12,kalshi_with,exit14,352,9.7,197,-48.3,-60.97,0.854,-48.3,crypto
68-72,10,min 0-12,kalshi_with,hold,352,7.4,197,-48.3,-69.16,0.863,-48.3,crypto
68-72,10,min 0-12,none,exit10,355,7.7,201,-54.6,-82.42,0.746,-54.6,crypto
68-72,10,min 0-12,none,exit12,355,14.5,201,-49.6,-48.34,0.818,-49.6,crypto
68-72,10,min 0-12,none,exit14,355,12.9,201,-45.8,-46.37,0.858,-45.8,crypto
68-72,10,min 0-12,none,hold,355,10.6,201,-45.8,-54.56,0.867,-45.8,crypto
68-72,10,min 0-12,spot_with,exit10,203,-4.3,185,-48.0,-97.47,0.742,-48.0,crypto
68-72,10,min 0-12,spot_with,exit12,203,-8.9,185,-43.0,-97.7,0.796,-43.0,crypto
68-72,10,min 0-12,spot_with,exit14,203,-9.7,185,-39.6,-93.02,0.845,-39.6,crypto
68-72,10,min 0-12,spot_with,hold,203,-7.7,185,-39.6,-88.97,0.858,-39.6,crypto
68-72,10,min 0-3,kalshi_against,exit10,78,-8.0,30,-17.8,-11.57,0.824,-17.8,crypto
68-72,10,min 0-3,kalshi_against,exit12,78,-3.0,30,-32.1,-11.99,0.861,-32.1,crypto
68-72,10,min 0-3,kalshi_against,exit14,78,-6.4,30,-37.3,-16.21,0.87,-37.3,crypto
68-72,10,min 0-3,kalshi_against,hold,78,1.7,30,-23.6,-5.76,0.889,-23.6,crypto
68-72,10,min 0-3,kalshi_with,exit10,264,18.6,140,-63.4,-39.76,0.787,-63.4,crypto
68-72,10,min 0-3,kalshi_with,exit12,264,23.0,140,-65.6,-31.01,0.834,-65.6,crypto
68-72,10,min 0-3,kalshi_with,exit14,264,24.0,140,-61.5,-22.79,0.866,-61.5,crypto
68-72,10,min 0-3,kalshi_with,hold,264,24.8,140,-59.7,-18.06,0.874,-59.7,crypto
68-72,10,min 0-3,none,exit10,266,18.5,144,-59.1,-35.94,0.788,-59.1,crypto
68-72,10,min 0-3,none,exit12,266,24.0,144,-61.2,-24.33,0.837,-61.2,crypto
68-72,10,min 0-3,none,exit14,266,24.9,144,-57.3,-16.11,0.868,-57.3,crypto
68-72,10,min 0-3,none,hold,266,25.8,144,-55.6,-11.38,0.876,-55.6,crypto
68-72,10,min 0-3,spot_with,exit10,148,-0.1,131,-50.2,-65.95,0.771,-50.2,crypto
68-72,10,min 0-3,spot_with,exit12,148,-3.2,131,-53.3,-74.48,0.81,-53.3,crypto
68-72,10,min 0-3,spot_with,exit14,148,-1.8,131,-51.6,-70.24,0.846,-51.6,crypto
68-72,10,min 0-3,spot_with,hold,148,-0.1,131,-49.7,-65.15,0.857,-49.7,crypto
68-72,10,min 0-6,kalshi_against,exit10,180,-14.7,91,-37.9,-61.02,0.779,-37.9,crypto
68-72,10,min 0-6,kalshi_against,exit12,180,-16.2,91,-42.6,-67.92,0.819,-42.6,crypto
68-72,10,min 0-6,kalshi_against,exit14,180,-13.7,91,-37.3,-58.61,0.856,-37.3,crypto
68-72,10,min 0-6,kalshi_against,hold,180,-10.8,91,-24.6,-41.82,0.878,-24.6,crypto
68-72,10,min 0-6,kalshi_with,exit10,332,8.8,182,-54.8,-70.69,0.763,-54.8,crypto
68-72,10,min 0-6,kalshi_with,exit12,332,16.6,182,-48.6,-33.42,0.827,-48.6,crypto
68-72,10,min 0-6,kalshi_with,exit14,332,16.6,182,-37.8,-13.81,0.868,-37.8,crypto
68-72,10,min 0-6,kalshi_with,hold,332,16.6,182,-37.7,-13.67,0.875,-37.7,crypto
68-72,10,min 0-6,none,exit10,335,9.0,188,-50.4,-64.59,0.765,-50.4,crypto
68-72,10,min 0-6,none,exit12,335,17.6,188,-44.4,-24.46,0.83,-44.4,crypto
68-72,10,min 0-6,none,exit14,335,17.6,188,-33.9,-4.85,0.87,-33.9,crypto
68-72,10,min 0-6,none,hold,335,17.6,188,-33.9,-4.71,0.878,-33.9,crypto
68-72,10,min 0-6,spot_with,exit10,189,-5.2,171,-46.8,-89.93,0.756,-46.8,crypto
68-72,10,min 0-6,spot_with,exit12,189,-4.8,171,-40.7,-78.75,0.808,-40.7,crypto
68-72,10,min 0-6,spot_with,exit14,189,-6.7,171,-31.3,-66.16,0.853,-31.3,crypto
68-72,10,min 0-6,spot_with,hold,189,-6.5,171,-31.2,-65.66,0.864,-31.2,crypto
68-72,10,min 0-9,kalshi_against,exit10,233,-23.7,120,-42.8,-106.67,0.728,-42.8,crypto
68-72,10,min 0-9,kalshi_against,exit12,233,-41.8,120,-54.5,-162.75,0.776,-54.5,crypto
68-72,10,min 0-9,kalshi_against,exit14,233,-35.8,120,-45.4,-138.01,0.822,-45.4,crypto
68-72,10,min 0-9,kalshi_against,hold,233,-33.7,120,-36.7,-122.61,0.85,-36.7,crypto
68-72,10,min 0-9,kalshi_with,exit10,348,8.5,194,-54.8,-76.72,0.749,-54.8,crypto
68-72,10,min 0-9,kalshi_with,exit12,348,12.7,194,-50.9,-54.54,0.819,-50.9,crypto
68-72,10,min 0-9,kalshi_with,exit14,348,12.0,194,-46.1,-47.73,0.858,-46.1,crypto
68-72,10,min 0-9,kalshi_with,hold,348,8.6,194,-46.2,-59.56,0.865,-46.2,crypto
68-72,10,min 0-9,none,exit10,351,9.7,198,-52.2,-69.4,0.752,-52.2,crypto
68-72,10,min 0-9,none,exit12,351,14.7,198,-48.3,-44.16,0.823,-48.3,crypto
68-72,10,min 0-9,none,exit14,351,15.2,198,-43.7,-33.13,0.862,-43.7,crypto
68-72,10,min 0-9,none,hold,351,11.9,198,-43.7,-44.96,0.869,-43.7,crypto
68-72,10,min 0-9,spot_with,exit10,199,-5.1,181,-45.2,-92.01,0.75,-45.2,crypto
68-72,10,min 0-9,spot_with,exit12,199,-9.0,181,-41.9,-93.7,0.805,-41.9,crypto
68-72,10,min 0-9,spot_with,exit14,199,-10.0,181,-33.9,-81.15,0.85,-33.9,crypto
68-72,10,min 0-9,spot_with,hold,199,-10.0,181,-33.9,-81.2,0.861,-33.9,crypto
68-72,15,min 0-12,kalshi_against,exit10,256,-17.1,141,-42.9,-104.39,0.584,-42.9,crypto
68-72,15,min 0-12,kalshi_against,exit12,256,-48.9,141,-49.0,-194.26,0.65,-49.0,crypto
68-72,15,min 0-12,kalshi_against,exit14,256,-42.4,141,-54.0,-184.75,0.753,-54.0,crypto
68-72,15,min 0-12,kalshi_against,hold,256,-42.6,141,-37.3,-161.78,0.788,-42.6,crypto
68-72,15,min 0-12,kalshi_with,exit10,352,9.7,197,-45.3,-54.91,0.641,-45.3,crypto
68-72,15,min 0-12,kalshi_with,exit12,352,7.1,197,-38.5,-50.66,0.723,-38.5,crypto
68-72,15,min 0-12,kalshi_with,exit14,352,7.9,197,-37.5,-45.88,0.796,-37.5,crypto
68-72,15,min 0-12,kalshi_with,hold,352,3.2,197,-23.1,-34.29,0.814,-23.1,crypto
68-72,15,min 0-12,none,exit10,355,11.1,201,-41.9,-44.73,0.644,-41.9,crypto
68-72,15,min 0-12,none,exit12,355,9.7,201,-35.2,-36.47,0.728,-35.2,crypto
68-72,15,min 0-12,none,exit14,355,11.7,201,-34.3,-27.47,0.8,-34.3,crypto
68-72,15,min 0-12,none,hold,355,6.9,201,-20.2,-15.88,0.818,-20.2,crypto
68-72,15,min 0-12,spot_with,exit10,203,0.5,185,-40.6,-74.03,0.631,-40.6,crypto
68-72,15,min 0-12,spot_with,exit12,203,-15.9,185,-30.4,-88.43,0.709,-30.4,crypto
68-72,15,min 0-12,spot_with,exit14,203,-9.7,185,-32.1,-78.98,0.791,-32.1,crypto
68-72,15,min 0-12,spot_with,hold,203,-8.7,185,-18.6,-52.12,0.814,-18.6,crypto
68-72,15,min 0-3,kalshi_against,exit10,78,-5.8,30,-21.9,-11.11,0.685,-21.9,crypto
68-72,15,min 0-3,kalshi_against,exit12,78,-7.9,30,-45.9,-19.95,0.778,-45.9,crypto
68-72,15,min 0-3,kalshi_against,exit14,78,-13.9,30,-50.9,-26.14,0.806,-50.9,crypto
68-72,15,min 0-3,kalshi_against,hold,78,-6.4,30,-34.3,-15.26,0.824,-34.3,crypto
68-72,15,min 0-3,kalshi_with,exit10,264,18.9,140,-53.9,-25.58,0.673,-53.9,crypto
68-72,15,min 0-3,kalshi_with,exit12,264,13.0,140,-55.6,-43.48,0.743,-55.6,crypto
68-72,15,min 0-3,kalshi_with,exit14,264,14.0,140,-56.7,-42.52,0.8,-56.7,crypto
68-72,15,min 0-3,kalshi_with,hold,264,12.1,140,-36.8,-19.52,0.817,-36.8,crypto
68-72,15,min 0-3,none,exit10,266,19.0,144,-48.7,-19.65,0.676,-48.7,crypto
68-72,15,min 0-3,none,exit12,266,14.4,144,-50.3,-34.16,0.746,-50.3,crypto
68-72,15,min 0-3,none,exit14,266,15.3,144,-51.4,-33.2,0.802,-51.4,crypto
68-72,15,min 0-3,none,hold,266,13.5,144,-32.0,-10.2,0.82,-32.0,crypto
68-72,15,min 0-3,spot_with,exit10,148,2.1,131,-40.3,-49.68,0.659,-40.3,crypto
68-72,15,min 0-3,spot_with,exit12,148,-17.2,131,-43.5,-82.43,0.724,-43.5,crypto
68-72,15,min 0-3,spot_with,exit14,148,-12.3,131,-47.8,-80.85,0.785,-47.8,crypto
68-72,15,min 0-3,spot_with,hold,148,-11.9,131,-26.4,-52.18,0.81,-26.4,crypto
68-72,15,min 0-6,kalshi_against,exit10,180,-11.1,91,-26.7,-44.35,0.668,-26.7,crypto
68-72,15,min 0-6,kalshi_against,exit12,180,-19.4,91,-33.6,-65.59,0.738,-33.6,crypto
68-72,15,min 0-6,kalshi_against,exit14,180,-15.1,91,-29.8,-54.29,0.804,-29.8,crypto
68-72,15,min 0-6,kalshi_against,hold,180,-13.5,91,-4.9,-28.82,0.83,-13.5,crypto
68-72,15,min 0-6,kalshi_with,exit10,332,12.8,182,-41.6,-33.4,0.661,-41.6,crypto
68-72,15,min 0-6,kalshi_with,exit12,332,12.6,182,-36.7,-25.06,0.741,-36.7,crypto
68-72,15,min 0-6,kalshi_with,exit14,332,15.0,182,-28.8,-2.57,0.811,-28.8,crypto
68-72,15,min 0-6,kalshi_with,hold,332,12.5,182,-14.4,15.15,0.827,-14.4,crypto
68-72,15,min 0-6,none,exit10,335,13.2,188,-36.0,-23.39,0.665,-36.0,crypto
68-72,15,min 0-6,none,exit12,335,14.1,188,-31.3,-11.66,0.746,-31.3,crypto
68-72,15,min 0-6,none,exit14,335,16.5,188,-23.6,10.83,0.815,-23.6,crypto
68-72,15,min 0-6,none,hold,335,14.0,188,-9.7,28.55,0.83,-9.7,crypto
68-72,15,min 0-6,spot_with,exit10,189,-0.4,171,-33.3,-57.65,0.653,-33.3,crypto
68-72,15,min 0-6,spot_with,exit12,189,-11.1,171,-29.1,-70.65,0.725,-29.1,crypto
68-72,15,min 0-6,spot_with,exit14,189,-5.7,171,-23.0,-50.11,0.803,-23.0,crypto
68-72,15,min 0-6,spot_with,hold,189,-6.5,171,-7.7,-25.5,0.825,-7.7,crypto
68-72,15,min 0-9,kalshi_against,exit10,233,-20.6,120,-32.1,-86.39,0.595,-32.1,crypto
68-72,15,min 0-9,kalshi_against,exit12,233,-52.2,120,-48.8,-180.15,0.686,-52.2,crypto
68-72,15,min 0-9,kalshi_against,exit14,233,-46.4,120,-38.1,-153.92,0.762,-46.4,crypto
68-72,15,min 0-9,kalshi_against,hold,233,-45.7,120,-18.8,-129.14,0.796,-45.7,crypto
68-72,15,min 0-9,kalshi_with,exit10,348,11.5,194,-43.0,-43.47,0.646,-43.0,crypto
68-72,15,min 0-9,kalshi_with,exit12,348,6.7,194,-36.7,-47.76,0.729,-36.7,crypto
68-72,15,min 0-9,kalshi_with,exit14,348,9.7,194,-34.6,-33.31,0.801,-34.6,crypto
68-72,15,min 0-9,kalshi_with,hold,348,3.9,194,-21.3,-27.74,0.815,-21.3,crypto
68-72,15,min 0-9,none,exit10,351,12.9,198,-39.6,-33.29,0.648,-39.6,crypto
68-72,15,min 0-9,none,exit12,351,9.3,198,-33.5,-33.57,0.734,-33.5,crypto
68-72,15,min 0-9,none,exit14,351,13.5,198,-31.4,-14.9,0.805,-31.4,crypto
68-72,15,min 0-9,none,hold,351,7.7,198,-18.3,-9.33,0.82,-18.3,crypto
68-72,15,min 0-9,spot_with,exit10,199,-0.9,181,-33.2,-61.85,0.639,-33.2,crypto
68-72,15,min 0-9,spot_with,exit12,199,-16.9,181,-28.2,-84.67,0.718,-28.2,crypto
68-72,15,min 0-9,spot_with,exit14,199,-10.9,181,-22.8,-62.98,0.797,-22.8,crypto
68-72,15,min 0-9,spot_with,hold,199,-12.0,181,-8.4,-39.1,0.818,-12.0,crypto
68-72,20,min 0-12,kalshi_against,exit10,256,-5.3,141,-40.4,-70.51,0.469,-40.4,crypto
68-72,20,min 0-12,kalshi_against,exit12,256,-39.9,141,-31.6,-146.67,0.552,-39.9,crypto
68-72,20,min 0-12,kalshi_against,exit14,256,-32.1,141,-42.2,-141.66,0.7,-42.2,crypto
68-72,20,min 0-12,kalshi_against,hold,256,-22.0,141,-20.7,-85.57,0.756,-22.0,crypto
68-72,20,min 0-12,kalshi_with,exit10,352,11.2,197,-46.1,-51.49,0.505,-46.1,crypto
68-72,20,min 0-12,kalshi_with,exit12,352,7.4,197,-31.4,-35.9,0.619,-31.4,crypto
68-72,20,min 0-12,kalshi_with,exit14,352,9.8,197,-22.5,-9.68,0.736,-22.5,crypto
68-72,20,min 0-12,kalshi_with,hold,352,14.1,197,-13.1,23.7,0.77,-13.1,crypto
68-72,20,min 0-12,none,exit10,355,12.9,201,-42.1,-38.71,0.507,-42.1,crypto
68-72,20,min 0-12,none,exit12,355,9.5,201,-27.3,-21.05,0.624,-27.3,crypto
68-72,20,min 0-12,none,exit14,355,14.2,201,-18.6,13.11,0.741,-18.6,crypto
68-72,20,min 0-12,none,hold,355,18.4,201,-9.4,46.49,0.775,-9.4,crypto
68-72,20,min 0-12,spot_with,exit10,203,1.8,185,-41.2,-72.52,0.49,-41.2,crypto
68-72,20,min 0-12,spot_with,exit12,203,-15.2,185,-22.4,-72.3,0.601,-22.4,crypto
68-72,20,min 0-12,spot_with,exit14,203,-1.3,185,-18.6,-37.07,0.737,-18.6,crypto
68-72,20,min 0-12,spot_with,hold,203,3.4,185,-4.5,-1.36,0.776,-4.5,crypto
68-72,20,min 0-3,kalshi_against,exit10,78,3.9,30,-1.8,2.52,0.565,-1.8,crypto
68-72,20,min 0-3,kalshi_against,exit12,78,-2.3,30,-11.1,-5.09,0.694,-11.1,crypto
68-72,20,min 0-3,kalshi_against,exit14,78,-19.2,30,-22.2,-21.68,0.75,-22.2,crypto
68-72,20,min 0-3,kalshi_against,hold,78,-9.1,30,-25.1,-14.62,0.778,-25.1,crypto
68-72,20,min 0-3,kalshi_with,exit10,264,25.7,140,-58.5,-13.9,0.547,-58.5,crypto
68-72,20,min 0-3,kalshi_with,exit12,264,19.0,140,-52.7,-23.67,0.651,-52.7,crypto
68-72,20,min 0-3,kalshi_with,exit14,264,18.8,140,-46.3,-15.15,0.743,-46.3,crypto
68-72,20,min 0-3,kalshi_with,hold,264,22.5,140,-34.5,11.0,0.772,-34.5,crypto
68-72,20,min 0-3,none,exit10,266,26.0,144,-51.6,-5.26,0.551,-51.6,crypto
68-72,20,min 0-3,none,exit12,266,19.4,144,-46.0,-14.73,0.654,-46.0,crypto
68-72,20,min 0-3,none,exit14,266,20.6,144,-39.8,-2.49,0.746,-39.8,crypto
68-72,20,min 0-3,none,hold,266,24.3,144,-28.4,23.66,0.776,-28.4,crypto
68-72,20,min 0-3,spot_with,exit10,148,3.7,131,-45.5,-54.2,0.523,-45.5,crypto
68-72,20,min 0-3,spot_with,exit12,148,-20.7,131,-41.1,-84.41,0.624,-41.1,crypto
68-72,20,min 0-3,spot_with,exit14,148,-11.3,131,-35.5,-63.28,0.731,-35.5,crypto
68-72,20,min 0-3,spot_with,hold,148,-11.5,131,-18.3,-40.95,0.767,-18.3,crypto
68-72,20,min 0-6,kalshi_against,exit10,180,0.2,91,-8.6,-7.4,0.546,-8.6,crypto
68-72,20,min 0-6,kalshi_against,exit12,180,-9.8,91,-9.1,-25.99,0.653,-9.8,crypto
68-72,20,min 0-6,kalshi_against,exit14,180,-9.8,91,-7.1,-24.07,0.749,-9.8,crypto
68-72,20,min 0-6,kalshi_against,hold,180,0.2,91,19.4,18.02,0.797,0.2,crypto
68-72,20,min 0-6,kalshi_with,exit10,332,14.3,182,-43.6,-31.96,0.521,-43.6,crypto
68-72,20,min 0-6,kalshi_with,exit12,332,11.9,182,-30.6,-16.13,0.634,-30.6,crypto
68-72,20,min 0-6,kalshi_with,exit14,332,15.3,182,-14.5,24.56,0.747,-14.5,crypto
68-72,20,min 0-6,kalshi_with,hold,332,21.9,182,-5.9,62.16,0.782,-5.9,crypto
68-72,20,min 0-6,none,exit10,335,15.1,188,-36.6,-18.31,0.526,-36.6,crypto
68-72,20,min 0-6,none,exit12,335,12.8,188,-23.7,-1.55,0.639,-23.7,crypto
68-72,20,min 0-6,none,exit14,335,17.3,188,-8.1,42.86,0.751,-8.1,crypto
68-72,20,min 0-6,none,hold,335,23.9,188,0.3,80.46,0.786,0.3,crypto
68-72,20,min 0-6,spot_with,exit10,189,1.2,171,-34.7,-57.08,0.508,-34.7,crypto
68-72,20,min 0-6,spot_with,exit12,189,-11.7,171,-22.1,-59.95,0.611,-22.1,crypto
68-72,20,min 0-6,spot_with,exit14,189,1.0,171,-10.5,-16.13,0.744,-10.5,crypto
68-72,20,min 0-6,spot_with,hold,189,3.4,171,5.6,16.05,0.786,3.4,crypto
68-72,20,min 0-9,kalshi_against,exit10,233,-10.3,120,-19.0,-46.81,0.473,-19.0,crypto
68-72,20,min 0-9,kalshi_against,exit12,233,-44.0,120,-28.2,-136.34,0.592,-44.0,crypto
68-72,20,min 0-9,kalshi_against,exit14,233,-35.1,120,-16.6,-101.67,0.714,-35.1,crypto
68-72,20,min 0-9,kalshi_against,hold,233,-27.3,120,9.8,-51.93,0.768,-27.3,crypto
68-72,20,min 0-9,kalshi_with,exit10,348,12.9,194,-44.2,-40.89,0.507,-44.2,crypto
68-72,20,min 0-9,kalshi_with,exit12,348,6.8,194,-29.5,-33.52,0.624,-29.5,crypto
68-72,20,min 0-9,kalshi_with,exit14,348,11.5,194,-19.5,2.37,0.74,-19.5,crypto
68-72,20,min 0-9,kalshi_with,hold,348,14.4,194,-11.5,27.82,0.773,-11.5,crypto
68-72,20,min 0-9,none,exit10,351,14.6,198,-40.1,-28.11,0.51,-40.1,crypto
68-72,20,min 0-9,none,exit12,351,9.0,198,-25.4,-18.67,0.628,-25.4,crypto
68-72,20,min 0-9,none,exit14,351,15.9,198,-15.5,25.16,0.745,-15.5,crypto
68-72,20,min 0-9,none,hold,351,18.8,198,-7.7,50.61,0.778,-7.7,crypto
68-72,20,min 0-9,spot_with,exit10,199,0.1,181,-33.8,-61.07,0.495,-33.8,crypto
68-72,20,min 0-9,spot_with,exit12,199,-16.5,181,-20.0,-69.06,0.608,-20.0,crypto
68-72,20,min 0-9,spot_with,exit14,199,-2.9,181,-9.1,-22.11,0.742,-9.1,crypto
68-72,20,min 0-9,spot_with,hold,199,-0.8,181,6.0,9.34,0.782,-0.8,crypto
68-72,25,min 0-12,kalshi_against,exit10,256,-8.6,141,-33.9,-69.7,0.31,-33.9,crypto
68-72,25,min 0-12,kalshi_against,exit12,256,-36.1,141,-23.3,-125.15,0.428,-36.1,crypto
68-72,25,min 0-12,kalshi_against,exit14,256,-26.4,141,-30.7,-111.03,0.645,-30.7,crypto
68-72,25,min 0-12,kalshi_against,hold,256,-14.3,141,-6.2,-45.4,0.728,-14.3,crypto
68-72,25,min 0-12,kalshi_with,exit10,352,4.3,197,-47.0,-77.56,0.324,-47.0,crypto
68-72,25,min 0-12,kalshi_with,exit12,352,9.9,197,-36.6,-37.22,0.479,-36.6,crypto
68-72,25,min 0-12,kalshi_with,exit14,352,25.9,197,-35.8,20.45,0.67,-35.8,crypto
68-72,25,min 0-12,kalshi_with,hold,352,34.3,197,-25.5,70.42,0.738,-25.5,crypto
68-72,25,min 0-12,none,exit10,355,6.2,201,-45.1,-68.76,0.324,-45.1,crypto
68-72,25,min 0-12,none,exit12,355,12.3,201,-32.2,-21.09,0.48,-32.2,crypto
68-72,25,min 0-12,none,exit14,355,28.2,201,-30.6,38.85,0.674,-30.6,crypto
68-72,25,min 0-12,none,hold,355,36.4,201,-20.5,87.98,0.741,-20.5,crypto
68-72,25,min 0-12,spot_with,exit10,203,4.2,185,-45.0,-74.79,0.304,-45.0,crypto
68-72,25,min 0-12,spot_with,exit12,203,-6.9,185,-28.9,-67.58,0.459,-28.9,crypto
68-72,25,min 0-12,spot_with,exit14,203,9.5,185,-29.9,-36.14,0.67,-29.9,crypto
68-72,25,min 0-12,spot_with,hold,203,9.5,185,-13.5,-5.73,0.732,-13.5,crypto
68-72,25,min 0-3,kalshi_against,exit10,78,10.0,30,1.2,8.16,0.417,1.2,crypto
68-72,25,min 0-3,kalshi_against,exit12,78,12.5,30,11.9,13.35,0.556,11.9,crypto
68-72,25,min 0-3,kalshi_against,exit14,78,1.2,30,-16.8,-4.07,0.722,-16.8,crypto
68-72,25,min 0-3,kalshi_against,hold,78,16.0,30,-19.2,6.74,0.759,-19.2,crypto
68-72,25,min 0-3,kalshi_with,exit10,264,15.3,140,-62.7,-47.26,0.354,-62.7,crypto
68-72,25,min 0-3,kalshi_with,exit12,264,19.1,140,-63.2,-38.09,0.5,-63.2,crypto
68-72,25,min 0-3,kalshi_with,exit14,264,34.7,140,-59.3,8.61,0.681,-59.3,crypto
68-72,25,min 0-3,kalshi_with,hold,264,43.6,140,-47.3,48.87,0.74,-47.3,crypto
68-72,25,min 0-3,none,exit10,266,15.8,144,-58.5,-42.18,0.356,-58.5,crypto
68-72,25,min 0-3,none,exit12,266,19.7,144,-55.6,-27.77,0.502,-55.6,crypto
68-72,25,min 0-3,none,exit14,266,36.8,144,-51.0,24.44,0.685,-51.0,crypto
68-72,25,min 0-3,none,hold,266,45.6,144,-39.3,64.7,0.744,-39.3,crypto
68-72,25,min 0-3,spot_with,exit10,148,3.7,131,-53.9,-65.1,0.333,-53.9,crypto
68-72,25,min 0-3,spot_with,exit12,148,-8.5,131,-53.9,-83.23,0.484,-53.9,crypto
68-72,25,min 0-3,spot_with,exit14,148,8.6,131,-50.2,-52.97,0.67,-50.2,crypto
68-72,25,min 0-3,spot_with,hold,148,6.6,131,-32.7,-33.05,0.728,-32.7,crypto
68-72,25,min 0-6,kalshi_against,exit10,180,-5.3,91,-3.0,-12.29,0.358,-5.3,crypto
68-72,25,min 0-6,kalshi_against,exit12,180,-2.4,91,2.3,-2.19,0.528,-2.4,crypto
68-72,25,min 0-6,kalshi_against,exit14,180,2.8,91,4.3,8.9,0.701,2.8,crypto
68-72,25,min 0-6,kalshi_against,hold,180,13.0,91,35.7,55.8,0.771,13.0,crypto
68-72,25,min 0-6,kalshi_with,exit10,332,6.4,182,-45.3,-61.01,0.337,-45.3,crypto
68-72,25,min 0-6,kalshi_with,exit12,332,13.5,182,-37.1,-22.66,0.49,-37.1,crypto
68-72,25,min 0-6,kalshi_with,exit14,332,30.6,182,-26.0,54.09,0.681,-26.0,crypto
68-72,25,min 0-6,kalshi_with,hold,332,41.5,182,-16.5,107.62,0.749,-16.5,crypto
68-72,25,min 0-6,none,exit10,335,7.5,188,-40.2,-50.49,0.338,-40.2,crypto
68-72,25,min 0-6,none,exit12,335,14.7,188,-29.3,-5.95,0.493,-29.3,crypto
68-72,25,min 0-6,none,exit14,335,32.9,188,-17.7,76.94,0.686,-17.7,crypto
68-72,25,min 0-6,none,hold,335,43.7,188,-8.5,130.47,0.753,-8.5,crypto
68-72,25,min 0-6,spot_with,exit10,189,3.1,171,-39.4,-61.47,0.319,-39.4,crypto
68-72,25,min 0-6,spot_with,exit12,189,-4.2,171,-30.2,-59.48,0.469,-30.2,crypto
68-72,25,min 0-6,spot_with,exit14,189,14.3,171,-19.7,-6.75,0.678,-19.7,crypto
68-72,25,min 0-6,spot_with,hold,189,12.2,171,-1.1,21.06,0.744,-1.1,crypto
68-72,25,min 0-9,kalshi_against,exit10,233,-15.7,120,-14.7,-54.25,0.295,-15.7,crypto
68-72,25,min 0-9,kalshi_against,exit12,233,-40.4,120,-19.1,-117.06,0.465,-40.4,crypto
68-72,25,min 0-9,kalshi_against,exit14,233,-30.0,120,-6.6,-77.86,0.654,-30.0,crypto
68-72,25,min 0-9,kalshi_against,hold,233,-22.6,120,22.6,-25.62,0.737,-22.6,crypto
68-72,25,min 0-9,kalshi_with,exit10,348,5.8,194,-45.3,-67.7,0.325,-45.3,crypto
68-72,25,min 0-9,kalshi_with,exit12,348,9.1,194,-34.8,-35.79,0.482,-34.8,crypto
68-72,25,min 0-9,kalshi_with,exit14,348,27.4,194,-33.3,30.91,0.673,-33.3,crypto
68-72,25,min 0-9,kalshi_with,hold,348,34.6,194,-24.6,72.63,0.74,-24.6,crypto
68-72,25,min 0-9,none,exit10,351,7.7,198,-43.4,-58.9,0.324,-43.4,crypto
68-72,25,min 0-9,none,exit12,351,11.6,198,-30.4,-19.66,0.483,-30.4,crypto
68-72,25,min 0-9,none,exit14,351,29.9,198,-28.0,49.31,0.678,-28.0,crypto
68-72,25,min 0-9,none,hold,351,36.7,198,-19.4,90.19,0.743,-19.4,crypto
68-72,25,min 0-9,spot_with,exit10,199,2.0,181,-37.7,-64.29,0.305,-37.7,crypto
68-72,25,min 0-9,spot_with,exit12,199,-8.5,181,-26.7,-65.29,0.463,-26.7,crypto
68-72,25,min 0-9,spot_with,exit14,199,7.4,181,-21.0,-23.3,0.674,-21.0,crypto
68-72,25,min 0-9,spot_with,hold,199,4.6,181,-3.5,2.85,0.737,-3.5,crypto
68-72,30,min 0-12,kalshi_against,exit10,256,-8.8,141,-36.9,-74.6,0.214,-36.9,crypto
68-72,30,min 0-12,kalshi_against,exit12,256,-39.0,141,-31.7,-144.41,0.322,-39.0,crypto
68-72,30,min 0-12,kalshi_against,exit14,256,-23.7,141,-38.3,-114.51,0.594,-38.3,crypto
68-72,30,min 0-12,kalshi_against,hold,256,-10.7,141,-12.5,-44.9,0.71,-12.5,crypto
68-72,30,min 0-12,kalshi_with,exit10,352,5.4,197,-49.1,-77.72,0.213,-49.1,crypto
68-72,30,min 0-12,kalshi_with,exit12,352,8.9,197,-45.2,-57.85,0.381,-45.2,crypto
68-72,30,min 0-12,kalshi_with,exit14,352,29.7,197,-43.1,19.73,0.627,-43.1,crypto
68-72,30,min 0-12,kalshi_with,hold,352,38.9,197,-31.3,75.17,0.721,-31.3,crypto
68-72,30,min 0-12,none,exit10,355,7.4,201,-47.1,-68.5,0.214,-47.1,crypto
68-72,30,min 0-12,none,exit12,355,11.4,201,-40.5,-40.98,0.381,-40.5,crypto
68-72,30,min 0-12,none,exit14,355,32.2,201,-37.3,39.39,0.631,-37.3,crypto
68-72,30,min 0-12,none,hold,355,41.1,201,-25.8,93.99,0.725,-25.8,crypto
68-72,30,min 0-12,spot_with,exit10,203,6.8,185,-47.1,-73.39,0.193,-47.1,crypto
68-72,30,min 0-12,spot_with,exit12,203,-8.2,185,-35.1,-81.6,0.369,-35.1,crypto
68-72,30,min 0-12,spot_with,exit14,203,10.2,185,-32.7,-39.76,0.626,-32.7,crypto
68-72,30,min 0-12,spot_with,hold,203,9.9,185,-14.9,-7.38,0.714,-14.9,crypto
68-72,30,min 0-3,kalshi_against,exit10,78,18.5,30,-26.8,6.38,0.333,-26.8,crypto
68-72,30,min 0-3,kalshi_against,exit12,78,17.6,30,-36.7,2.67,0.472,-36.7,crypto
68-72,30,min 0-3,kalshi_against,exit14,78,11.3,30,-66.0,-11.02,0.685,-66.0,crypto
68-72,30,min 0-3,kalshi_against,hold,78,32.2,30,-69.0,4.43,0.741,-69.0,crypto
68-72,30,min 0-3,kalshi_with,exit10,264,16.9,140,-66.3,-48.17,0.248,-66.3,crypto
68-72,30,min 0-3,kalshi_with,exit12,264,19.4,140,-77.8,-57.77,0.413,-77.8,crypto
68-72,30,min 0-3,kalshi_with,exit14,264,42.9,140,-74.2,9.5,0.639,-74.2,crypto
68-72,30,min 0-3,kalshi_with,hold,264,52.2,140,-61.5,51.75,0.725,-61.5,crypto
68-72,30,min 0-3,none,exit10,266,17.5,144,-62.7,-43.83,0.249,-62.7,crypto
68-72,30,min 0-3,none,exit12,266,20.0,144,-69.4,-46.61,0.417,-69.4,crypto
68-72,30,min 0-3,none,exit14,266,45.0,144,-64.9,26.38,0.644,-64.9,crypto
68-72,30,min 0-3,none,hold,266,54.2,144,-52.5,68.63,0.729,-52.5,crypto
68-72,30,min 0-3,spot_with,exit10,148,7.5,131,-57.5,-64.22,0.215,-57.5,crypto
68-72,30,min 0-3,spot_with,exit12,148,-6.7,131,-65.5,-95.78,0.409,-65.5,crypto
68-72,30,min 0-3,spot_with,exit14,148,21.4,131,-59.1,-45.65,0.634,-59.1,crypto
68-72,30,min 0-3,spot_with,hold,148,15.0,131,-40.8,-31.21,0.713,-40.8,crypto
68-72,30,min 0-6,kalshi_against,exit10,180,-1.5,91,-9.8,-11.53,0.244,-9.8,crypto
68-72,30,min 0-6,kalshi_against,exit12,180,-3.9,91,-8.7,-14.9,0.417,-8.7,crypto
68-72,30,min 0-6,kalshi_against,exit14,180,7.7,91,-2.2,11.91,0.657,-2.2,crypto
68-72,30,min 0-6,kalshi_against,hold,180,17.9,91,30.4,59.77,0.756,17.9,crypto
68-72,30,min 0-6,kalshi_with,exit10,332,7.6,182,-47.1,-60.44,0.224,-47.1,crypto
68-72,30,min 0-6,kalshi_with,exit12,332,12.1,182,-46.6,-44.55,0.393,-46.6,crypto
68-72,30,min 0-6,kalshi_with,exit14,332,34.1,182,-34.5,50.54,0.638,-34.5,crypto
68-72,30,min 0-6,kalshi_with,hold,332,45.7,182,-23.8,108.28,0.732,-23.8,crypto
68-72,30,min 0-6,none,exit10,335,8.7,188,-42.5,-50.66,0.224,-42.5,crypto
68-72,30,min 0-6,none,exit12,335,13.4,188,-38.1,-26.68,0.396,-38.1,crypto
68-72,30,min 0-6,none,exit14,335,36.5,188,-25.2,75.07,0.644,-25.2,crypto
68-72,30,min 0-6,none,hold,335,48.0,188,-14.8,132.81,0.736,-14.8,crypto
68-72,30,min 0-6,spot_with,exit10,189,5.7,171,-41.0,-59.33,0.203,-41.0,crypto
68-72,30,min 0-6,spot_with,exit12,189,-5.9,171,-37.2,-74.65,0.381,-37.2,crypto
68-72,30,min 0-6,spot_with,exit14,189,17.0,171,-23.4,-7.87,0.636,-23.4,crypto
68-72,30,min 0-6,spot_with,hold,189,11.6,171,-3.5,16.05,0.725,-3.5,crypto
68-72,30,min 0-9,kalshi_against,exit10,233,-12.8,120,-19.8,-53.48,0.19,-19.8,crypto
68-72,30,min 0-9,kalshi_against,exit12,233,-41.3,120,-29.2,-131.31,0.357,-41.3,crypto
68-72,30,min 0-9,kalshi_against,exit14,233,-24.2,120,-16.7,-76.37,0.603,-24.2,crypto
68-72,30,min 0-9,kalshi_against,hold,233,-15.9,120,13.4,-21.02,0.72,-15.9,crypto
68-72,30,min 0-9,kalshi_with,exit10,348,6.9,194,-47.6,-68.39,0.212,-47.6,crypto
68-72,30,min 0-9,kalshi_with,exit12,348,8.0,194,-43.6,-56.74,0.384,-43.6,crypto
68-72,30,min 0-9,kalshi_with,exit14,348,31.2,194,-40.6,29.98,0.631,-40.6,crypto
68-72,30,min 0-9,kalshi_with,hold,348,39.1,194,-30.7,76.54,0.723,-30.7,crypto
68-72,30,min 0-9,none,exit10,351,8.8,198,-45.6,-59.17,0.213,-45.6,crypto
68-72,30,min 0-9,none,exit12,351,10.5,198,-38.8,-39.87,0.384,-38.8,crypto
68-72,30,min 0-9,none,exit14,351,33.7,198,-34.7,49.64,0.636,-34.7,crypto
68-72,30,min 0-9,none,hold,351,41.3,198,-25.0,95.36,0.727,-25.0,crypto
68-72,30,min 0-9,spot_with,exit10,199,4.5,181,-39.9,-63.31,0.192,-39.9,crypto
68-72,30,min 0-9,spot_with,exit12,199,-10.0,181,-33.0,-79.63,0.374,-33.0,crypto
68-72,30,min 0-9,spot_with,exit14,199,10.6,181,-23.7,-21.79,0.634,-23.7,crypto
68-72,30,min 0-9,spot_with,hold,199,4.8,181,-5.0,0.47,0.718,-5.0,crypto
73-77,5,min 0-12,kalshi_against,exit10,223,-38.7,120,-46.9,-142.56,0.79,-46.9,crypto
73-77,5,min 0-12,kalshi_against,exit12,223,-46.3,120,-49.5,-162.67,0.828,-49.5,crypto
73-77,5,min 0-12,kalshi_against,exit14,223,-40.2,120,-53.4,-153.84,0.878,-53.4,crypto
73-77,5,min 0-12,kalshi_against,hold,223,-40.6,120,-45.2,-144.78,0.901,-45.2,crypto
73-77,5,min 0-12,kalshi_with,exit10,354,-18.5,200,-53.6,-172.87,0.807,-53.6,crypto
73-77,5,min 0-12,kalshi_with,exit12,354,-19.1,200,-47.6,-162.6,0.857,-47.6,crypto
73-77,5,min 0-12,kalshi_with,exit14,354,-23.2,200,-40.7,-163.44,0.89,-40.7,crypto
73-77,5,min 0-12,kalshi_with,hold,354,-23.5,200,-40.6,-164.45,0.899,-40.6,crypto
73-77,5,min 0-12,none,exit10,359,-18.8,201,-53.0,-174.03,0.807,-53.0,crypto
73-77,5,min 0-12,none,exit12,359,-18.5,201,-47.0,-160.9,0.859,-47.0,crypto
73-77,5,min 0-12,none,exit14,359,-22.6,201,-40.2,-161.74,0.891,-40.2,crypto
73-77,5,min 0-12,none,hold,359,-22.9,201,-40.1,-162.75,0.9,-40.1,crypto
73-77,5,min 0-12,spot_with,exit10,206,-25.0,185,-59.7,-161.77,0.795,-59.7,crypto
73-77,5,min 0-12,spot_with,exit12,206,-31.5,185,-54.6,-165.91,0.836,-54.6,crypto
73-77,5,min 0-12,spot_with,exit14,206,-33.9,185,-46.4,-155.78,0.877,-46.4,crypto
73-77,5,min 0-12,spot_with,hold,206,-33.5,185,-46.3,-154.66,0.89,-46.3,crypto
73-77,5,min 0-3,kalshi_against,exit10,45,-37.0,22,-52.9,-28.29,0.851,-52.9,crypto
73-77,5,min 0-3,kalshi_against,exit12,45,-34.2,22,-65.6,-29.82,0.881,-65.6,crypto
73-77,5,min 0-3,kalshi_against,exit14,45,-35.4,22,-65.1,-30.24,0.881,-65.1,crypto
73-77,5,min 0-3,kalshi_against,hold,45,-35.4,22,-35.0,-23.61,0.91,-35.4,crypto
73-77,5,min 0-3,kalshi_with,exit10,199,-8.7,111,-61.9,-86.16,0.839,-61.9,crypto
73-77,5,min 0-3,kalshi_with,exit12,199,-8.3,111,-65.2,-88.76,0.877,-65.2,crypto
73-77,5,min 0-3,kalshi_with,exit14,199,-8.9,111,-68.8,-94.14,0.89,-68.8,crypto
73-77,5,min 0-3,kalshi_with,hold,199,-6.7,111,-66.5,-87.02,0.9,-66.5,crypto
73-77,5,min 0-3,none,exit10,205,-9.2,112,-60.8,-86.88,0.839,-60.8,crypto
73-77,5,min 0-3,none,exit12,205,-7.3,112,-64.0,-86.62,0.88,-64.0,crypto
73-77,5,min 0-3,none,exit14,205,-7.9,112,-67.6,-92.0,0.893,-67.6,crypto
73-77,5,min 0-3,none,hold,205,-5.7,112,-65.3,-84.88,0.902,-65.3,crypto
73-77,5,min 0-3,spot_with,exit10,113,-29.2,106,-63.3,-100.15,0.817,-63.3,crypto
73-77,5,min 0-3,spot_with,exit12,113,-29.2,106,-66.7,-103.7,0.854,-66.7,crypto
73-77,5,min 0-3,spot_with,exit14,113,-28.4,106,-70.6,-106.93,0.872,-70.6,crypto
73-77,5,min 0-3,spot_with,hold,113,-24.5,106,-68.1,-99.81,0.886,-68.1,crypto
73-77,5,min 0-6,kalshi_against,exit10,132,-31.5,67,-17.6,-53.4,0.864,-31.5,crypto
73-77,5,min 0-6,kalshi_against,exit12,132,-26.4,67,-25.0,-51.63,0.899,-26.4,crypto
73-77,5,min 0-6,kalshi_against,exit14,132,-23.1,67,-21.9,-45.21,0.92,-23.1,crypto
73-77,5,min 0-6,kalshi_against,hold,132,-19.7,67,-2.2,-27.46,0.94,-19.7,crypto
73-77,5,min 0-6,kalshi_with,exit10,308,-15.9,171,-62.2,-155.31,0.823,-62.2,crypto
73-77,5,min 0-6,kalshi_with,exit12,308,-12.3,171,-57.1,-135.67,0.873,-57.1,crypto
73-77,5,min 0-6,kalshi_with,exit14,308,-16.1,171,-46.5,-129.04,0.896,-46.5,crypto
73-77,5,min 0-6,kalshi_with,hold,308,-15.2,171,-46.4,-126.32,0.904,-46.4,crypto
73-77,5,min 0-6,none,exit10,314,-16.0,172,-61.4,-156.03,0.823,-61.4,crypto
73-77,5,min 0-6,none,exit12,314,-11.6,172,-56.4,-133.53,0.874,-56.4,crypto
73-77,5,min 0-6,none,exit14,314,-15.3,172,-45.9,-126.9,0.897,-45.9,crypto
73-77,5,min 0-6,none,hold,314,-14.5,172,-45.8,-124.18,0.905,-45.8,crypto
73-77,5,min 0-6,spot_with,exit10,174,-29.6,159,-65.6,-155.82,0.811,-65.6,crypto
73-77,5,min 0-6,spot_with,exit12,174,-28.1,159,-63.1,-149.24,0.856,-63.1,crypto
73-77,5,min 0-6,spot_with,exit14,174,-30.9,159,-52.6,-137.34,0.883,-52.6,crypto
73-77,5,min 0-6,spot_with,hold,174,-28.9,159,-52.5,-133.69,0.895,-52.5,crypto
73-77,5,min 0-9,kalshi_against,exit10,192,-41.5,96,-23.2,-101.98,0.809,-41.5,crypto
73-77,5,min 0-9,kalshi_against,exit12,192,-50.4,96,-40.4,-135.57,0.854,-50.4,crypto
73-77,5,min 0-9,kalshi_against,exit14,192,-45.6,96,-40.0,-125.98,0.885,-45.6,crypto
73-77,5,min 0-9,kalshi_against,hold,192,-43.2,96,-26.9,-108.82,0.91,-43.2,crypto
73-77,5,min 0-9,kalshi_with,exit10,344,-15.7,190,-54.7,-158.01,0.815,-54.7,crypto
73-77,5,min 0-9,kalshi_with,exit12,344,-17.4,190,-51.2,-157.19,0.871,-51.2,crypto
73-77,5,min 0-9,kalshi_with,exit14,344,-19.7,190,-41.8,-147.15,0.895,-41.8,crypto
73-77,5,min 0-9,kalshi_with,hold,344,-20.8,190,-41.7,-150.96,0.903,-41.7,crypto
73-77,5,min 0-9,none,exit10,350,-15.9,191,-54.0,-158.73,0.815,-54.0,crypto
73-77,5,min 0-9,none,exit12,350,-16.7,191,-50.6,-155.05,0.872,-50.6,crypto
73-77,5,min 0-9,none,exit14,350,-18.9,191,-41.3,-145.01,0.896,-41.3,crypto
73-77,5,min 0-9,none,hold,350,-20.0,191,-41.2,-148.82,0.904,-41.2,crypto
73-77,5,min 0-9,spot_with,exit10,201,-24.9,175,-61.1,-157.06,0.803,-61.1,crypto
73-77,5,min 0-9,spot_with,exit12,201,-29.1,175,-57.3,-158.68,0.856,-57.3,crypto
73-77,5,min 0-9,spot_with,exit14,201,-30.6,175,-47.9,-145.31,0.883,-47.9,crypto
73-77,5,min 0-9,spot_with,hold,201,-31.7,175,-47.8,-147.45,0.894,-47.8,crypto
73-77,10,min 0-12,kalshi_against,exit10,223,-28.3,120,-43.3,-114.95,0.656,-43.3,crypto
73-77,10,min 0-12,kalshi_against,exit12,223,-49.2,120,-52.0,-172.12,0.714,-52.0,crypto
73-77,10,min 0-12,kalshi_against,exit14,223,-50.3,120,-59.4,-183.3,0.81,-59.4,crypto
73-77,10,min 0-12,kalshi_against,hold,223,-52.0,120,-42.1,-166.38,0.84,-52.0,crypto
73-77,10,min 0-12,kalshi_with,exit10,354,-19.8,200,-36.9,-143.83,0.69,-36.9,crypto
73-77,10,min 0-12,kalshi_with,exit12,354,-34.7,200,-31.1,-185.29,0.751,-34.7,crypto
73-77,10,min 0-12,kalshi_with,exit14,354,-40.1,200,-26.0,-193.89,0.812,-40.1,crypto
73-77,10,min 0-12,kalshi_with,hold,354,-43.6,200,-11.7,-177.75,0.836,-43.6,crypto
73-77,10,min 0-12,none,exit10,359,-19.5,201,-36.1,-142.67,0.691,-36.1,crypto
73-77,10,min 0-12,none,exit12,359,-33.3,201,-30.4,-180.74,0.754,-33.3,crypto
73-77,10,min 0-12,none,exit14,359,-38.6,201,-25.3,-189.34,0.814,-38.6,crypto
73-77,10,min 0-12,none,hold,359,-42.1,201,-11.0,-173.2,0.838,-42.1,crypto
73-77,10,min 0-12,spot_with,exit10,206,-26.1,185,-42.9,-133.11,0.68,-42.9,crypto
73-77,10,min 0-12,spot_with,exit12,206,-46.5,185,-40.6,-170.86,0.747,-46.5,crypto
73-77,10,min 0-12,spot_with,exit14,206,-52.6,185,-34.2,-171.73,0.816,-52.6,crypto
73-77,10,min 0-12,spot_with,hold,206,-54.0,185,-20.1,-148.36,0.839,-54.0,crypto
73-77,10,min 0-3,kalshi_against,exit10,45,-35.3,22,-28.8,-22.24,0.716,-35.3,crypto
73-77,10,min 0-3,kalshi_against,exit12,45,-56.7,22,-71.5,-41.25,0.791,-71.5,crypto
73-77,10,min 0-3,kalshi_against,exit14,45,-63.2,22,-101.0,-50.63,0.791,-101.0,crypto
73-77,10,min 0-3,kalshi_against,hold,45,-64.0,22,-64.9,-43.06,0.821,-64.9,crypto
73-77,10,min 0-3,kalshi_with,exit10,199,-3.5,111,-52.2,-64.88,0.739,-52.2,crypto
73-77,10,min 0-3,kalshi_with,exit12,199,-11.9,111,-57.0,-86.98,0.794,-57.0,crypto
73-77,10,min 0-3,kalshi_with,exit14,199,-14.5,111,-59.5,-94.9,0.826,-59.5,crypto
73-77,10,min 0-3,kalshi_with,hold,199,-13.6,111,-46.3,-78.45,0.842,-46.3,crypto
73-77,10,min 0-3,none,exit10,205,-2.9,112,-50.7,-62.75,0.741,-50.7,crypto
73-77,10,min 0-3,none,exit12,205,-9.4,112,-55.5,-81.46,0.798,-55.5,crypto
73-77,10,min 0-3,none,exit14,205,-12.0,112,-57.9,-89.38,0.83,-57.9,crypto
73-77,10,min 0-3,none,hold,205,-11.1,112,-44.8,-72.93,0.845,-44.8,crypto
73-77,10,min 0-3,spot_with,exit10,113,-30.6,106,-55.5,-93.44,0.717,-55.5,crypto
73-77,10,min 0-3,spot_with,exit12,113,-42.6,106,-60.6,-112.3,0.772,-60.6,crypto
73-77,10,min 0-3,spot_with,exit14,113,-41.1,106,-63.2,-113.4,0.813,-63.2,crypto
73-77,10,min 0-3,spot_with,hold,113,-38.8,106,-49.4,-96.22,0.836,-49.4,crypto
73-77,10,min 0-6,kalshi_against,exit10,132,-19.4,67,-11.3,-33.11,0.759,-19.4,crypto
73-77,10,min 0-6,kalshi_against,exit12,132,-24.8,67,-24.7,-49.28,0.819,-24.8,crypto
73-77,10,min 0-6,kalshi_against,exit14,132,-26.0,67,-25.8,-51.66,0.859,-26.0,crypto
73-77,10,min 0-6,kalshi_against,hold,132,-24.3,67,10.0,-25.36,0.884,-24.3,crypto
73-77,10,min 0-6,kalshi_with,exit10,308,-12.3,171,-46.2,-116.81,0.718,-46.2,crypto
73-77,10,min 0-6,kalshi_with,exit12,308,-15.7,171,-43.3,-122.61,0.785,-43.3,crypto
73-77,10,min 0-6,kalshi_with,exit14,308,-22.2,171,-36.7,-131.14,0.831,-36.7,crypto
73-77,10,min 0-6,kalshi_with,hold,308,-25.9,171,-21.4,-116.42,0.848,-25.9,crypto
73-77,10,min 0-6,none,exit10,314,-11.8,172,-45.2,-114.68,0.72,-45.2,crypto
73-77,10,min 0-6,none,exit12,314,-14.1,172,-42.4,-117.09,0.788,-42.4,crypto
73-77,10,min 0-6,none,exit14,314,-20.4,172,-35.9,-125.62,0.833,-35.9,crypto
73-77,10,min 0-6,none,hold,314,-24.0,172,-20.6,-110.9,0.85,-24.0,crypto
73-77,10,min 0-6,spot_with,exit10,174,-30.7,159,-51.4,-135.03,0.706,-51.4,crypto
73-77,10,min 0-6,spot_with,exit12,174,-36.4,159,-47.7,-139.09,0.772,-47.7,crypto
73-77,10,min 0-6,spot_with,exit14,174,-42.7,159,-40.7,-138.93,0.826,-42.7,crypto
73-77,10,min 0-6,spot_with,hold,174,-42.1,159,-24.2,-111.63,0.85,-42.1,crypto
73-77,10,min 0-9,kalshi_against,exit10,192,-34.6,96,-17.1,-82.86,0.663,-34.6,crypto
73-77,10,min 0-9,kalshi_against,exit12,192,-57.5,96,-45.6,-154.3,0.76,-57.5,crypto
73-77,10,min 0-9,kalshi_against,exit14,192,-60.7,96,-48.0,-162.71,0.812,-60.7,crypto
73-77,10,min 0-9,kalshi_against,hold,192,-59.6,96,-23.0,-136.51,0.844,-59.6,crypto
73-77,10,min 0-9,kalshi_with,exit10,344,-18.2,190,-38.7,-136.14,0.693,-38.7,crypto
73-77,10,min 0-9,kalshi_with,exit12,344,-34.0,190,-33.2,-179.94,0.772,-34.0,crypto
73-77,10,min 0-9,kalshi_with,exit14,344,-37.1,190,-27.4,-179.73,0.82,-37.1,crypto
73-77,10,min 0-9,kalshi_with,hold,344,-42.9,190,-13.6,-173.43,0.837,-42.9,crypto
73-77,10,min 0-9,none,exit10,350,-17.6,191,-37.9,-134.01,0.695,-37.9,crypto
73-77,10,min 0-9,none,exit12,350,-32.2,191,-32.4,-174.42,0.774,-32.4,crypto
73-77,10,min 0-9,none,exit14,350,-35.2,191,-26.7,-174.21,0.823,-35.2,crypto
73-77,10,min 0-9,none,hold,350,-40.9,191,-12.9,-167.91,0.839,-40.9,crypto
73-77,10,min 0-9,spot_with,exit10,201,-27.1,175,-45.1,-133.36,0.684,-45.1,crypto
73-77,10,min 0-9,spot_with,exit12,201,-45.0,175,-42.6,-165.02,0.769,-45.0,crypto
73-77,10,min 0-9,spot_with,exit14,201,-50.6,175,-37.5,-167.49,0.819,-50.6,crypto
73-77,10,min 0-9,spot_with,hold,201,-53.7,175,-22.5,-147.38,0.84,-53.7,crypto
73-77,15,min 0-12,kalshi_against,exit10,223,-19.0,120,-36.6,-86.39,0.519,-36.6,crypto
73-77,15,min 0-12,kalshi_against,exit12,223,-44.0,120,-28.5,-132.23,0.609,-44.0,crypto
73-77,15,min 0-12,kalshi_against,exit14,223,-38.5,120,-44.5,-139.24,0.761,-44.5,crypto
73-77,15,min 0-12,kalshi_against,hold,223,-32.3,120,-18.9,-94.74,0.808,-32.3,crypto
73-77,15,min 0-12,kalshi_with,exit10,354,-17.7,200,-35.4,-133.57,0.545,-35.4,crypto
73-77,15,min 0-12,kalshi_with,exit12,354,-34.4,200,-22.7,-167.04,0.641,-34.4,crypto
73-77,15,min 0-12,kalshi_with,exit14,354,-36.3,200,-8.2,-144.85,0.756,-36.3,crypto
73-77,15,min 0-12,kalshi_with,hold,354,-32.0,200,7.0,-99.1,0.794,-32.0,crypto
73-77,15,min 0-12,none,exit10,359,-16.9,201,-34.4,-129.9,0.548,-34.4,crypto
73-77,15,min 0-12,none,exit12,359,-32.2,201,-21.8,-159.35,0.645,-32.2,crypto
73-77,15,min 0-12,none,exit14,359,-34.1,201,-7.4,-137.16,0.759,-34.1,crypto
73-77,15,min 0-12,none,hold,359,-29.8,201,7.8,-91.41,0.796,-29.8,crypto
73-77,15,min 0-12,spot_with,exit10,206,-19.7,185,-42.5,-119.33,0.537,-42.5,crypto
73-77,15,min 0-12,spot_with,exit12,206,-39.3,185,-33.6,-143.15,0.632,-39.3,crypto
73-77,15,min 0-12,spot_with,exit14,206,-38.5,185,-17.5,-111.67,0.767,-38.5,crypto
73-77,15,min 0-12,spot_with,hold,206,-36.2,185,-2.7,-79.45,0.803,-36.2,crypto
73-77,15,min 0-3,kalshi_against,exit10,45,-31.0,22,-3.7,-14.79,0.582,-31.0,crypto
73-77,15,min 0-3,kalshi_against,exit12,45,-80.0,22,-33.0,-43.27,0.716,-80.0,crypto
73-77,15,min 0-3,kalshi_against,exit14,45,-80.4,22,-62.5,-49.94,0.746,-80.4,crypto
73-77,15,min 0-3,kalshi_against,hold,45,-81.2,22,-23.6,-41.74,0.776,-81.2,crypto
73-77,15,min 0-3,kalshi_with,exit10,199,3.9,111,-55.6,-53.86,0.616,-55.6,crypto
73-77,15,min 0-3,kalshi_with,exit12,199,-4.1,111,-53.4,-67.52,0.7,-53.4,crypto
73-77,15,min 0-3,kalshi_with,exit14,199,-7.5,111,-49.5,-69.88,0.774,-49.5,crypto
73-77,15,min 0-3,kalshi_with,hold,199,-3.3,111,-43.8,-55.3,0.794,-43.8,crypto
73-77,15,min 0-3,none,exit10,205,5.6,112,-53.7,-48.59,0.621,-53.7,crypto
73-77,15,min 0-3,none,exit12,205,-2.1,112,-51.5,-61.95,0.703,-51.5,crypto
73-77,15,min 0-3,none,exit14,205,-3.5,112,-47.6,-60.59,0.779,-47.6,crypto
73-77,15,min 0-3,none,hold,205,0.5,112,-42.0,-46.01,0.798,-42.0,crypto
73-77,15,min 0-3,spot_with,exit10,113,-26.8,106,-59.8,-93.59,0.584,-59.8,crypto
73-77,15,min 0-3,spot_with,exit12,113,-40.7,106,-57.5,-106.92,0.671,-57.5,crypto
73-77,15,min 0-3,spot_with,exit14,113,-37.5,106,-53.4,-98.95,0.763,-53.4,crypto
73-77,15,min 0-3,spot_with,hold,113,-34.3,106,-47.5,-89.06,0.79,-47.5,crypto
73-77,15,min 0-6,kalshi_against,exit10,132,-12.4,67,12.5,-8.04,0.623,-12.4,crypto
73-77,15,min 0-6,kalshi_against,exit12,132,-21.6,67,14.8,-18.64,0.739,-21.6,crypto
73-77,15,min 0-6,kalshi_against,exit14,132,-26.2,67,20.7,-20.7,0.814,-26.2,crypto
73-77,15,min 0-6,kalshi_against,hold,132,-18.3,67,58.0,14.72,0.849,-18.3,crypto
73-77,15,min 0-6,kalshi_with,exit10,308,-11.3,171,-46.5,-114.31,0.57,-46.5,crypto
73-77,15,min 0-6,kalshi_with,exit12,308,-14.0,171,-35.3,-103.42,0.678,-35.3,crypto
73-77,15,min 0-6,kalshi_with,exit14,308,-16.9,171,-19.9,-85.95,0.772,-19.9,crypto
73-77,15,min 0-6,kalshi_with,hold,308,-12.1,171,-7.1,-49.53,0.806,-12.1,crypto
73-77,15,min 0-6,none,exit10,314,-9.9,172,-45.3,-109.04,0.574,-45.3,crypto
73-77,15,min 0-6,none,exit12,314,-12.5,172,-34.2,-97.85,0.681,-34.2,crypto
73-77,15,min 0-6,none,exit14,314,-14.1,172,-18.8,-76.66,0.776,-18.8,crypto
73-77,15,min 0-6,none,hold,314,-9.5,172,-6.1,-40.24,0.809,-9.5,crypto
73-77,15,min 0-6,spot_with,exit10,174,-21.9,159,-52.6,-121.71,0.562,-52.6,crypto
73-77,15,min 0-6,spot_with,exit12,174,-27.3,159,-40.5,-111.93,0.661,-40.5,crypto
73-77,15,min 0-6,spot_with,exit14,174,-28.7,159,-24.2,-88.38,0.775,-28.7,crypto
73-77,15,min 0-6,spot_with,hold,174,-23.4,159,-10.5,-57.34,0.814,-23.4,crypto
73-77,15,min 0-9,kalshi_against,exit10,192,-29.1,96,3.5,-52.54,0.514,-29.1,crypto
73-77,15,min 0-9,kalshi_against,exit12,192,-55.4,96,-10.7,-116.7,0.663,-55.4,crypto
73-77,15,min 0-9,kalshi_against,exit14,192,-50.0,96,-6.4,-102.07,0.774,-50.0,crypto
73-77,15,min 0-9,kalshi_against,hold,192,-44.2,96,25.0,-60.86,0.816,-44.2,crypto
73-77,15,min 0-9,kalshi_with,exit10,344,-16.8,190,-38.5,-130.91,0.545,-38.5,crypto
73-77,15,min 0-9,kalshi_with,exit12,344,-32.8,190,-24.5,-159.23,0.661,-32.8,crypto
73-77,15,min 0-9,kalshi_with,exit14,344,-33.9,190,-10.7,-136.76,0.762,-33.9,crypto
73-77,15,min 0-9,kalshi_with,hold,344,-32.1,190,3.8,-103.08,0.796,-32.1,crypto
73-77,15,min 0-9,none,exit10,350,-15.4,191,-37.5,-125.64,0.549,-37.5,crypto
73-77,15,min 0-9,none,exit12,350,-31.1,191,-23.5,-153.66,0.664,-31.1,crypto
73-77,15,min 0-9,none,exit14,350,-31.1,191,-9.8,-127.47,0.765,-31.1,crypto
73-77,15,min 0-9,none,hold,350,-29.3,191,4.6,-93.79,0.799,-29.3,crypto
73-77,15,min 0-9,spot_with,exit10,201,-21.2,175,-46.1,-123.14,0.537,-46.1,crypto
73-77,15,min 0-9,spot_with,exit12,201,-37.7,175,-35.5,-137.94,0.652,-37.7,crypto
73-77,15,min 0-9,spot_with,exit14,201,-36.8,175,-22.1,-112.66,0.769,-36.8,crypto
73-77,15,min 0-9,spot_with,hold,201,-36.7,175,-6.4,-84.98,0.806,-36.7,crypto
73-77,20,min 0-12,kalshi_against,exit10,223,-28.7,120,-39.4,-111.31,0.329,-39.4,crypto
73-77,20,min 0-12,kalshi_against,exit12,223,-51.4,120,-32.9,-154.16,0.426,-51.4,crypto
73-77,20,min 0-12,kalshi_against,exit14,223,-32.7,120,-47.3,-129.8,0.697,-47.3,crypto
73-77,20,min 0-12,kalshi_against,hold,223,-21.9,120,-20.2,-72.99,0.773,-21.9,crypto
73-77,20,min 0-12,kalshi_with,exit10,354,-24.2,200,-36.4,-158.34,0.35,-36.4,crypto
73-77,20,min 0-12,kalshi_with,exit12,354,-32.6,200,-25.4,-166.03,0.495,-32.6,crypto
73-77,20,min 0-12,kalshi_with,exit14,354,-24.9,200,-17.9,-124.12,0.691,-24.9,crypto
73-77,20,min 0-12,kalshi_with,hold,354,-17.0,200,-1.5,-63.08,0.758,-17.0,crypto
73-77,20,min 0-12,none,exit10,359,-22.7,201,-35.2,-152.34,0.355,-35.2,crypto
73-77,20,min 0-12,none,exit12,359,-29.7,201,-24.2,-155.38,0.5,-29.7,crypto
73-77,20,min 0-12,none,exit14,359,-22.2,201,-16.8,-113.47,0.695,-22.2,crypto
73-77,20,min 0-12,none,hold,359,-14.3,201,-0.5,-52.43,0.761,-14.3,crypto
73-77,20,min 0-12,spot_with,exit10,206,-16.5,185,-44.4,-116.11,0.34,-44.4,crypto
73-77,20,min 0-12,spot_with,exit12,206,-28.7,185,-38.5,-130.52,0.483,-38.5,crypto
73-77,20,min 0-12,spot_with,exit14,206,-26.3,185,-30.6,-110.8,0.698,-30.6,crypto
73-77,20,min 0-12,spot_with,hold,206,-29.6,185,-14.7,-88.02,0.757,-29.6,crypto
73-77,20,min 0-3,kalshi_against,exit10,45,-70.0,22,-8.3,-33.35,0.373,-70.0,crypto
73-77,20,min 0-3,kalshi_against,exit12,45,-102.1,22,-12.3,-48.64,0.493,-102.1,crypto
73-77,20,min 0-3,kalshi_against,exit14,45,-96.5,22,-68.0,-58.38,0.672,-96.5,crypto
73-77,20,min 0-3,kalshi_against,hold,45,-84.5,22,-26.7,-43.89,0.731,-84.5,crypto
73-77,20,min 0-3,kalshi_with,exit10,199,-13.8,111,-59.1,-93.16,0.397,-59.1,crypto
73-77,20,min 0-3,kalshi_with,exit12,199,-9.0,111,-52.7,-76.29,0.545,-52.7,crypto
73-77,20,min 0-3,kalshi_with,exit14,199,8.4,111,-50.3,-39.04,0.723,-50.3,crypto
73-77,20,min 0-3,kalshi_with,hold,199,17.7,111,-41.7,-11.14,0.765,-41.7,crypto
73-77,20,min 0-3,none,exit10,205,-10.4,112,-56.7,-84.93,0.407,-56.7,crypto
73-77,20,min 0-3,none,exit12,205,-5.6,112,-50.3,-67.76,0.552,-50.3,crypto
73-77,20,min 0-3,none,exit14,205,13.4,112,-47.9,-26.16,0.729,-47.9,crypto
73-77,20,min 0-3,none,hold,205,22.4,112,-39.5,1.74,0.77,-39.5,crypto
73-77,20,min 0-3,spot_with,exit10,113,-29.5,106,-63.9,-101.03,0.379,-63.9,crypto
73-77,20,min 0-3,spot_with,exit12,113,-30.6,106,-57.1,-95.07,0.534,-57.1,crypto
73-77,20,min 0-3,spot_with,exit14,113,-15.0,106,-54.6,-74.81,0.712,-54.6,crypto
73-77,20,min 0-3,spot_with,hold,113,-12.5,106,-45.7,-62.48,0.758,-45.7,crypto
73-77,20,min 0-6,kalshi_against,exit10,132,-36.9,67,12.5,-40.38,0.367,-36.9,crypto
73-77,20,min 0-6,kalshi_against,exit12,132,-30.6,67,26.6,-22.56,0.563,-30.6,crypto
73-77,20,min 0-6,kalshi_against,exit14,132,-17.9,67,22.6,-8.48,0.754,-17.9,crypto
73-77,20,min 0-6,kalshi_against,hold,132,1.2,67,58.0,40.38,0.819,1.2,crypto
73-77,20,min 0-6,kalshi_with,exit10,308,-20.4,171,-50.2,-148.73,0.365,-50.2,crypto
73-77,20,min 0-6,kalshi_with,exit12,308,-13.3,171,-40.1,-109.66,0.53,-40.1,crypto
73-77,20,min 0-6,kalshi_with,exit14,308,-5.3,171,-29.7,-66.95,0.706,-29.7,crypto
73-77,20,min 0-6,kalshi_with,hold,308,3.3,171,-13.4,-12.55,0.77,-13.4,crypto
73-77,20,min 0-6,none,exit10,314,-18.1,172,-48.7,-140.5,0.372,-48.7,crypto
73-77,20,min 0-6,none,exit12,314,-11.0,172,-38.6,-101.13,0.535,-38.6,crypto
73-77,20,min 0-6,none,exit14,314,-1.7,172,-28.3,-54.07,0.71,-28.3,crypto
73-77,20,min 0-6,none,hold,314,6.7,172,-12.1,0.33,0.774,-12.1,crypto
73-77,20,min 0-6,spot_with,exit10,174,-18.4,159,-57.6,-123.7,0.357,-57.6,crypto
73-77,20,min 0-6,spot_with,exit12,174,-13.3,159,-47.3,-98.31,0.52,-47.3,crypto
73-77,20,min 0-6,spot_with,exit14,174,-10.4,159,-36.4,-75.92,0.709,-36.4,crypto
73-77,20,min 0-6,spot_with,hold,174,-10.9,159,-19.2,-49.45,0.772,-19.2,crypto
73-77,20,min 0-9,kalshi_against,exit10,192,-44.8,96,4.6,-81.56,0.299,-44.8,crypto
73-77,20,min 0-9,kalshi_against,exit12,192,-60.6,96,-8.3,-124.26,0.49,-60.6,crypto
73-77,20,min 0-9,kalshi_against,exit14,192,-44.9,96,-5.4,-91.36,0.712,-44.9,crypto
73-77,20,min 0-9,kalshi_against,hold,192,-34.7,96,26.5,-41.06,0.781,-34.7,crypto
73-77,20,min 0-9,kalshi_with,exit10,344,-24.4,190,-40.6,-160.96,0.343,-40.6,crypto
73-77,20,min 0-9,kalshi_with,exit12,344,-31.0,190,-27.6,-159.17,0.509,-31.0,crypto
73-77,20,min 0-9,kalshi_with,exit14,344,-23.0,190,-22.5,-121.84,0.695,-23.0,crypto
73-77,20,min 0-9,kalshi_with,hold,344,-17.7,190,-7.0,-74.35,0.758,-17.7,crypto
73-77,20,min 0-9,none,exit10,350,-22.2,191,-39.3,-152.73,0.349,-39.3,crypto
73-77,20,min 0-9,none,exit12,350,-28.7,191,-26.3,-150.64,0.514,-28.7,crypto
73-77,20,min 0-9,none,exit14,350,-19.5,191,-21.3,-108.96,0.699,-21.3,crypto
73-77,20,min 0-9,none,hold,350,-14.4,191,-5.9,-61.47,0.762,-14.4,crypto
73-77,20,min 0-9,spot_with,exit10,201,-18.6,175,-49.2,-123.51,0.332,-49.2,crypto
73-77,20,min 0-9,spot_with,exit12,201,-27.1,175,-41.1,-126.26,0.497,-41.1,crypto
73-77,20,min 0-9,spot_with,exit14,201,-25.1,175,-37.8,-116.55,0.699,-37.8,crypto
73-77,20,min 0-9,spot_with,hold,201,-30.6,175,-21.2,-98.73,0.758,-30.6,crypto
73-77,25,min 0-12,kalshi_against,exit10,223,-25.6,120,-41.5,-106.97,0.242,-41.5,crypto
73-77,25,min 0-12,kalshi_against,exit12,223,-53.7,120,-34.8,-161.57,0.341,-53.7,crypto
73-77,25,min 0-12,kalshi_against,exit14,223,-30.0,120,-41.8,-117.22,0.659,-41.8,crypto
73-77,25,min 0-12,kalshi_against,hold,223,-19.1,120,-13.3,-58.43,0.761,-19.1,crypto
73-77,25,min 0-12,kalshi_with,exit10,354,-22.7,200,-37.7,-155.56,0.24,-37.7,crypto
73-77,25,min 0-12,kalshi_with,exit12,354,-33.5,200,-33.2,-185.19,0.39,-33.5,crypto
73-77,25,min 0-12,kalshi_with,exit14,354,-21.4,200,-23.5,-122.75,0.648,-23.5,crypto
73-77,25,min 0-12,kalshi_with,hold,354,-12.3,200,-5.9,-55.49,0.742,-12.3,crypto
73-77,25,min 0-12,none,exit10,359,-21.3,201,-36.3,-149.46,0.243,-36.3,crypto
73-77,25,min 0-12,none,exit12,359,-30.4,201,-31.9,-173.28,0.396,-31.9,crypto
73-77,25,min 0-12,none,exit14,359,-18.4,201,-22.3,-110.84,0.652,-22.3,crypto
73-77,25,min 0-12,none,hold,359,-9.5,201,-4.7,-43.58,0.745,-9.5,crypto
73-77,25,min 0-12,spot_with,exit10,206,-13.7,185,-45.5,-112.4,0.225,-45.5,crypto
73-77,25,min 0-12,spot_with,exit12,206,-29.4,185,-42.4,-139.0,0.386,-42.4,crypto
73-77,25,min 0-12,spot_with,exit14,206,-22.7,185,-32.5,-106.99,0.66,-32.5,crypto
73-77,25,min 0-12,spot_with,hold,206,-28.5,185,-15.4,-87.05,0.739,-28.5,crypto
73-77,25,min 0-3,kalshi_against,exit10,45,-65.2,22,-40.8,-38.29,0.284,-65.2,crypto
73-77,25,min 0-3,kalshi_against,exit12,45,-99.7,22,-47.4,-55.29,0.433,-99.7,crypto
73-77,25,min 0-3,kalshi_against,exit14,45,-83.2,22,-97.7,-58.91,0.657,-97.7,crypto
73-77,25,min 0-3,kalshi_against,hold,45,-70.7,22,-53.9,-43.68,0.716,-70.7,crypto
73-77,25,min 0-3,kalshi_with,exit10,199,-11.5,111,-65.4,-95.46,0.29,-65.4,crypto
73-77,25,min 0-3,kalshi_with,exit12,199,-5.4,111,-66.6,-84.74,0.458,-66.6,crypto
73-77,25,min 0-3,kalshi_with,exit14,199,16.0,111,-62.2,-37.16,0.681,-62.2,crypto
73-77,25,min 0-3,kalshi_with,hold,199,24.2,111,-53.2,-10.87,0.748,-53.2,crypto
73-77,25,min 0-3,none,exit10,205,-8.2,112,-62.7,-87.13,0.297,-62.7,crypto
73-77,25,min 0-3,none,exit12,205,-1.6,112,-63.9,-74.95,0.467,-63.9,crypto
73-77,25,min 0-3,none,exit14,205,21.3,112,-59.5,-23.02,0.688,-59.5,crypto
73-77,25,min 0-3,none,hold,205,29.3,112,-50.7,3.27,0.754,-50.7,crypto
73-77,25,min 0-3,spot_with,exit10,113,-24.9,106,-69.4,-101.75,0.256,-69.4,crypto
73-77,25,min 0-3,spot_with,exit12,113,-23.3,106,-68.5,-98.92,0.461,-68.5,crypto
73-77,25,min 0-3,spot_with,exit14,113,-1.1,106,-67.4,-72.63,0.676,-67.4,crypto
73-77,25,min 0-3,spot_with,hold,113,-5.5,106,-58.0,-67.67,0.74,-58.0,crypto
73-77,25,min 0-6,kalshi_against,exit10,132,-33.2,67,5.4,-40.15,0.261,-33.2,crypto
73-77,25,min 0-6,kalshi_against,exit12,132,-26.0,67,21.6,-19.77,0.482,-26.0,crypto
73-77,25,min 0-6,kalshi_against,exit14,132,-6.8,67,24.7,7.62,0.719,-6.8,crypto
73-77,25,min 0-6,kalshi_against,hold,132,10.3,67,61.4,54.76,0.809,10.3,crypto
73-77,25,min 0-6,kalshi_with,exit10,308,-19.1,171,-52.8,-149.12,0.246,-52.8,crypto
73-77,25,min 0-6,kalshi_with,exit12,308,-14.8,171,-49.8,-130.82,0.428,-49.8,crypto
73-77,25,min 0-6,kalshi_with,exit14,308,-2.1,171,-38.6,-72.71,0.662,-38.6,crypto
73-77,25,min 0-6,kalshi_with,hold,308,6.8,171,-21.1,-15.05,0.752,-21.1,crypto
73-77,25,min 0-6,none,exit10,314,-16.8,172,-51.1,-140.79,0.251,-51.1,crypto
73-77,25,min 0-6,none,exit12,314,-12.2,172,-48.2,-121.03,0.434,-48.2,crypto
73-77,25,min 0-6,none,exit14,314,1.7,172,-37.1,-58.57,0.667,-37.1,crypto
73-77,25,min 0-6,none,hold,314,10.4,172,-19.6,-0.91,0.755,-19.6,crypto
73-77,25,min 0-6,spot_with,exit10,174,-15.6,159,-60.3,-122.94,0.228,-60.3,crypto
73-77,25,min 0-6,spot_with,exit12,174,-14.4,159,-52.5,-108.47,0.429,-52.5,crypto
73-77,25,min 0-6,spot_with,exit14,174,-7.8,159,-40.7,-78.3,0.667,-40.7,crypto
73-77,25,min 0-6,spot_with,hold,174,-12.1,159,-22.1,-56.25,0.751,-22.1,crypto
73-77,25,min 0-9,kalshi_against,exit10,192,-42.7,96,0.2,-81.84,0.194,-42.7,crypto
73-77,25,min 0-9,kalshi_against,exit12,192,-61.7,96,-10.8,-128.86,0.399,-61.7,crypto
73-77,25,min 0-9,kalshi_against,exit14,192,-38.9,96,-0.1,-74.75,0.677,-38.9,crypto
73-77,25,min 0-9,kalshi_against,hold,192,-29.0,96,33.1,-23.97,0.771,-29.0,crypto
73-77,25,min 0-9,kalshi_with,exit10,344,-23.1,190,-42.6,-160.29,0.228,-42.6,crypto
73-77,25,min 0-9,kalshi_with,exit12,344,-32.1,190,-35.9,-178.44,0.404,-35.9,crypto
73-77,25,min 0-9,kalshi_with,exit14,344,-19.2,190,-29.2,-121.41,0.652,-29.2,crypto
73-77,25,min 0-9,kalshi_with,hold,344,-13.3,190,-12.6,-69.82,0.742,-13.3,crypto
73-77,25,min 0-9,none,exit10,350,-21.0,191,-41.1,-151.96,0.233,-41.1,crypto
73-77,25,min 0-9,none,exit12,350,-29.4,191,-34.4,-168.65,0.41,-34.4,crypto
73-77,25,min 0-9,none,exit14,350,-15.5,191,-27.8,-107.27,0.656,-27.8,crypto
73-77,25,min 0-9,none,hold,350,-9.7,191,-11.3,-55.68,0.745,-11.3,crypto
73-77,25,min 0-9,spot_with,exit10,201,-16.0,175,-51.1,-121.59,0.213,-51.1,crypto
73-77,25,min 0-9,spot_with,exit12,201,-27.8,175,-45.1,-134.85,0.402,-45.1,crypto
73-77,25,min 0-9,spot_with,exit14,201,-21.0,175,-40.7,-113.47,0.662,-40.7,crypto
73-77,25,min 0-9,spot_with,hold,201,-29.8,175,-22.9,-100.07,0.739,-29.8,crypto
73-77,30,min 0-12,kalshi_against,exit10,223,-25.6,120,-41.5,-106.97,0.242,-41.5,crypto
73-77,30,min 0-12,kalshi_against,exit12,223,-53.7,120,-34.8,-161.57,0.341,-53.7,crypto
73-77,30,min 0-12,kalshi_against,exit14,223,-30.0,120,-41.8,-117.22,0.659,-41.8,crypto
73-77,30,min 0-12,kalshi_against,hold,223,-19.1,120,-13.3,-58.43,0.761,-19.1,crypto
73-77,30,min 0-12,kalshi_with,exit10,354,-22.7,200,-37.7,-155.56,0.24,-37.7,crypto
73-77,30,min 0-12,kalshi_with,exit12,354,-33.5,200,-33.2,-185.19,0.39,-33.5,crypto
73-77,30,min 0-12,kalshi_with,exit14,354,-21.4,200,-23.5,-122.75,0.648,-23.5,crypto
73-77,30,min 0-12,kalshi_with,hold,354,-12.3,200,-5.9,-55.49,0.742,-12.3,crypto
73-77,30,min 0-12,none,exit10,359,-21.3,201,-36.3,-149.46,0.243,-36.3,crypto
73-77,30,min 0-12,none,exit12,359,-30.4,201,-31.9,-173.28,0.396,-31.9,crypto
73-77,30,min 0-12,none,exit14,359,-18.4,201,-22.3,-110.84,0.652,-22.3,crypto
73-77,30,min 0-12,none,hold,359,-9.5,201,-4.7,-43.58,0.745,-9.5,crypto
73-77,30,min 0-12,spot_with,exit10,206,-13.7,185,-45.5,-112.4,0.225,-45.5,crypto
73-77,30,min 0-12,spot_with,exit12,206,-29.4,185,-42.4,-139.0,0.386,-42.4,crypto
73-77,30,min 0-12,spot_with,exit14,206,-22.7,185,-32.5,-106.99,0.66,-32.5,crypto
73-77,30,min 0-12,spot_with,hold,206,-28.5,185,-15.4,-87.05,0.739,-28.5,crypto
73-77,30,min 0-3,kalshi_against,exit10,45,-65.2,22,-40.8,-38.29,0.284,-65.2,crypto
73-77,30,min 0-3,kalshi_against,exit12,45,-99.7,22,-47.4,-55.29,0.433,-99.7,crypto
73-77,30,min 0-3,kalshi_against,exit14,45,-83.2,22,-97.7,-58.91,0.657,-97.7,crypto
73-77,30,min 0-3,kalshi_against,hold,45,-70.7,22,-53.9,-43.68,0.716,-70.7,crypto
73-77,30,min 0-3,kalshi_with,exit10,199,-11.5,111,-65.4,-95.46,0.29,-65.4,crypto
73-77,30,min 0-3,kalshi_with,exit12,199,-5.4,111,-66.6,-84.74,0.458,-66.6,crypto
73-77,30,min 0-3,kalshi_with,exit14,199,16.0,111,-62.2,-37.16,0.681,-62.2,crypto
73-77,30,min 0-3,kalshi_with,hold,199,24.2,111,-53.2,-10.87,0.748,-53.2,crypto
73-77,30,min 0-3,none,exit10,205,-8.2,112,-62.7,-87.13,0.297,-62.7,crypto
73-77,30,min 0-3,none,exit12,205,-1.6,112,-63.9,-74.95,0.467,-63.9,crypto
73-77,30,min 0-3,none,exit14,205,21.3,112,-59.5,-23.02,0.688,-59.5,crypto
73-77,30,min 0-3,none,hold,205,29.3,112,-50.7,3.27,0.754,-50.7,crypto
73-77,30,min 0-3,spot_with,exit10,113,-24.9,106,-69.4,-101.75,0.256,-69.4,crypto
73-77,30,min 0-3,spot_with,exit12,113,-23.3,106,-68.5,-98.92,0.461,-68.5,crypto
73-77,30,min 0-3,spot_with,exit14,113,-1.1,106,-67.4,-72.63,0.676,-67.4,crypto
73-77,30,min 0-3,spot_with,hold,113,-5.5,106,-58.0,-67.67,0.74,-58.0,crypto
73-77,30,min 0-6,kalshi_against,exit10,132,-33.2,67,5.4,-40.15,0.261,-33.2,crypto
73-77,30,min 0-6,kalshi_against,exit12,132,-26.0,67,21.6,-19.77,0.482,-26.0,crypto
73-77,30,min 0-6,kalshi_against,exit14,132,-6.8,67,24.7,7.62,0.719,-6.8,crypto
73-77,30,min 0-6,kalshi_against,hold,132,10.3,67,61.4,54.76,0.809,10.3,crypto
73-77,30,min 0-6,kalshi_with,exit10,308,-19.1,171,-52.8,-149.12,0.246,-52.8,crypto
73-77,30,min 0-6,kalshi_with,exit12,308,-14.8,171,-49.8,-130.82,0.428,-49.8,crypto
73-77,30,min 0-6,kalshi_with,exit14,308,-2.1,171,-38.6,-72.71,0.662,-38.6,crypto
73-77,30,min 0-6,kalshi_with,hold,308,6.8,171,-21.1,-15.05,0.752,-21.1,crypto
73-77,30,min 0-6,none,exit10,314,-16.8,172,-51.1,-140.79,0.251,-51.1,crypto
73-77,30,min 0-6,none,exit12,314,-12.2,172,-48.2,-121.03,0.434,-48.2,crypto
73-77,30,min 0-6,none,exit14,314,1.7,172,-37.1,-58.57,0.667,-37.1,crypto
73-77,30,min 0-6,none,hold,314,10.4,172,-19.6,-0.91,0.755,-19.6,crypto
73-77,30,min 0-6,spot_with,exit10,174,-15.6,159,-60.3,-122.94,0.228,-60.3,crypto
73-77,30,min 0-6,spot_with,exit12,174,-14.4,159,-52.5,-108.47,0.429,-52.5,crypto
73-77,30,min 0-6,spot_with,exit14,174,-7.8,159,-40.7,-78.3,0.667,-40.7,crypto
73-77,30,min 0-6,spot_with,hold,174,-12.1,159,-22.1,-56.25,0.751,-22.1,crypto
73-77,30,min 0-9,kalshi_against,exit10,192,-42.7,96,0.2,-81.84,0.194,-42.7,crypto
73-77,30,min 0-9,kalshi_against,exit12,192,-61.7,96,-10.8,-128.86,0.399,-61.7,crypto
73-77,30,min 0-9,kalshi_against,exit14,192,-38.9,96,-0.1,-74.75,0.677,-38.9,crypto
73-77,30,min 0-9,kalshi_against,hold,192,-29.0,96,33.1,-23.97,0.771,-29.0,crypto
73-77,30,min 0-9,kalshi_with,exit10,344,-23.1,190,-42.6,-160.29,0.228,-42.6,crypto
73-77,30,min 0-9,kalshi_with,exit12,344,-32.1,190,-35.9,-178.44,0.404,-35.9,crypto
73-77,30,min 0-9,kalshi_with,exit14,344,-19.2,190,-29.2,-121.41,0.652,-29.2,crypto
73-77,30,min 0-9,kalshi_with,hold,344,-13.3,190,-12.6,-69.82,0.742,-13.3,crypto
73-77,30,min 0-9,none,exit10,350,-21.0,191,-41.1,-151.96,0.233,-41.1,crypto
73-77,30,min 0-9,none,exit12,350,-29.4,191,-34.4,-168.65,0.41,-34.4,crypto
73-77,30,min 0-9,none,exit14,350,-15.5,191,-27.8,-107.27,0.656,-27.8,crypto
73-77,30,min 0-9,none,hold,350,-9.7,191,-11.3,-55.68,0.745,-11.3,crypto
73-77,30,min 0-9,spot_with,exit10,201,-16.0,175,-51.1,-121.59,0.213,-51.1,crypto
73-77,30,min 0-9,spot_with,exit12,201,-27.8,175,-45.1,-134.85,0.402,-45.1,crypto
73-77,30,min 0-9,spot_with,exit14,201,-21.0,175,-40.7,-113.47,0.662,-40.7,crypto
73-77,30,min 0-9,spot_with,hold,201,-29.8,175,-22.9,-100.07,0.739,-29.8,crypto
23-27,5,min 0-12,kalshi_against,exit10,237,-45.3,107,-69.8,-181.94,0.64,-69.8,commodity
23-27,5,min 0-12,kalshi_against,exit12,237,-49.5,107,-70.7,-193.05,0.669,-70.7,commodity
23-27,5,min 0-12,kalshi_against,exit14,237,-45.5,107,-72.9,-185.7,0.709,-72.9,commodity
23-27,5,min 0-12,kalshi_against,hold,237,-43.7,107,-70.9,-179.47,0.724,-70.9,commodity
23-27,5,min 0-12,kalshi_with,exit10,123,-42.8,50,-44.4,-74.79,0.595,-44.4,commodity
23-27,5,min 0-12,kalshi_with,exit12,123,-48.1,50,-53.8,-86.1,0.601,-53.8,commodity
23-27,5,min 0-12,kalshi_with,exit14,123,-45.0,50,-51.3,-80.96,0.682,-51.3,commodity
23-27,5,min 0-12,kalshi_with,hold,123,-46.0,50,-44.5,-78.85,0.705,-46.0,commodity
23-27,5,min 0-12,none,exit10,241,-43.7,108,-67.0,-177.73,0.648,-67.0,commodity
23-27,5,min 0-12,none,exit12,241,-49.0,108,-68.6,-192.17,0.67,-68.6,commodity
23-27,5,min 0-12,none,exit14,241,-43.7,108,-68.8,-179.61,0.716,-68.8,commodity
23-27,5,min 0-12,none,hold,241,-41.9,108,-66.9,-173.2,0.731,-66.9,commodity
23-27,5,min 0-3,kalshi_against,exit10,99,-48.5,44,-81.0,-83.68,0.664,-81.0,commodity
23-27,5,min 0-3,kalshi_against,exit12,99,-56.1,44,-73.9,-87.99,0.692,-73.9,commodity
23-27,5,min 0-3,kalshi_against,exit14,99,-47.9,44,-77.0,-81.31,0.713,-77.0,commodity
23-27,5,min 0-3,kalshi_against,hold,99,-42.3,44,-67.8,-71.72,0.748,-67.8,commodity
23-27,5,min 0-3,kalshi_with,exit10,17,-46.9,6,2.5,-7.82,0.739,-46.9,commodity
23-27,5,min 0-3,kalshi_with,exit12,17,-58.1,6,-8.5,-10.38,0.739,-58.1,commodity
23-27,5,min 0-3,kalshi_with,exit14,17,-47.7,6,18.3,-7.01,0.783,-47.7,commodity
23-27,5,min 0-3,kalshi_with,hold,17,-48.2,6,47.5,-5.35,0.826,-48.2,commodity
23-27,5,min 0-3,none,exit10,101,-48.9,44,-80.5,-84.81,0.669,-80.5,commodity
23-27,5,min 0-3,none,exit12,101,-55.2,44,-73.4,-88.08,0.697,-73.4,commodity
23-27,5,min 0-3,none,exit14,101,-47.2,44,-76.5,-81.31,0.717,-76.5,commodity
23-27,5,min 0-3,none,hold,101,-41.7,44,-67.3,-71.72,0.752,-67.3,commodity
23-27,5,min 0-6,kalshi_against,exit10,173,-40.3,72,-64.5,-116.2,0.686,-64.5,commodity
23-27,5,min 0-6,kalshi_against,exit12,173,-45.1,72,-65.7,-125.29,0.71,-65.7,commodity
23-27,5,min 0-6,kalshi_against,exit14,173,-41.6,72,-69.7,-122.13,0.727,-69.7,commodity
23-27,5,min 0-6,kalshi_against,hold,173,-38.6,72,-64.8,-113.35,0.747,-64.8,commodity
23-27,5,min 0-6,kalshi_with,exit10,55,-49.5,22,-76.9,-44.13,0.597,-76.9,commodity
23-27,5,min 0-6,kalshi_with,exit12,55,-53.1,22,-65.6,-43.63,0.662,-65.6,commodity
23-27,5,min 0-6,kalshi_with,exit14,55,-46.6,22,-60.7,-39.01,0.688,-60.7,commodity
23-27,5,min 0-6,kalshi_with,hold,55,-42.9,22,-53.6,-35.38,0.727,-53.6,commodity
23-27,5,min 0-6,none,exit10,176,-40.2,72,-64.2,-117.02,0.69,-64.2,commodity
23-27,5,min 0-6,none,exit12,176,-44.3,72,-65.5,-125.07,0.714,-65.5,commodity
23-27,5,min 0-6,none,exit14,176,-40.8,72,-69.4,-121.82,0.73,-69.4,commodity
23-27,5,min 0-6,none,hold,176,-37.8,72,-64.5,-113.04,0.75,-64.5,commodity
23-27,5,min 0-9,kalshi_against,exit10,215,-44.5,99,-63.0,-158.08,0.659,-63.0,commodity
23-27,5,min 0-9,kalshi_against,exit12,215,-48.7,99,-61.3,-165.38,0.697,-61.3,commodity
23-27,5,min 0-9,kalshi_against,exit14,215,-43.4,99,-65.9,-158.6,0.723,-65.9,commodity
23-27,5,min 0-9,kalshi_against,hold,215,-41.2,99,-62.9,-150.91,0.739,-62.9,commodity
23-27,5,min 0-9,kalshi_with,exit10,88,-45.5,37,-49.7,-58.44,0.624,-49.7,commodity
23-27,5,min 0-9,kalshi_with,exit12,88,-44.7,37,-53.2,-59.01,0.68,-53.2,commodity
23-27,5,min 0-9,kalshi_with,exit14,88,-45.6,37,-54.3,-60.25,0.696,-54.3,commodity
23-27,5,min 0-9,kalshi_with,hold,88,-44.3,37,-50.8,-57.8,0.72,-50.8,commodity
23-27,5,min 0-9,none,exit10,216,-44.3,100,-61.8,-157.44,0.665,-61.8,commodity
23-27,5,min 0-9,none,exit12,216,-47.7,100,-60.0,-163.03,0.703,-60.0,commodity
23-27,5,min 0-9,none,exit14,216,-41.9,100,-64.6,-155.22,0.728,-64.6,commodity
23-27,5,min 0-9,none,hold,216,-39.7,100,-61.6,-147.35,0.744,-61.6,commodity
23-27,10,min 0-12,kalshi_against,exit10,237,-43.3,107,-68.0,-175.23,0.515,-68.0,commodity
23-27,10,min 0-12,kalshi_against,exit12,237,-45.9,107,-73.3,-187.34,0.547,-73.3,commodity
23-27,10,min 0-12,kalshi_against,exit14,237,-44.2,107,-74.5,-184.45,0.593,-74.5,commodity
23-27,10,min 0-12,kalshi_against,hold,237,-44.5,107,-72.7,-183.25,0.61,-72.7,commodity
23-27,10,min 0-12,kalshi_with,exit10,123,-42.6,50,-49.9,-77.32,0.451,-49.9,commodity
23-27,10,min 0-12,kalshi_with,exit12,123,-41.5,50,-48.0,-75.06,0.486,-48.0,commodity
23-27,10,min 0-12,kalshi_with,exit14,123,-45.0,50,-48.7,-79.69,0.561,-48.7,commodity
23-27,10,min 0-12,kalshi_with,hold,123,-48.8,50,-42.3,-81.16,0.59,-48.8,commodity
23-27,10,min 0-12,none,exit10,241,-42.3,108,-69.5,-176.95,0.516,-69.5,commodity
23-27,10,min 0-12,none,exit12,241,-46.5,108,-73.8,-191.8,0.544,-73.8,commodity
23-27,10,min 0-12,none,exit14,241,-43.5,108,-75.3,-186.18,0.593,-75.3,commodity
23-27,10,min 0-12,none,hold,241,-43.8,108,-74.2,-185.54,0.61,-74.2,commodity
23-27,10,min 0-3,kalshi_against,exit10,99,-36.7,44,-66.9,-65.74,0.58,-66.9,commodity
23-27,10,min 0-3,kalshi_against,exit12,99,-38.9,44,-60.8,-65.25,0.615,-60.8,commodity
23-27,10,min 0-3,kalshi_against,exit14,99,-32.5,44,-67.1,-61.71,0.629,-67.1,commodity
23-27,10,min 0-3,kalshi_against,hold,99,-30.3,44,-65.6,-58.84,0.657,-65.6,commodity
23-27,10,min 0-3,kalshi_with,exit10,17,-24.8,6,102.7,1.95,0.696,-24.8,commodity
23-27,10,min 0-3,kalshi_with,exit12,17,-37.1,6,91.7,-0.8,0.696,-37.1,commodity
23-27,10,min 0-3,kalshi_with,exit14,17,-24.4,6,118.5,2.97,0.739,-24.4,commodity
23-27,10,min 0-3,kalshi_with,hold,17,-25.4,6,147.7,4.54,0.783,-25.4,commodity
23-27,10,min 0-3,none,exit10,101,-38.3,44,-66.4,-67.92,0.579,-66.4,commodity
23-27,10,min 0-3,none,exit12,101,-40.6,44,-60.3,-67.52,0.614,-60.3,commodity
23-27,10,min 0-3,none,exit14,101,-34.3,44,-66.6,-63.98,0.628,-66.6,commodity
23-27,10,min 0-3,none,hold,101,-32.1,44,-65.1,-61.11,0.655,-65.1,commodity
23-27,10,min 0-6,kalshi_against,exit10,173,-35.2,72,-66.3,-108.7,0.563,-66.3,commodity
23-27,10,min 0-6,kalshi_against,exit12,173,-37.6,72,-70.4,-115.67,0.596,-70.4,commodity
23-27,10,min 0-6,kalshi_against,exit14,173,-35.9,72,-74.4,-115.65,0.612,-74.4,commodity
23-27,10,min 0-6,kalshi_against,hold,173,-35.7,72,-69.4,-111.74,0.633,-69.4,commodity
23-27,10,min 0-6,kalshi_with,exit10,55,-36.3,22,-62.9,-33.78,0.506,-62.9,commodity
23-27,10,min 0-6,kalshi_with,exit12,55,-35.9,22,-57.5,-32.4,0.571,-57.5,commodity
23-27,10,min 0-6,kalshi_with,exit14,55,-28.1,22,-59.5,-28.56,0.597,-59.5,commodity
23-27,10,min 0-6,kalshi_with,hold,55,-25.6,22,-53.1,-25.75,0.636,-53.1,commodity
23-27,10,min 0-6,none,exit10,176,-35.8,72,-66.0,-110.58,0.565,-66.0,commodity
23-27,10,min 0-6,none,exit12,176,-38.2,72,-70.1,-117.64,0.597,-70.1,commodity
23-27,10,min 0-6,none,exit14,176,-36.5,72,-74.2,-117.62,0.613,-74.2,commodity
23-27,10,min 0-6,none,hold,176,-36.3,72,-69.1,-113.71,0.633,-69.1,commodity
23-27,10,min 0-9,kalshi_against,exit10,215,-41.4,99,-61.4,-149.86,0.532,-61.4,commodity
23-27,10,min 0-9,kalshi_against,exit12,215,-43.6,99,-64.0,-157.18,0.576,-64.0,commodity
23-27,10,min 0-9,kalshi_against,exit14,215,-40.1,99,-68.0,-153.61,0.608,-68.0,commodity
23-27,10,min 0-9,kalshi_against,hold,215,-40.6,99,-65.1,-151.69,0.624,-65.1,commodity
23-27,10,min 0-9,kalshi_with,exit10,88,-37.9,37,-42.0,-48.89,0.496,-42.0,commodity
23-27,10,min 0-9,kalshi_with,exit12,88,-36.1,37,-55.0,-52.15,0.552,-55.0,commodity
23-27,10,min 0-9,kalshi_with,exit14,88,-43.7,37,-56.4,-59.29,0.576,-56.4,commodity
23-27,10,min 0-9,kalshi_with,hold,88,-43.9,37,-43.1,-54.59,0.608,-43.9,commodity
23-27,10,min 0-9,none,exit10,216,-42.1,100,-61.7,-152.6,0.532,-61.7,commodity
23-27,10,min 0-9,none,exit12,216,-44.0,100,-65.6,-160.66,0.576,-65.6,commodity
23-27,10,min 0-9,none,exit14,216,-40.1,100,-69.6,-156.24,0.608,-69.6,commodity
23-27,10,min 0-9,none,hold,216,-40.5,100,-66.8,-154.14,0.623,-66.8,commodity
23-27,15,min 0-12,kalshi_against,exit10,237,-31.8,107,-62.4,-142.13,0.442,-62.4,commodity
23-27,15,min 0-12,kalshi_against,exit12,237,-31.9,107,-71.3,-152.05,0.485,-71.3,commodity
23-27,15,min 0-12,kalshi_against,exit14,237,-33.9,107,-69.4,-154.7,0.532,-69.4,commodity
23-27,15,min 0-12,kalshi_against,hold,237,-34.7,107,-72.4,-159.85,0.549,-72.4,commodity
23-27,15,min 0-12,kalshi_with,exit10,123,-33.5,50,-41.1,-61.77,0.393,-41.1,commodity
23-27,15,min 0-12,kalshi_with,exit12,123,-33.2,50,-49.5,-65.58,0.428,-49.5,commodity
23-27,15,min 0-12,kalshi_with,exit14,123,-39.2,50,-49.6,-72.95,0.503,-49.6,commodity
23-27,15,min 0-12,kalshi_with,hold,123,-45.2,50,-50.3,-80.69,0.526,-50.3,commodity
23-27,15,min 0-12,none,exit10,241,-32.3,108,-64.0,-146.91,0.441,-64.0,commodity
23-27,15,min 0-12,none,exit12,241,-34.3,108,-71.8,-160.24,0.481,-71.8,commodity
23-27,15,min 0-12,none,exit14,241,-35.4,108,-70.2,-161.1,0.53,-70.2,commodity
23-27,15,min 0-12,none,hold,241,-36.2,108,-73.9,-166.99,0.547,-73.9,commodity
23-27,15,min 0-3,kalshi_against,exit10,99,-19.0,44,-50.2,-40.88,0.538,-50.2,commodity
23-27,15,min 0-3,kalshi_against,exit12,99,-20.7,44,-42.5,-39.15,0.573,-42.5,commodity
23-27,15,min 0-3,kalshi_against,exit14,99,-18.0,44,-49.2,-39.49,0.58,-49.2,commodity
23-27,15,min 0-3,kalshi_against,hold,99,-16.1,44,-56.2,-40.71,0.601,-56.2,commodity
23-27,15,min 0-3,kalshi_with,exit10,17,11.6,6,60.0,5.58,0.652,11.6,commodity
23-27,15,min 0-3,kalshi_with,exit12,17,-0.6,6,47.5,2.74,0.652,-0.6,commodity
23-27,15,min 0-3,kalshi_with,exit14,17,14.4,6,72.8,6.82,0.696,14.4,commodity
23-27,15,min 0-3,kalshi_with,hold,17,13.4,6,39.8,4.66,0.696,13.4,commodity
23-27,15,min 0-3,none,exit10,101,-20.7,44,-49.8,-42.76,0.538,-49.8,commodity
23-27,15,min 0-3,none,exit12,101,-22.4,44,-42.0,-41.12,0.572,-42.0,commodity
23-27,15,min 0-3,none,exit14,101,-19.8,44,-48.8,-41.46,0.579,-48.8,commodity
23-27,15,min 0-3,none,hold,101,-18.0,44,-55.8,-42.68,0.6,-55.8,commodity
23-27,15,min 0-6,kalshi_against,exit10,173,-18.6,72,-55.4,-72.02,0.51,-55.4,commodity
23-27,15,min 0-6,kalshi_against,exit12,173,-16.0,72,-58.4,-69.71,0.555,-58.4,commodity
23-27,15,min 0-6,kalshi_against,exit14,173,-18.9,72,-62.9,-78.03,0.567,-62.9,commodity
23-27,15,min 0-6,kalshi_against,hold,173,-20.0,72,-63.1,-79.97,0.584,-63.1,commodity
23-27,15,min 0-6,kalshi_with,exit10,55,-19.0,22,-68.2,-25.47,0.455,-68.2,commodity
23-27,15,min 0-6,kalshi_with,exit12,55,-16.0,22,-59.3,-21.86,0.532,-59.3,commodity
23-27,15,min 0-6,kalshi_with,exit14,55,-16.6,22,-61.6,-22.68,0.545,-61.6,commodity
23-27,15,min 0-6,kalshi_with,hold,55,-15.7,22,-72.3,-24.51,0.571,-72.3,commodity
23-27,15,min 0-6,none,exit10,176,-22.5,72,-55.2,-79.39,0.504,-55.2,commodity
23-27,15,min 0-6,none,exit12,176,-21.1,72,-58.1,-78.97,0.548,-58.1,commodity
23-27,15,min 0-6,none,exit14,176,-24.7,72,-62.7,-88.61,0.56,-62.7,commodity
23-27,15,min 0-6,none,hold,176,-26.0,72,-62.8,-90.91,0.577,-62.8,commodity
23-27,15,min 0-9,kalshi_against,exit10,215,-28.4,99,-57.0,-117.39,0.459,-57.0,commodity
23-27,15,min 0-9,kalshi_against,exit12,215,-27.3,99,-61.9,-120.01,0.519,-61.9,commodity
23-27,15,min 0-9,kalshi_against,exit14,215,-26.7,99,-64.1,-120.93,0.551,-64.1,commodity
23-27,15,min 0-9,kalshi_against,hold,215,-28.6,99,-66.4,-127.27,0.564,-66.4,commodity
23-27,15,min 0-9,kalshi_with,exit10,88,-26.2,37,-43.0,-38.99,0.424,-43.0,commodity
23-27,15,min 0-9,kalshi_with,exit12,88,-22.9,37,-56.9,-41.2,0.504,-56.9,commodity
23-27,15,min 0-9,kalshi_with,exit14,88,-36.4,37,-60.6,-54.4,0.52,-60.6,commodity
23-27,15,min 0-9,kalshi_with,hold,88,-38.2,37,-57.6,-54.98,0.544,-57.6,commodity
23-27,15,min 0-9,none,exit10,216,-30.7,100,-57.3,-123.68,0.456,-57.3,commodity
23-27,15,min 0-9,none,exit12,216,-29.7,100,-63.5,-127.71,0.516,-63.5,commodity
23-27,15,min 0-9,none,exit14,216,-29.1,100,-65.8,-128.72,0.547,-65.8,commodity
23-27,15,min 0-9,none,hold,216,-31.0,100,-68.1,-135.06,0.56,-68.1,commodity
23-27,20,min 0-12,kalshi_against,exit10,237,-33.8,107,-48.1,-131.67,0.366,-48.1,commodity
23-27,20,min 0-12,kalshi_against,exit12,237,-33.0,107,-53.4,-135.33,0.424,-53.4,commodity
23-27,20,min 0-12,kalshi_against,exit14,237,-34.5,107,-50.3,-135.67,0.477,-50.3,commodity
23-27,20,min 0-12,kalshi_against,hold,237,-37.3,107,-53.6,-145.81,0.5,-53.6,commodity
23-27,20,min 0-12,kalshi_with,exit10,123,-34.7,50,-31.4,-58.43,0.312,-34.7,commodity
23-27,20,min 0-12,kalshi_with,exit12,123,-33.0,50,-34.6,-57.94,0.358,-34.6,commodity
23-27,20,min 0-12,kalshi_with,exit14,123,-37.4,50,-35.7,-63.82,0.451,-37.4,commodity
23-27,20,min 0-12,kalshi_with,hold,123,-43.7,50,-35.9,-71.76,0.48,-43.7,commodity
23-27,20,min 0-12,none,exit10,241,-33.0,108,-49.8,-133.26,0.367,-49.8,commodity
23-27,20,min 0-12,none,exit12,241,-34.0,108,-54.0,-140.33,0.418,-54.0,commodity
23-27,20,min 0-12,none,exit14,241,-34.6,108,-51.3,-138.88,0.476,-51.3,commodity
23-27,20,min 0-12,none,hold,241,-37.4,108,-55.2,-149.76,0.499,-55.2,commodity
23-27,20,min 0-3,kalshi_against,exit10,99,-20.9,44,-27.3,-32.75,0.455,-27.3,commodity
23-27,20,min 0-3,kalshi_against,exit12,99,-18.3,44,-21.0,-27.4,0.51,-21.0,commodity
23-27,20,min 0-3,kalshi_against,exit14,99,-21.2,44,-29.5,-33.96,0.517,-29.5,commodity
23-27,20,min 0-3,kalshi_against,hold,99,-21.9,44,-37.1,-37.96,0.538,-37.1,commodity
23-27,20,min 0-3,kalshi_with,exit10,17,-16.0,6,81.3,2.16,0.478,-16.0,commodity
23-27,20,min 0-3,kalshi_with,exit12,17,-26.3,6,68.8,-0.34,0.522,-26.3,commodity
23-27,20,min 0-3,kalshi_with,exit14,17,-34.1,6,94.2,-0.15,0.522,-34.1,commodity
23-27,20,min 0-3,kalshi_with,hold,17,-28.6,6,61.2,-1.19,0.565,-28.6,commodity
23-27,20,min 0-3,none,exit10,101,-20.2,44,-26.9,-32.23,0.455,-26.9,commodity
23-27,20,min 0-3,none,exit12,101,-17.7,44,-20.6,-26.97,0.51,-20.6,commodity
23-27,20,min 0-3,none,exit14,101,-20.6,44,-29.0,-33.53,0.517,-29.0,commodity
23-27,20,min 0-3,none,hold,101,-21.2,44,-36.6,-37.53,0.538,-36.6,commodity
23-27,20,min 0-6,kalshi_against,exit10,173,-20.3,72,-36.1,-61.2,0.429,-36.1,commodity
23-27,20,min 0-6,kalshi_against,exit12,173,-15.0,72,-38.7,-53.77,0.49,-38.7,commodity
23-27,20,min 0-6,kalshi_against,exit14,173,-16.8,72,-44.3,-60.99,0.514,-44.3,commodity
23-27,20,min 0-6,kalshi_against,hold,173,-20.6,72,-44.8,-67.85,0.531,-44.8,commodity
23-27,20,min 0-6,kalshi_with,exit10,55,-31.0,22,-57.5,-29.7,0.325,-57.5,commodity
23-27,20,min 0-6,kalshi_with,exit12,55,-25.6,22,-51.4,-25.37,0.429,-51.4,commodity
23-27,20,min 0-6,kalshi_with,exit14,55,-28.1,22,-57.2,-28.05,0.455,-57.2,commodity
23-27,20,min 0-6,kalshi_with,hold,55,-24.9,22,-69.0,-28.9,0.494,-69.0,commodity
23-27,20,min 0-6,none,exit10,176,-22.9,72,-35.9,-66.17,0.423,-35.9,commodity
23-27,20,min 0-6,none,exit12,176,-18.7,72,-38.4,-60.63,0.484,-38.4,commodity
23-27,20,min 0-6,none,exit14,176,-21.3,72,-44.0,-69.17,0.508,-44.0,commodity
23-27,20,min 0-6,none,hold,176,-25.2,72,-44.5,-76.39,0.524,-44.5,commodity
23-27,20,min 0-9,kalshi_against,exit10,215,-31.6,99,-41.6,-109.01,0.376,-41.6,commodity
23-27,20,min 0-9,kalshi_against,exit12,215,-26.2,99,-42.5,-98.44,0.462,-42.5,commodity
23-27,20,min 0-9,kalshi_against,exit14,215,-25.3,99,-43.4,-97.41,0.5,-43.4,commodity
23-27,20,min 0-9,kalshi_against,hold,215,-29.2,99,-46.0,-108.34,0.516,-46.0,commodity
23-27,20,min 0-9,kalshi_with,exit10,88,-32.1,37,-31.3,-39.81,0.32,-32.1,commodity
23-27,20,min 0-9,kalshi_with,exit12,88,-23.1,37,-45.5,-37.22,0.424,-45.5,commodity
23-27,20,min 0-9,kalshi_with,exit14,88,-36.8,37,-50.4,-51.04,0.456,-50.4,commodity
23-27,20,min 0-9,kalshi_with,hold,88,-38.8,37,-48.2,-51.95,0.488,-48.2,commodity
23-27,20,min 0-9,none,exit10,216,-32.8,100,-42.1,-112.9,0.373,-42.1,commodity
23-27,20,min 0-9,none,exit12,216,-27.5,100,-44.3,-103.74,0.459,-44.3,commodity
23-27,20,min 0-9,none,exit14,216,-26.6,100,-45.3,-102.8,0.497,-45.3,commodity
23-27,20,min 0-9,none,hold,216,-30.5,100,-47.9,-113.73,0.513,-47.9,commodity
23-27,25,min 0-12,kalshi_against,exit10,237,-34.0,107,-50.0,-134.17,0.297,-50.0,commodity
23-27,25,min 0-12,kalshi_against,exit12,237,-32.6,107,-62.4,-143.87,0.352,-62.4,commodity
23-27,25,min 0-12,kalshi_against,exit14,237,-31.8,107,-56.6,-135.97,0.419,-56.6,commodity
23-27,25,min 0-12,kalshi_against,hold,237,-33.6,107,-56.5,-140.15,0.442,-56.5,commodity
23-27,25,min 0-12,kalshi_with,exit10,123,-23.4,50,-40.1,-48.82,0.277,-40.1,commodity
23-27,25,min 0-12,kalshi_with,exit12,123,-24.0,50,-51.7,-55.43,0.301,-51.7,commodity
23-27,25,min 0-12,kalshi_with,exit14,123,-24.8,50,-55.6,-58.3,0.405,-55.6,commodity
23-27,25,min 0-12,kalshi_with,hold,123,-34.6,50,-45.6,-65.42,0.439,-45.6,commodity
23-27,25,min 0-12,none,exit10,241,-31.8,108,-51.7,-132.52,0.298,-51.7,commodity
23-27,25,min 0-12,none,exit12,241,-33.6,108,-62.9,-148.87,0.347,-62.9,commodity
23-27,25,min 0-12,none,exit14,241,-30.6,108,-57.6,-135.94,0.418,-57.6,commodity
23-27,25,min 0-12,none,hold,241,-32.4,108,-58.1,-140.86,0.441,-58.1,commodity
23-27,25,min 0-3,kalshi_against,exit10,99,-21.3,44,-15.6,-27.95,0.385,-21.3,commodity
23-27,25,min 0-3,kalshi_against,exit12,99,-19.2,44,-10.5,-23.59,0.434,-19.2,commodity
23-27,25,min 0-3,kalshi_against,exit14,99,-20.6,44,-19.5,-29.0,0.455,-20.6,commodity
23-27,25,min 0-3,kalshi_against,hold,99,-22.4,44,-27.9,-34.41,0.476,-27.9,commodity
23-27,25,min 0-3,kalshi_with,exit10,17,-7.6,6,104.7,4.98,0.435,-7.6,commodity
23-27,25,min 0-3,kalshi_with,exit12,17,-28.7,6,92.2,0.65,0.478,-28.7,commodity
23-27,25,min 0-3,kalshi_with,exit14,17,-15.9,6,117.5,4.35,0.522,-15.9,commodity
23-27,25,min 0-3,kalshi_with,hold,17,-6.2,6,84.5,4.01,0.565,-6.2,commodity
23-27,25,min 0-3,none,exit10,101,-20.6,44,-15.2,-27.43,0.386,-20.6,commodity
23-27,25,min 0-3,none,exit12,101,-18.5,44,-10.1,-23.16,0.434,-18.5,commodity
23-27,25,min 0-3,none,exit14,101,-20.0,44,-19.0,-28.57,0.455,-20.0,commodity
23-27,25,min 0-3,none,hold,101,-21.7,44,-27.5,-33.98,0.476,-27.5,commodity
23-27,25,min 0-6,kalshi_against,exit10,173,-18.9,72,-39.7,-61.21,0.355,-39.7,commodity
23-27,25,min 0-6,kalshi_against,exit12,173,-14.2,72,-46.2,-57.86,0.412,-46.2,commodity
23-27,25,min 0-6,kalshi_against,exit14,173,-6.8,72,-44.2,-43.57,0.465,-44.2,commodity
23-27,25,min 0-6,kalshi_against,hold,173,-11.2,72,-44.8,-51.63,0.482,-44.8,commodity
23-27,25,min 0-6,kalshi_with,exit10,55,-21.8,22,-68.7,-27.1,0.286,-68.7,commodity
23-27,25,min 0-6,kalshi_with,exit12,55,-7.9,22,-75.5,-20.96,0.39,-75.5,commodity
23-27,25,min 0-6,kalshi_with,exit14,55,-3.7,22,-83.9,-20.49,0.429,-83.9,commodity
23-27,25,min 0-6,kalshi_with,hold,55,1.5,22,-97.0,-20.51,0.468,-97.0,commodity
23-27,25,min 0-6,none,exit10,176,-21.5,72,-39.4,-66.18,0.351,-39.4,commodity
23-27,25,min 0-6,none,exit12,176,-18.0,72,-46.0,-64.72,0.407,-46.0,commodity
23-27,25,min 0-6,none,exit14,176,-11.4,72,-43.9,-51.75,0.46,-43.9,commodity
23-27,25,min 0-6,none,hold,176,-16.0,72,-44.5,-60.17,0.476,-44.5,commodity
23-27,25,min 0-9,kalshi_against,exit10,215,-31.1,99,-44.2,-110.55,0.309,-44.2,commodity
23-27,25,min 0-9,kalshi_against,exit12,215,-26.0,99,-52.2,-107.48,0.382,-52.2,commodity
23-27,25,min 0-9,kalshi_against,exit14,215,-20.4,99,-50.9,-94.19,0.443,-50.9,commodity
23-27,25,min 0-9,kalshi_against,hold,215,-24.9,99,-49.8,-102.72,0.462,-49.8,commodity
23-27,25,min 0-9,kalshi_with,exit10,88,-23.2,37,-46.2,-37.54,0.272,-46.2,commodity
23-27,25,min 0-9,kalshi_with,exit12,88,-11.9,37,-63.7,-34.0,0.36,-63.7,commodity
23-27,25,min 0-9,kalshi_with,exit14,88,-23.0,37,-69.4,-45.91,0.416,-69.4,commodity
23-27,25,min 0-9,kalshi_with,hold,88,-24.4,37,-67.6,-46.51,0.448,-67.6,commodity
23-27,25,min 0-9,none,exit10,216,-32.3,100,-44.7,-114.44,0.307,-44.7,commodity
23-27,25,min 0-9,none,exit12,216,-27.2,100,-53.9,-112.78,0.38,-53.9,commodity
23-27,25,min 0-9,none,exit14,216,-21.7,100,-52.7,-99.58,0.44,-52.7,commodity
23-27,25,min 0-9,none,hold,216,-26.2,100,-51.6,-108.11,0.459,-51.6,commodity
23-27,30,min 0-12,kalshi_against,exit10,237,-45.1,107,-42.0,-151.75,0.23,-45.1,commodity
23-27,30,min 0-12,kalshi_against,exit12,237,-41.8,107,-48.2,-150.55,0.302,-48.2,commodity
23-27,30,min 0-12,kalshi_against,exit14,237,-41.0,107,-39.0,-138.91,0.372,-41.0,commodity
23-27,30,min 0-12,kalshi_against,hold,237,-44.3,107,-41.6,-149.39,0.395,-44.3,commodity
23-27,30,min 0-12,kalshi_with,exit10,123,-20.3,50,-36.0,-42.96,0.237,-36.0,commodity
23-27,30,min 0-12,kalshi_with,exit12,123,-25.4,50,-36.8,-49.67,0.272,-36.8,commodity
23-27,30,min 0-12,kalshi_with,exit14,123,-23.8,50,-34.4,-46.48,0.382,-34.4,commodity
23-27,30,min 0-12,kalshi_with,hold,123,-33.4,50,-32.9,-57.57,0.41,-33.4,commodity
23-27,30,min 0-12,none,exit10,241,-42.5,108,-43.8,-149.6,0.232,-43.8,commodity
23-27,30,min 0-12,none,exit12,241,-42.7,108,-48.9,-155.55,0.298,-48.9,commodity
23-27,30,min 0-12,none,exit14,241,-39.4,108,-40.1,-138.38,0.372,-40.1,commodity
23-27,30,min 0-12,none,hold,241,-42.6,108,-43.4,-149.6,0.395,-43.4,commodity
23-27,30,min 0-3,kalshi_against,exit10,99,-46.8,44,0.1,-46.32,0.301,-46.8,commodity
23-27,30,min 0-3,kalshi_against,exit12,99,-43.2,44,6.1,-40.1,0.371,-43.2,commodity
23-27,30,min 0-3,kalshi_against,exit14,99,-51.6,44,-1.5,-51.76,0.385,-51.6,commodity
23-27,30,min 0-3,kalshi_against,hold,99,-54.9,44,-9.9,-58.67,0.406,-54.9,commodity
23-27,30,min 0-3,kalshi_with,exit10,17,-11.1,6,151.8,7.23,0.348,-11.1,commodity
23-27,30,min 0-3,kalshi_with,exit12,17,-9.9,6,139.3,6.68,0.478,-9.9,commodity
23-27,30,min 0-3,kalshi_with,exit14,17,-21.6,6,164.7,6.21,0.478,-21.6,commodity
23-27,30,min 0-3,kalshi_with,hold,17,-15.8,6,131.7,5.22,0.522,-15.8,commodity
23-27,30,min 0-3,none,exit10,101,-45.6,44,0.6,-45.8,0.303,-45.6,commodity
23-27,30,min 0-3,none,exit12,101,-42.1,44,6.6,-39.67,0.372,-42.1,commodity
23-27,30,min 0-3,none,exit14,101,-50.4,44,-1.0,-51.33,0.386,-50.4,commodity
23-27,30,min 0-3,none,hold,101,-53.5,44,-9.5,-58.24,0.407,-53.5,commodity
23-27,30,min 0-6,kalshi_against,exit10,173,-34.0,72,-31.7,-81.55,0.269,-34.0,commodity
23-27,30,min 0-6,kalshi_against,exit12,173,-27.3,72,-30.5,-69.17,0.351,-30.5,commodity
23-27,30,min 0-6,kalshi_against,exit14,173,-21.4,72,-25.9,-55.65,0.404,-25.9,commodity
23-27,30,min 0-6,kalshi_against,hold,173,-28.8,72,-23.3,-66.62,0.424,-28.8,commodity
23-27,30,min 0-6,kalshi_with,exit10,55,-29.4,22,-53.1,-27.84,0.221,-53.1,commodity
23-27,30,min 0-6,kalshi_with,exit12,55,-9.7,22,-58.1,-18.12,0.364,-58.1,commodity
23-27,30,min 0-6,kalshi_with,exit14,55,-12.8,22,-66.5,-21.67,0.39,-66.5,commodity
23-27,30,min 0-6,kalshi_with,hold,55,-7.2,22,-79.5,-21.44,0.429,-79.5,commodity
23-27,30,min 0-6,none,exit10,176,-36.3,72,-31.4,-86.52,0.266,-36.3,commodity
23-27,30,min 0-6,none,exit12,176,-30.8,72,-30.2,-76.03,0.347,-30.8,commodity
23-27,30,min 0-6,none,exit14,176,-25.8,72,-25.6,-63.83,0.399,-25.8,commodity
23-27,30,min 0-6,none,hold,176,-33.3,72,-23.0,-75.16,0.419,-33.3,commodity
23-27,30,min 0-9,kalshi_against,exit10,215,-44.0,99,-36.9,-131.16,0.236,-44.0,commodity
23-27,30,min 0-9,kalshi_against,exit12,215,-36.6,99,-36.9,-115.17,0.328,-36.9,commodity
23-27,30,min 0-9,kalshi_against,exit14,215,-31.5,99,-33.2,-100.56,0.392,-33.2,commodity
23-27,30,min 0-9,kalshi_against,hold,215,-38.1,99,-35.0,-116.49,0.411,-38.1,commodity
23-27,30,min 0-9,kalshi_with,exit10,88,-24.4,37,-33.5,-33.83,0.224,-33.5,commodity
23-27,30,min 0-9,kalshi_with,exit12,88,-11.9,37,-46.8,-27.77,0.336,-46.8,commodity
23-27,30,min 0-9,kalshi_with,exit14,88,-27.9,37,-49.5,-42.87,0.384,-49.5,commodity
23-27,30,min 0-9,kalshi_with,hold,88,-29.0,37,-46.4,-42.72,0.416,-46.4,commodity
23-27,30,min 0-9,none,exit10,216,-45.2,100,-37.4,-135.05,0.234,-45.2,commodity
23-27,30,min 0-9,none,exit12,216,-37.8,100,-38.8,-120.47,0.326,-38.8,commodity
23-27,30,min 0-9,none,exit14,216,-32.8,100,-35.2,-105.95,0.389,-35.2,commodity
23-27,30,min 0-9,none,hold,216,-39.3,100,-37.0,-121.88,0.408,-39.3,commodity
28-32,5,min 0-12,kalshi_against,exit10,239,-44.0,115,-44.3,-156.17,0.709,-44.3,commodity
28-32,5,min 0-12,kalshi_against,exit12,239,-46.4,115,-47.6,-165.78,0.743,-47.6,commodity
28-32,5,min 0-12,kalshi_against,exit14,239,-44.9,115,-48.0,-162.35,0.763,-48.0,commodity
28-32,5,min 0-12,kalshi_against,hold,239,-44.5,115,-47.5,-161.12,0.774,-47.5,commodity
28-32,5,min 0-12,kalshi_with,exit10,150,-45.8,57,-27.0,-84.05,0.671,-45.8,commodity
28-32,5,min 0-12,kalshi_with,exit12,150,-46.5,57,-34.2,-89.17,0.705,-46.5,commodity
28-32,5,min 0-12,kalshi_with,exit14,150,-49.3,57,-36.0,-94.49,0.744,-49.3,commodity
28-32,5,min 0-12,kalshi_with,hold,150,-52.3,57,-31.1,-96.17,0.754,-52.3,commodity
28-32,5,min 0-12,none,exit10,244,-45.9,115,-44.6,-163.25,0.705,-45.9,commodity
28-32,5,min 0-12,none,exit12,244,-49.2,115,-47.9,-175.14,0.738,-49.2,commodity
28-32,5,min 0-12,none,exit14,244,-48.1,115,-48.2,-172.9,0.758,-48.2,commodity
28-32,5,min 0-12,none,hold,244,-47.9,115,-47.8,-171.76,0.769,-47.9,commodity
28-32,5,min 0-3,kalshi_against,exit10,143,-44.1,71,-66.0,-109.84,0.724,-66.0,commodity
28-32,5,min 0-3,kalshi_against,exit12,143,-45.6,71,-67.0,-112.74,0.738,-67.0,commodity
28-32,5,min 0-3,kalshi_against,exit14,143,-43.8,71,-71.8,-113.59,0.743,-71.8,commodity
28-32,5,min 0-3,kalshi_against,hold,143,-42.1,71,-71.1,-110.63,0.762,-71.1,commodity
28-32,5,min 0-3,kalshi_with,exit10,32,-26.3,9,-8.0,-9.15,0.829,-26.3,commodity
28-32,5,min 0-3,kalshi_with,exit12,32,-31.9,9,-9.0,-11.02,0.829,-31.9,commodity
28-32,5,min 0-3,kalshi_with,exit14,32,-32.2,9,-10.0,-11.19,0.829,-32.2,commodity
28-32,5,min 0-3,kalshi_with,hold,32,-35.0,9,-10.0,-12.11,0.829,-35.0,commodity
28-32,5,min 0-3,none,exit10,150,-46.4,73,-63.9,-116.21,0.722,-63.9,commodity
28-32,5,min 0-3,none,exit12,150,-49.3,73,-65.0,-121.39,0.735,-65.0,commodity
28-32,5,min 0-3,none,exit14,150,-48.4,73,-69.7,-123.43,0.74,-69.7,commodity
28-32,5,min 0-3,none,hold,150,-46.8,73,-68.9,-120.56,0.758,-68.9,commodity
28-32,5,min 0-6,kalshi_against,exit10,200,-42.3,103,-44.8,-130.67,0.733,-44.8,commodity
28-32,5,min 0-6,kalshi_against,exit12,200,-41.4,103,-47.1,-131.22,0.762,-47.1,commodity
28-32,5,min 0-6,kalshi_against,exit14,200,-41.4,103,-47.4,-131.64,0.769,-47.4,commodity
28-32,5,min 0-6,kalshi_against,hold,200,-40.3,103,-46.9,-128.95,0.782,-46.9,commodity
28-32,5,min 0-6,kalshi_with,exit10,82,-40.0,27,-28.7,-40.57,0.734,-40.0,commodity
28-32,5,min 0-6,kalshi_with,exit12,82,-38.0,27,-31.0,-39.51,0.771,-38.0,commodity
28-32,5,min 0-6,kalshi_with,exit14,82,-39.6,27,-39.2,-43.07,0.78,-39.6,commodity
28-32,5,min 0-6,kalshi_with,hold,82,-40.5,27,-39.9,-43.95,0.789,-40.5,commodity
28-32,5,min 0-6,none,exit10,205,-44.7,103,-45.1,-138.15,0.727,-45.1,commodity
28-32,5,min 0-6,none,exit12,205,-45.0,103,-47.4,-140.98,0.756,-47.4,commodity
28-32,5,min 0-6,none,exit14,205,-45.6,103,-47.7,-142.59,0.763,-47.7,commodity
28-32,5,min 0-6,none,hold,205,-44.6,103,-47.2,-139.99,0.776,-47.2,commodity
28-32,5,min 0-9,kalshi_against,exit10,227,-44.4,111,-46.8,-152.7,0.716,-46.8,commodity
28-32,5,min 0-9,kalshi_against,exit12,227,-46.3,111,-50.5,-161.1,0.746,-50.5,commodity
28-32,5,min 0-9,kalshi_against,exit14,227,-44.6,111,-51.4,-158.19,0.76,-51.4,commodity
28-32,5,min 0-9,kalshi_against,hold,227,-43.9,111,-51.0,-156.13,0.772,-51.0,commodity
28-32,5,min 0-9,kalshi_with,exit10,122,-45.2,46,-29.7,-68.79,0.69,-45.2,commodity
28-32,5,min 0-9,kalshi_with,exit12,122,-45.6,46,-40.8,-74.42,0.732,-45.6,commodity
28-32,5,min 0-9,kalshi_with,exit14,122,-48.7,46,-37.3,-76.58,0.756,-48.7,commodity
28-32,5,min 0-9,kalshi_with,hold,122,-50.2,46,-29.7,-74.85,0.768,-50.2,commodity
28-32,5,min 0-9,none,exit10,233,-46.2,111,-47.1,-159.89,0.712,-47.1,commodity
28-32,5,min 0-9,none,exit12,233,-49.0,111,-50.8,-170.57,0.741,-50.8,commodity
28-32,5,min 0-9,none,exit14,233,-47.9,111,-51.7,-168.85,0.756,-51.7,commodity
28-32,5,min 0-9,none,hold,233,-47.2,111,-51.2,-166.88,0.767,-51.2,commodity
28-32,10,min 0-12,kalshi_against,exit10,239,-37.3,115,-39.1,-134.26,0.605,-39.1,commodity
28-32,10,min 0-12,kalshi_against,exit12,239,-39.0,115,-34.3,-132.76,0.65,-39.0,commodity
28-32,10,min 0-12,kalshi_against,exit14,239,-41.7,115,-35.3,-140.37,0.667,-41.7,commodity
28-32,10,min 0-12,kalshi_against,hold,239,-42.2,115,-39.0,-145.67,0.678,-42.2,commodity
28-32,10,min 0-12,kalshi_with,exit10,150,-38.1,57,-11.2,-63.5,0.575,-38.1,commodity
28-32,10,min 0-12,kalshi_with,exit12,150,-41.3,57,-18.2,-72.35,0.618,-41.3,commodity
28-32,10,min 0-12,kalshi_with,exit14,150,-47.8,57,-26.5,-86.85,0.657,-47.8,commodity
28-32,10,min 0-12,kalshi_with,hold,150,-51.1,57,-24.2,-90.42,0.671,-51.1,commodity
28-32,10,min 0-12,none,exit10,244,-40.8,115,-39.6,-145.15,0.602,-40.8,commodity
28-32,10,min 0-12,none,exit12,244,-43.3,115,-34.8,-145.64,0.646,-43.3,commodity
28-32,10,min 0-12,none,exit14,244,-46.0,115,-35.8,-153.3,0.663,-46.0,commodity
28-32,10,min 0-12,none,hold,244,-46.3,115,-39.4,-158.23,0.674,-46.3,commodity
28-32,10,min 0-3,kalshi_against,exit10,143,-43.0,71,-55.6,-100.93,0.612,-55.6,commodity
28-32,10,min 0-3,kalshi_against,exit12,143,-44.2,71,-52.4,-100.46,0.64,-52.4,commodity
28-32,10,min 0-3,kalshi_against,exit14,143,-49.0,71,-57.8,-111.16,0.64,-57.8,commodity
28-32,10,min 0-3,kalshi_against,hold,143,-46.7,71,-62.9,-111.39,0.659,-62.9,commodity
28-32,10,min 0-3,kalshi_with,exit10,32,-7.2,9,-13.3,-3.51,0.756,-13.3,commodity
28-32,10,min 0-3,kalshi_with,exit12,32,-15.8,9,-15.3,-6.42,0.756,-15.8,commodity
28-32,10,min 0-3,kalshi_with,exit14,32,-18.3,9,-17.3,-7.42,0.756,-18.3,commodity
28-32,10,min 0-3,kalshi_with,hold,32,-21.5,9,-17.3,-8.43,0.756,-21.5,commodity
28-32,10,min 0-3,none,exit10,150,-45.4,73,-53.2,-106.93,0.614,-53.2,commodity
28-32,10,min 0-3,none,exit12,150,-47.9,73,-50.1,-108.45,0.641,-50.1,commodity
28-32,10,min 0-3,none,exit14,150,-52.5,73,-55.3,-119.2,0.641,-55.3,commodity
28-32,10,min 0-3,none,hold,150,-50.0,73,-60.3,-119.06,0.659,-60.3,commodity
28-32,10,min 0-6,kalshi_against,exit10,200,-35.2,103,-42.0,-113.69,0.624,-42.0,commodity
28-32,10,min 0-6,kalshi_against,exit12,200,-31.8,103,-35.7,-100.35,0.667,-35.7,commodity
28-32,10,min 0-6,kalshi_against,exit14,200,-37.6,103,-37.3,-113.62,0.67,-37.6,commodity
28-32,10,min 0-6,kalshi_against,hold,200,-36.8,103,-41.2,-115.98,0.683,-41.2,commodity
28-32,10,min 0-6,kalshi_with,exit10,82,-29.5,27,-16.0,-28.46,0.642,-29.5,commodity
28-32,10,min 0-6,kalshi_with,exit12,82,-22.6,27,-23.1,-24.82,0.697,-23.1,commodity
28-32,10,min 0-6,kalshi_with,exit14,82,-31.6,27,-33.1,-34.83,0.697,-33.1,commodity
28-32,10,min 0-6,kalshi_with,hold,82,-33.8,27,-38.6,-38.11,0.706,-38.6,commodity
28-32,10,min 0-6,none,exit10,205,-39.3,103,-42.5,-124.29,0.62,-42.5,commodity
28-32,10,min 0-6,none,exit12,205,-36.9,103,-36.1,-112.94,0.662,-36.9,commodity
28-32,10,min 0-6,none,exit14,205,-42.6,103,-37.8,-126.26,0.666,-42.6,commodity
28-32,10,min 0-6,none,hold,205,-41.6,103,-41.7,-128.25,0.679,-41.7,commodity
28-32,10,min 0-9,kalshi_against,exit10,227,-37.5,111,-42.4,-132.2,0.609,-42.4,commodity
28-32,10,min 0-9,kalshi_against,exit12,227,-38.5,111,-38.1,-129.65,0.651,-38.5,commodity
28-32,10,min 0-9,kalshi_against,exit14,227,-41.1,111,-40.1,-137.83,0.663,-41.1,commodity
28-32,10,min 0-9,kalshi_against,hold,227,-41.2,111,-43.9,-142.3,0.675,-43.9,commodity
28-32,10,min 0-9,kalshi_with,exit10,122,-37.2,46,-16.6,-52.98,0.583,-37.2,commodity
28-32,10,min 0-9,kalshi_with,exit12,122,-34.4,46,-27.5,-54.58,0.655,-34.4,commodity
28-32,10,min 0-9,kalshi_with,exit14,122,-42.7,46,-32.0,-66.89,0.673,-42.7,commodity
28-32,10,min 0-9,kalshi_with,hold,122,-45.9,46,-27.6,-68.65,0.685,-45.9,commodity
28-32,10,min 0-9,none,exit10,233,-40.6,111,-42.8,-142.02,0.608,-42.8,commodity
28-32,10,min 0-9,none,exit12,233,-42.3,111,-38.5,-141.46,0.648,-42.3,commodity
28-32,10,min 0-9,none,exit14,233,-44.9,111,-40.6,-149.69,0.66,-44.9,commodity
28-32,10,min 0-9,none,hold,233,-44.9,111,-44.3,-153.79,0.672,-44.9,commodity
28-32,15,min 0-12,kalshi_against,exit10,239,-49.0,115,-22.0,-142.44,0.492,-49.0,commodity
28-32,15,min 0-12,kalshi_against,exit12,239,-50.0,115,-19.2,-141.53,0.548,-50.0,commodity
28-32,15,min 0-12,kalshi_against,exit14,239,-51.9,115,-18.6,-145.44,0.585,-51.9,commodity
28-32,15,min 0-12,kalshi_against,hold,239,-55.3,115,-23.6,-159.44,0.599,-55.3,commodity
28-32,15,min 0-12,kalshi_with,exit10,150,-42.1,57,-1.4,-64.0,0.459,-42.1,commodity
28-32,15,min 0-12,kalshi_with,exit12,150,-46.7,57,-7.4,-74.25,0.507,-46.7,commodity
28-32,15,min 0-12,kalshi_with,exit14,150,-47.6,57,-8.7,-76.37,0.58,-47.6,commodity
28-32,15,min 0-12,kalshi_with,hold,150,-51.2,57,-7.0,-80.8,0.604,-51.2,commodity
28-32,15,min 0-12,none,exit10,244,-51.0,115,-22.2,-150.03,0.487,-51.0,commodity
28-32,15,min 0-12,none,exit12,244,-52.5,115,-19.5,-150.52,0.546,-52.5,commodity
28-32,15,min 0-12,none,exit14,244,-54.4,115,-18.8,-154.48,0.582,-54.4,commodity
28-32,15,min 0-12,none,hold,244,-57.6,115,-23.9,-168.11,0.596,-57.6,commodity
28-32,15,min 0-3,kalshi_against,exit10,143,-52.4,71,-38.2,-102.14,0.505,-52.4,commodity
28-32,15,min 0-3,kalshi_against,exit12,143,-53.7,71,-39.4,-104.78,0.547,-53.7,commodity
28-32,15,min 0-3,kalshi_against,exit14,143,-56.8,71,-47.4,-114.93,0.561,-56.8,commodity
28-32,15,min 0-3,kalshi_against,hold,143,-56.8,71,-54.9,-120.24,0.579,-56.8,commodity
28-32,15,min 0-3,kalshi_with,exit10,32,-30.4,9,37.0,-6.4,0.585,-30.4,commodity
28-32,15,min 0-3,kalshi_with,exit12,32,-40.2,9,35.0,-9.71,0.61,-40.2,commodity
28-32,15,min 0-3,kalshi_with,exit14,32,-34.6,9,33.0,-8.11,0.634,-34.6,commodity
28-32,15,min 0-3,kalshi_with,hold,32,-33.7,9,33.0,-7.82,0.659,-33.7,commodity
28-32,15,min 0-3,none,exit10,150,-51.8,73,-34.8,-103.07,0.511,-51.8,commodity
28-32,15,min 0-3,none,exit12,150,-54.3,73,-36.0,-107.7,0.552,-54.3,commodity
28-32,15,min 0-3,none,exit14,150,-57.3,73,-43.7,-117.9,0.565,-57.3,commodity
28-32,15,min 0-3,none,hold,150,-57.1,73,-51.0,-122.84,0.583,-57.1,commodity
28-32,15,min 0-6,kalshi_against,exit10,200,-47.4,103,-26.4,-122.04,0.508,-47.4,commodity
28-32,15,min 0-6,kalshi_against,exit12,200,-42.8,103,-22.0,-108.34,0.571,-42.8,commodity
28-32,15,min 0-6,kalshi_against,exit14,200,-46.2,103,-22.1,-115.1,0.591,-46.2,commodity
28-32,15,min 0-6,kalshi_against,hold,200,-48.0,103,-27.7,-124.4,0.604,-48.0,commodity
28-32,15,min 0-6,kalshi_with,exit10,82,-41.0,27,-8.8,-36.0,0.486,-41.0,commodity
28-32,15,min 0-6,kalshi_with,exit12,82,-39.2,27,-18.9,-37.26,0.55,-39.2,commodity
28-32,15,min 0-6,kalshi_with,exit14,82,-39.7,27,-34.4,-41.87,0.587,-39.7,commodity
28-32,15,min 0-6,kalshi_with,hold,82,-41.3,27,-41.3,-45.04,0.606,-41.3,commodity
28-32,15,min 0-6,none,exit10,205,-49.7,103,-26.7,-129.34,0.506,-49.7,commodity
28-32,15,min 0-6,none,exit12,205,-46.2,103,-22.3,-117.63,0.568,-46.2,commodity
28-32,15,min 0-6,none,exit14,205,-49.5,103,-22.4,-124.44,0.588,-49.5,commodity
28-32,15,min 0-6,none,hold,205,-51.0,103,-28.0,-133.37,0.601,-51.0,commodity
28-32,15,min 0-9,kalshi_against,exit10,227,-47.2,111,-25.5,-135.41,0.5,-47.2,commodity
28-32,15,min 0-9,kalshi_against,exit12,227,-48.0,111,-23.1,-134.51,0.559,-48.0,commodity
28-32,15,min 0-9,kalshi_against,exit14,227,-48.3,111,-23.6,-135.74,0.589,-48.3,commodity
28-32,15,min 0-9,kalshi_against,hold,227,-50.7,111,-28.9,-147.24,0.601,-50.7,commodity
28-32,15,min 0-9,kalshi_with,exit10,122,-46.2,46,-9.2,-60.61,0.452,-46.2,commodity
28-32,15,min 0-9,kalshi_with,exit12,122,-45.1,46,-19.8,-64.2,0.53,-45.1,commodity
28-32,15,min 0-9,kalshi_with,exit14,122,-47.9,46,-15.7,-65.7,0.583,-47.9,commodity
28-32,15,min 0-9,kalshi_with,hold,122,-52.1,46,-12.1,-69.12,0.601,-52.1,commodity
28-32,15,min 0-9,none,exit10,233,-48.7,111,-25.7,-141.93,0.497,-48.7,commodity
28-32,15,min 0-9,none,exit12,233,-50.1,111,-23.3,-142.53,0.558,-50.1,commodity
28-32,15,min 0-9,none,exit14,233,-50.3,111,-23.9,-143.81,0.587,-50.3,commodity
28-32,15,min 0-9,none,hold,233,-52.6,111,-29.1,-154.94,0.599,-52.6,commodity
28-32,20,min 0-12,kalshi_against,exit10,239,-50.6,115,-26.4,-151.19,0.404,-50.6,commodity
28-32,20,min 0-12,kalshi_against,exit12,239,-48.0,115,-28.4,-147.46,0.46,-48.0,commodity
28-32,20,min 0-12,kalshi_against,exit14,239,-44.8,115,-25.3,-136.2,0.517,-44.8,commodity
28-32,20,min 0-12,kalshi_against,hold,239,-45.9,115,-28.2,-142.09,0.534,-45.9,commodity
28-32,20,min 0-12,kalshi_with,exit10,150,-34.0,57,-15.2,-59.69,0.391,-34.0,commodity
28-32,20,min 0-12,kalshi_with,exit12,150,-36.1,57,-30.5,-71.6,0.43,-36.1,commodity
28-32,20,min 0-12,kalshi_with,exit14,150,-28.4,57,-23.7,-56.1,0.536,-28.4,commodity
28-32,20,min 0-12,kalshi_with,hold,150,-34.4,57,-13.8,-59.5,0.565,-34.4,commodity
28-32,20,min 0-12,none,exit10,244,-51.4,115,-26.8,-156.2,0.401,-51.4,commodity
28-32,20,min 0-12,none,exit12,244,-51.5,115,-28.8,-158.77,0.457,-51.5,commodity
28-32,20,min 0-12,none,exit14,244,-48.8,115,-25.8,-148.7,0.513,-48.8,commodity
28-32,20,min 0-12,none,hold,244,-49.9,115,-28.7,-154.68,0.529,-49.9,commodity
28-32,20,min 0-3,kalshi_against,exit10,143,-50.7,71,-43.5,-103.44,0.425,-50.7,commodity
28-32,20,min 0-3,kalshi_against,exit12,143,-48.6,71,-46.8,-102.63,0.463,-48.6,commodity
28-32,20,min 0-3,kalshi_against,exit14,143,-44.9,71,-57.2,-104.8,0.5,-57.2,commodity
28-32,20,min 0-3,kalshi_against,hold,143,-41.5,71,-59.4,-101.57,0.519,-59.4,commodity
28-32,20,min 0-3,kalshi_with,exit10,32,-10.7,9,34.3,-0.32,0.537,-10.7,commodity
28-32,20,min 0-3,kalshi_with,exit12,32,-26.2,9,19.7,-6.6,0.561,-26.2,commodity
28-32,20,min 0-3,kalshi_with,exit14,32,-6.8,9,9.3,-1.34,0.61,-6.8,commodity
28-32,20,min 0-3,kalshi_with,hold,32,-3.7,9,8.3,-0.44,0.634,-3.7,commodity
28-32,20,min 0-3,none,exit10,150,-51.0,73,-37.9,-104.11,0.43,-51.0,commodity
28-32,20,min 0-3,none,exit12,150,-50.5,73,-41.1,-105.67,0.466,-50.5,commodity
28-32,20,min 0-3,none,exit14,150,-47.8,73,-51.2,-109.03,0.502,-51.2,commodity
28-32,20,min 0-3,none,hold,150,-44.6,73,-53.3,-105.89,0.52,-53.3,commodity
28-32,20,min 0-6,kalshi_against,exit10,200,-43.3,103,-31.1,-118.55,0.429,-43.3,commodity
28-32,20,min 0-6,kalshi_against,exit12,200,-35.3,103,-28.7,-100.18,0.492,-35.3,commodity
28-32,20,min 0-6,kalshi_against,exit14,200,-30.6,103,-26.0,-87.98,0.538,-30.6,commodity
28-32,20,min 0-6,kalshi_against,hold,200,-30.0,103,-29.0,-89.86,0.551,-30.0,commodity
28-32,20,min 0-6,kalshi_with,exit10,82,-29.7,27,-20.4,-29.88,0.422,-29.7,commodity
28-32,20,min 0-6,kalshi_with,exit12,82,-21.3,27,-33.8,-26.58,0.505,-33.8,commodity
28-32,20,min 0-6,kalshi_with,exit14,82,-7.4,27,-52.7,-20.28,0.569,-52.7,commodity
28-32,20,min 0-6,kalshi_with,hold,82,-8.1,27,-59.9,-22.84,0.587,-59.9,commodity
28-32,20,min 0-6,none,exit10,205,-46.5,103,-31.5,-127.79,0.425,-46.5,commodity
28-32,20,min 0-6,none,exit12,205,-39.9,103,-29.1,-111.79,0.487,-39.9,commodity
28-32,20,min 0-6,none,exit14,205,-35.8,103,-26.5,-100.78,0.532,-35.8,commodity
28-32,20,min 0-6,none,hold,205,-35.3,103,-29.5,-102.75,0.545,-35.3,commodity
28-32,20,min 0-9,kalshi_against,exit10,227,-47.0,111,-31.1,-141.34,0.414,-47.0,commodity
28-32,20,min 0-9,kalshi_against,exit12,227,-45.8,111,-29.2,-136.44,0.473,-45.8,commodity
28-32,20,min 0-9,kalshi_against,exit14,227,-40.7,111,-28.5,-123.96,0.524,-40.7,commodity
28-32,20,min 0-9,kalshi_against,hold,227,-40.7,111,-31.4,-127.39,0.538,-40.7,commodity
28-32,20,min 0-9,kalshi_with,exit10,122,-36.6,46,-23.4,-55.46,0.381,-36.6,commodity
28-32,20,min 0-9,kalshi_with,exit12,122,-32.3,46,-36.4,-56.21,0.464,-36.4,commodity
28-32,20,min 0-9,kalshi_with,exit14,122,-21.0,46,-22.8,-36.17,0.56,-22.8,commodity
28-32,20,min 0-9,kalshi_with,hold,122,-24.8,46,-19.2,-39.04,0.577,-24.8,commodity
28-32,20,min 0-9,none,exit10,233,-49.2,111,-31.6,-149.8,0.41,-49.2,commodity
28-32,20,min 0-9,none,exit12,233,-48.6,111,-29.7,-146.18,0.471,-48.6,commodity
28-32,20,min 0-9,none,exit14,233,-44.1,111,-28.9,-134.89,0.52,-44.1,commodity
28-32,20,min 0-9,none,hold,233,-44.2,111,-31.9,-138.41,0.535,-44.2,commodity
28-32,25,min 0-12,kalshi_against,exit10,239,-60.8,115,-17.5,-165.44,0.319,-60.8,commodity
28-32,25,min 0-12,kalshi_against,exit12,239,-57.8,115,-17.5,-158.12,0.395,-57.8,commodity
28-32,25,min 0-12,kalshi_against,exit14,239,-57.6,115,-8.0,-146.94,0.455,-57.6,commodity
28-32,25,min 0-12,kalshi_against,hold,239,-59.4,115,-9.3,-152.77,0.477,-59.4,commodity
28-32,25,min 0-12,kalshi_with,exit10,150,-35.9,57,-14.5,-62.17,0.319,-35.9,commodity
28-32,25,min 0-12,kalshi_with,exit12,150,-38.5,57,-13.9,-65.65,0.377,-38.5,commodity
28-32,25,min 0-12,kalshi_with,exit14,150,-30.5,57,-0.2,-45.92,0.488,-30.5,commodity
28-32,25,min 0-12,kalshi_with,hold,150,-36.6,57,3.8,-52.77,0.517,-36.6,commodity
28-32,25,min 0-12,none,exit10,244,-63.4,115,-16.6,-173.92,0.318,-63.4,commodity
28-32,25,min 0-12,none,exit12,244,-63.1,115,-14.6,-170.68,0.393,-63.1,commodity
28-32,25,min 0-12,none,exit14,244,-63.4,115,-4.8,-160.22,0.451,-63.4,commodity
28-32,25,min 0-12,none,hold,244,-65.3,115,-5.7,-165.77,0.474,-65.3,commodity
28-32,25,min 0-3,kalshi_against,exit10,143,-63.7,71,-22.9,-107.28,0.35,-63.7,commodity
28-32,25,min 0-3,kalshi_against,exit12,143,-61.4,71,-25.1,-105.63,0.411,-61.4,commodity
28-32,25,min 0-3,kalshi_against,exit14,143,-63.7,71,-34.7,-115.68,0.444,-63.7,commodity
28-32,25,min 0-3,kalshi_against,hold,143,-58.7,71,-36.2,-109.61,0.467,-58.7,commodity
28-32,25,min 0-3,kalshi_with,exit10,32,-38.8,9,74.4,-5.7,0.415,-38.8,commodity
28-32,25,min 0-3,kalshi_with,exit12,32,-43.9,9,59.8,-8.68,0.488,-43.9,commodity
28-32,25,min 0-3,kalshi_with,exit14,32,-40.8,9,49.4,-8.6,0.512,-40.8,commodity
28-32,25,min 0-3,kalshi_with,hold,32,-42.0,9,48.4,-9.09,0.537,-42.0,commodity
28-32,25,min 0-3,none,exit10,150,-66.5,73,-18.1,-112.9,0.354,-66.5,commodity
28-32,25,min 0-3,none,exit12,150,-65.9,73,-20.3,-113.71,0.413,-65.9,commodity
28-32,25,min 0-3,none,exit14,150,-68.9,73,-29.6,-124.95,0.444,-68.9,commodity
28-32,25,min 0-3,none,hold,150,-64.2,73,-31.1,-119.06,0.466,-64.2,commodity
28-32,25,min 0-6,kalshi_against,exit10,200,-56.1,103,-21.0,-133.86,0.34,-56.1,commodity
28-32,25,min 0-6,kalshi_against,exit12,200,-47.8,103,-13.6,-109.71,0.422,-47.8,commodity
28-32,25,min 0-6,kalshi_against,exit14,200,-46.6,103,-3.3,-96.53,0.472,-46.6,commodity
28-32,25,min 0-6,kalshi_against,hold,200,-46.8,103,-4.4,-98.12,0.492,-46.8,commodity
28-32,25,min 0-6,kalshi_with,exit10,82,-42.9,27,-10.2,-37.91,0.312,-42.9,commodity
28-32,25,min 0-6,kalshi_with,exit12,82,-32.9,27,-2.1,-27.52,0.431,-32.9,commodity
28-32,25,min 0-6,kalshi_with,exit14,82,-25.0,27,-16.4,-24.92,0.486,-25.0,commodity
28-32,25,min 0-6,kalshi_with,hold,82,-27.2,27,-17.0,-26.85,0.514,-27.2,commodity
28-32,25,min 0-6,none,exit10,205,-61.4,103,-20.1,-146.57,0.338,-61.4,commodity
28-32,25,min 0-6,none,exit12,205,-54.5,103,-10.4,-122.57,0.419,-54.5,commodity
28-32,25,min 0-6,none,exit14,205,-53.9,103,0.4,-110.11,0.468,-53.9,commodity
28-32,25,min 0-6,none,hold,205,-54.2,103,-0.4,-111.42,0.487,-54.2,commodity
28-32,25,min 0-9,kalshi_against,exit10,227,-58.3,111,-22.3,-157.1,0.325,-58.3,commodity
28-32,25,min 0-9,kalshi_against,exit12,227,-56.7,111,-17.9,-148.61,0.405,-56.7,commodity
28-32,25,min 0-9,kalshi_against,exit14,227,-54.9,111,-11.0,-136.71,0.459,-54.9,commodity
28-32,25,min 0-9,kalshi_against,hold,227,-56.0,111,-12.3,-140.78,0.479,-56.0,commodity
28-32,25,min 0-9,kalshi_with,exit10,122,-41.1,46,-15.0,-57.03,0.304,-41.1,commodity
28-32,25,min 0-9,kalshi_with,exit12,122,-34.7,46,-20.4,-51.7,0.411,-34.7,commodity
28-32,25,min 0-9,kalshi_with,exit14,122,-27.0,46,0.2,-32.91,0.5,-27.0,commodity
28-32,25,min 0-9,kalshi_with,hold,122,-31.7,46,7.8,-35.11,0.524,-31.7,commodity
28-32,25,min 0-9,none,exit10,233,-62.3,111,-21.5,-169.03,0.323,-62.3,commodity
28-32,25,min 0-9,none,exit12,233,-61.2,111,-14.9,-159.1,0.404,-61.2,commodity
28-32,25,min 0-9,none,exit14,233,-59.9,111,-7.6,-147.92,0.456,-59.9,commodity
28-32,25,min 0-9,none,hold,233,-61.1,111,-8.5,-151.71,0.477,-61.1,commodity
28-32,30,min 0-12,kalshi_against,exit10,239,-58.1,115,-26.5,-169.23,0.26,-58.1,commodity
28-32,30,min 0-12,kalshi_against,exit12,239,-53.5,115,-22.1,-153.22,0.339,-53.5,commodity
28-32,30,min 0-12,kalshi_against,exit14,239,-47.5,115,-18.9,-135.15,0.415,-47.5,commodity
28-32,30,min 0-12,kalshi_against,hold,239,-48.3,115,-28.9,-148.66,0.438,-48.3,commodity
28-32,30,min 0-12,kalshi_with,exit10,150,-33.3,57,-26.4,-65.06,0.251,-33.3,commodity
28-32,30,min 0-12,kalshi_with,exit12,150,-35.9,57,-16.3,-63.07,0.309,-35.9,commodity
28-32,30,min 0-12,kalshi_with,exit14,150,-18.7,57,-16.9,-37.78,0.44,-18.7,commodity
28-32,30,min 0-12,kalshi_with,hold,150,-23.5,57,-36.5,-56.01,0.469,-36.5,commodity
28-32,30,min 0-12,none,exit10,244,-60.8,115,-24.7,-176.6,0.259,-60.8,commodity
28-32,30,min 0-12,none,exit12,244,-58.9,115,-18.3,-164.67,0.337,-58.9,commodity
28-32,30,min 0-12,none,exit14,244,-53.5,115,-14.7,-147.32,0.412,-53.5,commodity
28-32,30,min 0-12,none,hold,244,-54.3,115,-24.3,-160.55,0.435,-54.3,commodity
28-32,30,min 0-3,kalshi_against,exit10,143,-57.0,71,-36.7,-107.59,0.29,-57.0,commodity
28-32,30,min 0-3,kalshi_against,exit12,143,-53.1,71,-40.5,-104.68,0.35,-53.1,commodity
28-32,30,min 0-3,kalshi_against,exit14,143,-45.3,71,-59.1,-106.75,0.402,-59.1,commodity
28-32,30,min 0-3,kalshi_against,hold,143,-38.7,71,-64.4,-101.09,0.43,-64.4,commodity
28-32,30,min 0-3,kalshi_with,exit10,32,-41.9,9,33.1,-10.42,0.293,-41.9,commodity
28-32,30,min 0-3,kalshi_with,exit12,32,-43.8,9,-0.9,-14.09,0.39,-43.8,commodity
28-32,30,min 0-3,kalshi_with,exit14,32,-30.6,9,-44.0,-13.76,0.439,-44.0,commodity
28-32,30,min 0-3,kalshi_with,hold,32,-37.3,9,-46.0,-16.09,0.463,-46.0,commodity
28-32,30,min 0-3,none,exit10,150,-59.7,73,-29.5,-111.08,0.296,-59.7,commodity
28-32,30,min 0-3,none,exit12,150,-57.6,73,-33.1,-110.63,0.354,-57.6,commodity
28-32,30,min 0-3,none,exit14,150,-51.0,73,-51.3,-113.89,0.404,-51.3,commodity
28-32,30,min 0-3,none,hold,150,-44.8,73,-56.4,-108.41,0.43,-56.4,commodity
28-32,30,min 0-6,kalshi_against,exit10,200,-52.4,103,-26.6,-132.09,0.284,-52.4,commodity
28-32,30,min 0-6,kalshi_against,exit12,200,-44.7,103,-20.3,-110.4,0.356,-44.7,commodity
28-32,30,min 0-6,kalshi_against,exit14,200,-37.8,103,-14.3,-90.35,0.429,-37.8,commodity
28-32,30,min 0-6,kalshi_against,hold,200,-37.4,103,-23.5,-98.96,0.449,-37.4,commodity
28-32,30,min 0-6,kalshi_with,exit10,82,-38.4,27,-19.9,-36.88,0.257,-38.4,commodity
28-32,30,min 0-6,kalshi_with,exit12,82,-33.2,27,-20.4,-32.72,0.349,-33.2,commodity
28-32,30,min 0-6,kalshi_with,exit14,82,-17.5,27,-54.9,-29.18,0.431,-54.9,commodity
28-32,30,min 0-6,kalshi_with,hold,82,-20.0,27,-80.7,-38.18,0.45,-80.7,commodity
28-32,30,min 0-6,none,exit10,205,-57.8,103,-24.5,-143.69,0.282,-57.8,commodity
28-32,30,min 0-6,none,exit12,205,-51.5,103,-16.1,-122.15,0.354,-51.5,commodity
28-32,30,min 0-6,none,exit14,205,-45.3,103,-9.6,-102.82,0.425,-45.3,commodity
28-32,30,min 0-6,none,hold,205,-45.0,103,-18.3,-111.15,0.445,-45.0,commodity
28-32,30,min 0-9,kalshi_against,exit10,227,-55.4,111,-27.6,-156.38,0.266,-55.4,commodity
28-32,30,min 0-9,kalshi_against,exit12,227,-52.5,111,-23.2,-144.83,0.346,-52.5,commodity
28-32,30,min 0-9,kalshi_against,exit14,227,-44.4,111,-20.3,-123.41,0.42,-44.4,commodity
28-32,30,min 0-9,kalshi_against,hold,227,-44.8,111,-29.0,-133.99,0.441,-44.8,commodity
28-32,30,min 0-9,kalshi_with,exit10,122,-43.0,46,-21.5,-62.35,0.226,-43.0,commodity
28-32,30,min 0-9,kalshi_with,exit12,122,-33.7,46,-26.1,-53.09,0.333,-33.7,commodity
28-32,30,min 0-9,kalshi_with,exit14,122,-18.3,46,-16.8,-30.09,0.446,-18.3,commodity
28-32,30,min 0-9,kalshi_with,hold,122,-22.7,46,-33.8,-43.23,0.47,-33.8,commodity
28-32,30,min 0-9,none,exit10,233,-59.5,111,-25.7,-167.2,0.265,-59.5,commodity
28-32,30,min 0-9,none,exit12,233,-56.8,111,-19.2,-153.6,0.346,-56.8,commodity
28-32,30,min 0-9,none,exit14,233,-49.5,111,-15.9,-132.9,0.419,-49.5,commodity
28-32,30,min 0-9,none,hold,233,-49.9,111,-24.2,-143.2,0.439,-49.9,commodity
33-37,5,min 0-12,kalshi_against,exit10,238,-43.7,116,-73.1,-188.84,0.732,-73.1,commodity
33-37,5,min 0-12,kalshi_against,exit12,238,-48.3,116,-70.7,-196.92,0.749,-70.7,commodity
33-37,5,min 0-12,kalshi_against,exit14,238,-48.4,116,-70.1,-196.45,0.768,-70.1,commodity
33-37,5,min 0-12,kalshi_against,hold,238,-46.9,116,-73.4,-196.86,0.78,-73.4,commodity
33-37,5,min 0-12,kalshi_with,exit10,174,-35.7,73,-31.8,-85.41,0.761,-35.7,commodity
33-37,5,min 0-12,kalshi_with,exit12,174,-37.1,73,-38.3,-92.55,0.773,-38.3,commodity
33-37,5,min 0-12,kalshi_with,exit14,174,-44.7,73,-38.1,-105.64,0.794,-44.7,commodity
33-37,5,min 0-12,kalshi_with,hold,174,-44.6,73,-40.7,-107.4,0.802,-44.6,commodity
33-37,5,min 0-12,none,exit10,247,-47.3,121,-69.1,-200.33,0.731,-69.1,commodity
33-37,5,min 0-12,none,exit12,247,-51.6,121,-65.9,-207.13,0.75,-65.9,commodity
33-37,5,min 0-12,none,exit14,247,-53.4,121,-68.3,-214.45,0.758,-68.3,commodity
33-37,5,min 0-12,none,hold,247,-52.6,121,-71.4,-216.43,0.766,-71.4,commodity
33-37,5,min 0-3,kalshi_against,exit10,179,-43.9,84,-76.3,-142.74,0.753,-76.3,commodity
33-37,5,min 0-3,kalshi_against,exit12,179,-45.2,84,-72.8,-142.13,0.772,-72.8,commodity
33-37,5,min 0-3,kalshi_against,exit14,179,-46.1,84,-79.0,-148.93,0.776,-79.0,commodity
33-37,5,min 0-3,kalshi_against,hold,179,-46.2,84,-82.5,-152.06,0.783,-82.5,commodity
33-37,5,min 0-3,kalshi_with,exit10,52,-71.4,22,-14.0,-40.21,0.73,-71.4,commodity
33-37,5,min 0-3,kalshi_with,exit12,52,-78.8,22,-14.8,-44.22,0.73,-78.8,commodity
33-37,5,min 0-3,kalshi_with,exit14,52,-89.1,22,-19.4,-50.58,0.73,-89.1,commodity
33-37,5,min 0-3,kalshi_with,hold,52,-90.4,22,-19.8,-51.39,0.73,-90.4,commodity
33-37,5,min 0-3,none,exit10,193,-50.2,92,-70.1,-161.46,0.74,-70.1,commodity
33-37,5,min 0-3,none,exit12,193,-51.6,92,-67.0,-161.19,0.758,-67.0,commodity
33-37,5,min 0-3,none,exit14,193,-53.0,92,-72.8,-169.3,0.761,-72.8,commodity
33-37,5,min 0-3,none,hold,193,-53.2,92,-76.0,-172.52,0.768,-76.0,commodity
33-37,5,min 0-6,kalshi_against,exit10,214,-44.8,108,-72.2,-173.9,0.748,-72.2,commodity
33-37,5,min 0-6,kalshi_against,exit12,214,-45.5,108,-65.1,-167.58,0.77,-65.1,commodity
33-37,5,min 0-6,kalshi_against,exit14,214,-47.0,108,-67.3,-173.18,0.776,-67.3,commodity
33-37,5,min 0-6,kalshi_against,hold,214,-47.0,108,-70.1,-176.4,0.783,-70.1,commodity
33-37,5,min 0-6,kalshi_with,exit10,126,-46.5,48,-39.7,-77.59,0.747,-46.5,commodity
33-37,5,min 0-6,kalshi_with,exit12,126,-47.1,48,-45.3,-81.13,0.764,-47.1,commodity
33-37,5,min 0-6,kalshi_with,exit14,126,-58.7,48,-50.5,-98.21,0.764,-58.7,commodity
33-37,5,min 0-6,kalshi_with,hold,126,-59.5,48,-54.2,-100.94,0.77,-59.5,commodity
33-37,5,min 0-6,none,exit10,231,-50.3,112,-70.6,-195.28,0.732,-70.6,commodity
33-37,5,min 0-6,none,exit12,231,-51.5,112,-63.8,-190.35,0.752,-63.8,commodity
33-37,5,min 0-6,none,exit14,231,-54.2,112,-66.0,-199.16,0.758,-66.0,commodity
33-37,5,min 0-6,none,hold,231,-53.3,112,-68.7,-200.03,0.767,-68.7,commodity
33-37,5,min 0-9,kalshi_against,exit10,229,-43.3,112,-72.2,-180.02,0.745,-72.2,commodity
33-37,5,min 0-9,kalshi_against,exit12,229,-44.2,112,-68.7,-178.05,0.765,-68.7,commodity
33-37,5,min 0-9,kalshi_against,exit14,229,-46.3,112,-71.1,-185.69,0.774,-71.1,commodity
33-37,5,min 0-9,kalshi_against,hold,229,-45.3,112,-74.5,-187.12,0.783,-74.5,commodity
33-37,5,min 0-9,kalshi_with,exit10,160,-37.0,63,-34.2,-80.77,0.762,-37.0,commodity
33-37,5,min 0-9,kalshi_with,exit12,160,-38.2,63,-41.4,-87.16,0.785,-41.4,commodity
33-37,5,min 0-9,kalshi_with,exit14,160,-46.5,63,-40.3,-99.86,0.794,-46.5,commodity
33-37,5,min 0-9,kalshi_with,hold,160,-47.5,63,-43.1,-103.23,0.798,-47.5,commodity
33-37,5,min 0-9,none,exit10,243,-47.4,117,-69.6,-196.55,0.736,-69.6,commodity
33-37,5,min 0-9,none,exit12,243,-48.9,117,-66.3,-196.38,0.756,-66.3,commodity
33-37,5,min 0-9,none,exit14,243,-51.7,117,-68.7,-206.04,0.761,-68.7,commodity
33-37,5,min 0-9,none,hold,243,-50.9,117,-72.0,-208.02,0.769,-72.0,commodity
33-37,10,min 0-12,kalshi_against,exit10,238,-45.9,116,-63.1,-182.42,0.619,-63.1,commodity
33-37,10,min 0-12,kalshi_against,exit12,238,-50.1,116,-60.3,-189.26,0.655,-60.3,commodity
33-37,10,min 0-12,kalshi_against,exit14,238,-52.1,116,-60.9,-194.54,0.684,-60.9,commodity
33-37,10,min 0-12,kalshi_against,hold,238,-52.3,116,-65.4,-200.44,0.698,-65.4,commodity
33-37,10,min 0-12,kalshi_with,exit10,174,-52.5,73,-22.9,-108.06,0.595,-52.5,commodity
33-37,10,min 0-12,kalshi_with,exit12,174,-50.0,73,-30.0,-108.89,0.636,-50.0,commodity
33-37,10,min 0-12,kalshi_with,exit14,174,-54.0,73,-25.2,-112.4,0.684,-54.0,commodity
33-37,10,min 0-12,kalshi_with,hold,174,-54.4,73,-28.3,-115.25,0.7,-54.4,commodity
33-37,10,min 0-12,none,exit10,247,-51.6,121,-61.1,-201.46,0.611,-61.1,commodity
33-37,10,min 0-12,none,exit12,247,-55.4,121,-57.5,-206.34,0.649,-57.5,commodity
33-37,10,min 0-12,none,exit14,247,-59.4,121,-61.4,-220.9,0.666,-61.4,commodity
33-37,10,min 0-12,none,hold,247,-59.5,121,-65.7,-226.43,0.679,-65.7,commodity
33-37,10,min 0-3,kalshi_against,exit10,179,-49.7,84,-66.3,-144.61,0.631,-66.3,commodity
33-37,10,min 0-3,kalshi_against,exit12,179,-47.9,84,-63.1,-138.77,0.673,-63.1,commodity
33-37,10,min 0-3,kalshi_against,exit14,179,-49.7,84,-71.0,-148.54,0.688,-71.0,commodity
33-37,10,min 0-3,kalshi_against,hold,179,-51.3,84,-76.2,-155.8,0.696,-76.2,commodity
33-37,10,min 0-3,kalshi_with,exit10,52,-84.7,22,10.3,-41.76,0.595,-84.7,commodity
33-37,10,min 0-3,kalshi_with,exit12,52,-95.4,22,9.9,-47.42,0.608,-95.4,commodity
33-37,10,min 0-3,kalshi_with,exit14,52,-98.5,22,3.1,-50.53,0.635,-98.5,commodity
33-37,10,min 0-3,kalshi_with,hold,52,-100.2,22,2.7,-51.52,0.635,-100.2,commodity
33-37,10,min 0-3,none,exit10,193,-53.3,92,-63.2,-161.15,0.621,-63.2,commodity
33-37,10,min 0-3,none,exit12,193,-51.6,92,-59.8,-154.69,0.663,-59.8,commodity
33-37,10,min 0-3,none,exit14,193,-53.5,92,-67.6,-165.46,0.677,-67.6,commodity
33-37,10,min 0-3,none,hold,193,-54.8,92,-72.3,-172.35,0.684,-72.3,commodity
33-37,10,min 0-6,kalshi_against,exit10,214,-45.4,108,-63.1,-165.27,0.637,-63.1,commodity
33-37,10,min 0-6,kalshi_against,exit12,214,-45.3,108,-55.5,-156.96,0.68,-55.5,commodity
33-37,10,min 0-6,kalshi_against,exit14,214,-48.4,108,-59.0,-167.32,0.696,-59.0,commodity
33-37,10,min 0-6,kalshi_against,hold,214,-50.0,108,-63.2,-175.13,0.702,-63.2,commodity
33-37,10,min 0-6,kalshi_with,exit10,126,-65.7,48,-25.4,-95.0,0.58,-65.7,commodity
33-37,10,min 0-6,kalshi_with,exit12,126,-64.5,48,-27.9,-94.67,0.638,-64.5,commodity
33-37,10,min 0-6,kalshi_with,exit14,126,-74.2,48,-35.6,-110.58,0.655,-74.2,commodity
33-37,10,min 0-6,kalshi_with,hold,126,-75.9,48,-39.5,-114.64,0.661,-75.9,commodity
33-37,10,min 0-6,none,exit10,231,-52.0,112,-64.7,-192.64,0.618,-64.7,commodity
33-37,10,min 0-6,none,exit12,231,-52.3,112,-57.4,-185.06,0.659,-57.4,commodity
33-37,10,min 0-6,none,exit14,231,-57.1,112,-61.2,-200.57,0.673,-61.2,commodity
33-37,10,min 0-6,none,hold,231,-57.2,112,-65.2,-205.17,0.682,-65.2,commodity
33-37,10,min 0-9,kalshi_against,exit10,229,-45.8,112,-62.4,-174.89,0.63,-62.4,commodity
33-37,10,min 0-9,kalshi_against,exit12,229,-46.3,112,-58.5,-171.57,0.672,-58.5,commodity
33-37,10,min 0-9,kalshi_against,exit14,229,-49.8,112,-62.2,-183.73,0.689,-62.2,commodity
33-37,10,min 0-9,kalshi_against,hold,229,-49.9,112,-66.8,-189.05,0.701,-66.8,commodity
33-37,10,min 0-9,kalshi_with,exit10,160,-54.6,63,-27.7,-104.75,0.587,-54.6,commodity
33-37,10,min 0-9,kalshi_with,exit12,160,-52.1,63,-35.6,-105.71,0.646,-52.1,commodity
33-37,10,min 0-9,kalshi_with,exit14,160,-55.9,63,-29.6,-108.04,0.682,-55.9,commodity
33-37,10,min 0-9,kalshi_with,hold,160,-57.8,63,-33.0,-113.3,0.691,-57.8,commodity
33-37,10,min 0-9,none,exit10,243,-51.8,117,-62.7,-199.27,0.614,-62.7,commodity
33-37,10,min 0-9,none,exit12,243,-52.8,117,-58.9,-197.18,0.656,-58.9,commodity
33-37,10,min 0-9,none,exit14,243,-56.9,117,-62.9,-211.85,0.669,-62.9,commodity
33-37,10,min 0-9,none,hold,243,-56.4,117,-67.4,-215.78,0.683,-67.4,commodity
33-37,15,min 0-12,kalshi_against,exit10,238,-44.8,116,-56.1,-171.74,0.531,-56.1,commodity
33-37,15,min 0-12,kalshi_against,exit12,238,-44.0,116,-57.9,-171.88,0.573,-57.9,commodity
33-37,15,min 0-12,kalshi_against,exit14,238,-39.7,116,-58.7,-162.67,0.621,-58.7,commodity
33-37,15,min 0-12,kalshi_against,hold,238,-37.5,116,-60.9,-159.96,0.636,-60.9,commodity
33-37,15,min 0-12,kalshi_with,exit10,174,-50.7,73,-32.7,-112.12,0.486,-50.7,commodity
33-37,15,min 0-12,kalshi_with,exit12,174,-46.7,73,-42.3,-112.14,0.526,-46.7,commodity
33-37,15,min 0-12,kalshi_with,exit14,174,-45.1,73,-37.5,-105.76,0.599,-45.1,commodity
33-37,15,min 0-12,kalshi_with,hold,174,-45.3,73,-30.4,-100.94,0.623,-45.3,commodity
33-37,15,min 0-12,none,exit10,247,-48.4,121,-56.5,-187.95,0.524,-56.5,commodity
33-37,15,min 0-12,none,exit12,247,-47.5,121,-58.1,-187.56,0.568,-58.1,commodity
33-37,15,min 0-12,none,exit14,247,-46.6,121,-59.4,-186.97,0.606,-59.4,commodity
33-37,15,min 0-12,none,hold,247,-44.5,121,-61.5,-184.35,0.62,-61.5,commodity
33-37,15,min 0-3,kalshi_against,exit10,179,-44.9,84,-64.6,-134.69,0.548,-64.6,commodity
33-37,15,min 0-3,kalshi_against,exit12,179,-37.2,84,-62.8,-119.3,0.589,-62.8,commodity
33-37,15,min 0-3,kalshi_against,exit14,179,-29.2,84,-72.7,-113.41,0.631,-72.7,commodity
33-37,15,min 0-3,kalshi_against,hold,179,-31.0,84,-73.5,-117.17,0.643,-73.5,commodity
33-37,15,min 0-3,kalshi_with,exit10,52,-78.8,22,15.4,-37.58,0.527,-78.8,commodity
33-37,15,min 0-3,kalshi_with,exit12,52,-92.8,22,11.1,-45.79,0.541,-92.8,commodity
33-37,15,min 0-3,kalshi_with,exit14,52,-88.1,22,-4.7,-46.84,0.581,-88.1,commodity
33-37,15,min 0-3,kalshi_with,hold,52,-90.9,22,13.1,-44.38,0.595,-90.9,commodity
33-37,15,min 0-3,none,exit10,193,-48.3,92,-59.8,-148.27,0.54,-59.8,commodity
33-37,15,min 0-3,none,exit12,193,-41.2,92,-56.9,-131.94,0.582,-56.9,commodity
33-37,15,min 0-3,none,exit14,193,-34.7,92,-66.6,-128.19,0.621,-66.6,commodity
33-37,15,min 0-3,none,hold,193,-36.4,92,-67.3,-132.04,0.632,-67.3,commodity
33-37,15,min 0-6,kalshi_against,exit10,214,-40.3,108,-56.7,-147.43,0.556,-56.7,commodity
33-37,15,min 0-6,kalshi_against,exit12,214,-33.2,108,-49.6,-124.61,0.606,-49.6,commodity
33-37,15,min 0-6,kalshi_against,exit14,214,-28.4,108,-55.1,-120.21,0.643,-55.1,commodity
33-37,15,min 0-6,kalshi_against,hold,214,-30.1,108,-56.7,-125.64,0.652,-56.7,commodity
33-37,15,min 0-6,kalshi_with,exit10,126,-58.1,48,-19.4,-82.49,0.5,-58.1,commodity
33-37,15,min 0-6,kalshi_with,exit12,126,-55.7,48,-22.5,-80.95,0.557,-55.7,commodity
33-37,15,min 0-6,kalshi_with,exit14,126,-57.5,48,-35.0,-89.24,0.598,-57.5,commodity
33-37,15,min 0-6,kalshi_with,hold,126,-57.0,48,-30.5,-86.42,0.603,-57.0,commodity
33-37,15,min 0-6,none,exit10,231,-46.8,112,-59.0,-174.04,0.539,-59.0,commodity
33-37,15,min 0-6,none,exit12,231,-40.7,112,-52.1,-152.33,0.586,-52.1,commodity
33-37,15,min 0-6,none,exit14,231,-38.7,112,-57.9,-154.22,0.621,-57.9,commodity
33-37,15,min 0-6,none,hold,231,-36.7,112,-59.5,-151.32,0.63,-59.5,commodity
33-37,15,min 0-9,kalshi_against,exit10,229,-44.7,112,-55.4,-164.41,0.543,-55.4,commodity
33-37,15,min 0-9,kalshi_against,exit12,229,-40.2,112,-52.0,-150.27,0.589,-52.0,commodity
33-37,15,min 0-9,kalshi_against,exit14,229,-37.7,112,-57.6,-150.85,0.628,-57.6,commodity
33-37,15,min 0-9,kalshi_against,hold,229,-35.5,112,-59.8,-148.26,0.639,-59.8,commodity
33-37,15,min 0-9,kalshi_with,exit10,160,-53.5,63,-36.6,-108.59,0.475,-53.5,commodity
33-37,15,min 0-9,kalshi_with,exit12,160,-49.4,63,-42.6,-105.81,0.547,-49.4,commodity
33-37,15,min 0-9,kalshi_with,exit14,160,-43.4,63,-35.0,-91.46,0.614,-43.4,commodity
33-37,15,min 0-9,kalshi_with,hold,160,-43.2,63,-34.0,-90.53,0.623,-43.2,commodity
33-37,15,min 0-9,none,exit10,243,-48.6,117,-58.1,-185.96,0.528,-58.1,commodity
33-37,15,min 0-9,none,exit12,243,-44.7,117,-55.8,-173.88,0.575,-55.8,commodity
33-37,15,min 0-9,none,exit14,243,-43.9,117,-57.3,-173.7,0.611,-57.3,commodity
33-37,15,min 0-9,none,hold,243,-41.1,117,-59.5,-169.48,0.625,-59.5,commodity
33-37,20,min 0-12,kalshi_against,exit10,238,-54.3,116,-40.2,-175.94,0.444,-54.3,commodity
33-37,20,min 0-12,kalshi_against,exit12,238,-52.2,116,-40.6,-171.33,0.508,-52.2,commodity
33-37,20,min 0-12,kalshi_against,exit14,238,-51.6,116,-39.7,-168.87,0.556,-51.6,commodity
33-37,20,min 0-12,kalshi_against,hold,238,-51.3,116,-40.2,-168.83,0.576,-51.3,commodity
33-37,20,min 0-12,kalshi_with,exit10,174,-66.5,73,-13.1,-125.34,0.385,-66.5,commodity
33-37,20,min 0-12,kalshi_with,exit12,174,-61.8,73,-12.4,-116.64,0.457,-61.8,commodity
33-37,20,min 0-12,kalshi_with,exit14,174,-63.2,73,-2.5,-111.81,0.53,-63.2,commodity
33-37,20,min 0-12,kalshi_with,hold,174,-64.4,73,0.5,-111.58,0.555,-64.4,commodity
33-37,20,min 0-12,none,exit10,247,-60.2,121,-36.8,-193.26,0.435,-60.2,commodity
33-37,20,min 0-12,none,exit12,247,-56.9,121,-37.2,-185.49,0.5,-56.9,commodity
33-37,20,min 0-12,none,exit14,247,-59.9,121,-36.8,-192.48,0.538,-59.9,commodity
33-37,20,min 0-12,none,hold,247,-59.6,121,-37.3,-192.25,0.557,-59.6,commodity
33-37,20,min 0-3,kalshi_against,exit10,179,-56.6,84,-46.3,-140.27,0.468,-56.6,commodity
33-37,20,min 0-3,kalshi_against,exit12,179,-51.4,84,-43.7,-128.67,0.521,-51.4,commodity
33-37,20,min 0-3,kalshi_against,exit14,179,-47.2,84,-51.4,-127.58,0.563,-51.4,commodity
33-37,20,min 0-3,kalshi_against,hold,179,-48.6,84,-49.9,-128.86,0.582,-49.9,commodity
33-37,20,min 0-3,kalshi_with,exit10,52,-101.4,22,50.5,-41.62,0.459,-101.4,commodity
33-37,20,min 0-3,kalshi_with,exit12,52,-115.3,22,46.3,-49.78,0.473,-115.3,commodity
33-37,20,min 0-3,kalshi_with,exit14,52,-111.4,22,30.5,-51.21,0.514,-111.4,commodity
33-37,20,min 0-3,kalshi_with,hold,52,-114.7,22,50.5,-48.52,0.527,-114.7,commodity
33-37,20,min 0-3,none,exit10,193,-61.7,92,-41.5,-157.33,0.463,-61.7,commodity
33-37,20,min 0-3,none,exit12,193,-56.0,92,-36.6,-141.65,0.516,-56.0,commodity
33-37,20,min 0-3,none,exit14,193,-52.7,92,-44.2,-142.33,0.554,-52.7,commodity
33-37,20,min 0-3,none,hold,193,-53.9,92,-42.8,-143.42,0.572,-53.9,commodity
33-37,20,min 0-6,kalshi_against,exit10,214,-50.7,108,-41.2,-152.85,0.466,-50.7,commodity
33-37,20,min 0-6,kalshi_against,exit12,214,-43.1,108,-32.1,-126.96,0.537,-43.1,commodity
33-37,20,min 0-6,kalshi_against,exit14,214,-41.4,108,-36.2,-127.8,0.575,-41.4,commodity
33-37,20,min 0-6,kalshi_against,hold,214,-45.0,108,-36.1,-135.19,0.59,-45.0,commodity
33-37,20,min 0-6,kalshi_with,exit10,126,-85.7,48,3.9,-106.16,0.379,-85.7,commodity
33-37,20,min 0-6,kalshi_with,exit12,126,-81.7,48,4.8,-100.65,0.471,-81.7,commodity
33-37,20,min 0-6,kalshi_with,exit14,126,-88.9,48,-5.0,-114.44,0.511,-88.9,commodity
33-37,20,min 0-6,kalshi_with,hold,126,-90.6,48,4.2,-112.09,0.523,-90.6,commodity
33-37,20,min 0-6,none,exit10,231,-58.7,112,-43.7,-184.45,0.452,-58.7,commodity
33-37,20,min 0-6,none,exit12,231,-51.3,112,-35.0,-157.64,0.519,-51.3,commodity
33-37,20,min 0-6,none,exit14,231,-52.0,112,-39.5,-164.4,0.554,-52.0,commodity
33-37,20,min 0-6,none,hold,231,-51.6,112,-39.3,-163.18,0.569,-51.6,commodity
33-37,20,min 0-9,kalshi_against,exit10,229,-54.1,112,-39.3,-167.93,0.455,-54.1,commodity
33-37,20,min 0-9,kalshi_against,exit12,229,-48.8,112,-34.0,-149.82,0.525,-48.8,commodity
33-37,20,min 0-9,kalshi_against,exit14,229,-49.0,112,-38.3,-155.04,0.563,-49.0,commodity
33-37,20,min 0-9,kalshi_against,hold,229,-48.1,112,-38.9,-153.71,0.581,-48.1,commodity
33-37,20,min 0-9,kalshi_with,exit10,160,-73.2,63,-15.1,-126.59,0.372,-73.2,commodity
33-37,20,min 0-9,kalshi_with,exit12,160,-66.8,63,-17.4,-117.91,0.475,-66.8,commodity
33-37,20,min 0-9,kalshi_with,exit14,160,-64.9,63,-4.8,-106.91,0.543,-64.9,commodity
33-37,20,min 0-9,kalshi_with,hold,160,-66.5,63,-0.1,-106.45,0.556,-66.5,commodity
33-37,20,min 0-9,none,exit10,243,-59.8,117,-42.4,-194.97,0.442,-59.8,commodity
33-37,20,min 0-9,none,exit12,243,-54.1,117,-38.4,-176.39,0.511,-54.1,commodity
33-37,20,min 0-9,none,exit14,243,-55.9,117,-38.6,-181.08,0.547,-55.9,commodity
33-37,20,min 0-9,none,hold,243,-54.3,117,-39.1,-177.84,0.567,-54.3,commodity
33-37,25,min 0-12,kalshi_against,exit10,238,-47.8,116,-38.4,-158.16,0.376,-47.8,commodity
33-37,25,min 0-12,kalshi_against,exit12,238,-43.5,116,-35.4,-144.63,0.449,-43.5,commodity
33-37,25,min 0-12,kalshi_against,exit14,238,-38.2,116,-38.1,-135.03,0.514,-38.2,commodity
33-37,25,min 0-12,kalshi_against,hold,238,-38.2,116,-45.7,-143.86,0.534,-45.7,commodity
33-37,25,min 0-12,kalshi_with,exit10,174,-62.0,73,-13.0,-117.31,0.32,-62.0,commodity
33-37,25,min 0-12,kalshi_with,exit12,174,-55.4,73,-13.8,-106.56,0.389,-55.4,commodity
33-37,25,min 0-12,kalshi_with,exit14,174,-50.9,73,-9.8,-95.73,0.486,-50.9,commodity
33-37,25,min 0-12,kalshi_with,hold,174,-52.0,73,-22.3,-106.73,0.51,-52.0,commodity
33-37,25,min 0-12,none,exit10,247,-55.3,121,-34.9,-178.72,0.364,-55.3,commodity
33-37,25,min 0-12,none,exit12,247,-48.7,121,-32.1,-159.24,0.44,-48.7,commodity
33-37,25,min 0-12,none,exit14,247,-45.3,121,-35.1,-154.46,0.5,-45.3,commodity
33-37,25,min 0-12,none,hold,247,-44.2,121,-42.4,-160.54,0.519,-44.2,commodity
33-37,25,min 0-3,kalshi_against,exit10,179,-49.0,84,-47.6,-127.67,0.399,-49.0,commodity
33-37,25,min 0-3,kalshi_against,exit12,179,-42.3,84,-40.9,-110.12,0.452,-42.3,commodity
33-37,25,min 0-3,kalshi_against,exit14,179,-29.1,84,-51.8,-95.63,0.521,-51.8,commodity
33-37,25,min 0-3,kalshi_against,hold,179,-29.8,84,-58.6,-102.68,0.54,-58.6,commodity
33-37,25,min 0-3,kalshi_with,exit10,52,-90.4,22,29.3,-40.57,0.392,-90.4,commodity
33-37,25,min 0-3,kalshi_with,exit12,52,-99.1,22,12.8,-48.72,0.419,-99.1,commodity
33-37,25,min 0-3,kalshi_with,exit14,52,-86.3,22,-17.2,-48.66,0.473,-86.3,commodity
33-37,25,min 0-3,kalshi_with,hold,52,-89.6,22,3.9,-45.75,0.486,-89.6,commodity
33-37,25,min 0-3,none,exit10,193,-55.4,92,-41.4,-145.02,0.393,-55.4,commodity
33-37,25,min 0-3,none,exit12,193,-47.1,92,-32.8,-121.11,0.449,-47.1,commodity
33-37,25,min 0-3,none,exit14,193,-34.1,92,-43.4,-105.7,0.516,-43.4,commodity
33-37,25,min 0-3,none,hold,193,-34.7,92,-49.6,-112.56,0.533,-49.6,commodity
33-37,25,min 0-6,kalshi_against,exit10,214,-43.2,108,-40.6,-136.35,0.394,-43.2,commodity
33-37,25,min 0-6,kalshi_against,exit12,214,-34.8,108,-27.3,-104.03,0.472,-34.8,commodity
33-37,25,min 0-6,kalshi_against,exit14,214,-27.0,108,-35.9,-96.6,0.531,-35.9,commodity
33-37,25,min 0-6,kalshi_against,hold,214,-30.3,108,-43.4,-111.62,0.547,-43.4,commodity
33-37,25,min 0-6,kalshi_with,exit10,126,-76.6,48,0.7,-96.2,0.328,-76.6,commodity
33-37,25,min 0-6,kalshi_with,exit12,126,-72.8,48,-1.8,-92.55,0.402,-72.8,commodity
33-37,25,min 0-6,kalshi_with,exit14,126,-73.7,48,-23.3,-104.08,0.471,-73.7,commodity
33-37,25,min 0-6,kalshi_with,hold,126,-77.8,48,-27.7,-111.35,0.477,-77.8,commodity
33-37,25,min 0-6,none,exit10,231,-52.7,112,-43.0,-169.87,0.379,-52.7,commodity
33-37,25,min 0-6,none,exit12,231,-43.5,112,-30.2,-134.35,0.455,-43.5,commodity
33-37,25,min 0-6,none,exit14,231,-37.4,112,-39.0,-130.15,0.513,-39.0,commodity
33-37,25,min 0-6,none,hold,231,-36.7,112,-46.2,-136.56,0.528,-46.2,commodity
33-37,25,min 0-9,kalshi_against,exit10,229,-47.5,112,-38.2,-151.47,0.384,-47.5,commodity
33-37,25,min 0-9,kalshi_against,exit12,229,-40.0,112,-28.7,-123.73,0.463,-40.0,commodity
33-37,25,min 0-9,kalshi_against,exit14,229,-34.2,112,-37.4,-120.27,0.522,-37.4,commodity
33-37,25,min 0-9,kalshi_against,hold,229,-32.8,112,-45.3,-125.86,0.54,-45.3,commodity
33-37,25,min 0-9,kalshi_with,exit10,160,-70.3,63,-17.7,-123.65,0.3,-70.3,commodity
33-37,25,min 0-9,kalshi_with,exit12,160,-60.2,63,-21.0,-109.55,0.404,-60.2,commodity
33-37,25,min 0-9,kalshi_with,exit14,160,-52.3,63,-15.1,-93.18,0.498,-52.3,commodity
33-37,25,min 0-9,kalshi_with,hold,160,-55.1,63,-20.7,-101.27,0.511,-55.1,commodity
33-37,25,min 0-9,none,exit10,243,-54.8,117,-41.1,-181.24,0.369,-54.8,commodity
33-37,25,min 0-9,none,exit12,243,-45.9,117,-33.1,-150.14,0.45,-45.9,commodity
33-37,25,min 0-9,none,exit14,243,-41.1,117,-37.6,-143.87,0.508,-41.1,commodity
33-37,25,min 0-9,none,hold,243,-38.8,117,-45.1,-146.94,0.528,-45.1,commodity
33-37,30,min 0-12,kalshi_against,exit10,238,-50.4,116,-41.6,-168.24,0.305,-50.4,commodity
33-37,30,min 0-12,kalshi_against,exit12,238,-39.1,116,-43.6,-143.67,0.376,-43.6,commodity
33-37,30,min 0-12,kalshi_against,exit14,238,-31.6,116,-55.8,-139.92,0.458,-55.8,commodity
33-37,30,min 0-12,kalshi_against,hold,238,-30.2,116,-65.7,-148.08,0.489,-65.7,commodity
33-37,30,min 0-12,kalshi_with,exit10,174,-67.2,73,-18.5,-130.39,0.255,-67.2,commodity
33-37,30,min 0-12,kalshi_with,exit12,174,-59.3,73,-21.7,-118.98,0.312,-59.3,commodity
33-37,30,min 0-12,kalshi_with,exit14,174,-53.7,73,-36.3,-119.92,0.417,-53.7,commodity
33-37,30,min 0-12,kalshi_with,hold,174,-51.6,73,-53.9,-129.18,0.462,-53.9,commodity
33-37,30,min 0-12,none,exit10,247,-56.7,121,-38.1,-186.27,0.299,-56.7,commodity
33-37,30,min 0-12,none,exit12,247,-45.4,121,-40.0,-160.51,0.372,-45.4,commodity
33-37,30,min 0-12,none,exit14,247,-40.0,121,-52.2,-161.99,0.448,-52.2,commodity
33-37,30,min 0-12,none,hold,247,-37.6,121,-61.7,-167.4,0.478,-61.7,commodity
33-37,30,min 0-3,kalshi_against,exit10,179,-51.6,84,-53.5,-137.3,0.331,-53.5,commodity
33-37,30,min 0-3,kalshi_against,exit12,179,-42.8,84,-46.2,-115.34,0.388,-46.2,commodity
33-37,30,min 0-3,kalshi_against,exit14,179,-25.1,84,-60.5,-95.78,0.471,-60.5,commodity
33-37,30,min 0-3,kalshi_against,hold,179,-25.9,84,-67.6,-103.2,0.502,-67.6,commodity
33-37,30,min 0-3,kalshi_with,exit10,52,-94.4,22,19.7,-44.75,0.297,-94.4,commodity
33-37,30,min 0-3,kalshi_with,exit12,52,-99.4,22,-12.9,-54.51,0.338,-99.4,commodity
33-37,30,min 0-3,kalshi_with,exit14,52,-83.8,22,-50.6,-54.7,0.405,-83.8,commodity
33-37,30,min 0-3,kalshi_with,hold,52,-93.7,22,-31.4,-55.64,0.432,-93.7,commodity
33-37,30,min 0-3,none,exit10,193,-56.8,92,-48.2,-153.99,0.326,-56.8,commodity
33-37,30,min 0-3,none,exit12,193,-46.4,92,-41.1,-127.4,0.382,-46.4,commodity
33-37,30,min 0-3,none,exit14,193,-29.8,92,-62.3,-114.92,0.46,-62.3,commodity
33-37,30,min 0-3,none,hold,193,-29.3,92,-69.7,-120.64,0.491,-69.7,commodity
33-37,30,min 0-6,kalshi_against,exit10,214,-45.4,108,-42.4,-142.97,0.326,-45.4,commodity
33-37,30,min 0-6,kalshi_against,exit12,214,-31.0,108,-31.2,-100.09,0.401,-31.2,commodity
33-37,30,min 0-6,kalshi_against,exit14,214,-20.5,108,-46.6,-94.32,0.478,-46.6,commodity
33-37,30,min 0-6,kalshi_against,hold,214,-23.8,108,-55.1,-110.54,0.503,-55.1,commodity
33-37,30,min 0-6,kalshi_with,exit10,126,-87.7,48,3.0,-109.1,0.253,-87.7,commodity
33-37,30,min 0-6,kalshi_with,exit12,126,-76.6,48,-5.7,-99.3,0.339,-76.6,commodity
33-37,30,min 0-6,kalshi_with,exit14,126,-77.9,48,-41.0,-117.91,0.402,-77.9,commodity
33-37,30,min 0-6,kalshi_with,hold,126,-81.1,48,-47.0,-124.72,0.431,-81.1,commodity
33-37,30,min 0-6,none,exit10,231,-53.2,112,-44.9,-173.24,0.318,-53.2,commodity
33-37,30,min 0-6,none,exit12,231,-40.8,112,-34.0,-132.33,0.391,-40.8,commodity
33-37,30,min 0-6,none,exit14,231,-32.7,112,-49.4,-130.9,0.464,-49.4,commodity
33-37,30,min 0-6,none,hold,231,-31.0,112,-57.6,-136.17,0.49,-57.6,commodity
33-37,30,min 0-9,kalshi_against,exit10,229,-50.4,112,-42.4,-162.99,0.311,-50.4,commodity
33-37,30,min 0-9,kalshi_against,exit12,229,-35.6,112,-37.2,-123.18,0.387,-37.2,commodity
33-37,30,min 0-9,kalshi_against,exit14,229,-27.7,112,-56.8,-127.12,0.463,-56.8,commodity
33-37,30,min 0-9,kalshi_against,hold,229,-25.1,112,-67.0,-132.45,0.493,-67.0,commodity
33-37,30,min 0-9,kalshi_with,exit10,160,-77.8,63,-16.7,-134.91,0.233,-77.8,commodity
33-37,30,min 0-9,kalshi_with,exit12,160,-65.0,63,-25.9,-120.29,0.327,-65.0,commodity
33-37,30,min 0-9,kalshi_with,exit14,160,-54.8,63,-40.2,-113.03,0.43,-54.8,commodity
33-37,30,min 0-9,kalshi_with,hold,160,-56.6,63,-49.9,-121.9,0.462,-56.6,commodity
33-37,30,min 0-9,none,exit10,243,-56.3,117,-45.3,-189.82,0.303,-56.3,commodity
33-37,30,min 0-9,none,exit12,243,-42.4,117,-41.3,-151.41,0.381,-42.4,commodity
33-37,30,min 0-9,none,exit14,243,-35.7,117,-56.1,-152.43,0.456,-56.1,commodity
33-37,30,min 0-9,none,hold,243,-32.0,117,-65.9,-154.83,0.486,-65.9,commodity
38-42,5,min 0-12,kalshi_against,exit10,231,-54.4,123,-52.7,-190.4,0.732,-54.4,commodity
38-42,5,min 0-12,kalshi_against,exit12,231,-56.6,123,-60.6,-205.15,0.751,-60.6,commodity
38-42,5,min 0-12,kalshi_against,exit14,231,-52.4,123,-65.4,-201.38,0.78,-65.4,commodity
38-42,5,min 0-12,kalshi_against,hold,231,-52.5,123,-66.9,-203.58,0.788,-66.9,commodity
38-42,5,min 0-12,kalshi_with,exit10,185,-56.1,92,-50.8,-150.56,0.711,-56.1,commodity
38-42,5,min 0-12,kalshi_with,exit12,185,-59.5,92,-52.9,-158.83,0.74,-59.5,commodity
38-42,5,min 0-12,kalshi_with,exit14,185,-62.6,92,-49.4,-161.23,0.769,-62.6,commodity
38-42,5,min 0-12,kalshi_with,hold,185,-62.2,92,-52.4,-163.38,0.783,-62.2,commodity
38-42,5,min 0-12,none,exit10,240,-48.4,136,-71.3,-213.27,0.734,-71.3,commodity
38-42,5,min 0-12,none,exit12,240,-52.7,136,-73.9,-226.96,0.753,-73.9,commodity
38-42,5,min 0-12,none,exit14,240,-53.1,136,-76.9,-232.02,0.769,-76.9,commodity
38-42,5,min 0-12,none,hold,240,-52.8,136,-79.6,-235.0,0.779,-79.6,commodity
38-42,5,min 0-3,kalshi_against,exit10,200,-54.2,104,-62.4,-173.34,0.73,-62.4,commodity
38-42,5,min 0-3,kalshi_against,exit12,200,-53.2,104,-67.6,-176.8,0.757,-67.6,commodity
38-42,5,min 0-3,kalshi_against,exit14,200,-52.8,104,-73.5,-181.96,0.77,-73.5,commodity
38-42,5,min 0-3,kalshi_against,hold,200,-51.9,104,-74.6,-181.45,0.78,-74.6,commodity
38-42,5,min 0-3,kalshi_with,exit10,77,-68.9,40,-56.2,-75.54,0.718,-68.9,commodity
38-42,5,min 0-3,kalshi_with,exit12,77,-80.8,40,-47.4,-81.19,0.726,-80.8,commodity
38-42,5,min 0-3,kalshi_with,exit14,77,-76.0,40,-41.2,-75.01,0.761,-76.0,commodity
38-42,5,min 0-3,kalshi_with,hold,77,-78.2,40,-45.0,-78.23,0.761,-78.2,commodity
38-42,5,min 0-3,none,exit10,217,-49.9,120,-78.4,-202.25,0.733,-78.4,commodity
38-42,5,min 0-3,none,exit12,217,-51.2,120,-77.2,-203.62,0.757,-77.2,commodity
38-42,5,min 0-3,none,exit14,217,-51.9,120,-80.2,-208.84,0.769,-80.2,commodity
38-42,5,min 0-3,none,hold,217,-51.2,120,-82.5,-210.04,0.777,-82.5,commodity
38-42,5,min 0-6,kalshi_against,exit10,217,-54.2,118,-55.5,-183.19,0.734,-55.5,commodity
38-42,5,min 0-6,kalshi_against,exit12,217,-53.8,118,-63.3,-191.44,0.761,-63.3,commodity
38-42,5,min 0-6,kalshi_against,exit14,217,-53.2,118,-68.8,-196.57,0.773,-68.8,commodity
38-42,5,min 0-6,kalshi_against,hold,217,-53.2,118,-70.4,-198.4,0.782,-70.4,commodity
38-42,5,min 0-6,kalshi_with,exit10,148,-67.1,71,-60.2,-142.13,0.699,-67.1,commodity
38-42,5,min 0-6,kalshi_with,exit12,148,-69.4,71,-57.3,-143.44,0.735,-69.4,commodity
38-42,5,min 0-6,kalshi_with,exit14,148,-72.0,71,-56.7,-146.82,0.758,-72.0,commodity
38-42,5,min 0-6,kalshi_with,hold,148,-73.1,71,-60.2,-150.9,0.763,-73.1,commodity
38-42,5,min 0-6,none,exit10,230,-48.4,132,-74.0,-208.9,0.738,-74.0,commodity
38-42,5,min 0-6,none,exit12,230,-50.6,132,-76.2,-216.94,0.76,-76.2,commodity
38-42,5,min 0-6,none,exit14,230,-50.9,132,-79.7,-222.24,0.771,-79.7,commodity
38-42,5,min 0-6,none,hold,230,-50.9,132,-82.5,-225.87,0.779,-82.5,commodity
38-42,5,min 0-9,kalshi_against,exit10,225,-54.6,120,-54.3,-188.06,0.733,-54.6,commodity
38-42,5,min 0-9,kalshi_against,exit12,225,-53.7,120,-62.0,-195.22,0.759,-62.0,commodity
38-42,5,min 0-9,kalshi_against,exit14,225,-52.3,120,-67.4,-198.46,0.777,-67.4,commodity
38-42,5,min 0-9,kalshi_against,hold,225,-52.4,120,-69.0,-200.66,0.786,-69.0,commodity
38-42,5,min 0-9,kalshi_with,exit10,174,-61.3,81,-51.6,-148.44,0.71,-61.3,commodity
38-42,5,min 0-9,kalshi_with,exit12,174,-64.5,81,-50.7,-153.27,0.745,-64.5,commodity
38-42,5,min 0-9,kalshi_with,exit14,174,-65.9,81,-45.8,-151.83,0.769,-65.9,commodity
38-42,5,min 0-9,kalshi_with,hold,174,-67.1,81,-48.9,-156.37,0.78,-67.1,commodity
38-42,5,min 0-9,none,exit10,238,-48.6,133,-73.3,-213.29,0.733,-73.3,commodity
38-42,5,min 0-9,none,exit12,238,-51.3,133,-75.6,-222.56,0.757,-75.6,commodity
38-42,5,min 0-9,none,exit14,238,-51.7,133,-79.0,-228.11,0.768,-79.0,commodity
38-42,5,min 0-9,none,hold,238,-51.4,133,-81.8,-231.09,0.779,-81.8,commodity
38-42,10,min 0-12,kalshi_against,exit10,231,-59.1,123,-59.8,-210.1,0.599,-59.8,commodity
38-42,10,min 0-12,kalshi_against,exit12,231,-57.9,123,-60.6,-208.13,0.638,-60.6,commodity
38-42,10,min 0-12,kalshi_against,exit14,231,-48.4,123,-65.1,-191.85,0.689,-65.1,commodity
38-42,10,min 0-12,kalshi_against,hold,231,-46.4,123,-67.9,-190.64,0.695,-67.9,commodity
38-42,10,min 0-12,kalshi_with,exit10,185,-50.0,92,-66.4,-153.62,0.592,-66.4,commodity
38-42,10,min 0-12,kalshi_with,exit12,185,-48.1,92,-71.4,-154.68,0.628,-71.4,commodity
38-42,10,min 0-12,kalshi_with,exit14,185,-47.0,92,-65.9,-147.52,0.686,-65.9,commodity
38-42,10,min 0-12,kalshi_with,hold,185,-44.9,92,-66.5,-144.24,0.7,-66.5,commodity
38-42,10,min 0-12,none,exit10,240,-50.9,136,-73.3,-221.87,0.606,-73.3,commodity
38-42,10,min 0-12,none,exit12,240,-52.8,136,-74.5,-228.06,0.638,-74.5,commodity
38-42,10,min 0-12,none,exit14,240,-46.2,136,-79.1,-218.41,0.676,-79.1,commodity
38-42,10,min 0-12,none,hold,240,-43.4,136,-80.2,-213.19,0.686,-80.2,commodity
38-42,10,min 0-3,kalshi_against,exit10,200,-57.2,104,-72.2,-189.52,0.605,-72.2,commodity
38-42,10,min 0-3,kalshi_against,exit12,200,-49.0,104,-70.3,-171.22,0.648,-70.3,commodity
38-42,10,min 0-3,kalshi_against,exit14,200,-44.1,104,-72.0,-163.1,0.684,-72.0,commodity
38-42,10,min 0-3,kalshi_against,hold,200,-40.8,104,-74.6,-159.09,0.691,-74.6,commodity
38-42,10,min 0-3,kalshi_with,exit10,77,-67.9,40,-66.5,-78.91,0.624,-67.9,commodity
38-42,10,min 0-3,kalshi_with,exit12,77,-77.3,40,-53.6,-80.91,0.632,-77.3,commodity
38-42,10,min 0-3,kalshi_with,exit14,77,-61.8,40,-47.1,-66.46,0.692,-61.8,commodity
38-42,10,min 0-3,kalshi_with,hold,77,-66.6,40,-40.8,-67.64,0.701,-66.6,commodity
38-42,10,min 0-3,none,exit10,217,-51.1,120,-81.6,-208.75,0.608,-81.6,commodity
38-42,10,min 0-3,none,exit12,217,-47.5,120,-78.6,-197.38,0.644,-78.6,commodity
38-42,10,min 0-3,none,exit14,217,-40.9,120,-80.0,-184.82,0.68,-80.0,commodity
38-42,10,min 0-3,none,hold,217,-37.7,120,-80.4,-178.43,0.688,-80.4,commodity
38-42,10,min 0-6,kalshi_against,exit10,217,-56.0,118,-58.5,-190.62,0.615,-58.5,commodity
38-42,10,min 0-6,kalshi_against,exit12,217,-51.5,118,-60.1,-182.56,0.657,-60.1,commodity
38-42,10,min 0-6,kalshi_against,exit14,217,-47.0,118,-61.9,-175.16,0.69,-61.9,commodity
38-42,10,min 0-6,kalshi_against,hold,217,-44.8,118,-64.8,-173.58,0.696,-64.8,commodity
38-42,10,min 0-6,kalshi_with,exit10,148,-55.8,71,-72.4,-133.96,0.603,-72.4,commodity
38-42,10,min 0-6,kalshi_with,exit12,148,-53.5,71,-69.0,-128.16,0.639,-69.0,commodity
38-42,10,min 0-6,kalshi_with,exit14,148,-45.4,71,-71.4,-117.8,0.689,-71.4,commodity
38-42,10,min 0-6,kalshi_with,hold,148,-44.1,71,-69.6,-114.71,0.694,-69.6,commodity
38-42,10,min 0-6,none,exit10,230,-48.8,132,-73.5,-209.15,0.616,-73.5,commodity
38-42,10,min 0-6,none,exit12,230,-48.8,132,-74.1,-209.9,0.649,-74.1,commodity
38-42,10,min 0-6,none,exit14,230,-42.5,132,-76.1,-198.17,0.682,-76.1,commodity
38-42,10,min 0-6,none,hold,230,-40.2,132,-77.2,-194.3,0.691,-77.2,commodity
38-42,10,min 0-9,kalshi_against,exit10,225,-60.0,120,-58.5,-205.15,0.603,-60.0,commodity
38-42,10,min 0-9,kalshi_against,exit12,225,-54.7,120,-62.2,-197.64,0.649,-62.2,commodity
38-42,10,min 0-9,kalshi_against,exit14,225,-49.3,120,-64.0,-187.81,0.687,-64.0,commodity
38-42,10,min 0-9,kalshi_against,hold,225,-47.3,120,-66.8,-186.6,0.693,-66.8,commodity
38-42,10,min 0-9,kalshi_with,exit10,174,-53.3,81,-67.3,-147.16,0.592,-67.3,commodity
38-42,10,min 0-9,kalshi_with,exit12,174,-52.6,81,-67.9,-146.59,0.639,-67.9,commodity
38-42,10,min 0-9,kalshi_with,exit14,174,-46.4,81,-62.9,-131.6,0.69,-62.9,commodity
38-42,10,min 0-9,kalshi_with,hold,174,-44.9,81,-62.9,-129.07,0.702,-62.9,commodity
38-42,10,min 0-9,none,exit10,238,-51.3,133,-72.9,-219.07,0.606,-72.9,commodity
38-42,10,min 0-9,none,exit12,238,-50.7,133,-76.8,-222.7,0.644,-76.8,commodity
38-42,10,min 0-9,none,exit14,238,-44.9,133,-78.8,-211.68,0.677,-78.8,commodity
38-42,10,min 0-9,none,hold,238,-42.1,133,-79.9,-206.46,0.687,-79.9,commodity
38-42,15,min 0-12,kalshi_against,exit10,231,-60.9,123,-44.9,-195.8,0.517,-60.9,commodity
38-42,15,min 0-12,kalshi_against,exit12,231,-57.8,123,-40.7,-183.51,0.576,-57.8,commodity
38-42,15,min 0-12,kalshi_against,exit14,231,-51.9,123,-38.1,-166.82,0.63,-51.9,commodity
38-42,15,min 0-12,kalshi_against,hold,231,-50.2,123,-39.4,-164.55,0.641,-50.2,commodity
38-42,15,min 0-12,kalshi_with,exit10,185,-61.9,92,-44.3,-155.37,0.491,-61.9,commodity
38-42,15,min 0-12,kalshi_with,exit12,185,-60.9,92,-51.7,-160.32,0.549,-60.9,commodity
38-42,15,min 0-12,kalshi_with,exit14,185,-63.5,92,-37.0,-151.61,0.61,-63.5,commodity
38-42,15,min 0-12,kalshi_with,hold,185,-64.4,92,-35.1,-151.5,0.628,-64.4,commodity
38-42,15,min 0-12,none,exit10,240,-55.3,136,-56.6,-209.54,0.527,-56.6,commodity
38-42,15,min 0-12,none,exit12,240,-55.8,136,-51.8,-204.42,0.58,-55.8,commodity
38-42,15,min 0-12,none,exit14,240,-53.1,136,-51.1,-196.8,0.617,-53.1,commodity
38-42,15,min 0-12,none,hold,240,-50.7,136,-50.4,-190.11,0.633,-50.7,commodity
38-42,15,min 0-3,kalshi_against,exit10,200,-60.8,104,-57.4,-181.38,0.52,-60.8,commodity
38-42,15,min 0-3,kalshi_against,exit12,200,-50.5,104,-47.3,-150.16,0.586,-50.5,commodity
38-42,15,min 0-3,kalshi_against,exit14,200,-48.1,104,-42.4,-140.33,0.625,-48.1,commodity
38-42,15,min 0-3,kalshi_against,hold,200,-44.4,104,-43.3,-133.87,0.638,-44.4,commodity
38-42,15,min 0-3,kalshi_with,exit10,77,-72.8,40,-35.9,-70.44,0.573,-72.8,commodity
38-42,15,min 0-3,kalshi_with,exit12,77,-81.9,40,-23.0,-72.21,0.581,-81.9,commodity
38-42,15,min 0-3,kalshi_with,exit14,77,-68.7,40,-15.0,-58.87,0.641,-68.7,commodity
38-42,15,min 0-3,kalshi_with,hold,77,-74.6,40,-7.5,-60.47,0.65,-74.6,commodity
38-42,15,min 0-3,none,exit10,217,-57.0,120,-68.1,-205.48,0.525,-68.1,commodity
38-42,15,min 0-3,none,exit12,217,-51.7,120,-58.0,-181.77,0.582,-58.0,commodity
38-42,15,min 0-3,none,exit14,217,-49.4,120,-53.7,-171.67,0.617,-53.7,commodity
38-42,15,min 0-3,none,hold,217,-46.3,120,-52.2,-163.07,0.632,-52.2,commodity
38-42,15,min 0-6,kalshi_against,exit10,217,-58.2,118,-44.2,-178.43,0.531,-58.2,commodity
38-42,15,min 0-6,kalshi_against,exit12,217,-52.4,118,-39.1,-159.94,0.594,-52.4,commodity
38-42,15,min 0-6,kalshi_against,exit14,217,-50.7,118,-35.4,-151.87,0.63,-50.7,commodity
38-42,15,min 0-6,kalshi_against,hold,217,-48.5,118,-36.8,-148.58,0.642,-48.5,commodity
38-42,15,min 0-6,kalshi_with,exit10,148,-76.5,71,-49.1,-148.06,0.498,-76.5,commodity
38-42,15,min 0-6,kalshi_with,exit12,148,-77.4,71,-43.9,-145.68,0.553,-77.4,commodity
38-42,15,min 0-6,kalshi_with,exit14,148,-74.4,71,-43.6,-141.02,0.603,-74.4,commodity
38-42,15,min 0-6,kalshi_with,hold,148,-77.5,71,-38.7,-142.2,0.612,-77.5,commodity
38-42,15,min 0-6,none,exit10,230,-53.4,132,-57.0,-198.13,0.536,-57.0,commodity
38-42,15,min 0-6,none,exit12,230,-52.5,132,-51.2,-188.37,0.588,-52.5,commodity
38-42,15,min 0-6,none,exit14,230,-50.6,132,-48.0,-179.77,0.622,-50.6,commodity
38-42,15,min 0-6,none,hold,230,-48.7,132,-47.3,-174.43,0.635,-48.7,commodity
38-42,15,min 0-9,kalshi_against,exit10,225,-62.0,120,-44.4,-192.86,0.519,-62.0,commodity
38-42,15,min 0-9,kalshi_against,exit12,225,-55.1,120,-41.8,-174.22,0.586,-55.1,commodity
38-42,15,min 0-9,kalshi_against,exit14,225,-51.9,120,-37.5,-161.82,0.629,-51.9,commodity
38-42,15,min 0-9,kalshi_against,hold,225,-49.9,120,-38.9,-158.9,0.641,-49.9,commodity
38-42,15,min 0-9,kalshi_with,exit10,174,-67.9,81,-51.8,-160.02,0.49,-67.9,commodity
38-42,15,min 0-9,kalshi_with,exit12,174,-68.3,81,-53.8,-162.44,0.557,-68.3,commodity
38-42,15,min 0-9,kalshi_with,exit14,174,-66.4,81,-39.7,-147.7,0.612,-66.4,commodity
38-42,15,min 0-9,kalshi_with,hold,174,-68.3,81,-36.8,-148.74,0.627,-68.3,commodity
38-42,15,min 0-9,none,exit10,238,-56.0,133,-56.6,-208.45,0.526,-56.6,commodity
38-42,15,min 0-9,none,exit12,238,-53.7,133,-54.1,-199.67,0.585,-54.1,commodity
38-42,15,min 0-9,none,exit14,238,-52.1,133,-50.9,-191.78,0.617,-52.1,commodity
38-42,15,min 0-9,none,hold,238,-49.7,133,-50.3,-185.09,0.633,-50.3,commodity
38-42,20,min 0-12,kalshi_against,exit10,231,-57.2,123,-35.8,-176.08,0.438,-57.2,commodity
38-42,20,min 0-12,kalshi_against,exit12,231,-53.6,123,-32.4,-163.73,0.503,-53.6,commodity
38-42,20,min 0-12,kalshi_against,exit14,231,-43.7,123,-28.7,-136.27,0.573,-43.7,commodity
38-42,20,min 0-12,kalshi_against,hold,231,-41.3,123,-35.8,-139.45,0.588,-41.3,commodity
38-42,20,min 0-12,kalshi_with,exit10,185,-71.4,92,-57.4,-184.97,0.383,-71.4,commodity
38-42,20,min 0-12,kalshi_with,exit12,185,-70.7,92,-56.0,-182.26,0.448,-70.7,commodity
38-42,20,min 0-12,kalshi_with,exit14,185,-65.2,92,-48.4,-165.25,0.542,-65.2,commodity
38-42,20,min 0-12,kalshi_with,hold,185,-67.3,92,-57.7,-177.48,0.56,-67.3,commodity
38-42,20,min 0-12,none,exit10,240,-58.2,136,-43.6,-198.96,0.439,-58.2,commodity
38-42,20,min 0-12,none,exit12,240,-52.4,136,-39.0,-178.92,0.503,-52.4,commodity
38-42,20,min 0-12,none,exit14,240,-42.3,136,-38.1,-153.32,0.564,-42.3,commodity
38-42,20,min 0-12,none,hold,240,-38.5,136,-42.6,-150.22,0.582,-42.6,commodity
38-42,20,min 0-3,kalshi_against,exit10,200,-53.6,104,-41.8,-150.7,0.454,-53.6,commodity
38-42,20,min 0-3,kalshi_against,exit12,200,-43.2,104,-31.3,-118.9,0.516,-43.2,commodity
38-42,20,min 0-3,kalshi_against,exit14,200,-33.1,104,-26.9,-94.18,0.579,-33.1,commodity
38-42,20,min 0-3,kalshi_against,hold,200,-27.7,104,-34.7,-91.5,0.595,-34.7,commodity
38-42,20,min 0-3,kalshi_with,exit10,77,-73.4,40,-36.4,-71.05,0.479,-73.4,commodity
38-42,20,min 0-3,kalshi_with,exit12,77,-75.4,40,-16.2,-64.54,0.521,-75.4,commodity
38-42,20,min 0-3,kalshi_with,exit14,77,-49.0,40,-12.6,-42.76,0.607,-49.0,commodity
38-42,20,min 0-3,kalshi_with,hold,77,-56.2,40,-4.5,-45.07,0.615,-56.2,commodity
38-42,20,min 0-3,none,exit10,217,-55.6,120,-51.4,-182.39,0.448,-55.6,commodity
38-42,20,min 0-3,none,exit12,217,-45.0,120,-41.7,-147.6,0.507,-45.0,commodity
38-42,20,min 0-3,none,exit14,217,-33.1,120,-37.9,-117.43,0.57,-37.9,commodity
38-42,20,min 0-3,none,hold,217,-28.4,120,-42.2,-112.39,0.588,-42.2,commodity
38-42,20,min 0-6,kalshi_against,exit10,217,-55.1,118,-36.1,-162.06,0.448,-55.1,commodity
38-42,20,min 0-6,kalshi_against,exit12,217,-46.9,118,-30.5,-137.82,0.519,-46.9,commodity
38-42,20,min 0-6,kalshi_against,exit14,217,-39.4,118,-27.4,-117.79,0.576,-39.4,commodity
38-42,20,min 0-6,kalshi_against,hold,217,-35.8,118,-34.8,-118.74,0.591,-35.8,commodity
38-42,20,min 0-6,kalshi_with,exit10,148,-82.0,71,-62.6,-165.89,0.397,-82.0,commodity
38-42,20,min 0-6,kalshi_with,exit12,148,-77.7,71,-52.5,-152.25,0.47,-77.7,commodity
38-42,20,min 0-6,kalshi_with,exit14,148,-65.4,71,-60.7,-139.92,0.548,-65.4,commodity
38-42,20,min 0-6,kalshi_with,hold,148,-70.0,71,-67.3,-151.34,0.553,-70.0,commodity
38-42,20,min 0-6,none,exit10,230,-56.9,132,-44.4,-189.38,0.445,-56.9,commodity
38-42,20,min 0-6,none,exit12,230,-47.7,132,-38.0,-159.92,0.511,-47.7,commodity
38-42,20,min 0-6,none,exit14,230,-37.9,132,-35.4,-134.0,0.569,-37.9,commodity
38-42,20,min 0-6,none,hold,230,-34.8,132,-39.9,-132.68,0.586,-39.9,commodity
38-42,20,min 0-9,kalshi_against,exit10,225,-58.8,120,-36.5,-175.98,0.438,-58.8,commodity
38-42,20,min 0-9,kalshi_against,exit12,225,-49.0,120,-33.3,-150.27,0.513,-49.0,commodity
38-42,20,min 0-9,kalshi_against,exit14,225,-41.9,120,-29.2,-129.28,0.574,-41.9,commodity
38-42,20,min 0-9,kalshi_against,hold,225,-39.0,120,-36.5,-131.63,0.588,-39.0,commodity
38-42,20,min 0-9,kalshi_with,exit10,174,-78.3,81,-62.9,-187.16,0.38,-78.3,commodity
38-42,20,min 0-9,kalshi_with,exit12,174,-76.4,81,-59.3,-180.85,0.463,-76.4,commodity
38-42,20,min 0-9,kalshi_with,exit14,174,-67.6,81,-51.4,-159.21,0.545,-67.6,commodity
38-42,20,min 0-9,kalshi_with,hold,174,-69.9,81,-58.7,-169.08,0.561,-69.9,commodity
38-42,20,min 0-9,none,exit10,238,-59.1,133,-44.0,-199.29,0.437,-59.1,commodity
38-42,20,min 0-9,none,exit12,238,-50.3,133,-41.1,-174.27,0.507,-50.3,commodity
38-42,20,min 0-9,none,exit14,238,-41.4,133,-38.4,-149.72,0.563,-41.4,commodity
38-42,20,min 0-9,none,hold,238,-37.6,133,-42.9,-146.62,0.582,-42.9,commodity
38-42,25,min 0-12,kalshi_against,exit10,231,-61.6,123,-33.3,-183.36,0.362,-61.6,commodity
38-42,25,min 0-12,kalshi_against,exit12,231,-56.1,123,-37.7,-175.96,0.429,-56.1,commodity
38-42,25,min 0-12,kalshi_against,exit14,231,-47.1,123,-33.2,-149.62,0.508,-47.1,commodity
38-42,25,min 0-12,kalshi_against,hold,231,-42.1,123,-38.0,-143.94,0.534,-42.1,commodity
38-42,25,min 0-12,kalshi_with,exit10,185,-76.8,92,-67.7,-204.42,0.3,-76.8,commodity
38-42,25,min 0-12,kalshi_with,exit12,185,-70.3,92,-72.3,-196.51,0.357,-72.3,commodity
38-42,25,min 0-12,kalshi_with,exit14,185,-60.8,92,-79.5,-185.68,0.466,-79.5,commodity
38-42,25,min 0-12,kalshi_with,hold,185,-60.0,92,-93.4,-196.93,0.502,-93.4,commodity
38-42,25,min 0-12,none,exit10,240,-62.9,136,-44.0,-210.85,0.364,-62.9,commodity
38-42,25,min 0-12,none,exit12,240,-56.2,136,-47.8,-200.05,0.426,-56.2,commodity
38-42,25,min 0-12,none,exit14,240,-44.0,136,-45.4,-167.16,0.503,-45.4,commodity
38-42,25,min 0-12,none,hold,240,-39.1,136,-47.3,-158.16,0.532,-47.3,commodity
38-42,25,min 0-3,kalshi_against,exit10,200,-60.1,104,-43.7,-165.62,0.375,-60.1,commodity
38-42,25,min 0-3,kalshi_against,exit12,200,-44.4,104,-42.2,-132.58,0.444,-44.4,commodity
38-42,25,min 0-3,kalshi_against,exit14,200,-32.9,104,-38.8,-106.14,0.516,-38.8,commodity
38-42,25,min 0-3,kalshi_against,hold,200,-27.4,104,-43.7,-100.27,0.543,-43.7,commodity
38-42,25,min 0-3,kalshi_with,exit10,77,-77.6,40,-56.2,-82.26,0.385,-77.6,commodity
38-42,25,min 0-3,kalshi_with,exit12,77,-78.8,40,-47.4,-79.67,0.436,-78.8,commodity
38-42,25,min 0-3,kalshi_with,exit14,77,-55.1,40,-60.5,-66.65,0.513,-60.5,commodity
38-42,25,min 0-3,kalshi_with,hold,77,-63.3,40,-54.4,-70.52,0.538,-63.3,commodity
38-42,25,min 0-3,none,exit10,217,-61.3,120,-56.5,-200.74,0.368,-61.3,commodity
38-42,25,min 0-3,none,exit12,217,-49.1,120,-54.0,-171.21,0.433,-54.0,commodity
38-42,25,min 0-3,none,exit14,217,-37.1,120,-51.1,-141.8,0.501,-51.1,commodity
38-42,25,min 0-3,none,hold,217,-31.4,120,-52.7,-131.27,0.531,-52.7,commodity
38-42,25,min 0-6,kalshi_against,exit10,217,-60.5,118,-34.4,-171.86,0.373,-60.5,commodity
38-42,25,min 0-6,kalshi_against,exit12,217,-46.8,118,-36.0,-144.04,0.451,-46.8,commodity
38-42,25,min 0-6,kalshi_against,exit14,217,-38.0,118,-33.5,-121.88,0.519,-38.0,commodity
38-42,25,min 0-6,kalshi_against,hold,217,-34.2,118,-38.5,-119.64,0.543,-38.5,commodity
38-42,25,min 0-6,kalshi_with,exit10,148,-89.6,71,-71.5,-183.34,0.311,-89.6,commodity
38-42,25,min 0-6,kalshi_with,exit12,148,-81.1,71,-69.2,-169.2,0.393,-81.1,commodity
38-42,25,min 0-6,kalshi_with,exit14,148,-67.7,71,-95.9,-168.27,0.466,-95.9,commodity
38-42,25,min 0-6,kalshi_with,hold,148,-69.5,71,-104.8,-177.23,0.493,-104.8,commodity
38-42,25,min 0-6,none,exit10,230,-61.6,132,-46.1,-202.51,0.37,-61.6,commodity
38-42,25,min 0-6,none,exit12,230,-50.5,132,-46.2,-177.09,0.439,-50.5,commodity
38-42,25,min 0-6,none,exit14,230,-40.5,132,-44.1,-151.52,0.506,-44.1,commodity
38-42,25,min 0-6,none,hold,230,-36.4,132,-46.2,-144.71,0.533,-46.2,commodity
38-42,25,min 0-9,kalshi_against,exit10,225,-65.3,120,-34.8,-188.57,0.362,-65.3,commodity
38-42,25,min 0-9,kalshi_against,exit12,225,-49.5,120,-38.8,-157.98,0.441,-49.5,commodity
38-42,25,min 0-9,kalshi_against,exit14,225,-42.0,120,-34.7,-136.12,0.513,-42.0,commodity
38-42,25,min 0-9,kalshi_against,hold,225,-39.1,120,-39.6,-135.5,0.539,-39.6,commodity
38-42,25,min 0-9,kalshi_with,exit10,174,-84.6,81,-70.8,-204.57,0.294,-84.6,commodity
38-42,25,min 0-9,kalshi_with,exit12,174,-76.3,81,-74.3,-192.99,0.38,-76.3,commodity
38-42,25,min 0-9,kalshi_with,exit14,174,-64.2,81,-84.4,-180.14,0.467,-84.4,commodity
38-42,25,min 0-9,kalshi_with,hold,174,-63.5,81,-95.5,-187.81,0.502,-95.5,commodity
38-42,25,min 0-9,none,exit10,238,-64.1,133,-45.7,-213.33,0.361,-64.1,commodity
38-42,25,min 0-9,none,exit12,238,-54.1,133,-49.2,-194.19,0.431,-54.1,commodity
38-42,25,min 0-9,none,exit14,238,-43.3,133,-47.1,-165.71,0.501,-47.1,commodity
38-42,25,min 0-9,none,hold,238,-38.4,133,-49.1,-156.71,0.531,-49.1,commodity
38-42,30,min 0-12,kalshi_against,exit10,231,-52.3,123,-30.1,-157.91,0.299,-52.3,commodity
38-42,30,min 0-12,kalshi_against,exit12,231,-44.6,123,-40.7,-153.13,0.373,-44.6,commodity
38-42,30,min 0-12,kalshi_against,exit14,231,-34.3,123,-38.2,-126.32,0.46,-38.2,commodity
38-42,30,min 0-12,kalshi_against,hold,231,-26.4,123,-48.5,-120.57,0.497,-48.5,commodity
38-42,30,min 0-12,kalshi_with,exit10,185,-71.9,92,-74.9,-201.89,0.238,-74.9,commodity
38-42,30,min 0-12,kalshi_with,exit12,185,-67.2,92,-79.6,-197.61,0.303,-79.6,commodity
38-42,30,min 0-12,kalshi_with,exit14,185,-57.2,92,-92.4,-190.88,0.415,-92.4,commodity
38-42,30,min 0-12,kalshi_with,hold,185,-48.2,92,-116.3,-196.09,0.466,-116.3,commodity
38-42,30,min 0-12,none,exit10,240,-54.2,136,-45.5,-192.04,0.295,-54.2,commodity
38-42,30,min 0-12,none,exit12,240,-44.5,136,-49.7,-174.35,0.372,-49.7,commodity
38-42,30,min 0-12,none,exit14,240,-30.5,136,-52.3,-144.19,0.455,-52.3,commodity
38-42,30,min 0-12,none,hold,240,-22.6,136,-61.1,-137.24,0.495,-61.1,commodity
38-42,30,min 0-3,kalshi_against,exit10,200,-47.2,104,-43.1,-139.15,0.306,-47.2,commodity
38-42,30,min 0-3,kalshi_against,exit12,200,-33.1,104,-48.9,-117.01,0.382,-48.9,commodity
38-42,30,min 0-3,kalshi_against,exit14,200,-20.7,104,-49.4,-92.76,0.464,-49.4,commodity
38-42,30,min 0-3,kalshi_against,hold,200,-8.6,104,-60.8,-80.38,0.503,-60.8,commodity
38-42,30,min 0-3,kalshi_with,exit10,77,-60.7,40,-66.1,-73.18,0.333,-66.1,commodity
38-42,30,min 0-3,kalshi_with,exit12,77,-60.6,40,-75.8,-76.95,0.393,-75.8,commodity
38-42,30,min 0-3,kalshi_with,exit14,77,-31.8,40,-106.1,-66.97,0.47,-106.1,commodity
38-42,30,min 0-3,kalshi_with,hold,77,-39.9,40,-114.9,-76.72,0.496,-114.9,commodity
38-42,30,min 0-3,none,exit10,217,-49.7,120,-55.0,-173.85,0.3,-55.0,commodity
38-42,30,min 0-3,none,exit12,217,-38.0,120,-58.5,-152.77,0.377,-58.5,commodity
38-42,30,min 0-3,none,exit14,217,-24.9,120,-59.1,-125.04,0.454,-59.1,commodity
38-42,30,min 0-3,none,hold,217,-13.2,120,-65.8,-107.49,0.496,-65.8,commodity
38-42,30,min 0-6,kalshi_against,exit10,217,-47.7,118,-31.3,-140.38,0.31,-47.7,commodity
38-42,30,min 0-6,kalshi_against,exit12,217,-34.7,118,-39.1,-121.52,0.391,-39.1,commodity
38-42,30,min 0-6,kalshi_against,exit14,217,-24.7,118,-39.5,-100.32,0.472,-39.5,commodity
38-42,30,min 0-6,kalshi_against,hold,217,-14.9,118,-50.2,-91.57,0.507,-50.2,commodity
38-42,30,min 0-6,kalshi_with,exit10,148,-84.1,71,-72.9,-176.24,0.256,-84.1,commodity
38-42,30,min 0-6,kalshi_with,exit12,148,-75.8,71,-79.4,-168.58,0.338,-79.4,commodity
38-42,30,min 0-6,kalshi_with,exit14,148,-63.1,71,-115.5,-175.37,0.42,-115.5,commodity
38-42,30,min 0-6,kalshi_with,hold,148,-58.7,71,-132.8,-181.22,0.457,-132.8,commodity
38-42,30,min 0-6,none,exit10,230,-49.7,132,-42.7,-170.82,0.304,-49.7,commodity
38-42,30,min 0-6,none,exit12,230,-38.7,132,-48.1,-152.52,0.384,-48.1,commodity
38-42,30,min 0-6,none,exit14,230,-27.5,132,-48.7,-127.4,0.461,-48.7,commodity
38-42,30,min 0-6,none,hold,230,-17.6,132,-55.4,-113.57,0.5,-55.4,commodity
38-42,30,min 0-9,kalshi_against,exit10,225,-52.9,120,-31.8,-157.09,0.301,-52.9,commodity
38-42,30,min 0-9,kalshi_against,exit12,225,-37.8,120,-41.8,-135.15,0.383,-41.8,commodity
38-42,30,min 0-9,kalshi_against,exit14,225,-28.9,120,-40.1,-113.23,0.467,-40.1,commodity
38-42,30,min 0-9,kalshi_against,hold,225,-20.2,120,-50.6,-106.1,0.504,-50.6,commodity
38-42,30,min 0-9,kalshi_with,exit10,174,-80.8,81,-72.1,-199.08,0.231,-80.8,commodity
38-42,30,min 0-9,kalshi_with,exit12,174,-73.8,81,-82.6,-195.22,0.322,-82.6,commodity
38-42,30,min 0-9,kalshi_with,exit14,174,-61.3,81,-96.2,-184.5,0.42,-96.2,commodity
38-42,30,min 0-9,kalshi_with,hold,174,-53.2,81,-114.7,-185.44,0.467,-114.7,commodity
38-42,30,min 0-9,none,exit10,238,-52.6,133,-42.4,-181.64,0.296,-52.6,commodity
38-42,30,min 0-9,none,exit12,238,-42.3,133,-51.1,-168.49,0.377,-51.1,commodity
38-42,30,min 0-9,none,exit14,238,-29.7,133,-51.6,-139.44,0.458,-51.6,commodity
38-42,30,min 0-9,none,hold,238,-19.1,133,-58.2,-122.91,0.499,-58.2,commodity
43-47,5,min 0-12,kalshi_against,exit10,218,-64.6,117,-59.2,-210.15,0.734,-64.6,commodity
43-47,5,min 0-12,kalshi_against,exit12,218,-63.8,117,-50.7,-198.45,0.761,-63.8,commodity
43-47,5,min 0-12,kalshi_against,exit14,218,-54.6,117,-46.9,-174.03,0.8,-54.6,commodity
43-47,5,min 0-12,kalshi_against,hold,218,-55.5,117,-49.9,-179.44,0.803,-55.5,commodity
43-47,5,min 0-12,kalshi_with,exit10,194,-58.6,104,-38.3,-153.43,0.715,-58.6,commodity
43-47,5,min 0-12,kalshi_with,exit12,194,-54.7,104,-36.4,-144.1,0.752,-54.7,commodity
43-47,5,min 0-12,kalshi_with,exit14,194,-48.2,104,-32.3,-127.05,0.789,-48.2,commodity
43-47,5,min 0-12,kalshi_with,hold,194,-49.9,104,-32.7,-130.78,0.795,-49.9,commodity
43-47,5,min 0-12,none,exit10,232,-63.7,137,-52.1,-219.01,0.715,-63.7,commodity
43-47,5,min 0-12,none,exit12,232,-62.0,137,-52.8,-216.04,0.743,-62.0,commodity
43-47,5,min 0-12,none,exit14,232,-57.1,137,-52.4,-204.35,0.77,-57.1,commodity
43-47,5,min 0-12,none,hold,232,-56.9,137,-54.5,-206.6,0.775,-56.9,commodity
43-47,5,min 0-3,kalshi_against,exit10,186,-66.7,104,-60.8,-187.21,0.734,-66.7,commodity
43-47,5,min 0-3,kalshi_against,exit12,186,-62.0,104,-57.1,-174.67,0.759,-62.0,commodity
43-47,5,min 0-3,kalshi_against,exit14,186,-57.7,104,-53.1,-162.52,0.786,-57.7,commodity
43-47,5,min 0-3,kalshi_against,hold,186,-58.6,104,-55.0,-166.16,0.79,-58.6,commodity
43-47,5,min 0-3,kalshi_with,exit10,127,-52.1,75,-46.8,-101.35,0.743,-52.1,commodity
43-47,5,min 0-3,kalshi_with,exit12,127,-45.6,75,-39.9,-87.85,0.767,-45.6,commodity
43-47,5,min 0-3,kalshi_with,exit14,127,-42.3,75,-35.5,-80.34,0.797,-42.3,commodity
43-47,5,min 0-3,kalshi_with,hold,127,-45.1,75,-37.1,-85.06,0.797,-45.1,commodity
43-47,5,min 0-3,none,exit10,215,-66.6,131,-48.1,-206.23,0.72,-66.6,commodity
43-47,5,min 0-3,none,exit12,215,-61.1,131,-46.5,-192.42,0.749,-61.1,commodity
43-47,5,min 0-3,none,exit14,215,-59.4,131,-45.2,-186.84,0.772,-59.4,commodity
43-47,5,min 0-3,none,hold,215,-60.1,131,-46.9,-190.73,0.775,-60.1,commodity
43-47,5,min 0-6,kalshi_against,exit10,200,-67.1,113,-55.4,-196.79,0.741,-67.1,commodity
43-47,5,min 0-6,kalshi_against,exit12,200,-64.4,113,-50.4,-185.81,0.767,-64.4,commodity
43-47,5,min 0-6,kalshi_against,exit14,200,-60.5,113,-46.7,-173.75,0.792,-60.5,commodity
43-47,5,min 0-6,kalshi_against,hold,200,-61.3,113,-48.5,-177.39,0.796,-61.3,commodity
43-47,5,min 0-6,kalshi_with,exit10,172,-56.6,98,-36.3,-133.03,0.733,-56.6,commodity
43-47,5,min 0-6,kalshi_with,exit12,172,-50.7,98,-32.5,-119.02,0.759,-50.7,commodity
43-47,5,min 0-6,kalshi_with,exit14,172,-47.4,98,-26.8,-107.81,0.793,-47.4,commodity
43-47,5,min 0-6,kalshi_with,hold,172,-50.5,98,-26.7,-113.0,0.796,-50.5,commodity
43-47,5,min 0-6,none,exit10,225,-63.9,134,-49.3,-210.0,0.721,-63.9,commodity
43-47,5,min 0-6,none,exit12,225,-60.2,134,-48.7,-200.65,0.749,-60.2,commodity
43-47,5,min 0-6,none,exit14,225,-59.2,134,-47.4,-196.67,0.772,-59.2,commodity
43-47,5,min 0-6,none,hold,225,-59.9,134,-49.1,-200.56,0.774,-59.9,commodity
43-47,5,min 0-9,kalshi_against,exit10,212,-64.6,114,-54.7,-199.4,0.742,-64.6,commodity
43-47,5,min 0-9,kalshi_against,exit12,212,-61.6,114,-49.7,-187.21,0.77,-61.6,commodity
43-47,5,min 0-9,kalshi_against,exit14,212,-54.9,114,-46.1,-168.92,0.801,-54.9,commodity
43-47,5,min 0-9,kalshi_against,hold,212,-55.7,114,-47.8,-172.56,0.804,-55.7,commodity
43-47,5,min 0-9,kalshi_with,exit10,190,-61.4,100,-34.8,-151.56,0.714,-61.4,commodity
43-47,5,min 0-9,kalshi_with,exit12,190,-57.5,100,-31.1,-140.37,0.752,-57.5,commodity
43-47,5,min 0-9,kalshi_with,exit14,190,-50.8,100,-25.5,-122.09,0.79,-50.8,commodity
43-47,5,min 0-9,kalshi_with,hold,190,-52.6,100,-25.4,-125.28,0.797,-52.6,commodity
43-47,5,min 0-9,none,exit10,231,-64.1,134,-49.3,-214.16,0.718,-64.1,commodity
43-47,5,min 0-9,none,exit12,231,-62.4,134,-48.7,-209.33,0.745,-62.4,commodity
43-47,5,min 0-9,none,exit14,231,-57.5,134,-47.4,-196.41,0.773,-57.5,commodity
43-47,5,min 0-9,none,hold,231,-57.3,134,-49.1,-198.12,0.778,-57.3,commodity
43-47,10,min 0-12,kalshi_against,exit10,218,-65.2,117,-52.6,-203.6,0.609,-65.2,commodity
43-47,10,min 0-12,kalshi_against,exit12,218,-66.0,117,-36.0,-185.93,0.663,-66.0,commodity
43-47,10,min 0-12,kalshi_against,exit14,218,-58.5,117,-27.3,-159.37,0.713,-58.5,commodity
43-47,10,min 0-12,kalshi_against,hold,218,-60.9,117,-30.9,-168.85,0.719,-60.9,commodity
43-47,10,min 0-12,kalshi_with,exit10,194,-72.8,104,-13.5,-155.27,0.597,-72.8,commodity
43-47,10,min 0-12,kalshi_with,exit12,194,-69.9,104,-9.9,-145.83,0.658,-69.9,commodity
43-47,10,min 0-12,kalshi_with,exit14,194,-68.5,104,-3.1,-136.09,0.698,-68.5,commodity
43-47,10,min 0-12,kalshi_with,hold,194,-72.9,104,-2.6,-144.15,0.711,-72.9,commodity
43-47,10,min 0-12,none,exit10,232,-66.8,137,-46.7,-218.85,0.612,-66.8,commodity
43-47,10,min 0-12,none,exit12,232,-67.0,137,-42.3,-213.46,0.656,-67.0,commodity
43-47,10,min 0-12,none,exit14,232,-63.3,137,-43.4,-206.28,0.686,-63.3,commodity
43-47,10,min 0-12,none,hold,232,-64.8,137,-42.7,-208.87,0.696,-64.8,commodity
43-47,10,min 0-3,kalshi_against,exit10,186,-66.6,104,-56.7,-182.8,0.621,-66.6,commodity
43-47,10,min 0-3,kalshi_against,exit12,186,-63.2,104,-44.2,-163.56,0.659,-63.2,commodity
43-47,10,min 0-3,kalshi_against,exit14,186,-60.3,104,-36.1,-149.71,0.697,-60.3,commodity
43-47,10,min 0-3,kalshi_against,hold,186,-62.8,104,-38.8,-157.15,0.703,-62.8,commodity
43-47,10,min 0-3,kalshi_with,exit10,127,-56.1,75,-23.3,-88.67,0.649,-56.1,commodity
43-47,10,min 0-3,kalshi_with,exit12,127,-55.4,75,-16.1,-82.38,0.688,-55.4,commodity
43-47,10,min 0-3,kalshi_with,exit14,127,-52.3,75,-10.9,-74.62,0.723,-52.3,commodity
43-47,10,min 0-3,kalshi_with,hold,127,-60.6,75,-4.0,-79.99,0.733,-60.6,commodity
43-47,10,min 0-3,none,exit10,215,-71.0,131,-43.9,-210.09,0.616,-71.0,commodity
43-47,10,min 0-3,none,exit12,215,-66.2,131,-37.0,-190.83,0.659,-66.2,commodity
43-47,10,min 0-3,none,exit14,215,-63.9,131,-37.2,-186.19,0.688,-63.9,commodity
43-47,10,min 0-3,none,hold,215,-66.3,131,-36.0,-189.77,0.697,-66.3,commodity
43-47,10,min 0-6,kalshi_against,exit10,200,-64.8,113,-48.8,-184.66,0.633,-64.8,commodity
43-47,10,min 0-6,kalshi_against,exit12,200,-65.3,113,-35.9,-171.21,0.668,-65.3,commodity
43-47,10,min 0-6,kalshi_against,exit14,200,-62.6,113,-27.8,-156.65,0.706,-62.6,commodity
43-47,10,min 0-6,kalshi_against,hold,200,-65.0,113,-30.2,-164.09,0.712,-65.0,commodity
43-47,10,min 0-6,kalshi_with,exit10,172,-71.8,98,-16.4,-139.56,0.615,-71.8,commodity
43-47,10,min 0-6,kalshi_with,exit12,172,-67.7,98,-10.6,-126.9,0.663,-67.7,commodity
43-47,10,min 0-6,kalshi_with,exit14,172,-68.2,98,-2.2,-119.52,0.704,-68.2,commodity
43-47,10,min 0-6,kalshi_with,hold,172,-73.9,98,-1.1,-128.21,0.715,-73.9,commodity
43-47,10,min 0-6,none,exit10,225,-67.9,134,-44.1,-211.84,0.616,-67.9,commodity
43-47,10,min 0-6,none,exit12,225,-66.1,134,-38.3,-200.07,0.66,-66.1,commodity
43-47,10,min 0-6,none,exit14,225,-64.6,134,-38.5,-197.03,0.688,-64.6,commodity
43-47,10,min 0-6,none,hold,225,-66.9,134,-37.4,-200.61,0.696,-66.9,commodity
43-47,10,min 0-9,kalshi_against,exit10,212,-64.8,114,-48.0,-192.15,0.62,-64.8,commodity
43-47,10,min 0-9,kalshi_against,exit12,212,-63.2,114,-34.6,-173.45,0.672,-63.2,commodity
43-47,10,min 0-9,kalshi_against,exit14,212,-57.4,114,-26.5,-151.93,0.715,-57.4,commodity
43-47,10,min 0-9,kalshi_against,hold,212,-59.6,114,-28.9,-159.37,0.721,-59.6,commodity
43-47,10,min 0-9,kalshi_with,exit10,190,-75.9,100,-14.5,-158.78,0.6,-75.9,commodity
43-47,10,min 0-9,kalshi_with,exit12,190,-73.5,100,-8.8,-148.48,0.659,-73.5,commodity
43-47,10,min 0-9,kalshi_with,exit14,190,-72.1,100,-0.6,-137.51,0.7,-72.1,commodity
43-47,10,min 0-9,kalshi_with,hold,190,-76.6,100,0.5,-145.03,0.714,-76.6,commodity
43-47,10,min 0-9,none,exit10,231,-67.4,134,-44.1,-214.9,0.614,-67.4,commodity
43-47,10,min 0-9,none,exit12,231,-67.7,134,-38.3,-207.65,0.658,-67.7,commodity
43-47,10,min 0-9,none,exit14,231,-63.9,134,-38.5,-199.24,0.688,-63.9,commodity
43-47,10,min 0-9,none,hold,231,-65.5,134,-37.4,-201.29,0.699,-65.5,commodity
43-47,15,min 0-12,kalshi_against,exit10,218,-68.0,117,-66.5,-226.02,0.499,-68.0,commodity
43-47,15,min 0-12,kalshi_against,exit12,218,-68.9,117,-41.9,-199.14,0.57,-68.9,commodity
43-47,15,min 0-12,kalshi_against,exit14,218,-60.8,117,-34.3,-172.69,0.633,-60.8,commodity
43-47,15,min 0-12,kalshi_against,hold,218,-64.7,117,-40.7,-188.8,0.642,-64.7,commodity
43-47,15,min 0-12,kalshi_with,exit10,194,-79.1,104,-7.5,-161.19,0.477,-79.1,commodity
43-47,15,min 0-12,kalshi_with,exit12,194,-67.2,104,-4.1,-134.58,0.56,-67.2,commodity
43-47,15,min 0-12,kalshi_with,exit14,194,-57.4,104,-3.2,-114.63,0.628,-57.4,commodity
43-47,15,min 0-12,kalshi_with,hold,194,-61.4,104,-11.6,-131.2,0.644,-61.4,commodity
43-47,15,min 0-12,none,exit10,232,-70.1,137,-50.2,-231.57,0.493,-70.1,commodity
43-47,15,min 0-12,none,exit12,232,-67.3,137,-48.9,-223.08,0.55,-67.3,commodity
43-47,15,min 0-12,none,exit14,232,-56.7,137,-52.2,-203.0,0.604,-56.7,commodity
43-47,15,min 0-12,none,hold,232,-57.7,137,-53.6,-207.35,0.621,-57.7,commodity
43-47,15,min 0-3,kalshi_against,exit10,186,-68.8,104,-71.6,-202.46,0.51,-71.6,commodity
43-47,15,min 0-3,kalshi_against,exit12,186,-67.9,104,-50.5,-178.76,0.562,-67.9,commodity
43-47,15,min 0-3,kalshi_against,exit14,186,-62.9,104,-44.0,-162.73,0.617,-62.9,commodity
43-47,15,min 0-3,kalshi_against,hold,186,-64.8,104,-49.9,-172.43,0.628,-64.8,commodity
43-47,15,min 0-3,kalshi_with,exit10,127,-63.5,75,-0.7,-81.15,0.535,-63.5,commodity
43-47,15,min 0-3,kalshi_with,exit12,127,-54.2,75,7.2,-63.39,0.594,-54.2,commodity
43-47,15,min 0-3,kalshi_with,exit14,127,-38.5,75,12.0,-39.9,0.658,-38.5,commodity
43-47,15,min 0-3,kalshi_with,hold,127,-46.9,75,10.6,-51.67,0.673,-46.9,commodity
43-47,15,min 0-3,none,exit10,215,-73.9,131,-48.6,-222.66,0.497,-73.9,commodity
43-47,15,min 0-3,none,exit12,215,-66.6,131,-44.5,-201.4,0.555,-66.6,commodity
43-47,15,min 0-3,none,exit14,215,-57.3,131,-47.4,-185.28,0.604,-57.3,commodity
43-47,15,min 0-3,none,hold,215,-59.2,131,-48.4,-190.77,0.618,-59.2,commodity
43-47,15,min 0-6,kalshi_against,exit10,200,-66.1,113,-63.2,-203.5,0.518,-66.1,commodity
43-47,15,min 0-6,kalshi_against,exit12,200,-69.0,113,-42.7,-186.25,0.572,-69.0,commodity
43-47,15,min 0-6,kalshi_against,exit14,200,-64.9,113,-35.6,-170.02,0.626,-64.9,commodity
43-47,15,min 0-6,kalshi_against,hold,200,-66.7,113,-41.0,-179.72,0.636,-66.7,commodity
43-47,15,min 0-6,kalshi_with,exit10,172,-79.6,98,-10.8,-147.47,0.493,-79.6,commodity
43-47,15,min 0-6,kalshi_with,exit12,172,-63.7,98,-6.0,-115.43,0.567,-63.7,commodity
43-47,15,min 0-6,kalshi_with,exit14,172,-53.3,98,-4.3,-95.91,0.633,-53.3,commodity
43-47,15,min 0-6,kalshi_with,hold,172,-58.6,98,-12.6,-113.08,0.648,-58.6,commodity
43-47,15,min 0-6,none,exit10,225,-71.0,134,-48.3,-224.3,0.499,-71.0,commodity
43-47,15,min 0-6,none,exit12,225,-66.0,134,-45.1,-208.85,0.557,-66.0,commodity
43-47,15,min 0-6,none,exit14,225,-56.6,134,-48.0,-191.64,0.607,-56.6,commodity
43-47,15,min 0-6,none,hold,225,-58.4,134,-49.0,-197.13,0.621,-58.4,commodity
43-47,15,min 0-9,kalshi_against,exit10,212,-65.4,114,-62.2,-209.66,0.509,-65.4,commodity
43-47,15,min 0-9,kalshi_against,exit12,212,-66.3,114,-41.3,-187.68,0.577,-66.3,commodity
43-47,15,min 0-9,kalshi_against,exit14,212,-59.2,114,-34.3,-164.7,0.635,-59.2,commodity
43-47,15,min 0-9,kalshi_against,hold,212,-61.4,114,-39.6,-175.43,0.644,-61.4,commodity
43-47,15,min 0-9,kalshi_with,exit10,190,-82.9,100,-8.8,-166.33,0.476,-82.9,commodity
43-47,15,min 0-9,kalshi_with,exit12,190,-71.6,100,-3.0,-138.96,0.562,-71.6,commodity
43-47,15,min 0-9,kalshi_with,exit14,190,-61.6,100,-1.3,-118.29,0.628,-61.6,commodity
43-47,15,min 0-9,kalshi_with,hold,190,-65.7,100,-9.4,-134.32,0.645,-65.7,commodity
43-47,15,min 0-9,none,exit10,231,-71.1,134,-48.3,-228.84,0.493,-71.1,commodity
43-47,15,min 0-9,none,exit12,231,-68.2,134,-45.1,-217.98,0.553,-68.2,commodity
43-47,15,min 0-9,none,exit14,231,-57.5,134,-48.0,-197.18,0.605,-57.5,commodity
43-47,15,min 0-9,none,hold,231,-58.6,134,-49.0,-200.99,0.622,-58.6,commodity
43-47,20,min 0-12,kalshi_against,exit10,218,-63.5,117,-83.2,-235.71,0.415,-83.2,commodity
43-47,20,min 0-12,kalshi_against,exit12,218,-52.5,117,-62.8,-187.94,0.493,-62.8,commodity
43-47,20,min 0-12,kalshi_against,exit14,218,-44.4,117,-49.9,-155.15,0.567,-49.9,commodity
43-47,20,min 0-12,kalshi_against,hold,218,-45.7,117,-54.6,-163.39,0.588,-54.6,commodity
43-47,20,min 0-12,kalshi_with,exit10,194,-86.7,104,-13.9,-182.59,0.386,-86.7,commodity
43-47,20,min 0-12,kalshi_with,exit12,194,-70.5,104,-14.6,-152.02,0.473,-70.5,commodity
43-47,20,min 0-12,kalshi_with,exit14,194,-55.0,104,-16.2,-123.58,0.56,-55.0,commodity
43-47,20,min 0-12,kalshi_with,hold,194,-56.5,104,-26.8,-137.59,0.594,-56.5,commodity
43-47,20,min 0-12,none,exit10,232,-73.2,137,-61.2,-253.57,0.409,-73.2,commodity
43-47,20,min 0-12,none,exit12,232,-65.9,137,-65.8,-242.9,0.469,-65.9,commodity
43-47,20,min 0-12,none,exit14,232,-52.2,137,-64.7,-209.75,0.539,-64.7,commodity
43-47,20,min 0-12,none,hold,232,-52.1,137,-64.6,-209.38,0.566,-64.6,commodity
43-47,20,min 0-3,kalshi_against,exit10,186,-64.2,104,-90.7,-213.74,0.434,-90.7,commodity
43-47,20,min 0-3,kalshi_against,exit12,186,-51.4,104,-76.3,-174.88,0.486,-76.3,commodity
43-47,20,min 0-3,kalshi_against,exit14,186,-45.2,104,-66.5,-153.2,0.552,-66.5,commodity
43-47,20,min 0-3,kalshi_against,hold,186,-43.1,104,-70.4,-153.33,0.576,-70.4,commodity
43-47,20,min 0-3,kalshi_with,exit10,127,-72.7,75,-14.1,-102.89,0.431,-72.7,commodity
43-47,20,min 0-3,kalshi_with,exit12,127,-63.0,75,-12.0,-88.98,0.5,-63.0,commodity
43-47,20,min 0-3,kalshi_with,exit14,127,-45.0,75,-5.4,-61.17,0.584,-45.0,commodity
43-47,20,min 0-3,kalshi_with,hold,127,-55.6,75,-9.5,-77.7,0.604,-55.6,commodity
43-47,20,min 0-3,none,exit10,215,-77.2,131,-61.0,-246.01,0.413,-77.2,commodity
43-47,20,min 0-3,none,exit12,215,-64.6,131,-62.9,-221.34,0.474,-64.6,commodity
43-47,20,min 0-3,none,exit14,215,-53.7,131,-61.5,-196.04,0.538,-61.5,commodity
43-47,20,min 0-3,none,hold,215,-55.7,131,-60.9,-199.56,0.561,-60.9,commodity
43-47,20,min 0-6,kalshi_against,exit10,200,-61.7,113,-80.5,-214.37,0.441,-80.5,commodity
43-47,20,min 0-6,kalshi_against,exit12,200,-51.8,113,-65.1,-177.24,0.498,-65.1,commodity
43-47,20,min 0-6,kalshi_against,exit14,200,-46.6,113,-53.1,-153.13,0.565,-53.1,commodity
43-47,20,min 0-6,kalshi_against,hold,200,-44.6,113,-56.6,-153.26,0.588,-56.6,commodity
43-47,20,min 0-6,kalshi_with,exit10,172,-88.4,98,-18.3,-170.02,0.4,-88.4,commodity
43-47,20,min 0-6,kalshi_with,exit12,172,-68.1,98,-17.5,-134.32,0.485,-68.1,commodity
43-47,20,min 0-6,kalshi_with,exit14,172,-54.3,98,-19.2,-112.13,0.563,-54.3,commodity
43-47,20,min 0-6,kalshi_with,hold,172,-56.9,98,-29.9,-127.15,0.593,-56.9,commodity
43-47,20,min 0-6,none,exit10,225,-73.9,134,-59.6,-246.11,0.415,-73.9,commodity
43-47,20,min 0-6,none,exit12,225,-63.2,134,-62.3,-225.83,0.476,-63.2,commodity
43-47,20,min 0-6,none,exit14,225,-52.7,134,-61.0,-200.34,0.54,-61.0,commodity
43-47,20,min 0-6,none,hold,225,-53.6,134,-60.4,-201.52,0.565,-60.4,commodity
43-47,20,min 0-9,kalshi_against,exit10,212,-62.6,114,-79.4,-223.22,0.426,-79.4,commodity
43-47,20,min 0-9,kalshi_against,exit12,212,-49.5,114,-63.0,-176.69,0.5,-63.0,commodity
43-47,20,min 0-9,kalshi_against,exit14,212,-41.3,114,-51.1,-145.77,0.574,-51.1,commodity
43-47,20,min 0-9,kalshi_against,hold,212,-41.2,114,-54.6,-149.49,0.595,-54.6,commodity
43-47,20,min 0-9,kalshi_with,exit10,190,-91.1,100,-15.8,-188.96,0.383,-91.1,commodity
43-47,20,min 0-9,kalshi_with,exit12,190,-75.5,100,-13.8,-157.22,0.476,-75.5,commodity
43-47,20,min 0-9,kalshi_with,exit14,190,-59.8,100,-15.1,-128.78,0.562,-59.8,commodity
43-47,20,min 0-9,kalshi_with,hold,190,-61.4,100,-25.6,-142.25,0.593,-61.4,commodity
43-47,20,min 0-9,none,exit10,231,-74.3,134,-59.6,-251.56,0.408,-74.3,commodity
43-47,20,min 0-9,none,exit12,231,-67.0,134,-62.3,-238.21,0.471,-67.0,commodity
43-47,20,min 0-9,none,exit14,231,-53.2,134,-61.0,-204.65,0.54,-61.0,commodity
43-47,20,min 0-9,none,hold,231,-53.1,134,-60.4,-203.74,0.567,-60.4,commodity
43-47,25,min 0-12,kalshi_against,exit10,218,-56.4,117,-82.5,-219.56,0.355,-82.5,commodity
43-47,25,min 0-12,kalshi_against,exit12,218,-44.7,117,-57.9,-165.26,0.436,-57.9,commodity
43-47,25,min 0-12,kalshi_against,exit14,218,-37.3,117,-44.8,-133.75,0.522,-44.8,commodity
43-47,25,min 0-12,kalshi_against,hold,218,-35.9,117,-52.4,-139.57,0.552,-52.4,commodity
43-47,25,min 0-12,kalshi_with,exit10,194,-79.7,104,-11.2,-166.22,0.312,-79.7,commodity
43-47,25,min 0-12,kalshi_with,exit12,194,-64.9,104,-14.0,-140.43,0.406,-64.9,commodity
43-47,25,min 0-12,kalshi_with,exit14,194,-47.4,104,-15.7,-108.24,0.513,-47.4,commodity
43-47,25,min 0-12,kalshi_with,hold,194,-41.4,104,-32.1,-113.63,0.56,-41.4,commodity
43-47,25,min 0-12,none,exit10,232,-67.3,137,-54.1,-230.31,0.344,-67.3,commodity
43-47,25,min 0-12,none,exit12,232,-59.9,137,-61.6,-223.22,0.412,-61.6,commodity
43-47,25,min 0-12,none,exit14,232,-45.4,137,-62.6,-191.21,0.496,-62.6,commodity
43-47,25,min 0-12,none,hold,232,-40.2,137,-66.9,-184.88,0.531,-66.9,commodity
43-47,25,min 0-3,kalshi_against,exit10,186,-57.4,104,-89.4,-199.77,0.372,-89.4,commodity
43-47,25,min 0-3,kalshi_against,exit12,186,-46.2,104,-73.8,-162.63,0.424,-73.8,commodity
43-47,25,min 0-3,kalshi_against,exit14,186,-41.4,104,-65.7,-145.29,0.503,-65.7,commodity
43-47,25,min 0-3,kalshi_against,hold,186,-32.7,104,-72.9,-136.56,0.538,-72.9,commodity
43-47,25,min 0-3,kalshi_with,exit10,127,-67.8,75,-11.0,-94.31,0.361,-67.8,commodity
43-47,25,min 0-3,kalshi_with,exit12,127,-59.5,75,-12.4,-84.81,0.441,-59.5,commodity
43-47,25,min 0-3,kalshi_with,exit14,127,-43.1,75,-5.9,-59.25,0.53,-43.1,commodity
43-47,25,min 0-3,kalshi_with,hold,127,-53.4,75,-17.7,-81.11,0.559,-53.4,commodity
43-47,25,min 0-3,none,exit10,215,-72.4,131,-54.7,-227.35,0.35,-72.4,commodity
43-47,25,min 0-3,none,exit12,215,-59.9,131,-59.3,-206.47,0.416,-59.9,commodity
43-47,25,min 0-3,none,exit14,215,-49.5,131,-60.6,-185.78,0.491,-60.6,commodity
43-47,25,min 0-3,none,hold,215,-46.1,131,-64.7,-183.85,0.523,-64.7,commodity
43-47,25,min 0-6,kalshi_against,exit10,200,-53.8,113,-79.7,-197.61,0.38,-79.7,commodity
43-47,25,min 0-6,kalshi_against,exit12,200,-44.7,113,-60.8,-158.04,0.441,-60.8,commodity
43-47,25,min 0-6,kalshi_against,exit14,200,-40.8,113,-48.9,-136.84,0.521,-48.9,commodity
43-47,25,min 0-6,kalshi_against,hold,200,-32.7,113,-55.6,-128.11,0.553,-55.6,commodity
43-47,25,min 0-6,kalshi_with,exit10,172,-82.0,98,-16.8,-157.53,0.322,-82.0,commodity
43-47,25,min 0-6,kalshi_with,exit12,172,-61.0,98,-17.4,-122.06,0.422,-61.0,commodity
43-47,25,min 0-6,kalshi_with,exit14,172,-48.6,98,-20.6,-103.74,0.515,-48.6,commodity
43-47,25,min 0-6,kalshi_with,hold,172,-44.8,98,-37.4,-113.62,0.556,-44.8,commodity
43-47,25,min 0-6,none,exit10,225,-68.3,134,-52.9,-224.69,0.348,-68.3,commodity
43-47,25,min 0-6,none,exit12,225,-57.4,134,-58.0,-206.97,0.421,-58.0,commodity
43-47,25,min 0-6,none,exit14,225,-47.2,134,-59.4,-185.68,0.496,-59.4,commodity
43-47,25,min 0-6,none,hold,225,-42.9,134,-63.3,-181.41,0.529,-63.3,commodity
43-47,25,min 0-9,kalshi_against,exit10,212,-55.4,114,-78.6,-207.07,0.365,-78.6,commodity
43-47,25,min 0-9,kalshi_against,exit12,212,-41.7,114,-58.4,-155.03,0.445,-58.4,commodity
43-47,25,min 0-9,kalshi_against,exit14,212,-34.3,114,-46.7,-125.9,0.528,-46.7,commodity
43-47,25,min 0-9,kalshi_against,hold,212,-31.4,114,-53.3,-127.2,0.558,-53.3,commodity
43-47,25,min 0-9,kalshi_with,exit10,190,-85.1,100,-13.7,-175.46,0.307,-85.1,commodity
43-47,25,min 0-9,kalshi_with,exit12,190,-70.6,100,-13.3,-147.38,0.407,-70.6,commodity
43-47,25,min 0-9,kalshi_with,exit14,190,-52.9,100,-15.3,-115.9,0.514,-52.9,commodity
43-47,25,min 0-9,kalshi_with,hold,190,-47.2,100,-31.8,-121.57,0.559,-47.2,commodity
43-47,25,min 0-9,none,exit10,231,-68.9,134,-52.9,-230.14,0.342,-68.9,commodity
43-47,25,min 0-9,none,exit12,231,-61.4,134,-58.0,-219.66,0.414,-61.4,commodity
43-47,25,min 0-9,none,exit14,231,-46.9,134,-59.4,-187.95,0.496,-59.4,commodity
43-47,25,min 0-9,none,hold,231,-41.7,134,-63.3,-181.08,0.532,-63.3,commodity
43-47,30,min 0-12,kalshi_against,exit10,218,-55.2,117,-78.7,-212.42,0.287,-78.7,commodity
43-47,30,min 0-12,kalshi_against,exit12,218,-42.4,117,-57.7,-159.98,0.358,-57.7,commodity
43-47,30,min 0-12,kalshi_against,exit14,218,-36.6,117,-34.7,-120.42,0.469,-36.6,commodity
43-47,30,min 0-12,kalshi_against,hold,218,-31.3,117,-49.6,-126.32,0.516,-49.6,commodity
43-47,30,min 0-12,kalshi_with,exit10,194,-80.5,104,-20.3,-177.28,0.248,-80.5,commodity
43-47,30,min 0-12,kalshi_with,exit12,194,-66.0,104,-28.9,-158.01,0.319,-66.0,commodity
43-47,30,min 0-12,kalshi_with,exit14,194,-46.3,104,-32.8,-123.87,0.443,-46.3,commodity
43-47,30,min 0-12,kalshi_with,hold,194,-35.4,104,-53.8,-124.63,0.51,-53.8,commodity
43-47,30,min 0-12,none,exit10,232,-68.4,137,-55.2,-234.18,0.287,-68.4,commodity
43-47,30,min 0-12,none,exit12,232,-63.1,137,-68.4,-240.14,0.336,-68.4,commodity
43-47,30,min 0-12,none,exit14,232,-47.5,137,-69.5,-205.48,0.428,-69.5,commodity
43-47,30,min 0-12,none,hold,232,-37.0,137,-74.7,-188.23,0.488,-74.7,commodity
43-47,30,min 0-3,kalshi_against,exit10,186,-55.6,104,-86.6,-193.58,0.31,-86.6,commodity
43-47,30,min 0-3,kalshi_against,exit12,186,-45.4,104,-75.2,-162.67,0.359,-75.2,commodity
43-47,30,min 0-3,kalshi_against,exit14,186,-46.0,104,-60.4,-148.44,0.441,-60.4,commodity
43-47,30,min 0-3,kalshi_against,hold,186,-32.8,104,-75.7,-139.79,0.497,-75.7,commodity
43-47,30,min 0-3,kalshi_with,exit10,127,-70.9,75,-17.3,-103.05,0.297,-70.9,commodity
43-47,30,min 0-3,kalshi_with,exit12,127,-59.5,75,-24.5,-93.9,0.361,-59.5,commodity
43-47,30,min 0-3,kalshi_with,exit14,127,-41.3,75,-18.7,-66.49,0.465,-41.3,commodity
43-47,30,min 0-3,kalshi_with,hold,127,-49.0,75,-36.8,-89.82,0.505,-49.0,commodity
43-47,30,min 0-3,none,exit10,215,-72.6,131,-56.3,-229.85,0.295,-72.6,commodity
43-47,30,min 0-3,none,exit12,215,-61.5,131,-65.2,-217.71,0.347,-65.2,commodity
43-47,30,min 0-3,none,exit14,215,-50.9,131,-63.7,-192.75,0.431,-63.7,commodity
43-47,30,min 0-3,none,hold,215,-45.5,131,-68.3,-187.16,0.48,-68.3,commodity
43-47,30,min 0-6,kalshi_against,exit10,200,-52.4,113,-75.8,-190.47,0.307,-75.8,commodity
43-47,30,min 0-6,kalshi_against,exit12,200,-43.3,113,-59.6,-153.81,0.374,-59.6,commodity
43-47,30,min 0-6,kalshi_against,exit14,200,-42.7,113,-40.5,-131.14,0.463,-42.7,commodity
43-47,30,min 0-6,kalshi_against,hold,200,-30.4,113,-54.5,-122.49,0.514,-54.5,commodity
43-47,30,min 0-6,kalshi_with,exit10,172,-83.8,98,-27.1,-170.66,0.256,-83.8,commodity
43-47,30,min 0-6,kalshi_with,exit12,172,-61.9,98,-33.8,-139.68,0.333,-61.9,commodity
43-47,30,min 0-6,kalshi_with,exit14,172,-44.0,98,-39.9,-114.82,0.452,-44.0,commodity
43-47,30,min 0-6,kalshi_with,hold,172,-37.3,98,-62.2,-125.1,0.504,-62.2,commodity
43-47,30,min 0-6,none,exit10,225,-69.4,134,-54.3,-228.87,0.29,-69.4,commodity
43-47,30,min 0-6,none,exit12,225,-60.8,134,-65.0,-223.89,0.343,-65.0,commodity
43-47,30,min 0-6,none,exit14,225,-47.4,134,-66.6,-195.85,0.432,-66.6,commodity
43-47,30,min 0-6,none,hold,225,-40.5,134,-71.6,-186.93,0.485,-71.6,commodity
43-47,30,min 0-9,kalshi_against,exit10,212,-54.1,114,-74.7,-199.93,0.294,-74.7,commodity
43-47,30,min 0-9,kalshi_against,exit12,212,-39.3,114,-56.9,-148.32,0.368,-56.9,commodity
43-47,30,min 0-9,kalshi_against,exit14,212,-33.7,114,-37.8,-114.63,0.472,-37.8,commodity
43-47,30,min 0-9,kalshi_against,hold,212,-26.9,114,-51.8,-116.01,0.521,-51.8,commodity
43-47,30,min 0-9,kalshi_with,exit10,190,-86.4,100,-23.5,-187.76,0.241,-86.4,commodity
43-47,30,min 0-9,kalshi_with,exit12,190,-72.0,100,-28.7,-165.58,0.321,-72.0,commodity
43-47,30,min 0-9,kalshi_with,exit14,190,-52.5,100,-33.4,-133.08,0.441,-52.5,commodity
43-47,30,min 0-9,kalshi_with,hold,190,-42.0,100,-54.6,-134.43,0.507,-54.6,commodity
43-47,30,min 0-9,none,exit10,231,-70.0,134,-54.3,-234.32,0.285,-70.0,commodity
43-47,30,min 0-9,none,exit12,231,-64.7,134,-65.0,-236.58,0.337,-65.0,commodity
43-47,30,min 0-9,none,exit14,231,-49.0,134,-66.6,-202.53,0.427,-66.6,commodity
43-47,30,min 0-9,none,hold,231,-38.5,134,-71.6,-184.74,0.488,-71.6,commodity
48-52,5,min 0-12,kalshi_against,exit10,191,-48.8,106,-52.8,-149.11,0.721,-52.8,commodity
48-52,5,min 0-12,kalshi_against,exit12,191,-50.1,106,-51.0,-149.75,0.764,-51.0,commodity
48-52,5,min 0-12,kalshi_against,exit14,191,-45.4,106,-43.4,-132.7,0.795,-45.4,commodity
48-52,5,min 0-12,kalshi_against,hold,191,-48.5,106,-44.8,-139.99,0.805,-48.5,commodity
48-52,5,min 0-12,kalshi_with,exit10,191,-63.2,108,-43.5,-167.75,0.709,-63.2,commodity
48-52,5,min 0-12,kalshi_with,exit12,191,-60.4,108,-38.3,-156.77,0.749,-60.4,commodity
48-52,5,min 0-12,kalshi_with,exit14,191,-59.4,108,-33.1,-149.14,0.783,-59.4,commodity
48-52,5,min 0-12,kalshi_with,hold,191,-59.6,108,-28.7,-144.78,0.796,-59.6,commodity
48-52,5,min 0-12,none,exit10,218,-65.9,134,-44.2,-202.92,0.696,-65.9,commodity
48-52,5,min 0-12,none,exit12,218,-63.4,134,-39.7,-191.56,0.733,-63.4,commodity
48-52,5,min 0-12,none,exit14,218,-61.3,134,-37.9,-184.47,0.756,-61.3,commodity
48-52,5,min 0-12,none,hold,218,-61.4,134,-39.6,-186.94,0.764,-61.4,commodity
48-52,5,min 0-3,kalshi_against,exit10,147,-47.4,83,-63.6,-122.48,0.726,-63.6,commodity
48-52,5,min 0-3,kalshi_against,exit12,147,-44.1,83,-62.4,-116.6,0.765,-62.4,commodity
48-52,5,min 0-3,kalshi_against,exit14,147,-45.8,83,-56.7,-114.3,0.774,-56.7,commodity
48-52,5,min 0-3,kalshi_against,hold,147,-47.2,83,-56.6,-116.43,0.787,-56.6,commodity
48-52,5,min 0-3,kalshi_with,exit10,143,-58.0,89,-63.7,-139.57,0.724,-63.7,commodity
48-52,5,min 0-3,kalshi_with,exit12,143,-51.3,89,-57.8,-124.73,0.763,-57.8,commodity
48-52,5,min 0-3,kalshi_with,exit14,143,-50.8,89,-54.8,-121.36,0.784,-54.8,commodity
48-52,5,min 0-3,kalshi_with,hold,143,-54.7,89,-49.2,-122.01,0.793,-54.7,commodity
48-52,5,min 0-3,none,exit10,196,-73.1,123,-48.8,-203.17,0.68,-73.1,commodity
48-52,5,min 0-3,none,exit12,196,-71.9,123,-45.1,-196.47,0.715,-71.9,commodity
48-52,5,min 0-3,none,exit14,196,-71.7,123,-42.7,-192.95,0.737,-71.7,commodity
48-52,5,min 0-3,none,hold,196,-72.9,123,-44.3,-197.33,0.743,-72.9,commodity
48-52,5,min 0-6,kalshi_against,exit10,169,-45.1,97,-55.3,-129.87,0.741,-55.3,commodity
48-52,5,min 0-6,kalshi_against,exit12,169,-44.2,97,-53.0,-126.08,0.774,-53.0,commodity
48-52,5,min 0-6,kalshi_against,exit14,169,-44.5,97,-48.0,-121.81,0.789,-48.0,commodity
48-52,5,min 0-6,kalshi_against,hold,169,-46.1,97,-48.0,-124.49,0.801,-48.0,commodity
48-52,5,min 0-6,kalshi_with,exit10,172,-69.0,99,-50.2,-168.43,0.705,-69.0,commodity
48-52,5,min 0-6,kalshi_with,exit12,172,-66.4,99,-43.3,-157.08,0.742,-66.4,commodity
48-52,5,min 0-6,kalshi_with,exit14,172,-69.0,99,-39.8,-158.05,0.771,-69.0,commodity
48-52,5,min 0-6,kalshi_with,hold,172,-70.5,99,-34.7,-155.6,0.782,-70.5,commodity
48-52,5,min 0-6,none,exit10,209,-68.3,129,-44.0,-199.64,0.695,-68.3,commodity
48-52,5,min 0-6,none,exit12,209,-66.0,129,-40.5,-190.25,0.728,-66.0,commodity
48-52,5,min 0-6,none,exit14,209,-64.5,129,-38.2,-184.14,0.751,-64.5,commodity
48-52,5,min 0-6,none,hold,209,-65.6,129,-39.8,-188.52,0.757,-65.6,commodity
48-52,5,min 0-9,kalshi_against,exit10,183,-49.9,102,-52.2,-144.51,0.73,-52.2,commodity
48-52,5,min 0-9,kalshi_against,exit12,183,-48.3,102,-52.3,-141.64,0.772,-52.3,commodity
48-52,5,min 0-9,kalshi_against,exit14,183,-44.8,102,-43.9,-126.78,0.796,-44.8,commodity
48-52,5,min 0-9,kalshi_against,hold,183,-46.4,102,-43.8,-129.55,0.807,-46.4,commodity
48-52,5,min 0-9,kalshi_with,exit10,181,-66.9,102,-47.1,-169.13,0.71,-66.9,commodity
48-52,5,min 0-9,kalshi_with,exit12,181,-64.3,102,-40.4,-157.54,0.749,-64.3,commodity
48-52,5,min 0-9,kalshi_with,exit14,181,-63.9,102,-37.0,-153.46,0.781,-63.9,commodity
48-52,5,min 0-9,kalshi_with,hold,181,-65.3,102,-32.1,-151.01,0.792,-65.3,commodity
48-52,5,min 0-9,none,exit10,213,-66.4,131,-42.4,-196.99,0.698,-66.4,commodity
48-52,5,min 0-9,none,exit12,213,-64.1,131,-38.4,-186.89,0.733,-64.1,commodity
48-52,5,min 0-9,none,exit14,213,-62.7,131,-36.1,-180.78,0.756,-62.7,commodity
48-52,5,min 0-9,none,hold,213,-63.8,131,-37.7,-185.16,0.762,-63.8,commodity
48-52,10,min 0-12,kalshi_against,exit10,191,-52.3,106,-49.5,-152.32,0.599,-52.3,commodity
48-52,10,min 0-12,kalshi_against,exit12,191,-57.4,106,-35.1,-146.87,0.667,-57.4,commodity
48-52,10,min 0-12,kalshi_against,exit14,191,-61.5,106,-31.7,-151.0,0.704,-61.5,commodity
48-52,10,min 0-12,kalshi_against,hold,191,-68.0,106,-36.1,-168.09,0.714,-68.0,commodity
48-52,10,min 0-12,kalshi_with,exit10,191,-52.5,108,-51.9,-156.3,0.589,-52.5,commodity
48-52,10,min 0-12,kalshi_with,exit12,191,-44.9,108,-44.9,-134.27,0.639,-44.9,commodity
48-52,10,min 0-12,kalshi_with,exit14,191,-35.6,108,-43.5,-115.01,0.702,-43.5,commodity
48-52,10,min 0-12,kalshi_with,hold,191,-35.9,108,-51.0,-123.68,0.719,-51.0,commodity
48-52,10,min 0-12,none,exit10,218,-58.6,134,-50.6,-195.51,0.574,-58.6,commodity
48-52,10,min 0-12,none,exit12,218,-51.4,134,-44.6,-171.8,0.625,-51.4,commodity
48-52,10,min 0-12,none,exit14,218,-47.0,134,-42.4,-159.19,0.67,-47.0,commodity
48-52,10,min 0-12,none,hold,218,-46.7,134,-46.4,-163.87,0.685,-46.7,commodity
48-52,10,min 0-3,kalshi_against,exit10,147,-50.7,83,-55.2,-120.37,0.613,-55.2,commodity
48-52,10,min 0-3,kalshi_against,exit12,147,-51.8,83,-46.4,-114.63,0.665,-51.8,commodity
48-52,10,min 0-3,kalshi_against,exit14,147,-60.5,83,-44.8,-126.13,0.687,-60.5,commodity
48-52,10,min 0-3,kalshi_against,hold,147,-64.2,83,-52.8,-138.23,0.696,-64.2,commodity
48-52,10,min 0-3,kalshi_with,exit10,143,-46.6,89,-62.2,-122.04,0.612,-62.2,commodity
48-52,10,min 0-3,kalshi_with,exit12,143,-38.8,89,-61.0,-109.8,0.659,-61.0,commodity
48-52,10,min 0-3,kalshi_with,exit14,143,-30.2,89,-59.7,-96.34,0.698,-59.7,commodity
48-52,10,min 0-3,kalshi_with,hold,143,-33.8,89,-63.4,-104.66,0.711,-63.4,commodity
48-52,10,min 0-3,none,exit10,196,-66.2,123,-50.7,-192.05,0.564,-66.2,commodity
48-52,10,min 0-3,none,exit12,196,-60.8,123,-46.8,-176.82,0.611,-60.8,commodity
48-52,10,min 0-3,none,exit14,196,-59.2,123,-44.9,-171.3,0.649,-59.2,commodity
48-52,10,min 0-3,none,hold,196,-59.1,123,-49.1,-176.14,0.661,-59.1,commodity
48-52,10,min 0-6,kalshi_against,exit10,169,-44.4,97,-50.0,-123.52,0.628,-50.0,commodity
48-52,10,min 0-6,kalshi_against,exit12,169,-48.2,97,-37.9,-118.15,0.68,-48.2,commodity
48-52,10,min 0-6,kalshi_against,exit14,169,-55.4,97,-37.0,-129.57,0.707,-55.4,commodity
48-52,10,min 0-6,kalshi_against,hold,169,-59.2,97,-44.2,-142.86,0.714,-59.2,commodity
48-52,10,min 0-6,kalshi_with,exit10,172,-58.6,99,-55.4,-155.62,0.59,-58.6,commodity
48-52,10,min 0-6,kalshi_with,exit12,172,-52.5,99,-50.1,-139.9,0.638,-52.5,commodity
48-52,10,min 0-6,kalshi_with,exit14,172,-46.7,99,-46.5,-126.35,0.694,-46.7,commodity
48-52,10,min 0-6,kalshi_with,hold,172,-47.3,99,-49.8,-130.65,0.708,-49.8,commodity
48-52,10,min 0-6,none,exit10,209,-61.0,129,-51.2,-193.48,0.577,-61.0,commodity
48-52,10,min 0-6,none,exit12,209,-54.1,129,-45.6,-171.9,0.621,-54.1,commodity
48-52,10,min 0-6,none,exit14,209,-50.1,129,-43.4,-160.58,0.666,-50.1,commodity
48-52,10,min 0-6,none,hold,209,-49.9,129,-47.3,-165.42,0.678,-49.9,commodity
48-52,10,min 0-9,kalshi_against,exit10,183,-51.3,102,-48.6,-143.42,0.611,-51.3,commodity
48-52,10,min 0-9,kalshi_against,exit12,183,-55.7,102,-36.2,-138.79,0.674,-55.7,commodity
48-52,10,min 0-9,kalshi_against,exit14,183,-60.2,102,-32.1,-143.01,0.705,-60.2,commodity
48-52,10,min 0-9,kalshi_against,hold,183,-64.7,102,-35.2,-154.27,0.716,-64.7,commodity
48-52,10,min 0-9,kalshi_with,exit10,181,-56.6,102,-51.1,-154.61,0.594,-56.6,commodity
48-52,10,min 0-9,kalshi_with,exit12,181,-48.3,102,-45.9,-134.14,0.65,-48.3,commodity
48-52,10,min 0-9,kalshi_with,exit14,181,-39.5,102,-42.5,-114.83,0.707,-42.5,commodity
48-52,10,min 0-9,kalshi_with,hold,181,-40.1,102,-45.7,-119.13,0.721,-45.7,commodity
48-52,10,min 0-9,none,exit10,213,-58.5,131,-49.5,-189.39,0.578,-58.5,commodity
48-52,10,min 0-9,none,exit12,213,-51.2,131,-43.4,-165.99,0.628,-51.2,commodity
48-52,10,min 0-9,none,exit14,213,-47.3,131,-41.2,-154.67,0.672,-47.3,commodity
48-52,10,min 0-9,none,hold,213,-47.2,131,-45.1,-159.51,0.683,-47.2,commodity
48-52,15,min 0-12,kalshi_against,exit10,191,-49.5,106,-90.2,-190.11,0.492,-90.2,commodity
48-52,15,min 0-12,kalshi_against,exit12,191,-52.7,106,-82.5,-188.1,0.545,-82.5,commodity
48-52,15,min 0-12,kalshi_against,exit14,191,-55.7,106,-85.7,-197.14,0.599,-85.7,commodity
48-52,15,min 0-12,kalshi_against,hold,191,-57.5,106,-88.9,-204.05,0.626,-88.9,commodity
48-52,15,min 0-12,kalshi_with,exit10,191,-56.8,108,-68.0,-182.05,0.485,-68.0,commodity
48-52,15,min 0-12,kalshi_with,exit12,191,-42.4,108,-62.1,-148.12,0.545,-62.1,commodity
48-52,15,min 0-12,kalshi_with,exit14,191,-33.2,108,-54.4,-122.06,0.619,-54.4,commodity
48-52,15,min 0-12,kalshi_with,hold,191,-33.5,108,-60.0,-128.82,0.645,-60.0,commodity
48-52,15,min 0-12,none,exit10,218,-67.3,134,-60.3,-227.47,0.474,-67.3,commodity
48-52,15,min 0-12,none,exit12,218,-56.2,134,-57.3,-199.32,0.534,-57.3,commodity
48-52,15,min 0-12,none,exit14,218,-54.1,134,-44.0,-176.9,0.591,-54.1,commodity
48-52,15,min 0-12,none,hold,218,-52.5,134,-52.3,-184.65,0.614,-52.5,commodity
48-52,15,min 0-3,kalshi_against,exit10,147,-52.5,83,-84.4,-147.29,0.513,-84.4,commodity
48-52,15,min 0-3,kalshi_against,exit12,147,-49.9,83,-86.8,-145.47,0.557,-86.8,commodity
48-52,15,min 0-3,kalshi_against,exit14,147,-57.4,83,-87.7,-157.22,0.591,-87.7,commodity
48-52,15,min 0-3,kalshi_against,hold,147,-55.8,83,-92.2,-158.56,0.617,-92.2,commodity
48-52,15,min 0-3,kalshi_with,exit10,143,-51.2,89,-77.2,-141.98,0.509,-77.2,commodity
48-52,15,min 0-3,kalshi_with,exit12,143,-37.3,89,-81.4,-125.84,0.569,-81.4,commodity
48-52,15,min 0-3,kalshi_with,exit14,143,-32.7,89,-72.0,-110.76,0.621,-72.0,commodity
48-52,15,min 0-3,kalshi_with,hold,143,-34.3,89,-72.5,-113.59,0.638,-72.5,commodity
48-52,15,min 0-3,none,exit10,196,-74.1,123,-58.8,-217.59,0.467,-74.1,commodity
48-52,15,min 0-3,none,exit12,196,-64.9,123,-58.6,-199.3,0.52,-64.9,commodity
48-52,15,min 0-3,none,exit14,196,-67.1,123,-45.6,-187.57,0.574,-67.1,commodity
48-52,15,min 0-3,none,hold,196,-64.1,123,-54.5,-192.73,0.592,-64.1,commodity
48-52,15,min 0-6,kalshi_against,exit10,169,-43.2,97,-77.3,-148.0,0.526,-77.3,commodity
48-52,15,min 0-6,kalshi_against,exit12,169,-41.8,97,-72.5,-140.85,0.575,-72.5,commodity
48-52,15,min 0-6,kalshi_against,exit14,169,-47.9,97,-68.4,-147.26,0.624,-68.4,commodity
48-52,15,min 0-6,kalshi_against,hold,169,-47.0,97,-72.5,-149.79,0.647,-72.5,commodity
48-52,15,min 0-6,kalshi_with,exit10,172,-65.7,99,-66.2,-178.57,0.487,-66.2,commodity
48-52,15,min 0-6,kalshi_with,exit12,172,-53.2,99,-65.7,-156.67,0.55,-65.7,commodity
48-52,15,min 0-6,kalshi_with,exit14,172,-48.6,99,-48.6,-131.79,0.613,-48.6,commodity
48-52,15,min 0-6,kalshi_with,hold,172,-49.5,99,-49.1,-133.76,0.635,-49.5,commodity
48-52,15,min 0-6,none,exit10,209,-71.0,129,-57.3,-222.26,0.476,-71.0,commodity
48-52,15,min 0-6,none,exit12,209,-60.5,129,-55.2,-197.57,0.53,-60.5,commodity
48-52,15,min 0-6,none,exit14,209,-58.9,129,-41.6,-176.75,0.586,-58.9,commodity
48-52,15,min 0-6,none,hold,209,-57.7,129,-50.0,-185.07,0.607,-57.7,commodity
48-52,15,min 0-9,kalshi_against,exit10,183,-50.7,102,-79.2,-173.43,0.509,-79.2,commodity
48-52,15,min 0-9,kalshi_against,exit12,183,-51.0,102,-75.3,-170.18,0.561,-75.3,commodity
48-52,15,min 0-9,kalshi_against,exit14,183,-53.1,102,-71.2,-169.92,0.618,-71.2,commodity
48-52,15,min 0-9,kalshi_against,hold,183,-54.7,102,-72.7,-174.29,0.642,-72.7,commodity
48-52,15,min 0-9,kalshi_with,exit10,181,-62.6,102,-62.5,-177.11,0.488,-62.6,commodity
48-52,15,min 0-9,kalshi_with,exit12,181,-46.7,102,-64.0,-149.75,0.558,-64.0,commodity
48-52,15,min 0-9,kalshi_with,exit14,181,-38.8,102,-48.6,-119.72,0.625,-48.6,commodity
48-52,15,min 0-9,kalshi_with,hold,181,-39.6,102,-49.5,-122.15,0.647,-49.5,commodity
48-52,15,min 0-9,none,exit10,213,-67.6,131,-55.1,-216.24,0.48,-67.6,commodity
48-52,15,min 0-9,none,exit12,213,-56.6,131,-52.0,-188.81,0.538,-56.6,commodity
48-52,15,min 0-9,none,exit14,213,-55.1,131,-38.7,-167.99,0.593,-55.1,commodity
48-52,15,min 0-9,none,hold,213,-53.9,131,-47.0,-176.31,0.613,-53.9,commodity
48-52,20,min 0-12,kalshi_against,exit10,191,-43.8,106,-84.0,-172.7,0.428,-84.0,commodity
48-52,20,min 0-12,kalshi_against,exit12,191,-47.6,106,-76.8,-172.38,0.488,-76.8,commodity
48-52,20,min 0-12,kalshi_against,exit14,191,-48.9,106,-74.0,-171.84,0.559,-74.0,commodity
48-52,20,min 0-12,kalshi_against,hold,191,-52.9,106,-80.5,-186.39,0.586,-80.5,commodity
48-52,20,min 0-12,kalshi_with,exit10,191,-45.5,108,-63.6,-155.56,0.401,-63.6,commodity
48-52,20,min 0-12,kalshi_with,exit12,191,-35.5,108,-63.3,-136.21,0.475,-63.3,commodity
48-52,20,min 0-12,kalshi_with,exit14,191,-24.8,108,-61.5,-113.81,0.562,-61.5,commodity
48-52,20,min 0-12,kalshi_with,hold,191,-18.6,108,-72.8,-114.14,0.602,-72.8,commodity
48-52,20,min 0-12,none,exit10,218,-61.6,134,-49.6,-200.71,0.392,-61.6,commodity
48-52,20,min 0-12,none,exit12,218,-52.7,134,-46.7,-177.49,0.46,-52.7,commodity
48-52,20,min 0-12,none,exit14,218,-50.4,134,-38.0,-160.77,0.531,-50.4,commodity
48-52,20,min 0-12,none,hold,218,-44.7,134,-53.6,-169.19,0.562,-53.6,commodity
48-52,20,min 0-3,kalshi_against,exit10,147,-41.2,83,-76.5,-124.12,0.465,-76.5,commodity
48-52,20,min 0-3,kalshi_against,exit12,147,-39.9,83,-80.0,-124.98,0.504,-80.0,commodity
48-52,20,min 0-3,kalshi_against,exit14,147,-46.7,83,-80.8,-135.75,0.557,-80.8,commodity
48-52,20,min 0-3,kalshi_against,hold,147,-41.6,83,-89.3,-135.27,0.583,-89.3,commodity
48-52,20,min 0-3,kalshi_with,exit10,143,-41.6,89,-72.0,-123.58,0.427,-72.0,commodity
48-52,20,min 0-3,kalshi_with,exit12,143,-32.6,89,-81.9,-119.56,0.5,-81.9,commodity
48-52,20,min 0-3,kalshi_with,exit14,143,-27.6,89,-76.9,-107.93,0.56,-76.9,commodity
48-52,20,min 0-3,kalshi_with,hold,143,-21.8,89,-84.2,-106.09,0.591,-84.2,commodity
48-52,20,min 0-3,none,exit10,196,-71.3,123,-46.6,-197.21,0.389,-71.3,commodity
48-52,20,min 0-3,none,exit12,196,-65.4,123,-45.9,-184.63,0.445,-65.4,commodity
48-52,20,min 0-3,none,exit14,196,-67.9,123,-36.1,-177.58,0.511,-67.9,commodity
48-52,20,min 0-3,none,hold,196,-60.7,123,-52.6,-183.74,0.539,-60.7,commodity
48-52,20,min 0-6,kalshi_against,exit10,169,-36.2,97,-71.0,-129.99,0.466,-71.0,commodity
48-52,20,min 0-6,kalshi_against,exit12,169,-38.3,97,-67.1,-129.83,0.515,-67.1,commodity
48-52,20,min 0-6,kalshi_against,exit14,169,-43.4,97,-56.6,-128.19,0.583,-56.6,commodity
48-52,20,min 0-6,kalshi_against,hold,169,-41.2,97,-64.2,-131.92,0.605,-64.2,commodity
48-52,20,min 0-6,kalshi_with,exit10,172,-55.3,99,-60.6,-155.16,0.41,-60.6,commodity
48-52,20,min 0-6,kalshi_with,exit12,172,-46.6,99,-67.7,-147.14,0.483,-67.7,commodity
48-52,20,min 0-6,kalshi_with,exit14,172,-43.2,99,-57.8,-131.42,0.554,-57.8,commodity
48-52,20,min 0-6,kalshi_with,hold,172,-38.8,99,-64.4,-130.44,0.587,-64.4,commodity
48-52,20,min 0-6,none,exit10,209,-65.8,129,-45.4,-196.14,0.396,-65.8,commodity
48-52,20,min 0-6,none,exit12,209,-58.2,129,-44.6,-179.13,0.456,-58.2,commodity
48-52,20,min 0-6,none,exit14,209,-56.7,129,-36.5,-165.64,0.524,-56.7,commodity
48-52,20,min 0-6,none,hold,209,-51.4,129,-52.4,-175.14,0.553,-52.4,commodity
48-52,20,min 0-9,kalshi_against,exit10,183,-44.8,102,-72.6,-156.12,0.446,-72.6,commodity
48-52,20,min 0-9,kalshi_against,exit12,183,-46.4,102,-69.4,-155.58,0.505,-69.4,commodity
48-52,20,min 0-9,kalshi_against,exit14,183,-46.7,102,-59.1,-145.74,0.575,-59.1,commodity
48-52,20,min 0-9,kalshi_against,hold,183,-50.6,102,-63.9,-157.75,0.6,-63.9,commodity
48-52,20,min 0-9,kalshi_with,exit10,181,-52.5,102,-58.5,-154.81,0.403,-58.5,commodity
48-52,20,min 0-9,kalshi_with,exit12,181,-39.9,102,-65.3,-138.69,0.488,-65.3,commodity
48-52,20,min 0-9,kalshi_with,exit14,181,-31.7,102,-56.8,-115.26,0.569,-56.8,commodity
48-52,20,min 0-9,kalshi_with,hold,181,-27.5,102,-63.8,-114.74,0.601,-63.8,commodity
48-52,20,min 0-9,none,exit10,213,-62.3,131,-44.7,-191.32,0.395,-62.3,commodity
48-52,20,min 0-9,none,exit12,213,-54.0,131,-41.1,-168.93,0.462,-54.0,commodity
48-52,20,min 0-9,none,exit14,213,-52.2,131,-33.1,-154.52,0.532,-52.2,commodity
48-52,20,min 0-9,none,hold,213,-47.0,131,-48.8,-164.02,0.561,-48.8,commodity
48-52,25,min 0-12,kalshi_against,exit10,191,-39.4,106,-82.9,-163.09,0.347,-82.9,commodity
48-52,25,min 0-12,kalshi_against,exit12,191,-42.6,106,-85.4,-171.91,0.421,-85.4,commodity
48-52,25,min 0-12,kalshi_against,exit14,191,-42.8,106,-81.7,-168.32,0.505,-81.7,commodity
48-52,25,min 0-12,kalshi_against,hold,191,-43.0,106,-89.6,-177.23,0.545,-89.6,commodity
48-52,25,min 0-12,kalshi_with,exit10,191,-48.8,108,-67.4,-166.0,0.331,-67.4,commodity
48-52,25,min 0-12,kalshi_with,exit12,191,-41.7,108,-74.6,-160.25,0.378,-74.6,commodity
48-52,25,min 0-12,kalshi_with,exit14,191,-26.6,108,-73.9,-130.65,0.495,-73.9,commodity
48-52,25,min 0-12,kalshi_with,hold,191,-13.0,108,-87.0,-118.7,0.552,-87.0,commodity
48-52,25,min 0-12,none,exit10,218,-64.8,134,-49.5,-207.59,0.324,-64.8,commodity
48-52,25,min 0-12,none,exit12,218,-55.5,134,-49.4,-187.2,0.375,-55.5,commodity
48-52,25,min 0-12,none,exit14,218,-47.4,134,-38.6,-155.09,0.469,-47.4,commodity
48-52,25,min 0-12,none,hold,218,-41.1,134,-57.1,-166.16,0.52,-57.1,commodity
48-52,25,min 0-3,kalshi_against,exit10,147,-37.1,83,-78.7,-119.89,0.387,-78.7,commodity
48-52,25,min 0-3,kalshi_against,exit12,147,-37.5,83,-96.3,-134.96,0.435,-96.3,commodity
48-52,25,min 0-3,kalshi_against,exit14,147,-45.8,83,-93.4,-144.81,0.496,-93.4,commodity
48-52,25,min 0-3,kalshi_against,hold,147,-36.5,83,-109.7,-144.63,0.53,-109.7,commodity
48-52,25,min 0-3,kalshi_with,exit10,143,-46.1,89,-78.7,-135.96,0.353,-78.7,commodity
48-52,25,min 0-3,kalshi_with,exit12,143,-37.2,89,-94.5,-137.32,0.414,-94.5,commodity
48-52,25,min 0-3,kalshi_with,exit14,143,-36.4,89,-81.7,-124.79,0.496,-81.7,commodity
48-52,25,min 0-3,kalshi_with,hold,143,-27.4,89,-90.1,-119.42,0.534,-90.1,commodity
48-52,25,min 0-3,none,exit10,196,-73.5,123,-47.2,-202.12,0.326,-73.5,commodity
48-52,25,min 0-3,none,exit12,196,-65.6,123,-47.3,-186.72,0.379,-65.6,commodity
48-52,25,min 0-3,none,exit14,196,-65.9,123,-28.4,-164.18,0.455,-65.9,commodity
48-52,25,min 0-3,none,hold,196,-61.5,123,-47.6,-179.05,0.498,-61.5,commodity
48-52,25,min 0-6,kalshi_against,exit10,169,-31.6,97,-70.4,-121.72,0.38,-70.4,commodity
48-52,25,min 0-6,kalshi_against,exit12,169,-34.1,97,-77.3,-132.55,0.447,-77.3,commodity
48-52,25,min 0-6,kalshi_against,exit14,169,-38.9,97,-66.0,-129.71,0.523,-66.0,commodity
48-52,25,min 0-6,kalshi_against,hold,169,-32.5,97,-75.2,-127.8,0.56,-75.2,commodity
48-52,25,min 0-6,kalshi_with,exit10,172,-59.2,99,-65.4,-166.55,0.336,-65.4,commodity
48-52,25,min 0-6,kalshi_with,exit12,172,-50.3,99,-81.1,-166.8,0.395,-81.1,commodity
48-52,25,min 0-6,kalshi_with,exit14,172,-46.7,99,-72.6,-152.21,0.487,-72.6,commodity
48-52,25,min 0-6,kalshi_with,hold,172,-37.7,99,-81.2,-145.32,0.531,-81.2,commodity
48-52,25,min 0-6,none,exit10,209,-68.6,129,-45.6,-202.12,0.328,-68.6,commodity
48-52,25,min 0-6,none,exit12,209,-59.1,129,-48.2,-185.58,0.382,-59.1,commodity
48-52,25,min 0-6,none,exit14,209,-52.8,129,-38.2,-159.67,0.464,-52.8,commodity
48-52,25,min 0-6,none,hold,209,-49.8,129,-57.2,-177.88,0.509,-57.2,commodity
48-52,25,min 0-9,kalshi_against,exit10,183,-40.2,102,-71.6,-146.51,0.361,-71.6,commodity
48-52,25,min 0-9,kalshi_against,exit12,183,-41.4,102,-78.3,-155.63,0.435,-78.3,commodity
48-52,25,min 0-9,kalshi_against,exit14,183,-40.8,102,-67.1,-143.15,0.519,-67.1,commodity
48-52,25,min 0-9,kalshi_against,hold,183,-40.8,102,-73.4,-149.52,0.558,-73.4,commodity
48-52,25,min 0-9,kalshi_with,exit10,181,-56.9,102,-62.8,-167.0,0.329,-62.8,commodity
48-52,25,min 0-9,kalshi_with,exit12,181,-46.6,102,-77.2,-163.14,0.392,-77.2,commodity
48-52,25,min 0-9,kalshi_with,exit14,181,-35.0,102,-70.2,-135.08,0.498,-70.2,commodity
48-52,25,min 0-9,kalshi_with,hold,181,-23.6,102,-79.0,-123.31,0.548,-79.0,commodity
48-52,25,min 0-9,none,exit10,213,-65.6,131,-44.9,-198.51,0.326,-65.6,commodity
48-52,25,min 0-9,none,exit12,213,-57.1,131,-43.9,-179.05,0.381,-57.1,commodity
48-52,25,min 0-9,none,exit14,213,-49.9,131,-33.9,-150.69,0.468,-49.9,commodity
48-52,25,min 0-9,none,hold,213,-44.4,131,-52.7,-163.56,0.517,-52.7,commodity
48-52,30,min 0-12,kalshi_against,exit10,191,-35.6,106,-82.7,-155.58,0.293,-82.7,commodity
48-52,30,min 0-12,kalshi_against,exit12,191,-43.9,106,-84.2,-173.17,0.367,-84.2,commodity
48-52,30,min 0-12,kalshi_against,exit14,191,-46.6,106,-71.3,-164.57,0.465,-71.3,commodity
48-52,30,min 0-12,kalshi_against,hold,191,-41.9,106,-73.7,-158.23,0.512,-73.7,commodity
48-52,30,min 0-12,kalshi_with,exit10,191,-47.1,108,-65.1,-160.22,0.271,-65.1,commodity
48-52,30,min 0-12,kalshi_with,exit12,191,-41.2,108,-74.0,-158.71,0.324,-74.0,commodity
48-52,30,min 0-12,kalshi_with,exit14,191,-25.8,108,-66.9,-121.43,0.445,-66.9,commodity
48-52,30,min 0-12,kalshi_with,hold,191,-2.1,108,-80.3,-90.72,0.515,-80.3,commodity
48-52,30,min 0-12,none,exit10,218,-62.5,134,-38.9,-188.45,0.278,-62.5,commodity
48-52,30,min 0-12,none,exit12,218,-56.3,134,-39.5,-175.69,0.335,-56.3,commodity
48-52,30,min 0-12,none,exit14,218,-48.3,134,-22.7,-135.78,0.435,-48.3,commodity
48-52,30,min 0-12,none,hold,218,-33.8,134,-41.4,-129.04,0.491,-41.4,commodity
48-52,30,min 0-3,kalshi_against,exit10,147,-28.9,83,-77.3,-106.67,0.339,-77.3,commodity
48-52,30,min 0-3,kalshi_against,exit12,147,-33.3,83,-91.7,-125.11,0.391,-91.7,commodity
48-52,30,min 0-3,kalshi_against,exit14,147,-41.5,83,-89.4,-135.23,0.461,-89.4,commodity
48-52,30,min 0-3,kalshi_against,hold,147,-27.8,83,-99.4,-123.34,0.5,-99.4,commodity
48-52,30,min 0-3,kalshi_with,exit10,143,-45.5,89,-75.0,-131.84,0.284,-75.0,commodity
48-52,30,min 0-3,kalshi_with,exit12,143,-36.9,89,-94.2,-136.64,0.358,-94.2,commodity
48-52,30,min 0-3,kalshi_with,exit14,143,-38.6,89,-77.4,-124.02,0.448,-77.4,commodity
48-52,30,min 0-3,kalshi_with,hold,143,-24.0,89,-86.2,-111.05,0.491,-86.2,commodity
48-52,30,min 0-3,none,exit10,196,-70.6,123,-34.2,-180.37,0.285,-70.6,commodity
48-52,30,min 0-3,none,exit12,196,-66.1,123,-36.0,-173.97,0.342,-66.1,commodity
48-52,30,min 0-3,none,exit14,196,-70.0,123,-13.9,-154.24,0.42,-70.0,commodity
48-52,30,min 0-3,none,hold,196,-58.5,123,-33.2,-155.49,0.47,-58.5,commodity
48-52,30,min 0-6,kalshi_against,exit10,169,-26.8,97,-70.5,-113.7,0.323,-70.5,commodity
48-52,30,min 0-6,kalshi_against,exit12,169,-32.4,97,-76.3,-128.84,0.395,-76.3,commodity
48-52,30,min 0-6,kalshi_against,exit14,169,-40.1,97,-56.1,-122.11,0.485,-56.1,commodity
48-52,30,min 0-6,kalshi_against,hold,169,-30.3,97,-59.2,-108.75,0.526,-59.2,commodity
48-52,30,min 0-6,kalshi_with,exit10,172,-59.0,99,-64.2,-165.04,0.269,-64.2,commodity
48-52,30,min 0-6,kalshi_with,exit12,172,-50.6,99,-81.6,-167.85,0.336,-81.6,commodity
48-52,30,min 0-6,kalshi_with,exit14,172,-46.4,99,-66.6,-145.78,0.435,-66.6,commodity
48-52,30,min 0-6,kalshi_with,hold,172,-31.5,99,-75.6,-129.02,0.494,-75.6,commodity
48-52,30,min 0-6,none,exit10,209,-66.7,129,-34.9,-184.33,0.281,-66.7,commodity
48-52,30,min 0-6,none,exit12,209,-60.3,129,-38.2,-175.31,0.34,-60.3,commodity
48-52,30,min 0-6,none,exit14,209,-54.7,129,-23.2,-144.32,0.429,-54.7,commodity
48-52,30,min 0-6,none,hold,209,-44.9,129,-42.4,-148.6,0.482,-44.9,commodity
48-52,30,min 0-9,kalshi_against,exit10,183,-36.2,102,-71.3,-139.0,0.305,-71.3,commodity
48-52,30,min 0-9,kalshi_against,exit12,183,-43.1,102,-77.0,-157.41,0.379,-77.0,commodity
48-52,30,min 0-9,kalshi_against,exit14,183,-45.6,102,-56.3,-140.86,0.477,-56.3,commodity
48-52,30,min 0-9,kalshi_against,hold,183,-40.4,102,-56.9,-131.98,0.523,-56.9,commodity
48-52,30,min 0-9,kalshi_with,exit10,181,-56.5,102,-60.9,-164.35,0.265,-60.9,commodity
48-52,30,min 0-9,kalshi_with,exit12,181,-46.4,102,-76.6,-162.23,0.336,-76.6,commodity
48-52,30,min 0-9,kalshi_with,exit14,181,-33.1,102,-63.3,-124.5,0.449,-63.3,commodity
48-52,30,min 0-9,kalshi_with,hold,181,-14.2,102,-72.5,-99.71,0.509,-72.5,commodity
48-52,30,min 0-9,none,exit10,213,-63.5,131,-34.4,-180.31,0.279,-63.5,commodity
48-52,30,min 0-9,none,exit12,213,-58.1,131,-33.7,-167.96,0.34,-58.1,commodity
48-52,30,min 0-9,none,exit14,213,-51.3,131,-18.0,-132.84,0.433,-51.3,commodity
48-52,30,min 0-9,none,hold,213,-37.7,131,-36.9,-128.63,0.488,-37.7,commodity
53-57,5,min 0-12,kalshi_against,exit10,203,-52.1,111,-52.1,-163.5,0.752,-52.1,commodity
53-57,5,min 0-12,kalshi_against,exit12,203,-52.4,111,-40.4,-151.09,0.783,-52.4,commodity
53-57,5,min 0-12,kalshi_against,exit14,203,-57.8,111,-42.3,-164.3,0.806,-57.8,commodity
53-57,5,min 0-12,kalshi_against,hold,203,-68.0,111,-51.7,-195.42,0.806,-68.0,commodity
53-57,5,min 0-12,kalshi_with,exit10,209,-41.6,114,-34.8,-126.69,0.759,-41.6,commodity
53-57,5,min 0-12,kalshi_with,exit12,209,-32.0,114,-44.6,-117.77,0.793,-44.6,commodity
53-57,5,min 0-12,kalshi_with,exit14,209,-26.0,114,-53.0,-114.79,0.82,-53.0,commodity
53-57,5,min 0-12,kalshi_with,hold,209,-28.5,114,-54.5,-121.77,0.827,-54.5,commodity
53-57,5,min 0-12,none,exit10,229,-33.1,143,-51.4,-149.2,0.766,-51.4,commodity
53-57,5,min 0-12,none,exit12,229,-34.1,143,-48.1,-146.96,0.79,-48.1,commodity
53-57,5,min 0-12,none,exit14,229,-34.6,143,-50.9,-152.04,0.809,-50.9,commodity
53-57,5,min 0-12,none,hold,229,-37.6,143,-55.7,-165.78,0.809,-55.7,commodity
53-57,5,min 0-3,kalshi_against,exit10,145,-49.5,91,-41.0,-109.13,0.763,-49.5,commodity
53-57,5,min 0-3,kalshi_against,exit12,145,-57.8,91,-34.9,-115.54,0.788,-57.8,commodity
53-57,5,min 0-3,kalshi_against,exit14,145,-65.8,91,-35.6,-127.9,0.801,-65.8,commodity
53-57,5,min 0-3,kalshi_against,hold,145,-71.8,91,-42.8,-143.01,0.801,-71.8,commodity
53-57,5,min 0-3,kalshi_with,exit10,172,-44.8,99,-33.8,-110.57,0.76,-44.8,commodity
53-57,5,min 0-3,kalshi_with,exit12,172,-35.8,99,-41.9,-103.12,0.79,-41.9,commodity
53-57,5,min 0-3,kalshi_with,exit14,172,-32.1,99,-48.9,-103.62,0.808,-48.9,commodity
53-57,5,min 0-3,kalshi_with,hold,172,-35.1,99,-50.5,-110.36,0.812,-50.5,commodity
53-57,5,min 0-3,none,exit10,214,-32.4,138,-47.4,-134.77,0.773,-47.4,commodity
53-57,5,min 0-3,none,exit12,214,-32.7,138,-48.1,-136.25,0.793,-48.1,commodity
53-57,5,min 0-3,none,exit14,214,-38.1,138,-50.0,-150.61,0.801,-50.0,commodity
53-57,5,min 0-3,none,hold,214,-41.3,138,-54.0,-162.85,0.801,-54.0,commodity
53-57,5,min 0-6,kalshi_against,exit10,189,-40.9,106,-44.7,-124.76,0.773,-44.7,commodity
53-57,5,min 0-6,kalshi_against,exit12,189,-44.4,106,-39.7,-125.88,0.803,-44.4,commodity
53-57,5,min 0-6,kalshi_against,exit14,189,-51.3,106,-38.2,-137.53,0.82,-51.3,commodity
53-57,5,min 0-6,kalshi_against,hold,189,-56.5,106,-44.4,-153.75,0.82,-56.5,commodity
53-57,5,min 0-6,kalshi_with,exit10,191,-45.3,109,-38.0,-128.02,0.76,-45.3,commodity
53-57,5,min 0-6,kalshi_with,exit12,191,-36.3,109,-47.8,-121.56,0.787,-47.8,commodity
53-57,5,min 0-6,kalshi_with,exit14,191,-30.1,109,-57.0,-119.6,0.81,-57.0,commodity
53-57,5,min 0-6,kalshi_with,hold,191,-31.6,109,-58.6,-124.22,0.817,-58.6,commodity
53-57,5,min 0-6,none,exit10,224,-32.5,141,-48.2,-140.81,0.77,-48.2,commodity
53-57,5,min 0-6,none,exit12,224,-31.7,141,-47.7,-138.31,0.795,-47.7,commodity
53-57,5,min 0-6,none,exit14,224,-35.9,141,-48.7,-149.06,0.808,-48.7,commodity
53-57,5,min 0-6,none,hold,224,-38.9,141,-52.6,-161.3,0.808,-52.6,commodity
53-57,5,min 0-9,kalshi_against,exit10,196,-42.7,106,-44.7,-131.13,0.762,-44.7,commodity
53-57,5,min 0-9,kalshi_against,exit12,196,-45.8,106,-39.7,-131.78,0.798,-45.8,commodity
53-57,5,min 0-9,kalshi_against,exit14,196,-52.9,106,-38.2,-144.11,0.818,-52.9,commodity
53-57,5,min 0-9,kalshi_against,hold,196,-59.2,106,-44.4,-163.05,0.818,-59.2,commodity
53-57,5,min 0-9,kalshi_with,exit10,202,-42.9,110,-37.6,-128.12,0.76,-42.9,commodity
53-57,5,min 0-9,kalshi_with,exit12,202,-32.1,110,-47.4,-117.04,0.795,-47.4,commodity
53-57,5,min 0-9,kalshi_with,exit14,202,-26.2,110,-56.5,-115.08,0.817,-56.5,commodity
53-57,5,min 0-9,kalshi_with,hold,202,-27.6,110,-58.1,-119.7,0.824,-58.1,commodity
53-57,5,min 0-9,none,exit10,227,-33.5,141,-48.2,-144.07,0.766,-48.2,commodity
53-57,5,min 0-9,none,exit12,227,-32.5,141,-47.7,-141.03,0.793,-47.7,commodity
53-57,5,min 0-9,none,exit14,227,-35.1,141,-48.7,-148.41,0.81,-48.7,commodity
53-57,5,min 0-9,none,hold,227,-38.1,141,-52.6,-160.65,0.81,-52.6,commodity
53-57,10,min 0-12,kalshi_against,exit10,203,-48.7,111,-54.8,-159.71,0.643,-54.8,commodity
53-57,10,min 0-12,kalshi_against,exit12,203,-51.3,111,-38.4,-146.82,0.688,-51.3,commodity
53-57,10,min 0-12,kalshi_against,exit14,203,-59.6,111,-44.0,-169.83,0.72,-59.6,commodity
53-57,10,min 0-12,kalshi_against,hold,203,-67.1,111,-55.2,-197.44,0.726,-67.1,commodity
53-57,10,min 0-12,kalshi_with,exit10,209,-48.7,114,-31.8,-138.17,0.647,-48.7,commodity
53-57,10,min 0-12,kalshi_with,exit12,209,-38.9,114,-37.7,-124.38,0.69,-38.9,commodity
53-57,10,min 0-12,kalshi_with,exit14,209,-30.7,114,-49.4,-120.46,0.737,-49.4,commodity
53-57,10,min 0-12,kalshi_with,hold,209,-36.9,114,-55.8,-140.77,0.746,-55.8,commodity
53-57,10,min 0-12,none,exit10,229,-23.7,143,-53.7,-131.01,0.677,-53.7,commodity
53-57,10,min 0-12,none,exit12,229,-23.4,143,-52.8,-129.1,0.707,-52.8,commodity
53-57,10,min 0-12,none,exit14,229,-22.6,143,-59.9,-137.38,0.734,-59.9,commodity
53-57,10,min 0-12,none,hold,229,-24.2,143,-63.7,-146.48,0.737,-63.7,commodity
53-57,10,min 0-3,kalshi_against,exit10,145,-53.7,91,-34.2,-109.0,0.661,-53.7,commodity
53-57,10,min 0-3,kalshi_against,exit12,145,-63.1,91,-25.0,-114.21,0.691,-63.1,commodity
53-57,10,min 0-3,kalshi_against,exit14,145,-71.4,91,-33.0,-133.55,0.712,-71.4,commodity
53-57,10,min 0-3,kalshi_against,hold,145,-75.1,91,-42.3,-147.35,0.72,-75.1,commodity
53-57,10,min 0-3,kalshi_with,exit10,172,-52.5,99,-24.2,-114.26,0.672,-52.5,commodity
53-57,10,min 0-3,kalshi_with,exit12,172,-41.1,99,-26.8,-97.25,0.712,-41.1,commodity
53-57,10,min 0-3,kalshi_with,exit14,172,-35.9,99,-37.8,-99.24,0.742,-37.8,commodity
53-57,10,min 0-3,kalshi_with,hold,172,-40.0,99,-44.2,-112.55,0.745,-44.2,commodity
53-57,10,min 0-3,none,exit10,214,-25.1,138,-48.1,-120.17,0.69,-48.1,commodity
53-57,10,min 0-3,none,exit12,214,-22.0,138,-53.3,-120.55,0.71,-53.3,commodity
53-57,10,min 0-3,none,exit14,214,-25.6,138,-61.4,-139.45,0.727,-61.4,commodity
53-57,10,min 0-3,none,hold,214,-28.8,138,-64.2,-150.28,0.73,-64.2,commodity
53-57,10,min 0-6,kalshi_against,exit10,189,-40.0,106,-42.7,-120.96,0.664,-42.7,commodity
53-57,10,min 0-6,kalshi_against,exit12,189,-44.3,106,-32.8,-118.45,0.705,-44.3,commodity
53-57,10,min 0-6,kalshi_against,exit14,189,-53.4,106,-35.2,-138.2,0.736,-53.4,commodity
53-57,10,min 0-6,kalshi_against,hold,189,-58.8,106,-43.2,-156.89,0.742,-58.8,commodity
53-57,10,min 0-6,kalshi_with,exit10,191,-54.4,109,-33.5,-140.29,0.653,-54.4,commodity
53-57,10,min 0-6,kalshi_with,exit12,191,-40.7,109,-37.7,-118.8,0.697,-40.7,commodity
53-57,10,min 0-6,kalshi_with,exit14,191,-34.5,109,-49.6,-119.96,0.73,-49.6,commodity
53-57,10,min 0-6,kalshi_with,hold,191,-38.6,109,-55.8,-134.61,0.74,-55.8,commodity
53-57,10,min 0-6,none,exit10,224,-25.0,141,-51.0,-128.03,0.682,-51.0,commodity
53-57,10,min 0-6,none,exit12,224,-21.3,141,-53.0,-122.4,0.71,-53.0,commodity
53-57,10,min 0-6,none,exit14,224,-23.4,141,-58.4,-134.65,0.734,-58.4,commodity
53-57,10,min 0-6,none,hold,224,-27.7,141,-61.2,-148.23,0.737,-61.2,commodity
53-57,10,min 0-9,kalshi_against,exit10,196,-41.6,106,-42.7,-126.82,0.656,-42.7,commodity
53-57,10,min 0-9,kalshi_against,exit12,196,-45.1,106,-32.8,-123.12,0.702,-45.1,commodity
53-57,10,min 0-9,kalshi_against,exit14,196,-54.0,106,-35.2,-143.14,0.735,-54.0,commodity
53-57,10,min 0-9,kalshi_against,hold,196,-60.6,106,-43.2,-164.55,0.742,-60.6,commodity
53-57,10,min 0-9,kalshi_with,exit10,202,-51.5,110,-35.1,-142.56,0.647,-51.5,commodity
53-57,10,min 0-9,kalshi_with,exit12,202,-40.3,110,-41.1,-126.61,0.692,-41.1,commodity
53-57,10,min 0-9,kalshi_with,exit14,202,-32.8,110,-54.0,-125.65,0.731,-54.0,commodity
53-57,10,min 0-9,kalshi_with,hold,202,-38.1,110,-60.6,-143.6,0.74,-60.6,commodity
53-57,10,min 0-9,none,exit10,227,-25.9,141,-51.0,-130.78,0.679,-51.0,commodity
53-57,10,min 0-9,none,exit12,227,-21.8,141,-53.0,-124.2,0.709,-53.0,commodity
53-57,10,min 0-9,none,exit14,227,-22.2,141,-58.4,-132.67,0.736,-58.4,commodity
53-57,10,min 0-9,none,hold,227,-26.4,141,-61.2,-146.25,0.739,-61.2,commodity
53-57,15,min 0-12,kalshi_against,exit10,203,-27.7,111,-63.9,-127.12,0.583,-63.9,commodity
53-57,15,min 0-12,kalshi_against,exit12,203,-31.8,111,-50.0,-120.19,0.627,-50.0,commodity
53-57,15,min 0-12,kalshi_against,exit14,203,-39.6,111,-45.3,-130.62,0.672,-45.3,commodity
53-57,15,min 0-12,kalshi_against,hold,203,-58.3,111,-56.3,-180.79,0.678,-58.3,commodity
53-57,15,min 0-12,kalshi_with,exit10,209,-41.0,114,-21.6,-110.43,0.551,-41.0,commodity
53-57,15,min 0-12,kalshi_with,exit12,209,-34.7,114,-31.3,-108.21,0.604,-34.7,commodity
53-57,15,min 0-12,kalshi_with,exit14,209,-27.2,114,-46.8,-110.21,0.659,-46.8,commodity
53-57,15,min 0-12,kalshi_with,hold,209,-36.3,114,-58.6,-142.7,0.675,-58.6,commodity
53-57,15,min 0-12,none,exit10,229,-14.7,143,-55.2,-112.59,0.586,-55.2,commodity
53-57,15,min 0-12,none,exit12,229,-18.5,143,-55.6,-121.87,0.626,-55.6,commodity
53-57,15,min 0-12,none,exit14,229,-17.6,143,-58.7,-124.3,0.661,-58.7,commodity
53-57,15,min 0-12,none,hold,229,-27.7,143,-62.4,-152.76,0.669,-62.4,commodity
53-57,15,min 0-3,kalshi_against,exit10,145,-30.6,91,-49.3,-89.14,0.602,-49.3,commodity
53-57,15,min 0-3,kalshi_against,exit12,145,-42.4,91,-43.5,-101.04,0.623,-43.5,commodity
53-57,15,min 0-3,kalshi_against,exit14,145,-50.2,91,-42.7,-111.68,0.665,-50.2,commodity
53-57,15,min 0-3,kalshi_against,hold,145,-59.1,91,-51.7,-132.66,0.674,-59.1,commodity
53-57,15,min 0-3,kalshi_with,exit10,172,-44.4,99,-13.3,-89.5,0.579,-44.4,commodity
53-57,15,min 0-3,kalshi_with,exit12,172,-37.2,99,-13.5,-77.36,0.627,-37.2,commodity
53-57,15,min 0-3,kalshi_with,exit14,172,-34.7,99,-23.2,-82.68,0.664,-34.7,commodity
53-57,15,min 0-3,kalshi_with,hold,172,-42.3,99,-31.2,-103.65,0.675,-42.3,commodity
53-57,15,min 0-3,none,exit10,214,-14.0,138,-50.1,-99.07,0.605,-50.1,commodity
53-57,15,min 0-3,none,exit12,214,-16.1,138,-56.6,-112.51,0.631,-56.6,commodity
53-57,15,min 0-3,none,exit14,214,-18.2,138,-61.0,-123.22,0.659,-61.0,commodity
53-57,15,min 0-3,none,hold,214,-26.0,138,-63.8,-143.76,0.668,-63.8,commodity
53-57,15,min 0-6,kalshi_against,exit10,189,-18.2,106,-52.6,-90.21,0.607,-52.6,commodity
53-57,15,min 0-6,kalshi_against,exit12,189,-25.1,106,-45.3,-95.5,0.641,-45.3,commodity
53-57,15,min 0-6,kalshi_against,exit14,189,-33.7,106,-36.9,-102.77,0.688,-36.9,commodity
53-57,15,min 0-6,kalshi_against,hold,189,-47.8,106,-44.6,-137.58,0.695,-47.8,commodity
53-57,15,min 0-6,kalshi_with,exit10,191,-47.9,109,-24.4,-118.18,0.553,-47.9,commodity
53-57,15,min 0-6,kalshi_with,exit12,191,-38.0,109,-32.4,-107.95,0.607,-38.0,commodity
53-57,15,min 0-6,kalshi_with,exit14,191,-34.1,109,-48.9,-118.4,0.647,-48.9,commodity
53-57,15,min 0-6,kalshi_with,hold,191,-41.4,109,-60.8,-145.23,0.663,-60.8,commodity
53-57,15,min 0-6,none,exit10,224,-15.9,141,-52.6,-109.71,0.595,-52.6,commodity
53-57,15,min 0-6,none,exit12,224,-17.0,141,-55.8,-116.7,0.627,-55.8,commodity
53-57,15,min 0-6,none,exit14,224,-19.0,141,-57.2,-123.2,0.663,-57.2,commodity
53-57,15,min 0-6,none,hold,224,-29.1,141,-59.9,-149.7,0.671,-59.9,commodity
53-57,15,min 0-9,kalshi_against,exit10,196,-20.2,106,-52.6,-95.36,0.596,-52.6,commodity
53-57,15,min 0-9,kalshi_against,exit12,196,-25.6,106,-45.3,-98.23,0.639,-45.3,commodity
53-57,15,min 0-9,kalshi_against,exit14,196,-34.0,106,-36.9,-105.67,0.685,-36.9,commodity
53-57,15,min 0-9,kalshi_against,hold,196,-52.2,106,-44.6,-149.64,0.692,-52.2,commodity
53-57,15,min 0-9,kalshi_with,exit10,202,-44.7,110,-26.2,-119.01,0.548,-44.7,commodity
53-57,15,min 0-9,kalshi_with,exit12,202,-37.0,110,-35.8,-114.12,0.603,-37.0,commodity
53-57,15,min 0-9,kalshi_with,exit14,202,-30.6,110,-53.3,-120.51,0.651,-53.3,commodity
53-57,15,min 0-9,kalshi_with,hold,202,-38.9,110,-65.5,-150.64,0.667,-65.5,commodity
53-57,15,min 0-9,none,exit10,227,-16.9,141,-52.6,-112.36,0.59,-52.6,commodity
53-57,15,min 0-9,none,exit12,227,-17.1,141,-55.8,-117.58,0.628,-55.8,commodity
53-57,15,min 0-9,none,exit14,227,-17.4,141,-57.2,-120.2,0.663,-57.2,commodity
53-57,15,min 0-9,none,hold,227,-30.3,141,-59.9,-153.14,0.671,-59.9,commodity
53-57,20,min 0-12,kalshi_against,exit10,203,-29.9,111,-47.3,-113.09,0.478,-47.3,commodity
53-57,20,min 0-12,kalshi_against,exit12,203,-33.5,111,-40.5,-112.86,0.535,-40.5,commodity
53-57,20,min 0-12,kalshi_against,exit14,203,-36.7,111,-27.6,-105.14,0.611,-36.7,commodity
53-57,20,min 0-12,kalshi_against,hold,203,-52.0,111,-40.0,-150.0,0.627,-52.0,commodity
53-57,20,min 0-12,kalshi_with,exit10,209,-44.1,114,-19.1,-113.81,0.449,-44.1,commodity
53-57,20,min 0-12,kalshi_with,exit12,209,-44.3,114,-34.9,-132.28,0.498,-44.3,commodity
53-57,20,min 0-12,kalshi_with,exit14,209,-24.6,114,-52.6,-111.37,0.579,-52.6,commodity
53-57,20,min 0-12,kalshi_with,hold,209,-21.7,114,-56.6,-109.83,0.619,-56.6,commodity
53-57,20,min 0-12,none,exit10,229,-14.6,143,-44.2,-96.48,0.478,-44.2,commodity
53-57,20,min 0-12,none,exit12,229,-19.4,143,-49.7,-115.63,0.543,-49.7,commodity
53-57,20,min 0-12,none,exit14,229,-10.4,143,-51.9,-98.01,0.602,-51.9,commodity
53-57,20,min 0-12,none,hold,229,-10.3,143,-57.1,-105.21,0.624,-57.1,commodity
53-57,20,min 0-3,kalshi_against,exit10,145,-29.8,91,-34.0,-74.1,0.504,-34.0,commodity
53-57,20,min 0-3,kalshi_against,exit12,145,-42.1,91,-30.4,-88.69,0.542,-42.1,commodity
53-57,20,min 0-3,kalshi_against,exit14,145,-43.7,91,-21.4,-82.92,0.606,-43.7,commodity
53-57,20,min 0-3,kalshi_against,hold,145,-50.7,91,-30.3,-101.11,0.627,-50.7,commodity
53-57,20,min 0-3,kalshi_with,exit10,172,-50.2,99,-11.7,-97.8,0.472,-50.2,commodity
53-57,20,min 0-3,kalshi_with,exit12,172,-47.3,99,-15.6,-96.74,0.528,-47.3,commodity
53-57,20,min 0-3,kalshi_with,exit14,172,-35.7,99,-26.6,-87.76,0.587,-35.7,commodity
53-57,20,min 0-3,kalshi_with,hold,172,-34.2,99,-25.1,-83.7,0.613,-34.2,commodity
53-57,20,min 0-3,none,exit10,214,-13.7,138,-39.5,-83.91,0.494,-39.5,commodity
53-57,20,min 0-3,none,exit12,214,-19.3,138,-51.4,-112.25,0.545,-51.4,commodity
53-57,20,min 0-3,none,exit14,214,-13.6,138,-55.7,-105.9,0.597,-55.7,commodity
53-57,20,min 0-3,none,hold,214,-10.5,138,-60.0,-105.18,0.619,-60.0,commodity
53-57,20,min 0-6,kalshi_against,exit10,189,-18.9,106,-36.3,-74.31,0.498,-36.3,commodity
53-57,20,min 0-6,kalshi_against,exit12,189,-24.4,106,-32.7,-80.83,0.559,-32.7,commodity
53-57,20,min 0-6,kalshi_against,exit14,189,-30.5,106,-19.5,-78.29,0.627,-30.5,commodity
53-57,20,min 0-6,kalshi_against,hold,189,-38.9,106,-28.7,-103.96,0.644,-38.9,commodity
53-57,20,min 0-6,kalshi_with,exit10,191,-53.0,109,-22.4,-125.7,0.45,-53.0,commodity
53-57,20,min 0-6,kalshi_with,exit12,191,-46.8,109,-35.6,-128.19,0.51,-46.8,commodity
53-57,20,min 0-6,kalshi_with,exit14,191,-31.6,109,-56.4,-121.95,0.573,-56.4,commodity
53-57,20,min 0-6,kalshi_with,hold,191,-29.9,109,-60.3,-122.86,0.603,-60.3,commodity
53-57,20,min 0-6,none,exit10,224,-15.7,141,-41.8,-94.22,0.485,-41.8,commodity
53-57,20,min 0-6,none,exit12,224,-18.3,141,-50.3,-111.9,0.545,-50.3,commodity
53-57,20,min 0-6,none,exit14,224,-12.4,141,-50.8,-99.38,0.603,-50.8,commodity
53-57,20,min 0-6,none,hold,224,-12.1,141,-55.0,-104.62,0.625,-55.0,commodity
53-57,20,min 0-9,kalshi_against,exit10,196,-22.7,106,-36.3,-82.98,0.487,-36.3,commodity
53-57,20,min 0-9,kalshi_against,exit12,196,-25.6,106,-32.7,-84.88,0.55,-32.7,commodity
53-57,20,min 0-9,kalshi_against,exit14,196,-31.4,106,-19.5,-82.25,0.623,-31.4,commodity
53-57,20,min 0-9,kalshi_against,hold,196,-46.2,106,-28.7,-120.91,0.639,-46.2,commodity
53-57,20,min 0-9,kalshi_with,exit10,202,-49.2,110,-24.2,-126.0,0.446,-49.2,commodity
53-57,20,min 0-9,kalshi_with,exit12,202,-46.7,110,-39.0,-137.22,0.503,-46.7,commodity
53-57,20,min 0-9,kalshi_with,exit14,202,-29.0,110,-60.8,-125.49,0.571,-60.8,commodity
53-57,20,min 0-9,kalshi_with,hold,202,-25.7,110,-65.0,-123.43,0.609,-65.0,commodity
53-57,20,min 0-9,none,exit10,227,-16.7,141,-41.8,-96.87,0.481,-41.8,commodity
53-57,20,min 0-9,none,exit12,227,-18.3,141,-50.3,-112.37,0.543,-50.3,commodity
53-57,20,min 0-9,none,exit14,227,-10.3,141,-50.8,-94.94,0.603,-50.8,commodity
53-57,20,min 0-9,none,hold,227,-12.8,141,-55.0,-106.62,0.625,-55.0,commodity
53-57,25,min 0-12,kalshi_against,exit10,203,-27.2,111,-39.9,-99.42,0.408,-39.9,commodity
53-57,25,min 0-12,kalshi_against,exit12,203,-32.7,111,-30.2,-100.01,0.475,-32.7,commodity
53-57,25,min 0-12,kalshi_against,exit14,203,-36.6,111,-13.3,-89.08,0.57,-36.6,commodity
53-57,25,min 0-12,kalshi_against,hold,203,-50.8,111,-21.1,-126.6,0.589,-50.8,commodity
53-57,25,min 0-12,kalshi_with,exit10,209,-31.7,114,-16.7,-85.16,0.381,-31.7,commodity
53-57,25,min 0-12,kalshi_with,exit12,209,-29.2,114,-39.6,-106.11,0.443,-39.6,commodity
53-57,25,min 0-12,kalshi_with,exit14,209,-6.9,114,-46.7,-67.53,0.542,-46.7,commodity
53-57,25,min 0-12,kalshi_with,hold,209,0.6,114,-52.3,-58.3,0.588,-52.3,commodity
53-57,25,min 0-12,none,exit10,229,-10.7,143,-51.5,-97.99,0.403,-51.5,commodity
53-57,25,min 0-12,none,exit12,229,-14.9,143,-55.4,-113.46,0.473,-55.4,commodity
53-57,25,min 0-12,none,exit14,229,-8.0,143,-53.4,-94.77,0.551,-53.4,commodity
53-57,25,min 0-12,none,hold,229,-6.2,143,-56.8,-95.41,0.581,-56.8,commodity
53-57,25,min 0-3,kalshi_against,exit10,145,-30.2,91,-27.0,-68.3,0.424,-30.2,commodity
53-57,25,min 0-3,kalshi_against,exit12,145,-42.3,91,-17.1,-76.87,0.483,-42.3,commodity
53-57,25,min 0-3,kalshi_against,exit14,145,-39.9,91,-12.3,-69.1,0.564,-39.9,commodity
53-57,25,min 0-3,kalshi_against,hold,145,-42.7,91,-15.6,-76.11,0.589,-42.7,commodity
53-57,25,min 0-3,kalshi_with,exit10,172,-36.8,99,-10.5,-73.7,0.399,-36.8,commodity
53-57,25,min 0-3,kalshi_with,exit12,172,-28.9,99,-20.5,-69.98,0.472,-28.9,commodity
53-57,25,min 0-3,kalshi_with,exit14,172,-15.9,99,-23.0,-50.15,0.554,-23.0,commodity
53-57,25,min 0-3,kalshi_with,hold,172,-16.2,99,-23.4,-50.96,0.579,-23.4,commodity
53-57,25,min 0-3,none,exit10,214,-10.0,138,-46.1,-85.04,0.418,-46.1,commodity
53-57,25,min 0-3,none,exit12,214,-15.0,138,-57.2,-111.14,0.477,-57.2,commodity
53-57,25,min 0-3,none,exit14,214,-9.3,138,-59.5,-102.11,0.548,-59.5,commodity
53-57,25,min 0-3,none,hold,214,-3.9,138,-61.9,-93.73,0.577,-61.9,commodity
53-57,25,min 0-6,kalshi_against,exit10,189,-16.2,106,-30.0,-62.41,0.424,-30.0,commodity
53-57,25,min 0-6,kalshi_against,exit12,189,-24.2,106,-22.9,-69.96,0.495,-24.2,commodity
53-57,25,min 0-6,kalshi_against,exit14,189,-31.3,106,-5.9,-65.45,0.583,-31.3,commodity
53-57,25,min 0-6,kalshi_against,hold,189,-38.6,106,-10.3,-83.78,0.603,-38.6,commodity
53-57,25,min 0-6,kalshi_with,exit10,191,-41.8,109,-20.9,-102.69,0.377,-41.8,commodity
53-57,25,min 0-6,kalshi_with,exit12,191,-31.4,109,-39.6,-103.09,0.453,-39.6,commodity
53-57,25,min 0-6,kalshi_with,exit14,191,-12.9,109,-52.6,-81.94,0.537,-52.6,commodity
53-57,25,min 0-6,kalshi_with,hold,191,-11.4,109,-58.1,-85.03,0.573,-58.1,commodity
53-57,25,min 0-6,none,exit10,224,-11.8,141,-49.9,-96.67,0.408,-49.9,commodity
53-57,25,min 0-6,none,exit12,224,-14.2,141,-56.7,-111.71,0.474,-56.7,commodity
53-57,25,min 0-6,none,exit14,224,-10.5,141,-53.0,-98.12,0.551,-53.0,commodity
53-57,25,min 0-6,none,hold,224,-8.4,141,-55.3,-96.8,0.581,-55.3,commodity
53-57,25,min 0-9,kalshi_against,exit10,196,-20.0,106,-30.0,-71.08,0.414,-30.0,commodity
53-57,25,min 0-9,kalshi_against,exit12,196,-25.1,106,-22.9,-73.49,0.487,-25.1,commodity
53-57,25,min 0-9,kalshi_against,exit14,196,-31.8,106,-5.9,-68.48,0.579,-31.8,commodity
53-57,25,min 0-9,kalshi_against,hold,196,-45.4,106,-10.3,-99.8,0.599,-45.4,commodity
53-57,25,min 0-9,kalshi_with,exit10,202,-37.8,110,-22.7,-101.33,0.375,-37.8,commodity
53-57,25,min 0-9,kalshi_with,exit12,202,-31.3,110,-43.0,-110.46,0.449,-43.0,commodity
53-57,25,min 0-9,kalshi_with,exit14,202,-9.9,110,-56.9,-82.56,0.535,-56.9,commodity
53-57,25,min 0-9,kalshi_with,hold,202,-4.9,110,-62.8,-79.01,0.577,-62.8,commodity
53-57,25,min 0-9,none,exit10,227,-12.8,141,-49.9,-99.32,0.405,-49.9,commodity
53-57,25,min 0-9,none,exit12,227,-13.9,141,-56.7,-111.66,0.473,-56.7,commodity
53-57,25,min 0-9,none,exit14,227,-8.1,141,-53.0,-93.16,0.552,-53.0,commodity
53-57,25,min 0-9,none,hold,227,-8.9,141,-55.3,-98.28,0.582,-55.3,commodity
53-57,30,min 0-12,kalshi_against,exit10,203,-27.2,111,-38.4,-97.74,0.334,-38.4,commodity
53-57,30,min 0-12,kalshi_against,exit12,203,-37.6,111,-22.7,-101.56,0.398,-37.6,commodity
53-57,30,min 0-12,kalshi_against,exit14,203,-46.6,111,2.7,-91.59,0.503,-46.6,commodity
53-57,30,min 0-12,kalshi_against,hold,203,-51.1,111,-7.4,-111.93,0.551,-51.1,commodity
53-57,30,min 0-12,kalshi_with,exit10,209,-31.8,114,-30.6,-101.33,0.297,-31.8,commodity
53-57,30,min 0-12,kalshi_with,exit12,209,-26.7,114,-48.4,-111.02,0.378,-48.4,commodity
53-57,30,min 0-12,kalshi_with,exit14,209,1.8,114,-47.0,-49.81,0.489,-47.0,commodity
53-57,30,min 0-12,kalshi_with,hold,209,15.4,114,-44.5,-18.56,0.563,-44.5,commodity
53-57,30,min 0-12,none,exit10,229,-1.4,143,-47.0,-70.39,0.341,-47.0,commodity
53-57,30,min 0-12,none,exit12,229,-11.2,143,-47.3,-93.35,0.409,-47.3,commodity
53-57,30,min 0-12,none,exit14,229,-10.3,143,-36.8,-76.27,0.497,-36.8,commodity
53-57,30,min 0-12,none,hold,229,-0.9,143,-33.4,-49.87,0.554,-33.4,commodity
53-57,30,min 0-3,kalshi_against,exit10,145,-34.7,91,-22.4,-70.76,0.356,-34.7,commodity
53-57,30,min 0-3,kalshi_against,exit12,145,-48.6,91,-5.2,-75.15,0.415,-48.6,commodity
53-57,30,min 0-3,kalshi_against,exit14,145,-45.8,91,11.8,-55.72,0.513,-45.8,commodity
53-57,30,min 0-3,kalshi_against,hold,145,-33.1,91,13.1,-35.97,0.564,-33.1,commodity
53-57,30,min 0-3,kalshi_with,exit10,172,-38.5,99,-28.2,-94.14,0.306,-38.5,commodity
53-57,30,min 0-3,kalshi_with,exit12,172,-30.1,99,-31.6,-83.12,0.395,-31.6,commodity
53-57,30,min 0-3,kalshi_with,exit14,172,-10.9,99,-20.9,-39.43,0.506,-20.9,commodity
53-57,30,min 0-3,kalshi_with,hold,172,-6.3,99,-17.3,-27.89,0.55,-17.3,commodity
53-57,30,min 0-3,none,exit10,214,-0.2,138,-41.5,-57.66,0.355,-41.5,commodity
53-57,30,min 0-3,none,exit12,214,-9.5,138,-48.8,-87.69,0.42,-48.8,commodity
53-57,30,min 0-3,none,exit14,214,-1.1,138,-40.4,-58.12,0.509,-40.4,commodity
53-57,30,min 0-3,none,hold,214,14.7,138,-38.4,-21.43,0.56,-38.4,commodity
53-57,30,min 0-6,kalshi_against,exit10,189,-16.6,106,-28.8,-61.99,0.346,-28.8,commodity
53-57,30,min 0-6,kalshi_against,exit12,189,-30.0,106,-15.0,-72.57,0.414,-30.0,commodity
53-57,30,min 0-6,kalshi_against,exit14,189,-40.6,106,10.4,-65.58,0.515,-40.6,commodity
53-57,30,min 0-6,kalshi_against,hold,189,-36.0,106,3.7,-64.08,0.566,-36.0,commodity
53-57,30,min 0-6,kalshi_with,exit10,191,-43.3,109,-36.6,-122.67,0.29,-43.3,commodity
53-57,30,min 0-6,kalshi_with,exit12,191,-30.2,109,-49.3,-111.38,0.383,-49.3,commodity
53-57,30,min 0-6,kalshi_with,exit14,191,-6.0,109,-53.0,-69.11,0.487,-53.0,commodity
53-57,30,min 0-6,kalshi_with,hold,191,1.5,109,-51.6,-53.32,0.547,-51.6,commodity
53-57,30,min 0-6,none,exit10,224,-2.3,141,-45.3,-69.07,0.345,-45.3,commodity
53-57,30,min 0-6,none,exit12,224,-10.8,141,-48.5,-92.66,0.408,-48.5,commodity
53-57,30,min 0-6,none,exit14,224,-11.0,141,-36.0,-75.45,0.499,-36.0,commodity
53-57,30,min 0-6,none,hold,224,0.1,141,-31.6,-44.44,0.556,-31.6,commodity
53-57,30,min 0-9,kalshi_against,exit10,196,-20.5,106,-28.8,-70.66,0.338,-28.8,commodity
53-57,30,min 0-9,kalshi_against,exit12,196,-30.5,106,-15.0,-75.57,0.407,-30.5,commodity
53-57,30,min 0-9,kalshi_against,exit14,196,-42.8,106,10.4,-72.78,0.51,-42.8,commodity
53-57,30,min 0-9,kalshi_against,hold,196,-46.3,106,3.7,-86.92,0.56,-46.3,commodity
53-57,30,min 0-9,kalshi_with,exit10,202,-38.6,110,-38.2,-119.93,0.288,-38.6,commodity
53-57,30,min 0-9,kalshi_with,exit12,202,-28.9,110,-52.6,-116.32,0.381,-52.6,commodity
53-57,30,min 0-9,kalshi_with,exit14,202,-1.7,110,-57.3,-66.57,0.484,-57.3,commodity
53-57,30,min 0-9,kalshi_with,hold,202,9.5,110,-56.4,-42.87,0.551,-56.4,commodity
53-57,30,min 0-9,none,exit10,227,-3.4,141,-45.3,-71.72,0.342,-45.3,commodity
53-57,30,min 0-9,none,exit12,227,-10.4,141,-48.5,-92.08,0.408,-48.5,commodity
53-57,30,min 0-9,none,exit14,227,-10.7,141,-36.0,-75.19,0.497,-36.0,commodity
53-57,30,min 0-9,none,hold,227,-3.8,141,-31.6,-53.27,0.554,-31.6,commodity
58-62,5,min 0-12,kalshi_against,exit10,190,-37.8,98,-59.1,-129.61,0.795,-59.1,commodity
58-62,5,min 0-12,kalshi_against,exit12,190,-34.7,98,-51.9,-116.85,0.823,-51.9,commodity
58-62,5,min 0-12,kalshi_against,exit14,190,-40.3,98,-58.3,-133.64,0.837,-58.3,commodity
58-62,5,min 0-12,kalshi_against,hold,190,-43.4,98,-63.4,-144.56,0.844,-63.4,commodity
58-62,5,min 0-12,kalshi_with,exit10,224,-55.2,123,-28.2,-158.35,0.758,-55.2,commodity
58-62,5,min 0-12,kalshi_with,exit12,224,-46.3,123,-28.7,-139.04,0.778,-46.3,commodity
58-62,5,min 0-12,kalshi_with,exit14,224,-44.5,123,-35.3,-143.13,0.807,-44.5,commodity
58-62,5,min 0-12,kalshi_with,hold,224,-46.2,123,-43.4,-156.82,0.813,-46.2,commodity
58-62,5,min 0-12,none,exit10,233,-44.2,136,-40.6,-158.27,0.756,-44.2,commodity
58-62,5,min 0-12,none,exit12,233,-34.3,136,-35.6,-128.2,0.789,-35.6,commodity
58-62,5,min 0-12,none,exit14,233,-41.0,136,-34.6,-142.72,0.805,-41.0,commodity
58-62,5,min 0-12,none,hold,233,-43.8,136,-40.8,-157.45,0.808,-43.8,commodity
58-62,5,min 0-3,kalshi_against,exit10,93,-46.5,53,-66.6,-78.58,0.795,-66.6,commodity
58-62,5,min 0-3,kalshi_against,exit12,93,-48.5,53,-62.8,-78.42,0.808,-62.8,commodity
58-62,5,min 0-3,kalshi_against,exit14,93,-52.8,53,-72.0,-87.29,0.815,-72.0,commodity
58-62,5,min 0-3,kalshi_against,hold,93,-50.4,53,-74.8,-86.52,0.829,-74.8,commodity
58-62,5,min 0-3,kalshi_with,exit10,196,-60.4,112,-25.1,-146.51,0.769,-60.4,commodity
58-62,5,min 0-3,kalshi_with,exit12,196,-52.3,112,-23.7,-129.13,0.789,-52.3,commodity
58-62,5,min 0-3,kalshi_with,exit14,196,-53.2,112,-35.2,-143.58,0.808,-53.2,commodity
58-62,5,min 0-3,kalshi_with,hold,196,-56.0,112,-43.6,-158.51,0.812,-56.0,commodity
58-62,5,min 0-3,none,exit10,214,-47.4,129,-44.0,-158.29,0.767,-47.4,commodity
58-62,5,min 0-3,none,exit12,214,-43.6,129,-38.6,-143.19,0.784,-43.6,commodity
58-62,5,min 0-3,none,exit14,214,-51.0,129,-42.3,-163.72,0.799,-51.0,commodity
58-62,5,min 0-3,none,hold,214,-54.0,129,-48.8,-178.45,0.802,-54.0,commodity
58-62,5,min 0-6,kalshi_against,exit10,157,-36.8,83,-63.8,-110.72,0.808,-63.8,commodity
58-62,5,min 0-6,kalshi_against,exit12,157,-41.0,83,-60.4,-114.47,0.825,-60.4,commodity
58-62,5,min 0-6,kalshi_against,exit14,157,-48.7,83,-66.6,-131.72,0.829,-66.6,commodity
58-62,5,min 0-6,kalshi_against,hold,157,-51.8,83,-70.8,-140.12,0.838,-70.8,commodity
58-62,5,min 0-6,kalshi_with,exit10,208,-58.7,120,-30.4,-158.64,0.765,-58.7,commodity
58-62,5,min 0-6,kalshi_with,exit12,208,-48.5,120,-25.6,-131.64,0.787,-48.5,commodity
58-62,5,min 0-6,kalshi_with,exit14,208,-47.2,120,-35.1,-140.26,0.811,-47.2,commodity
58-62,5,min 0-6,kalshi_with,hold,208,-48.7,120,-43.0,-152.94,0.817,-48.7,commodity
58-62,5,min 0-6,none,exit10,222,-45.4,134,-44.7,-160.64,0.764,-45.4,commodity
58-62,5,min 0-6,none,exit12,222,-39.7,134,-36.3,-136.76,0.787,-39.7,commodity
58-62,5,min 0-6,none,exit14,222,-46.8,134,-38.7,-155.66,0.803,-46.8,commodity
58-62,5,min 0-6,none,hold,222,-49.6,134,-44.9,-170.39,0.806,-49.6,commodity
58-62,5,min 0-9,kalshi_against,exit10,184,-34.7,90,-56.2,-114.48,0.81,-56.2,commodity
58-62,5,min 0-9,kalshi_against,exit12,184,-32.7,90,-53.1,-108.01,0.836,-53.1,commodity
58-62,5,min 0-9,kalshi_against,exit14,184,-39.0,90,-58.8,-124.56,0.843,-58.8,commodity
58-62,5,min 0-9,kalshi_against,hold,184,-42.0,90,-62.7,-133.61,0.85,-62.7,commodity
58-62,5,min 0-9,kalshi_with,exit10,217,-56.4,122,-31.7,-161.02,0.761,-56.4,commodity
58-62,5,min 0-9,kalshi_with,exit12,217,-46.3,122,-28.6,-135.41,0.782,-46.3,commodity
58-62,5,min 0-9,kalshi_with,exit14,217,-44.3,122,-38.9,-143.48,0.808,-44.3,commodity
58-62,5,min 0-9,kalshi_with,hold,217,-45.9,122,-47.0,-157.08,0.814,-47.0,commodity
58-62,5,min 0-9,none,exit10,231,-44.0,134,-44.7,-161.46,0.762,-44.7,commodity
58-62,5,min 0-9,none,exit12,231,-34.8,134,-36.3,-129.15,0.789,-36.3,commodity
58-62,5,min 0-9,none,exit14,231,-41.7,134,-38.7,-148.05,0.805,-41.7,commodity
58-62,5,min 0-9,none,hold,231,-44.4,134,-44.9,-162.78,0.808,-44.9,commodity
58-62,10,min 0-12,kalshi_against,exit10,190,-20.1,98,-56.3,-93.35,0.684,-56.3,commodity
58-62,10,min 0-12,kalshi_against,exit12,190,-16.5,98,-52.6,-82.86,0.747,-52.6,commodity
58-62,10,min 0-12,kalshi_against,exit14,190,-18.9,98,-47.7,-82.67,0.788,-47.7,commodity
58-62,10,min 0-12,kalshi_against,hold,190,-30.5,98,-49.2,-106.2,0.795,-49.2,commodity
58-62,10,min 0-12,kalshi_with,exit10,224,-49.3,123,-21.9,-137.39,0.64,-49.3,commodity
58-62,10,min 0-12,kalshi_with,exit12,224,-42.8,123,-20.1,-120.64,0.68,-42.8,commodity
58-62,10,min 0-12,kalshi_with,exit14,224,-43.5,123,-17.1,-118.49,0.726,-43.5,commodity
58-62,10,min 0-12,kalshi_with,hold,224,-53.1,123,-22.4,-146.48,0.735,-53.1,commodity
58-62,10,min 0-12,none,exit10,233,-32.4,136,-42.5,-133.38,0.64,-42.5,commodity
58-62,10,min 0-12,none,exit12,233,-23.2,136,-35.3,-102.09,0.688,-35.3,commodity
58-62,10,min 0-12,none,exit14,233,-33.6,136,-26.3,-114.09,0.721,-33.6,commodity
58-62,10,min 0-12,none,hold,233,-44.7,136,-32.4,-148.16,0.726,-44.7,commodity
58-62,10,min 0-3,kalshi_against,exit10,93,-22.4,53,-68.3,-56.99,0.712,-68.3,commodity
58-62,10,min 0-3,kalshi_against,exit12,93,-29.0,53,-77.1,-67.87,0.719,-77.1,commodity
58-62,10,min 0-3,kalshi_against,exit14,93,-29.8,53,-70.3,-64.95,0.753,-70.3,commodity
58-62,10,min 0-3,kalshi_against,hold,93,-38.9,53,-66.1,-71.22,0.767,-66.1,commodity
58-62,10,min 0-3,kalshi_with,exit10,196,-54.7,112,-20.2,-129.93,0.662,-54.7,commodity
58-62,10,min 0-3,kalshi_with,exit12,196,-51.0,112,-20.2,-122.44,0.688,-51.0,commodity
58-62,10,min 0-3,kalshi_with,exit14,196,-54.5,112,-21.0,-130.41,0.724,-54.5,commodity
58-62,10,min 0-3,kalshi_with,hold,196,-66.1,112,-26.4,-158.99,0.731,-66.1,commodity
58-62,10,min 0-3,none,exit10,214,-31.2,129,-43.6,-123.09,0.668,-43.6,commodity
58-62,10,min 0-3,none,exit12,214,-31.4,129,-40.1,-118.82,0.691,-40.1,commodity
58-62,10,min 0-3,none,exit14,214,-41.4,129,-37.2,-136.62,0.717,-41.4,commodity
58-62,10,min 0-3,none,hold,214,-51.9,129,-43.7,-167.48,0.723,-51.9,commodity
58-62,10,min 0-6,kalshi_against,exit10,157,-18.3,83,-61.9,-80.11,0.708,-61.9,commodity
58-62,10,min 0-6,kalshi_against,exit12,157,-25.8,83,-63.2,-92.96,0.746,-63.2,commodity
58-62,10,min 0-6,kalshi_against,exit14,157,-31.9,83,-59.4,-99.32,0.771,-59.4,commodity
58-62,10,min 0-6,kalshi_against,hold,157,-45.3,83,-59.4,-120.33,0.779,-59.4,commodity
58-62,10,min 0-6,kalshi_with,exit10,208,-52.8,120,-24.1,-138.73,0.655,-52.8,commodity
58-62,10,min 0-6,kalshi_with,exit12,208,-44.8,120,-17.3,-114.03,0.689,-44.8,commodity
58-62,10,min 0-6,kalshi_with,exit14,208,-45.8,120,-16.9,-115.56,0.729,-45.8,commodity
58-62,10,min 0-6,kalshi_with,hold,208,-55.6,120,-21.9,-141.89,0.738,-55.6,commodity
58-62,10,min 0-6,none,exit10,222,-31.4,134,-46.7,-132.32,0.654,-46.7,commodity
58-62,10,min 0-6,none,exit12,222,-27.8,134,-36.1,-110.1,0.688,-36.1,commodity
58-62,10,min 0-6,none,exit14,222,-37.9,134,-30.2,-124.71,0.719,-37.9,commodity
58-62,10,min 0-6,none,hold,222,-49.2,134,-36.4,-158.13,0.725,-49.2,commodity
58-62,10,min 0-9,kalshi_against,exit10,184,-17.5,90,-54.7,-81.48,0.693,-54.7,commodity
58-62,10,min 0-9,kalshi_against,exit12,184,-14.0,90,-52.3,-72.72,0.766,-52.3,commodity
58-62,10,min 0-9,kalshi_against,exit14,184,-18.5,90,-48.7,-77.87,0.792,-48.7,commodity
58-62,10,min 0-9,kalshi_against,hold,184,-30.3,90,-48.7,-99.53,0.799,-48.7,commodity
58-62,10,min 0-9,kalshi_with,exit10,217,-51.2,122,-25.3,-141.91,0.643,-51.2,commodity
58-62,10,min 0-9,kalshi_with,exit12,217,-43.5,122,-20.0,-118.75,0.684,-43.5,commodity
58-62,10,min 0-9,kalshi_with,exit14,217,-44.6,122,-20.6,-121.81,0.726,-44.6,commodity
58-62,10,min 0-9,kalshi_with,hold,217,-54.4,122,-25.9,-149.71,0.735,-54.4,commodity
58-62,10,min 0-9,none,exit10,231,-32.1,134,-46.7,-136.57,0.644,-46.7,commodity
58-62,10,min 0-9,none,exit12,231,-23.8,134,-36.1,-103.24,0.69,-36.1,commodity
58-62,10,min 0-9,none,exit14,231,-34.7,134,-30.2,-120.54,0.721,-34.7,commodity
58-62,10,min 0-9,none,hold,231,-45.8,134,-36.4,-154.61,0.726,-45.8,commodity
58-62,15,min 0-12,kalshi_against,exit10,190,-28.0,98,-42.9,-95.12,0.538,-42.9,commodity
58-62,15,min 0-12,kalshi_against,exit12,190,-24.1,98,-29.7,-74.94,0.639,-29.7,commodity
58-62,15,min 0-12,kalshi_against,exit14,190,-19.0,98,-30.9,-66.37,0.708,-30.9,commodity
58-62,15,min 0-12,kalshi_against,hold,190,-23.1,98,-27.7,-71.05,0.733,-27.7,commodity
58-62,15,min 0-12,kalshi_with,exit10,224,-48.7,123,-1.9,-111.38,0.539,-48.7,commodity
58-62,15,min 0-12,kalshi_with,exit12,224,-45.2,123,-7.6,-110.52,0.588,-45.2,commodity
58-62,15,min 0-12,kalshi_with,exit14,224,-38.5,123,-8.7,-96.8,0.646,-38.5,commodity
58-62,15,min 0-12,kalshi_with,hold,224,-42.4,123,-12.0,-109.67,0.677,-42.4,commodity
58-62,15,min 0-12,none,exit10,233,-35.7,136,-20.8,-111.56,0.531,-35.7,commodity
58-62,15,min 0-12,none,exit12,233,-27.1,136,-16.1,-84.97,0.599,-27.1,commodity
58-62,15,min 0-12,none,exit14,233,-32.8,136,-3.5,-81.14,0.653,-32.8,commodity
58-62,15,min 0-12,none,hold,233,-35.1,136,-10.8,-96.43,0.672,-35.1,commodity
58-62,15,min 0-3,kalshi_against,exit10,93,-30.8,53,-34.3,-46.82,0.603,-34.3,commodity
58-62,15,min 0-3,kalshi_against,exit12,93,-37.1,53,-48.9,-60.44,0.637,-48.9,commodity
58-62,15,min 0-3,kalshi_against,exit14,93,-24.8,53,-47.5,-48.21,0.685,-47.5,commodity
58-62,15,min 0-3,kalshi_against,hold,93,-28.2,53,-34.0,-44.3,0.712,-34.0,commodity
58-62,15,min 0-3,kalshi_with,exit10,196,-54.6,112,5.9,-100.49,0.565,-54.6,commodity
58-62,15,min 0-3,kalshi_with,exit12,196,-50.5,112,2.3,-96.52,0.61,-50.5,commodity
58-62,15,min 0-3,kalshi_with,exit14,196,-51.8,112,3.0,-98.18,0.656,-51.8,commodity
58-62,15,min 0-3,kalshi_with,hold,196,-61.4,112,1.9,-118.24,0.675,-61.4,commodity
58-62,15,min 0-3,none,exit10,214,-34.5,129,-21.5,-101.59,0.56,-34.5,commodity
58-62,15,min 0-3,none,exit12,214,-36.4,129,-19.0,-102.37,0.606,-36.4,commodity
58-62,15,min 0-3,none,exit14,214,-41.4,129,-10.7,-102.4,0.653,-41.4,commodity
58-62,15,min 0-3,none,hold,214,-47.4,129,-17.1,-123.39,0.671,-47.4,commodity
58-62,15,min 0-6,kalshi_against,exit10,157,-24.1,83,-33.4,-65.56,0.592,-33.4,commodity
58-62,15,min 0-6,kalshi_against,exit12,157,-27.4,83,-38.4,-74.9,0.662,-38.4,commodity
58-62,15,min 0-6,kalshi_against,exit14,157,-28.9,83,-34.6,-74.07,0.708,-34.6,commodity
58-62,15,min 0-6,kalshi_against,hold,157,-34.8,83,-24.6,-75.03,0.733,-34.8,commodity
58-62,15,min 0-6,kalshi_with,exit10,208,-53.0,120,-3.7,-114.61,0.552,-53.0,commodity
58-62,15,min 0-6,kalshi_with,exit12,208,-45.2,120,-2.7,-97.33,0.604,-45.2,commodity
58-62,15,min 0-6,kalshi_with,exit14,208,-39.7,120,-2.9,-85.98,0.659,-39.7,commodity
58-62,15,min 0-6,kalshi_with,hold,208,-47.2,120,-5.4,-104.74,0.68,-47.2,commodity
58-62,15,min 0-6,none,exit10,222,-35.2,134,-25.1,-111.63,0.542,-35.2,commodity
58-62,15,min 0-6,none,exit12,222,-30.2,134,-17.1,-89.91,0.604,-30.2,commodity
58-62,15,min 0-6,none,exit14,222,-35.5,134,-7.5,-88.85,0.654,-35.5,commodity
58-62,15,min 0-6,none,hold,222,-42.4,134,-15.0,-114.09,0.671,-42.4,commodity
58-62,15,min 0-9,kalshi_against,exit10,184,-25.3,90,-26.4,-70.39,0.551,-26.4,commodity
58-62,15,min 0-9,kalshi_against,exit12,184,-19.2,90,-24.9,-57.67,0.661,-24.9,commodity
58-62,15,min 0-9,kalshi_against,exit14,184,-18.0,90,-20.9,-51.91,0.719,-20.9,commodity
58-62,15,min 0-9,kalshi_against,hold,184,-25.3,90,-11.7,-57.03,0.745,-25.3,commodity
58-62,15,min 0-9,kalshi_with,exit10,217,-51.9,122,-5.3,-119.0,0.54,-51.9,commodity
58-62,15,min 0-9,kalshi_with,exit12,217,-45.7,122,-7.4,-108.27,0.593,-45.7,commodity
58-62,15,min 0-9,kalshi_with,exit14,217,-38.2,122,-12.0,-97.59,0.649,-38.2,commodity
58-62,15,min 0-9,kalshi_with,hold,217,-45.2,122,-15.4,-116.83,0.676,-45.2,commodity
58-62,15,min 0-9,none,exit10,231,-35.4,134,-25.1,-115.37,0.534,-35.4,commodity
58-62,15,min 0-9,none,exit12,231,-25.3,134,-17.1,-81.2,0.603,-25.3,commodity
58-62,15,min 0-9,none,exit14,231,-30.8,134,-7.5,-81.18,0.658,-30.8,commodity
58-62,15,min 0-9,none,hold,231,-37.7,134,-15.0,-107.07,0.674,-37.7,commodity
58-62,20,min 0-12,kalshi_against,exit10,190,-23.7,98,-48.3,-92.4,0.448,-48.3,commodity
58-62,20,min 0-12,kalshi_against,exit12,190,-20.0,98,-28.9,-66.19,0.556,-28.9,commodity
58-62,20,min 0-12,kalshi_against,exit14,190,-15.5,98,-16.6,-45.61,0.66,-16.6,commodity
58-62,20,min 0-12,kalshi_against,hold,190,-20.6,98,-15.8,-54.61,0.688,-20.6,commodity
58-62,20,min 0-12,kalshi_with,exit10,224,-48.5,123,-8.8,-119.37,0.444,-48.5,commodity
58-62,20,min 0-12,kalshi_with,exit12,224,-44.3,123,-11.9,-113.8,0.513,-44.3,commodity
58-62,20,min 0-12,kalshi_with,exit14,224,-36.9,123,-10.1,-95.18,0.588,-36.9,commodity
58-62,20,min 0-12,kalshi_with,hold,224,-35.1,123,-11.4,-92.52,0.625,-35.1,commodity
58-62,20,min 0-12,none,exit10,233,-37.7,136,-26.2,-123.39,0.444,-37.7,commodity
58-62,20,min 0-12,none,exit12,233,-30.2,136,-19.5,-96.84,0.518,-30.2,commodity
58-62,20,min 0-12,none,exit14,233,-37.2,136,-2.8,-90.49,0.596,-37.2,commodity
58-62,20,min 0-12,none,hold,233,-37.9,136,-8.2,-99.4,0.615,-37.9,commodity
58-62,20,min 0-3,kalshi_against,exit10,93,-28.3,53,-50.6,-53.09,0.507,-50.6,commodity
58-62,20,min 0-3,kalshi_against,exit12,93,-41.6,53,-53.9,-67.27,0.548,-53.9,commodity
58-62,20,min 0-3,kalshi_against,exit14,93,-24.5,53,-29.6,-38.47,0.644,-29.6,commodity
58-62,20,min 0-3,kalshi_against,hold,93,-27.2,53,-15.3,-33.43,0.671,-27.2,commodity
58-62,20,min 0-3,kalshi_with,exit10,196,-55.4,112,-2.7,-111.57,0.461,-55.4,commodity
58-62,20,min 0-3,kalshi_with,exit12,196,-48.9,112,-3.6,-99.81,0.529,-48.9,commodity
58-62,20,min 0-3,kalshi_with,exit14,196,-50.8,112,0.0,-99.55,0.597,-50.8,commodity
58-62,20,min 0-3,kalshi_with,hold,196,-59.0,112,1.3,-114.26,0.62,-59.0,commodity
58-62,20,min 0-3,none,exit10,214,-36.8,129,-28.5,-115.51,0.469,-36.8,commodity
58-62,20,min 0-3,none,exit12,214,-39.6,129,-23.8,-115.53,0.525,-39.6,commodity
58-62,20,min 0-3,none,exit14,214,-44.9,129,-12.0,-111.42,0.595,-44.9,commodity
58-62,20,min 0-3,none,hold,214,-49.6,129,-16.3,-127.15,0.615,-49.6,commodity
58-62,20,min 0-6,kalshi_against,exit10,157,-15.9,83,-37.3,-55.97,0.504,-37.3,commodity
58-62,20,min 0-6,kalshi_against,exit12,157,-24.5,83,-35.0,-67.45,0.588,-35.0,commodity
58-62,20,min 0-6,kalshi_against,exit14,157,-27.8,83,-19.1,-59.48,0.667,-27.8,commodity
58-62,20,min 0-6,kalshi_against,hold,157,-35.7,83,-9.0,-63.52,0.692,-35.7,commodity
58-62,20,min 0-6,kalshi_with,exit10,208,-54.8,120,-10.7,-126.79,0.451,-54.8,commodity
58-62,20,min 0-6,kalshi_with,exit12,208,-45.3,120,-7.2,-102.8,0.524,-45.3,commodity
58-62,20,min 0-6,kalshi_with,exit14,208,-37.9,120,-4.4,-84.13,0.601,-37.9,commodity
58-62,20,min 0-6,kalshi_with,hold,208,-44.0,120,-4.8,-97.23,0.628,-44.0,commodity
58-62,20,min 0-6,none,exit10,222,-37.4,134,-31.2,-124.82,0.455,-37.4,commodity
58-62,20,min 0-6,none,exit12,222,-33.8,134,-21.2,-103.36,0.522,-33.8,commodity
58-62,20,min 0-6,none,exit14,222,-41.3,134,-7.5,-101.84,0.596,-41.3,commodity
58-62,20,min 0-6,none,hold,222,-47.7,134,-13.0,-123.23,0.615,-47.7,commodity
58-62,20,min 0-9,kalshi_against,exit10,184,-17.1,90,-33.6,-61.77,0.46,-33.6,commodity
58-62,20,min 0-9,kalshi_against,exit12,184,-15.1,90,-25.9,-51.01,0.573,-25.9,commodity
58-62,20,min 0-9,kalshi_against,exit14,184,-13.5,90,-7.4,-31.56,0.672,-13.5,commodity
58-62,20,min 0-9,kalshi_against,hold,184,-19.6,90,-0.8,-36.78,0.701,-19.6,commodity
58-62,20,min 0-9,kalshi_with,exit10,217,-53.3,122,-12.1,-130.56,0.442,-53.3,commodity
58-62,20,min 0-9,kalshi_with,exit12,217,-45.2,122,-11.7,-112.49,0.516,-45.2,commodity
58-62,20,min 0-9,kalshi_with,exit14,217,-35.6,122,-13.5,-93.86,0.593,-35.6,commodity
58-62,20,min 0-9,kalshi_with,hold,217,-40.7,122,-14.8,-106.3,0.625,-40.7,commodity
58-62,20,min 0-9,none,exit10,231,-37.4,134,-31.2,-128.14,0.447,-37.4,commodity
58-62,20,min 0-9,none,exit12,231,-28.4,134,-21.2,-94.01,0.521,-28.4,commodity
58-62,20,min 0-9,none,exit14,231,-35.2,134,-7.5,-91.47,0.6,-35.2,commodity
58-62,20,min 0-9,none,hold,231,-41.6,134,-13.0,-113.51,0.619,-41.6,commodity
58-62,25,min 0-12,kalshi_against,exit10,190,-27.9,98,-53.9,-105.83,0.347,-53.9,commodity
58-62,25,min 0-12,kalshi_against,exit12,190,-29.0,98,-25.2,-79.75,0.451,-29.0,commodity
58-62,25,min 0-12,kalshi_against,exit14,190,-27.2,98,-0.2,-51.83,0.587,-27.2,commodity
58-62,25,min 0-12,kalshi_against,hold,190,-22.3,98,-0.5,-42.76,0.642,-22.3,commodity
58-62,25,min 0-12,kalshi_with,exit10,224,-53.5,123,-14.0,-137.05,0.349,-53.5,commodity
58-62,25,min 0-12,kalshi_with,exit12,224,-49.2,123,-11.7,-124.59,0.441,-49.2,commodity
58-62,25,min 0-12,kalshi_with,exit14,224,-43.5,123,1.3,-95.87,0.522,-43.5,commodity
58-62,25,min 0-12,kalshi_with,hold,224,-30.7,123,8.7,-58.04,0.594,-30.7,commodity
58-62,25,min 0-12,none,exit10,233,-35.9,136,-21.6,-113.17,0.366,-35.9,commodity
58-62,25,min 0-12,none,exit12,233,-31.9,136,-9.3,-86.84,0.444,-31.9,commodity
58-62,25,min 0-12,none,exit14,233,-46.4,136,17.8,-83.93,0.537,-46.4,commodity
58-62,25,min 0-12,none,hold,233,-42.8,136,18.6,-74.37,0.58,-42.8,commodity
58-62,25,min 0-3,kalshi_against,exit10,93,-51.1,53,-54.9,-76.59,0.363,-54.9,commodity
58-62,25,min 0-3,kalshi_against,exit12,93,-75.8,53,-46.3,-95.07,0.438,-75.8,commodity
58-62,25,min 0-3,kalshi_against,exit14,93,-58.1,53,-0.6,-54.34,0.562,-58.1,commodity
58-62,25,min 0-3,kalshi_against,hold,93,-41.7,53,15.1,-30.77,0.623,-41.7,commodity
58-62,25,min 0-3,kalshi_with,exit10,196,-62.3,112,-5.7,-128.58,0.36,-62.3,commodity
58-62,25,min 0-3,kalshi_with,exit12,196,-56.6,112,0.6,-110.38,0.455,-56.6,commodity
58-62,25,min 0-3,kalshi_with,exit14,196,-61.7,112,13.1,-106.34,0.536,-61.7,commodity
58-62,25,min 0-3,kalshi_with,hold,196,-59.1,112,20.7,-92.74,0.584,-59.1,commodity
58-62,25,min 0-3,none,exit10,214,-35.2,129,-24.4,-106.87,0.388,-35.2,commodity
58-62,25,min 0-3,none,exit12,214,-40.9,129,-13.8,-105.22,0.458,-40.9,commodity
58-62,25,min 0-3,none,exit14,214,-49.1,129,11.0,-90.89,0.542,-49.1,commodity
58-62,25,min 0-3,none,hold,214,-46.0,129,10.4,-85.13,0.586,-46.0,commodity
58-62,25,min 0-6,kalshi_against,exit10,157,-22.8,83,-45.7,-73.63,0.383,-45.7,commodity
58-62,25,min 0-6,kalshi_against,exit12,157,-37.0,83,-33.6,-86.03,0.475,-37.0,commodity
58-62,25,min 0-6,kalshi_against,exit14,157,-45.1,83,3.2,-68.23,0.592,-45.1,commodity
58-62,25,min 0-6,kalshi_against,hold,157,-39.5,83,14.7,-49.84,0.646,-39.5,commodity
58-62,25,min 0-6,kalshi_with,exit10,208,-60.5,120,-16.0,-145.0,0.354,-60.5,commodity
58-62,25,min 0-6,kalshi_with,exit12,208,-51.8,120,-6.9,-116.12,0.448,-51.8,commodity
58-62,25,min 0-6,kalshi_with,exit14,208,-46.3,120,7.4,-87.45,0.534,-46.3,commodity
58-62,25,min 0-6,kalshi_with,hold,208,-41.1,120,15.8,-66.65,0.595,-41.1,commodity
58-62,25,min 0-6,none,exit10,222,-35.8,134,-26.6,-115.23,0.374,-35.8,commodity
58-62,25,min 0-6,none,exit12,222,-36.3,134,-10.8,-95.05,0.449,-36.3,commodity
58-62,25,min 0-6,none,exit14,222,-50.1,134,13.4,-93.32,0.537,-50.1,commodity
58-62,25,min 0-6,none,hold,222,-50.7,134,14.2,-93.59,0.581,-50.7,commodity
58-62,25,min 0-9,kalshi_against,exit10,184,-21.7,90,-40.3,-76.26,0.354,-40.3,commodity
58-62,25,min 0-9,kalshi_against,exit12,184,-23.5,90,-22.3,-63.23,0.467,-23.5,commodity
58-62,25,min 0-9,kalshi_against,exit14,184,-26.4,90,12.2,-37.51,0.599,-26.4,commodity
58-62,25,min 0-9,kalshi_against,hold,184,-22.0,90,15.0,-27.04,0.653,-22.0,commodity
58-62,25,min 0-9,kalshi_with,exit10,217,-58.7,122,-17.4,-148.66,0.345,-58.7,commodity
58-62,25,min 0-9,kalshi_with,exit12,217,-50.8,122,-11.5,-124.23,0.442,-50.8,commodity
58-62,25,min 0-9,kalshi_with,exit14,217,-42.9,122,-2.0,-95.5,0.525,-42.9,commodity
58-62,25,min 0-9,kalshi_with,hold,217,-36.6,122,5.5,-72.77,0.593,-36.6,commodity
58-62,25,min 0-9,none,exit10,231,-35.6,134,-26.6,-117.92,0.367,-35.6,commodity
58-62,25,min 0-9,none,exit12,231,-30.1,134,-10.8,-84.01,0.447,-30.1,commodity
58-62,25,min 0-9,none,exit14,231,-44.6,134,13.4,-84.91,0.54,-44.6,commodity
58-62,25,min 0-9,none,hold,231,-46.5,134,14.2,-88.48,0.584,-46.5,commodity
58-62,30,min 0-12,kalshi_against,exit10,190,-21.5,98,-48.6,-88.47,0.253,-48.6,commodity
58-62,30,min 0-12,kalshi_against,exit12,190,-23.4,98,-20.6,-64.71,0.368,-23.4,commodity
58-62,30,min 0-12,kalshi_against,exit14,190,-23.3,98,1.5,-42.78,0.51,-23.3,commodity
58-62,30,min 0-12,kalshi_against,hold,190,-31.0,98,12.5,-46.64,0.597,-31.0,commodity
58-62,30,min 0-12,kalshi_with,exit10,224,-44.7,123,-14.4,-117.79,0.262,-44.7,commodity
58-62,30,min 0-12,kalshi_with,exit12,224,-37.2,123,-14.1,-100.62,0.369,-37.2,commodity
58-62,30,min 0-12,kalshi_with,exit14,224,-20.7,123,-4.3,-51.62,0.481,-20.7,commodity
58-62,30,min 0-12,kalshi_with,hold,224,-6.3,123,14.8,4.03,0.571,-6.3,commodity
58-62,30,min 0-12,none,exit10,233,-27.2,136,-15.7,-84.67,0.282,-27.2,commodity
58-62,30,min 0-12,none,exit12,233,-23.7,136,-4.7,-61.65,0.388,-23.7,commodity
58-62,30,min 0-12,none,exit14,233,-37.3,136,24.4,-53.68,0.485,-37.3,commodity
58-62,30,min 0-12,none,hold,233,-42.1,136,32.5,-53.94,0.545,-42.1,commodity
58-62,30,min 0-3,kalshi_against,exit10,93,-46.1,53,-53.6,-71.26,0.274,-53.6,commodity
58-62,30,min 0-3,kalshi_against,exit12,93,-82.2,53,-46.5,-101.05,0.356,-82.2,commodity
58-62,30,min 0-3,kalshi_against,exit14,93,-60.9,53,3.2,-54.93,0.486,-60.9,commodity
58-62,30,min 0-3,kalshi_against,hold,93,-48.6,53,27.9,-30.37,0.582,-48.6,commodity
58-62,30,min 0-3,kalshi_with,exit10,196,-51.7,112,-6.4,-108.62,0.273,-51.7,commodity
58-62,30,min 0-3,kalshi_with,exit12,196,-40.0,112,-3.0,-81.7,0.39,-40.0,commodity
58-62,30,min 0-3,kalshi_with,exit14,196,-36.4,112,6.0,-64.64,0.5,-36.4,commodity
58-62,30,min 0-3,kalshi_with,hold,196,-32.9,112,25.0,-36.53,0.565,-32.9,commodity
58-62,30,min 0-3,none,exit10,214,-25.9,129,-18.6,-79.52,0.297,-25.9,commodity
58-62,30,min 0-3,none,exit12,214,-31.7,129,-9.5,-80.04,0.402,-31.7,commodity
58-62,30,min 0-3,none,exit14,214,-35.7,129,16.7,-54.8,0.499,-35.7,commodity
58-62,30,min 0-3,none,hold,214,-34.9,129,22.6,-45.56,0.56,-34.9,commodity
58-62,30,min 0-6,kalshi_against,exit10,157,-15.8,83,-41.1,-58.9,0.283,-41.1,commodity
58-62,30,min 0-6,kalshi_against,exit12,157,-32.8,83,-29.3,-75.79,0.4,-32.8,commodity
58-62,30,min 0-6,kalshi_against,exit14,157,-36.0,83,2.5,-54.49,0.525,-36.0,commodity
58-62,30,min 0-6,kalshi_against,hold,157,-34.9,83,26.1,-33.16,0.608,-34.9,commodity
58-62,30,min 0-6,kalshi_with,exit10,208,-52.1,120,-16.4,-128.16,0.262,-52.1,commodity
58-62,30,min 0-6,kalshi_with,exit12,208,-38.7,120,-9.3,-91.75,0.381,-38.7,commodity
58-62,30,min 0-6,kalshi_with,exit14,208,-21.6,120,1.6,-42.93,0.494,-21.6,commodity
58-62,30,min 0-6,kalshi_with,hold,208,-17.8,120,22.0,-10.66,0.57,-17.8,commodity
58-62,30,min 0-6,none,exit10,222,-26.9,134,-21.1,-87.88,0.287,-26.9,commodity
58-62,30,min 0-6,none,exit12,222,-28.0,134,-6.7,-71.11,0.393,-28.0,commodity
58-62,30,min 0-6,none,exit14,222,-37.1,134,19.6,-56.08,0.492,-37.1,commodity
58-62,30,min 0-6,none,hold,222,-43.3,134,27.8,-58.95,0.551,-43.3,commodity
58-62,30,min 0-9,kalshi_against,exit10,184,-15.7,90,-36.0,-61.32,0.255,-36.0,commodity
58-62,30,min 0-9,kalshi_against,exit12,184,-17.7,90,-18.1,-48.93,0.383,-18.1,commodity
58-62,30,min 0-9,kalshi_against,exit14,184,-21.9,90,12.9,-28.79,0.522,-21.9,commodity
58-62,30,min 0-9,kalshi_against,hold,184,-32.3,90,27.2,-34.91,0.606,-32.3,commodity
58-62,30,min 0-9,kalshi_with,exit10,217,-50.5,122,-17.8,-131.3,0.257,-50.5,commodity
58-62,30,min 0-9,kalshi_with,exit12,217,-38.6,122,-13.9,-100.79,0.375,-38.6,commodity
58-62,30,min 0-9,kalshi_with,exit14,217,-18.5,122,-7.6,-49.31,0.487,-18.5,commodity
58-62,30,min 0-9,kalshi_with,hold,217,-12.6,122,11.6,-13.12,0.569,-12.6,commodity
58-62,30,min 0-9,none,exit10,231,-26.8,134,-21.1,-90.05,0.282,-26.8,commodity
58-62,30,min 0-9,none,exit12,231,-21.9,134,-6.7,-59.45,0.389,-21.9,commodity
58-62,30,min 0-9,none,exit14,231,-35.3,134,19.6,-55.29,0.488,-35.3,commodity
58-62,30,min 0-9,none,hold,231,-45.9,134,27.8,-68.68,0.548,-45.9,commodity
63-67,5,min 0-12,kalshi_against,exit10,184,-46.6,83,-72.8,-146.13,0.768,-72.8,commodity
63-67,5,min 0-12,kalshi_against,exit12,184,-42.7,83,-82.6,-147.16,0.813,-82.6,commodity
63-67,5,min 0-12,kalshi_against,exit14,184,-44.3,83,-70.3,-139.94,0.854,-70.3,commodity
63-67,5,min 0-12,kalshi_against,hold,184,-54.7,83,-71.5,-160.0,0.858,-71.5,commodity
63-67,5,min 0-12,kalshi_with,exit10,235,-43.8,119,-51.8,-164.53,0.771,-51.8,commodity
63-67,5,min 0-12,kalshi_with,exit12,235,-48.3,119,-48.7,-171.39,0.797,-48.7,commodity
63-67,5,min 0-12,kalshi_with,exit14,235,-46.3,119,-38.0,-154.05,0.836,-46.3,commodity
63-67,5,min 0-12,kalshi_with,hold,235,-55.0,119,-42.0,-179.27,0.842,-55.0,commodity
63-67,5,min 0-12,none,exit10,243,-48.7,123,-59.5,-191.61,0.77,-59.5,commodity
63-67,5,min 0-12,none,exit12,243,-53.8,123,-57.0,-200.84,0.792,-57.0,commodity
63-67,5,min 0-12,none,exit14,243,-53.6,123,-46.9,-187.84,0.825,-53.6,commodity
63-67,5,min 0-12,none,hold,243,-63.9,123,-50.7,-217.76,0.831,-63.9,commodity
63-67,5,min 0-3,kalshi_against,exit10,62,-34.0,32,-37.7,-33.13,0.83,-37.7,commodity
63-67,5,min 0-3,kalshi_against,exit12,62,-44.8,32,-33.3,-38.44,0.851,-44.8,commodity
63-67,5,min 0-3,kalshi_against,exit14,62,-36.3,32,-19.9,-28.86,0.894,-36.3,commodity
63-67,5,min 0-3,kalshi_against,hold,62,-41.1,32,-20.8,-32.14,0.894,-41.1,commodity
63-67,5,min 0-3,kalshi_with,exit10,187,-44.1,95,-40.4,-120.89,0.805,-44.1,commodity
63-67,5,min 0-3,kalshi_with,exit12,187,-48.1,95,-37.8,-125.78,0.812,-48.1,commodity
63-67,5,min 0-3,kalshi_with,exit14,187,-48.6,95,-32.7,-122.01,0.84,-48.6,commodity
63-67,5,min 0-3,kalshi_with,hold,187,-57.4,95,-39.8,-145.22,0.844,-57.4,commodity
63-67,5,min 0-3,none,exit10,200,-51.7,102,-57.3,-161.79,0.788,-57.3,commodity
63-67,5,min 0-3,none,exit12,200,-55.0,102,-58.5,-169.71,0.798,-58.5,commodity
63-67,5,min 0-3,none,exit14,200,-57.2,102,-50.8,-166.3,0.825,-57.2,commodity
63-67,5,min 0-3,none,hold,200,-65.9,102,-53.7,-186.62,0.831,-65.9,commodity
63-67,5,min 0-6,kalshi_against,exit10,135,-29.4,62,-66.3,-80.86,0.822,-66.3,commodity
63-67,5,min 0-6,kalshi_against,exit12,135,-30.7,62,-75.3,-88.12,0.843,-75.3,commodity
63-67,5,min 0-6,kalshi_against,exit14,135,-34.8,62,-65.6,-87.57,0.868,-65.6,commodity
63-67,5,min 0-6,kalshi_against,hold,135,-47.4,62,-60.7,-101.61,0.873,-60.7,commodity
63-67,5,min 0-6,kalshi_with,exit10,215,-44.1,115,-53.3,-156.12,0.788,-53.3,commodity
63-67,5,min 0-6,kalshi_with,exit12,215,-50.2,115,-52.9,-168.82,0.8,-52.9,commodity
63-67,5,min 0-6,kalshi_with,exit14,215,-50.0,115,-41.8,-155.55,0.833,-50.0,commodity
63-67,5,min 0-6,kalshi_with,hold,215,-58.0,115,-46.0,-177.56,0.839,-58.0,commodity
63-67,5,min 0-6,none,exit10,228,-50.1,119,-61.2,-187.07,0.781,-61.2,commodity
63-67,5,min 0-6,none,exit12,228,-56.6,119,-61.3,-202.01,0.793,-61.3,commodity
63-67,5,min 0-6,none,exit14,228,-57.8,119,-50.9,-192.33,0.824,-57.8,commodity
63-67,5,min 0-6,none,hold,228,-65.8,119,-54.8,-215.16,0.83,-65.8,commodity
63-67,5,min 0-9,kalshi_against,exit10,169,-37.8,74,-66.9,-113.42,0.782,-66.9,commodity
63-67,5,min 0-9,kalshi_against,exit12,169,-34.7,74,-76.3,-115.07,0.84,-76.3,commodity
63-67,5,min 0-9,kalshi_against,exit14,169,-37.0,74,-66.1,-111.41,0.864,-66.1,commodity
63-67,5,min 0-9,kalshi_against,hold,169,-45.9,74,-65.4,-126.04,0.868,-65.4,commodity
63-67,5,min 0-9,kalshi_with,exit10,230,-44.3,117,-51.6,-162.33,0.778,-51.6,commodity
63-67,5,min 0-9,kalshi_with,exit12,230,-48.7,117,-50.2,-170.82,0.798,-50.2,commodity
63-67,5,min 0-9,kalshi_with,exit14,230,-48.0,117,-39.4,-156.53,0.833,-48.0,commodity
63-67,5,min 0-9,kalshi_with,hold,230,-56.9,117,-43.5,-181.75,0.839,-56.9,commodity
63-67,5,min 0-9,none,exit10,242,-48.9,121,-59.4,-190.21,0.774,-59.4,commodity
63-67,5,min 0-9,none,exit12,242,-53.4,121,-58.7,-200.15,0.793,-58.7,commodity
63-67,5,min 0-9,none,exit14,242,-54.0,121,-48.4,-189.28,0.824,-54.0,commodity
63-67,5,min 0-9,none,hold,242,-64.5,121,-52.3,-219.2,0.829,-64.5,commodity
63-67,10,min 0-12,kalshi_against,exit10,184,-38.1,83,-57.3,-117.59,0.625,-57.3,commodity
63-67,10,min 0-12,kalshi_against,exit12,184,-40.3,83,-57.9,-122.2,0.712,-57.9,commodity
63-67,10,min 0-12,kalshi_against,exit14,184,-28.2,83,-44.2,-88.55,0.794,-44.2,commodity
63-67,10,min 0-12,kalshi_against,hold,184,-25.2,83,-41.9,-81.13,0.816,-41.9,commodity
63-67,10,min 0-12,kalshi_with,exit10,235,-54.5,119,-36.9,-171.99,0.633,-54.5,commodity
63-67,10,min 0-12,kalshi_with,exit12,235,-61.2,119,-33.0,-183.11,0.686,-61.2,commodity
63-67,10,min 0-12,kalshi_with,exit14,235,-55.5,119,-21.9,-156.55,0.74,-55.5,commodity
63-67,10,min 0-12,kalshi_with,hold,235,-53.6,119,-24.7,-155.42,0.768,-53.6,commodity
63-67,10,min 0-12,none,exit10,243,-55.8,123,-38.5,-182.84,0.637,-55.8,commodity
63-67,10,min 0-12,none,exit12,243,-61.6,123,-35.1,-192.92,0.694,-61.6,commodity
63-67,10,min 0-12,none,exit14,243,-58.8,123,-24.3,-172.75,0.74,-58.8,commodity
63-67,10,min 0-12,none,hold,243,-61.2,123,-26.8,-181.69,0.762,-61.2,commodity
63-67,10,min 0-3,kalshi_against,exit10,62,-20.1,32,-20.3,-18.98,0.745,-20.3,commodity
63-67,10,min 0-3,kalshi_against,exit12,62,-24.3,32,1.8,-14.5,0.798,-24.3,commodity
63-67,10,min 0-3,kalshi_against,exit14,62,9.4,32,8.8,8.64,0.872,8.8,commodity
63-67,10,min 0-3,kalshi_against,hold,62,6.2,32,23.4,11.3,0.894,6.2,commodity
63-67,10,min 0-3,kalshi_with,exit10,187,-55.8,95,-15.9,-119.5,0.688,-55.8,commodity
63-67,10,min 0-3,kalshi_with,exit12,187,-55.2,95,-18.4,-120.7,0.716,-55.2,commodity
63-67,10,min 0-3,kalshi_with,exit14,187,-50.0,95,-13.8,-106.63,0.759,-50.0,commodity
63-67,10,min 0-3,kalshi_with,hold,187,-59.5,95,-12.6,-123.24,0.78,-59.5,commodity
63-67,10,min 0-3,none,exit10,200,-57.7,102,-26.3,-142.36,0.682,-57.7,commodity
63-67,10,min 0-3,none,exit12,200,-57.3,102,-32.0,-147.32,0.715,-57.3,commodity
63-67,10,min 0-3,none,exit14,200,-55.1,102,-24.6,-135.27,0.752,-55.1,commodity
63-67,10,min 0-3,none,hold,200,-64.4,102,-19.5,-148.81,0.775,-64.4,commodity
63-67,10,min 0-6,kalshi_against,exit10,135,-18.8,62,-40.0,-50.17,0.721,-40.0,commodity
63-67,10,min 0-6,kalshi_against,exit12,135,-16.6,62,-48.3,-52.34,0.772,-48.3,commodity
63-67,10,min 0-6,kalshi_against,exit14,135,-9.1,62,-37.7,-35.71,0.822,-37.7,commodity
63-67,10,min 0-6,kalshi_against,hold,135,-22.3,62,-25.0,-45.65,0.838,-25.0,commodity
63-67,10,min 0-6,kalshi_with,exit10,215,-56.4,115,-31.7,-157.63,0.655,-56.4,commodity
63-67,10,min 0-6,kalshi_with,exit12,215,-62.9,115,-35.4,-175.87,0.694,-62.9,commodity
63-67,10,min 0-6,kalshi_with,exit14,215,-60.4,115,-21.1,-154.18,0.742,-60.4,commodity
63-67,10,min 0-6,kalshi_with,hold,215,-62.2,115,-22.6,-159.68,0.767,-62.2,commodity
63-67,10,min 0-6,none,exit10,228,-58.1,119,-33.5,-172.4,0.654,-58.1,commodity
63-67,10,min 0-6,none,exit12,228,-64.7,119,-37.5,-192.18,0.697,-64.7,commodity
63-67,10,min 0-6,none,exit14,228,-64.7,119,-23.6,-175.74,0.741,-64.7,commodity
63-67,10,min 0-6,none,hold,228,-66.8,119,-24.8,-181.88,0.764,-66.8,commodity
63-67,10,min 0-9,kalshi_against,exit10,169,-30.0,74,-45.2,-84.22,0.642,-45.2,commodity
63-67,10,min 0-9,kalshi_against,exit12,169,-32.5,74,-47.3,-89.97,0.741,-47.3,commodity
63-67,10,min 0-9,kalshi_against,exit14,169,-22.7,74,-35.7,-64.84,0.802,-35.7,commodity
63-67,10,min 0-9,kalshi_against,hold,169,-17.2,74,-28.3,-50.01,0.827,-28.3,commodity
63-67,10,min 0-9,kalshi_with,exit10,230,-55.4,117,-30.4,-163.06,0.643,-55.4,commodity
63-67,10,min 0-9,kalshi_with,exit12,230,-60.0,117,-32.9,-176.61,0.692,-60.0,commodity
63-67,10,min 0-9,kalshi_with,exit14,230,-55.0,117,-18.9,-148.69,0.744,-55.0,commodity
63-67,10,min 0-9,kalshi_with,hold,230,-57.7,117,-20.3,-156.47,0.769,-57.7,commodity
63-67,10,min 0-9,none,exit10,242,-55.9,121,-32.2,-174.39,0.642,-55.9,commodity
63-67,10,min 0-9,none,exit12,242,-61.3,121,-35.0,-190.61,0.697,-61.3,commodity
63-67,10,min 0-9,none,exit14,242,-59.4,121,-21.4,-169.65,0.741,-59.4,commodity
63-67,10,min 0-9,none,hold,242,-61.8,121,-22.6,-176.9,0.763,-61.8,commodity
63-67,15,min 0-12,kalshi_against,exit10,184,-36.8,83,-45.8,-105.69,0.532,-45.8,commodity
63-67,15,min 0-12,kalshi_against,exit12,184,-39.1,83,-45.9,-109.93,0.622,-45.9,commodity
63-67,15,min 0-12,kalshi_against,exit14,184,-26.7,83,-11.1,-58.24,0.742,-26.7,commodity
63-67,15,min 0-12,kalshi_against,hold,184,-24.6,83,-8.4,-52.32,0.772,-24.6,commodity
63-67,15,min 0-12,kalshi_with,exit10,235,-49.1,119,-37.0,-159.43,0.525,-49.1,commodity
63-67,15,min 0-12,kalshi_with,exit12,235,-58.8,119,-31.5,-175.59,0.596,-58.8,commodity
63-67,15,min 0-12,kalshi_with,exit14,235,-52.3,119,-10.7,-135.64,0.675,-52.3,commodity
63-67,15,min 0-12,kalshi_with,hold,235,-47.2,119,-15.5,-129.39,0.703,-47.2,commodity
63-67,15,min 0-12,none,exit10,243,-51.2,123,-39.2,-172.72,0.533,-51.2,commodity
63-67,15,min 0-12,none,exit12,243,-59.0,123,-34.2,-185.52,0.607,-59.0,commodity
63-67,15,min 0-12,none,exit14,243,-58.0,123,-14.1,-158.25,0.678,-58.0,commodity
63-67,15,min 0-12,none,hold,243,-59.2,123,-18.5,-166.53,0.702,-59.2,commodity
63-67,15,min 0-3,kalshi_against,exit10,62,1.6,32,-31.4,-9.02,0.67,-31.4,commodity
63-67,15,min 0-3,kalshi_against,exit12,62,-8.2,32,-1.8,-5.65,0.723,-8.2,commodity
63-67,15,min 0-3,kalshi_against,exit14,62,18.4,32,50.7,27.66,0.84,18.4,commodity
63-67,15,min 0-3,kalshi_against,hold,62,11.8,32,67.2,28.84,0.862,11.8,commodity
63-67,15,min 0-3,kalshi_with,exit10,187,-53.0,95,-19.3,-117.46,0.574,-53.0,commodity
63-67,15,min 0-3,kalshi_with,exit12,187,-55.5,95,-22.7,-125.35,0.628,-55.5,commodity
63-67,15,min 0-3,kalshi_with,exit14,187,-50.2,95,-6.0,-99.53,0.691,-50.2,commodity
63-67,15,min 0-3,kalshi_with,hold,187,-57.1,95,-4.7,-111.24,0.716,-57.1,commodity
63-67,15,min 0-3,none,exit10,200,-53.6,102,-29.8,-137.66,0.579,-53.6,commodity
63-67,15,min 0-3,none,exit12,200,-56.7,102,-36.3,-150.54,0.632,-56.7,commodity
63-67,15,min 0-3,none,exit14,200,-57.2,102,-17.7,-132.51,0.689,-57.2,commodity
63-67,15,min 0-3,none,hold,200,-64.9,102,-12.6,-142.56,0.715,-64.9,commodity
63-67,15,min 0-6,kalshi_against,exit10,135,-9.4,62,-32.9,-33.08,0.629,-32.9,commodity
63-67,15,min 0-6,kalshi_against,exit12,135,-15.5,62,-38.7,-45.0,0.69,-38.7,commodity
63-67,15,min 0-6,kalshi_against,exit14,135,-12.9,62,-8.7,-22.75,0.772,-12.9,commodity
63-67,15,min 0-6,kalshi_against,hold,135,-29.5,62,4.5,-37.06,0.787,-29.5,commodity
63-67,15,min 0-6,kalshi_with,exit10,215,-52.4,115,-32.4,-149.81,0.545,-52.4,commodity
63-67,15,min 0-6,kalshi_with,exit12,215,-60.0,115,-37.1,-171.69,0.603,-60.0,commodity
63-67,15,min 0-6,kalshi_with,exit14,215,-56.2,115,-12.7,-135.38,0.679,-56.2,commodity
63-67,15,min 0-6,kalshi_with,hold,215,-55.7,115,-16.2,-138.44,0.706,-55.7,commodity
63-67,15,min 0-6,none,exit10,228,-52.9,119,-34.8,-162.01,0.553,-52.9,commodity
63-67,15,min 0-6,none,exit12,228,-61.3,119,-39.7,-186.97,0.611,-61.3,commodity
63-67,15,min 0-6,none,exit14,228,-62.5,119,-16.1,-161.68,0.68,-62.5,commodity
63-67,15,min 0-6,none,hold,228,-63.1,119,-19.3,-166.79,0.706,-63.1,commodity
63-67,15,min 0-9,kalshi_against,exit10,169,-25.8,74,-38.0,-71.77,0.547,-38.0,commodity
63-67,15,min 0-9,kalshi_against,exit12,169,-33.4,74,-39.1,-85.35,0.65,-39.1,commodity
63-67,15,min 0-9,kalshi_against,exit14,169,-22.4,74,-4.8,-41.32,0.753,-22.4,commodity
63-67,15,min 0-9,kalshi_against,hold,169,-15.4,74,3.0,-23.77,0.786,-15.4,commodity
63-67,15,min 0-9,kalshi_with,exit10,230,-51.0,117,-30.5,-153.03,0.536,-51.0,commodity
63-67,15,min 0-9,kalshi_with,exit12,230,-57.9,117,-33.7,-172.46,0.602,-57.9,commodity
63-67,15,min 0-9,kalshi_with,exit14,230,-52.3,117,-9.7,-131.67,0.68,-52.3,commodity
63-67,15,min 0-9,kalshi_with,hold,230,-52.8,117,-13.1,-136.86,0.709,-52.8,commodity
63-67,15,min 0-9,none,exit10,242,-51.4,121,-33.0,-164.27,0.537,-51.4,commodity
63-67,15,min 0-9,none,exit12,242,-58.6,121,-36.4,-185.85,0.612,-58.6,commodity
63-67,15,min 0-9,none,exit14,242,-58.8,121,-13.2,-158.31,0.68,-58.8,commodity
63-67,15,min 0-9,none,hold,242,-60.0,121,-16.3,-164.9,0.705,-60.0,commodity
63-67,20,min 0-12,kalshi_against,exit10,184,-40.4,83,-45.9,-112.46,0.419,-45.9,commodity
63-67,20,min 0-12,kalshi_against,exit12,184,-41.1,83,-39.3,-108.25,0.509,-41.1,commodity
63-67,20,min 0-12,kalshi_against,exit14,184,-40.0,83,11.0,-64.42,0.644,-40.0,commodity
63-67,20,min 0-12,kalshi_against,hold,184,-33.3,83,12.3,-51.05,0.708,-33.3,commodity
63-67,20,min 0-12,kalshi_with,exit10,235,-51.7,119,-45.7,-175.81,0.415,-51.7,commodity
63-67,20,min 0-12,kalshi_with,exit12,235,-65.2,119,-35.8,-195.9,0.506,-65.2,commodity
63-67,20,min 0-12,kalshi_with,exit14,235,-58.5,119,3.1,-133.79,0.607,-58.5,commodity
63-67,20,min 0-12,kalshi_with,hold,235,-45.6,119,-2.6,-110.31,0.658,-45.6,commodity
63-67,20,min 0-12,none,exit10,243,-55.0,123,-44.4,-188.17,0.423,-55.0,commodity
63-67,20,min 0-12,none,exit12,243,-67.6,123,-35.1,-207.57,0.508,-67.6,commodity
63-67,20,min 0-12,none,exit14,243,-68.6,123,2.5,-163.52,0.604,-68.6,commodity
63-67,20,min 0-12,none,hold,243,-63.1,123,-2.8,-156.78,0.65,-63.1,commodity
63-67,20,min 0-3,kalshi_against,exit10,62,-23.5,32,-11.3,-18.19,0.532,-23.5,commodity
63-67,20,min 0-3,kalshi_against,exit12,62,-32.5,32,18.0,-14.42,0.617,-32.5,commodity
63-67,20,min 0-3,kalshi_against,exit14,62,-22.8,32,100.9,18.13,0.734,-22.8,commodity
63-67,20,min 0-3,kalshi_against,hold,62,-34.5,32,119.7,16.91,0.766,-34.5,commodity
63-67,20,min 0-3,kalshi_with,exit10,187,-56.3,95,-24.7,-128.78,0.465,-56.3,commodity
63-67,20,min 0-3,kalshi_with,exit12,187,-67.3,95,-22.1,-146.84,0.532,-67.3,commodity
63-67,20,min 0-3,kalshi_with,exit14,187,-60.8,95,14.7,-99.71,0.624,-60.8,commodity
63-67,20,min 0-3,kalshi_with,hold,187,-55.0,95,14.5,-89.07,0.67,-55.0,commodity
63-67,20,min 0-3,none,exit10,200,-57.9,102,-30.4,-146.89,0.47,-57.9,commodity
63-67,20,min 0-3,none,exit12,200,-71.7,102,-31.3,-175.28,0.53,-71.7,commodity
63-67,20,min 0-3,none,exit14,200,-73.8,102,6.1,-141.42,0.613,-73.8,commodity
63-67,20,min 0-3,none,hold,200,-72.9,102,9.9,-135.81,0.659,-72.9,commodity
63-67,20,min 0-6,kalshi_against,exit10,135,-17.7,62,-38.6,-47.79,0.487,-38.6,commodity
63-67,20,min 0-6,kalshi_against,exit12,135,-22.4,62,-36.2,-52.63,0.579,-36.2,commodity
63-67,20,min 0-6,kalshi_against,exit14,135,-34.5,62,20.2,-34.05,0.685,-34.5,commodity
63-67,20,min 0-6,kalshi_against,hold,135,-49.5,62,34.3,-45.51,0.716,-49.5,commodity
63-67,20,min 0-6,kalshi_with,exit10,215,-55.3,115,-41.3,-166.51,0.436,-55.3,commodity
63-67,20,min 0-6,kalshi_with,exit12,215,-68.5,115,-42.1,-195.73,0.509,-68.5,commodity
63-67,20,min 0-6,kalshi_with,exit14,215,-64.4,115,0.9,-137.55,0.609,-64.4,commodity
63-67,20,min 0-6,kalshi_with,hold,215,-53.5,115,-3.5,-119.18,0.661,-53.5,commodity
63-67,20,min 0-6,none,exit10,228,-57.0,119,-40.1,-177.67,0.441,-57.0,commodity
63-67,20,min 0-6,none,exit12,228,-72.0,119,-41.2,-213.25,0.51,-72.0,commodity
63-67,20,min 0-6,none,exit14,228,-76.1,119,0.4,-173.18,0.602,-76.1,commodity
63-67,20,min 0-6,none,hold,228,-69.7,119,-3.7,-163.27,0.651,-69.7,commodity
63-67,20,min 0-9,kalshi_against,exit10,169,-31.8,74,-40.0,-83.41,0.428,-40.0,commodity
63-67,20,min 0-9,kalshi_against,exit12,169,-35.3,74,-32.4,-83.71,0.539,-35.3,commodity
63-67,20,min 0-9,kalshi_against,exit14,169,-36.5,74,20.9,-46.17,0.671,-36.5,commodity
63-67,20,min 0-9,kalshi_against,hold,169,-28.4,74,23.6,-30.63,0.72,-28.4,commodity
63-67,20,min 0-9,kalshi_with,exit10,230,-53.6,117,-39.4,-169.41,0.424,-53.6,commodity
63-67,20,min 0-9,kalshi_with,exit12,230,-64.9,117,-38.0,-193.83,0.51,-64.9,commodity
63-67,20,min 0-9,kalshi_with,exit14,230,-59.3,117,4.3,-131.41,0.611,-59.3,commodity
63-67,20,min 0-9,kalshi_with,hold,230,-51.9,117,-0.1,-119.37,0.663,-51.9,commodity
63-67,20,min 0-9,none,exit10,242,-55.2,121,-38.2,-179.72,0.427,-55.2,commodity
63-67,20,min 0-9,none,exit12,242,-67.3,121,-37.2,-207.9,0.512,-67.3,commodity
63-67,20,min 0-9,none,exit14,242,-69.6,121,3.6,-164.11,0.606,-69.6,commodity
63-67,20,min 0-9,none,hold,242,-64.2,121,-0.3,-155.68,0.653,-64.2,commodity
63-67,25,min 0-12,kalshi_against,exit10,184,-28.5,83,-37.2,-83.32,0.333,-37.2,commodity
63-67,25,min 0-12,kalshi_against,exit12,184,-29.2,83,-33.6,-81.53,0.423,-33.6,commodity
63-67,25,min 0-12,kalshi_against,exit14,184,-28.6,83,7.7,-46.35,0.569,-28.6,commodity
63-67,25,min 0-12,kalshi_against,hold,184,-37.0,83,28.3,-44.54,0.663,-37.0,commodity
63-67,25,min 0-12,kalshi_with,exit10,235,-45.3,119,-44.4,-159.13,0.305,-45.3,commodity
63-67,25,min 0-12,kalshi_with,exit12,235,-58.2,119,-35.4,-179.03,0.421,-58.2,commodity
63-67,25,min 0-12,kalshi_with,exit14,235,-45.9,119,5.9,-100.92,0.54,-45.9,commodity
63-67,25,min 0-12,kalshi_with,hold,235,-37.3,119,7.9,-78.17,0.621,-37.3,commodity
63-67,25,min 0-12,none,exit10,243,-47.9,123,-42.0,-168.16,0.32,-47.9,commodity
63-67,25,min 0-12,none,exit12,243,-58.7,123,-33.9,-184.47,0.429,-58.7,commodity
63-67,25,min 0-12,none,exit14,243,-58.2,123,6.0,-134.1,0.538,-58.2,commodity
63-67,25,min 0-12,none,hold,243,-58.8,123,8.3,-132.63,0.612,-58.8,commodity
63-67,25,min 0-3,kalshi_against,exit10,62,-13.8,32,1.4,-8.12,0.415,-13.8,commodity
63-67,25,min 0-3,kalshi_against,exit12,62,-26.3,32,38.6,-3.96,0.521,-26.3,commodity
63-67,25,min 0-3,kalshi_against,exit14,62,-20.7,32,129.6,28.63,0.66,-20.7,commodity
63-67,25,min 0-3,kalshi_against,hold,62,-42.2,32,157.5,24.22,0.734,-42.2,commodity
63-67,25,min 0-3,kalshi_with,exit10,187,-45.7,95,-24.2,-108.45,0.355,-45.7,commodity
63-67,25,min 0-3,kalshi_with,exit12,187,-57.6,95,-25.7,-132.04,0.461,-57.6,commodity
63-67,25,min 0-3,kalshi_with,exit14,187,-47.3,95,11.6,-77.51,0.567,-47.3,commodity
63-67,25,min 0-3,kalshi_with,hold,187,-49.0,95,18.7,-73.81,0.635,-49.0,commodity
63-67,25,min 0-3,none,exit10,200,-50.0,102,-28.5,-129.07,0.361,-50.0,commodity
63-67,25,min 0-3,none,exit12,200,-62.5,102,-33.2,-158.89,0.46,-62.5,commodity
63-67,25,min 0-3,none,exit14,200,-63.5,102,4.7,-122.25,0.556,-63.5,commodity
63-67,25,min 0-3,none,hold,200,-70.9,102,16.5,-124.95,0.619,-70.9,commodity
63-67,25,min 0-6,kalshi_against,exit10,135,-5.1,62,-31.1,-26.18,0.376,-31.1,commodity
63-67,25,min 0-6,kalshi_against,exit12,135,-8.3,62,-31.8,-30.96,0.487,-31.8,commodity
63-67,25,min 0-6,kalshi_against,exit14,135,-15.0,62,28.6,-2.52,0.624,-15.0,commodity
63-67,25,min 0-6,kalshi_against,hold,135,-39.3,62,58.1,-17.06,0.68,-39.3,commodity
63-67,25,min 0-6,kalshi_with,exit10,215,-47.6,115,-40.4,-148.8,0.321,-47.6,commodity
63-67,25,min 0-6,kalshi_with,exit12,215,-60.0,115,-42.2,-177.61,0.436,-60.0,commodity
63-67,25,min 0-6,kalshi_with,exit14,215,-49.0,115,3.0,-101.82,0.548,-49.0,commodity
63-67,25,min 0-6,kalshi_with,hold,215,-43.8,115,6.7,-86.49,0.624,-43.8,commodity
63-67,25,min 0-6,none,exit10,228,-48.6,119,-38.1,-156.21,0.334,-48.6,commodity
63-67,25,min 0-6,none,exit12,228,-61.9,119,-40.4,-189.32,0.441,-61.9,commodity
63-67,25,min 0-6,none,exit14,228,-63.6,119,3.3,-141.01,0.542,-63.6,commodity
63-67,25,min 0-6,none,hold,228,-63.7,119,7.1,-136.79,0.614,-63.7,commodity
63-67,25,min 0-9,kalshi_against,exit10,169,-20.5,74,-33.6,-59.61,0.333,-33.6,commodity
63-67,25,min 0-9,kalshi_against,exit12,169,-21.5,74,-26.9,-56.28,0.453,-26.9,commodity
63-67,25,min 0-9,kalshi_against,exit14,169,-24.4,74,20.6,-25.99,0.597,-24.4,commodity
63-67,25,min 0-9,kalshi_against,hold,169,-35.3,74,37.2,-32.08,0.671,-35.3,commodity
63-67,25,min 0-9,kalshi_with,exit10,230,-47.1,117,-38.0,-152.73,0.311,-47.1,commodity
63-67,25,min 0-9,kalshi_with,exit12,230,-57.8,117,-37.6,-177.06,0.427,-57.8,commodity
63-67,25,min 0-9,kalshi_with,exit14,230,-44.7,117,7.1,-94.4,0.548,-44.7,commodity
63-67,25,min 0-9,kalshi_with,hold,230,-40.4,117,10.7,-80.5,0.628,-40.4,commodity
63-67,25,min 0-9,none,exit10,242,-48.1,121,-35.8,-159.71,0.322,-48.1,commodity
63-67,25,min 0-9,none,exit12,242,-58.4,121,-36.0,-184.8,0.433,-58.4,commodity
63-67,25,min 0-9,none,exit14,242,-58.5,121,7.2,-132.82,0.543,-58.5,commodity
63-67,25,min 0-9,none,hold,242,-60.3,121,10.9,-132.69,0.614,-60.3,commodity
63-67,30,min 0-12,kalshi_against,exit10,184,-34.2,83,-26.8,-85.26,0.176,-34.2,commodity
63-67,30,min 0-12,kalshi_against,exit12,184,-36.4,83,-23.9,-86.78,0.285,-36.4,commodity
63-67,30,min 0-12,kalshi_against,exit14,184,-29.9,83,19.4,-38.91,0.498,-29.9,commodity
63-67,30,min 0-12,kalshi_against,hold,184,-46.8,83,37.9,-54.64,0.622,-46.8,commodity
63-67,30,min 0-12,kalshi_with,exit10,235,-49.3,119,-38.4,-161.61,0.15,-49.3,commodity
63-67,30,min 0-12,kalshi_with,exit12,235,-65.5,119,-29.8,-189.48,0.294,-65.5,commodity
63-67,30,min 0-12,kalshi_with,exit14,235,-55.4,119,12.2,-115.64,0.46,-55.4,commodity
63-67,30,min 0-12,kalshi_with,hold,235,-59.1,119,3.6,-134.58,0.571,-59.1,commodity
63-67,30,min 0-12,none,exit10,243,-53.3,123,-35.0,-172.5,0.167,-53.3,commodity
63-67,30,min 0-12,none,exit12,243,-66.6,123,-27.2,-195.27,0.301,-66.6,commodity
63-67,30,min 0-12,none,exit14,243,-68.7,123,13.4,-150.54,0.464,-68.7,commodity
63-67,30,min 0-12,none,hold,243,-83.5,123,5.3,-196.28,0.56,-83.5,commodity
63-67,30,min 0-3,kalshi_against,exit10,62,-12.0,32,14.0,-2.96,0.277,-12.0,commodity
63-67,30,min 0-3,kalshi_against,exit12,62,-21.6,32,44.8,0.95,0.404,-21.6,commodity
63-67,30,min 0-3,kalshi_against,exit14,62,-17.2,32,128.9,30.61,0.574,-17.2,commodity
63-67,30,min 0-3,kalshi_against,hold,62,-40.5,32,140.8,19.95,0.681,-40.5,commodity
63-67,30,min 0-3,kalshi_with,exit10,187,-52.2,95,-16.4,-113.17,0.167,-52.2,commodity
63-67,30,min 0-3,kalshi_with,exit12,187,-68.2,95,-19.4,-145.9,0.33,-68.2,commodity
63-67,30,min 0-3,kalshi_with,exit14,187,-60.7,95,16.4,-97.95,0.482,-60.7,commodity
63-67,30,min 0-3,kalshi_with,hold,187,-78.8,95,8.8,-139.06,0.574,-78.8,commodity
63-67,30,min 0-3,none,exit10,200,-57.7,102,-19.6,-135.33,0.185,-57.7,commodity
63-67,30,min 0-3,none,exit12,200,-73.3,102,-25.2,-172.25,0.334,-73.3,commodity
63-67,30,min 0-3,none,exit14,200,-78.3,102,11.3,-145.04,0.477,-78.3,commodity
63-67,30,min 0-3,none,hold,200,-102.6,102,9.4,-195.64,0.56,-102.6,commodity
63-67,30,min 0-6,kalshi_against,exit10,135,-8.0,62,-21.2,-23.86,0.178,-21.2,commodity
63-67,30,min 0-6,kalshi_against,exit12,135,-18.4,62,-21.5,-38.16,0.335,-21.5,commodity
63-67,30,min 0-6,kalshi_against,exit14,135,-17.2,62,37.5,-0.01,0.548,-17.2,commodity
63-67,30,min 0-6,kalshi_against,hold,135,-48.8,62,60.7,-28.27,0.635,-48.8,commodity
63-67,30,min 0-6,kalshi_with,exit10,215,-52.3,115,-33.5,-150.87,0.158,-52.3,commodity
63-67,30,min 0-6,kalshi_with,exit12,215,-68.4,115,-36.1,-188.49,0.309,-68.4,commodity
63-67,30,min 0-6,kalshi_with,exit14,215,-59.1,115,9.1,-116.63,0.47,-59.1,commodity
63-67,30,min 0-6,kalshi_with,hold,215,-65.7,115,1.2,-139.78,0.573,-65.7,commodity
63-67,30,min 0-6,none,exit10,228,-54.3,119,-30.1,-159.61,0.176,-54.3,commodity
63-67,30,min 0-6,none,exit12,228,-70.4,119,-33.2,-200.02,0.314,-70.4,commodity
63-67,30,min 0-6,none,exit14,228,-74.4,119,10.5,-157.01,0.47,-74.4,commodity
63-67,30,min 0-6,none,hold,228,-87.6,119,3.1,-195.94,0.562,-87.6,commodity
63-67,30,min 0-9,kalshi_against,exit10,169,-22.1,74,-24.4,-55.37,0.165,-24.4,commodity
63-67,30,min 0-9,kalshi_against,exit12,169,-29.6,74,-16.1,-61.85,0.313,-29.6,commodity
63-67,30,min 0-9,kalshi_against,exit14,169,-23.6,74,32.5,-15.8,0.531,-23.6,commodity
63-67,30,min 0-9,kalshi_against,hold,169,-37.3,74,44.9,-29.82,0.634,-37.3,commodity
63-67,30,min 0-9,kalshi_with,exit10,230,-51.2,117,-32.0,-155.21,0.153,-51.2,commodity
63-67,30,min 0-9,kalshi_with,exit12,230,-65.2,117,-32.0,-187.41,0.3,-65.2,commodity
63-67,30,min 0-9,kalshi_with,exit14,230,-54.6,117,13.5,-109.65,0.467,-54.6,commodity
63-67,30,min 0-9,kalshi_with,hold,230,-62.9,117,6.2,-137.44,0.576,-62.9,commodity
63-67,30,min 0-9,none,exit10,242,-53.5,121,-28.7,-164.05,0.168,-53.5,commodity
63-67,30,min 0-9,none,exit12,242,-66.2,121,-29.2,-195.6,0.303,-66.2,commodity
63-67,30,min 0-9,none,exit14,242,-69.1,121,14.8,-149.26,0.468,-69.1,commodity
63-67,30,min 0-9,none,hold,242,-85.1,121,8.0,-196.34,0.562,-85.1,commodity
68-72,5,min 0-12,kalshi_against,exit10,158,-38.4,60,-53.2,-92.61,0.775,-53.2,commodity
68-72,5,min 0-12,kalshi_against,exit12,158,-52.9,60,-59.8,-119.48,0.807,-59.8,commodity
68-72,5,min 0-12,kalshi_against,exit14,158,-40.0,60,-39.3,-86.74,0.885,-40.0,commodity
68-72,5,min 0-12,kalshi_against,hold,158,-36.0,60,-40.0,-80.85,0.899,-40.0,commodity
68-72,5,min 0-12,kalshi_with,exit10,238,-38.2,120,-35.5,-133.37,0.746,-38.2,commodity
68-72,5,min 0-12,kalshi_with,exit12,238,-41.2,120,-34.4,-139.34,0.799,-41.2,commodity
68-72,5,min 0-12,kalshi_with,exit14,238,-41.5,120,-25.4,-129.17,0.841,-41.5,commodity
68-72,5,min 0-12,kalshi_with,hold,238,-35.5,120,-31.3,-121.94,0.858,-35.5,commodity
68-72,5,min 0-12,none,exit10,248,-31.9,120,-32.9,-118.63,0.764,-32.9,commodity
68-72,5,min 0-12,none,exit12,248,-32.0,120,-36.2,-122.69,0.81,-36.2,commodity
68-72,5,min 0-12,none,exit14,248,-32.9,120,-28.7,-116.15,0.848,-32.9,commodity
68-72,5,min 0-12,none,hold,248,-29.0,120,-24.8,-101.67,0.864,-29.0,commodity
68-72,5,min 0-3,kalshi_against,exit10,43,-33.5,10,-9.2,-15.33,0.811,-33.5,commodity
68-72,5,min 0-3,kalshi_against,exit12,43,-34.5,10,28.3,-12.0,0.887,-34.5,commodity
68-72,5,min 0-3,kalshi_against,exit14,43,-13.9,10,36.6,-2.33,0.943,-13.9,commodity
68-72,5,min 0-3,kalshi_against,hold,43,-20.7,10,36.6,-5.25,0.943,-20.7,commodity
68-72,5,min 0-3,kalshi_with,exit10,144,-42.1,77,-25.6,-80.37,0.805,-42.1,commodity
68-72,5,min 0-3,kalshi_with,exit12,144,-44.2,77,-26.3,-83.95,0.833,-44.2,commodity
68-72,5,min 0-3,kalshi_with,exit14,144,-34.8,77,-24.6,-69.09,0.86,-34.8,commodity
68-72,5,min 0-3,kalshi_with,hold,144,-44.1,77,-25.3,-83.01,0.869,-44.1,commodity
68-72,5,min 0-3,none,exit10,159,-35.6,79,-26.8,-77.74,0.811,-35.6,commodity
68-72,5,min 0-3,none,exit12,159,-35.3,79,-29.7,-79.65,0.836,-35.3,commodity
68-72,5,min 0-3,none,exit14,159,-26.8,79,-28.9,-65.48,0.861,-28.9,commodity
68-72,5,min 0-3,none,hold,159,-35.2,79,-23.4,-74.48,0.874,-35.2,commodity
68-72,5,min 0-6,kalshi_against,exit10,102,-40.2,33,-41.3,-54.58,0.815,-41.3,commodity
68-72,5,min 0-6,kalshi_against,exit12,102,-48.2,33,-45.7,-64.29,0.859,-48.2,commodity
68-72,5,min 0-6,kalshi_against,exit14,102,-41.6,33,-36.7,-54.58,0.889,-41.6,commodity
68-72,5,min 0-6,kalshi_against,hold,102,-55.6,33,-36.7,-68.83,0.889,-55.6,commodity
68-72,5,min 0-6,kalshi_with,exit10,199,-39.4,108,-32.6,-113.66,0.775,-39.4,commodity
68-72,5,min 0-6,kalshi_with,exit12,199,-44.1,108,-37.1,-127.96,0.814,-44.1,commodity
68-72,5,min 0-6,kalshi_with,exit14,199,-44.1,108,-30.7,-120.94,0.84,-44.1,commodity
68-72,5,min 0-6,kalshi_with,hold,199,-47.8,108,-35.7,-133.75,0.857,-47.8,commodity
68-72,5,min 0-6,none,exit10,215,-32.7,108,-29.6,-102.34,0.789,-32.7,commodity
68-72,5,min 0-6,none,exit12,215,-33.7,108,-39.1,-114.77,0.824,-39.1,commodity
68-72,5,min 0-6,none,exit14,215,-33.7,108,-34.5,-109.66,0.848,-34.5,commodity
68-72,5,min 0-6,none,hold,215,-37.1,108,-28.5,-110.6,0.867,-37.1,commodity
68-72,5,min 0-9,kalshi_against,exit10,137,-44.9,52,-53.5,-89.29,0.767,-53.5,commodity
68-72,5,min 0-9,kalshi_against,exit12,137,-55.7,52,-53.6,-104.15,0.831,-55.7,commodity
68-72,5,min 0-9,kalshi_against,exit14,137,-46.9,52,-38.1,-84.03,0.878,-46.9,commodity
68-72,5,min 0-9,kalshi_against,hold,137,-46.2,52,-38.3,-83.17,0.889,-46.2,commodity
68-72,5,min 0-9,kalshi_with,exit10,223,-37.6,115,-31.9,-120.54,0.76,-37.6,commodity
68-72,5,min 0-9,kalshi_with,exit12,223,-40.4,115,-34.8,-130.16,0.817,-40.4,commodity
68-72,5,min 0-9,kalshi_with,exit14,223,-40.6,115,-26.1,-120.56,0.846,-40.6,commodity
68-72,5,min 0-9,kalshi_with,hold,223,-38.3,115,-30.8,-120.74,0.861,-38.3,commodity
68-72,5,min 0-9,none,exit10,237,-31.2,115,-29.1,-107.53,0.776,-31.2,commodity
68-72,5,min 0-9,none,exit12,237,-32.8,115,-36.6,-119.87,0.824,-36.6,commodity
68-72,5,min 0-9,none,exit14,237,-33.9,115,-29.6,-114.47,0.849,-33.9,commodity
68-72,5,min 0-9,none,hold,237,-29.2,115,-24.0,-96.8,0.866,-29.2,commodity
68-72,10,min 0-12,kalshi_against,exit10,158,-40.8,60,-52.8,-96.18,0.61,-52.8,commodity
68-72,10,min 0-12,kalshi_against,exit12,158,-41.9,60,-60.0,-102.11,0.702,-60.0,commodity
68-72,10,min 0-12,kalshi_against,exit14,158,-30.6,60,-12.2,-55.72,0.826,-30.6,commodity
68-72,10,min 0-12,kalshi_against,hold,158,-31.5,60,-17.6,-60.41,0.849,-31.5,commodity
68-72,10,min 0-12,kalshi_with,exit10,238,-36.2,120,-38.3,-132.0,0.623,-38.3,commodity
68-72,10,min 0-12,kalshi_with,exit12,238,-39.5,120,-33.1,-133.7,0.698,-39.5,commodity
68-72,10,min 0-12,kalshi_with,exit14,238,-40.3,120,-14.7,-113.51,0.768,-40.3,commodity
68-72,10,min 0-12,kalshi_with,hold,238,-32.7,120,-23.1,-105.64,0.785,-32.7,commodity
68-72,10,min 0-12,none,exit10,248,-31.3,120,-35.1,-119.77,0.641,-35.1,commodity
68-72,10,min 0-12,none,exit12,248,-28.0,120,-34.3,-110.71,0.712,-34.3,commodity
68-72,10,min 0-12,none,exit14,248,-29.7,120,-17.6,-94.67,0.777,-29.7,commodity
68-72,10,min 0-12,none,hold,248,-25.3,120,-15.6,-81.45,0.796,-25.3,commodity
68-72,10,min 0-3,kalshi_against,exit10,43,-32.1,10,-96.4,-23.45,0.642,-96.4,commodity
68-72,10,min 0-3,kalshi_against,exit12,43,-28.3,10,-4.8,-12.65,0.755,-28.3,commodity
68-72,10,min 0-3,kalshi_against,exit14,43,-25.6,10,87.5,-2.25,0.868,-25.6,commodity
68-72,10,min 0-3,kalshi_against,hold,43,-26.8,10,87.5,-2.78,0.887,-26.8,commodity
68-72,10,min 0-3,kalshi_with,exit10,144,-34.2,77,-18.9,-63.81,0.692,-34.2,commodity
68-72,10,min 0-3,kalshi_with,exit12,144,-36.7,77,-9.0,-59.81,0.742,-36.7,commodity
68-72,10,min 0-3,kalshi_with,exit14,144,-29.8,77,5.0,-38.99,0.792,-29.8,commodity
68-72,10,min 0-3,kalshi_with,hold,144,-37.7,77,3.8,-51.34,0.805,-37.7,commodity
68-72,10,min 0-3,none,exit10,159,-29.4,79,-19.5,-62.1,0.693,-29.4,commodity
68-72,10,min 0-3,none,exit12,159,-24.8,79,-11.6,-48.56,0.752,-24.8,commodity
68-72,10,min 0-3,none,exit14,159,-18.5,79,1.2,-28.43,0.798,-18.5,commodity
68-72,10,min 0-3,none,hold,159,-25.7,79,7.1,-35.23,0.815,-25.7,commodity
68-72,10,min 0-6,kalshi_against,exit10,102,-33.3,33,-56.2,-52.47,0.667,-56.2,commodity
68-72,10,min 0-6,kalshi_against,exit12,102,-42.4,33,-48.9,-59.38,0.763,-48.9,commodity
68-72,10,min 0-6,kalshi_against,exit14,102,-44.0,33,-12.5,-49.02,0.83,-44.0,commodity
68-72,10,min 0-6,kalshi_against,hold,102,-59.1,33,-13.6,-64.72,0.837,-59.1,commodity
68-72,10,min 0-6,kalshi_with,exit10,199,-37.5,108,-33.9,-111.17,0.655,-37.5,commodity
68-72,10,min 0-6,kalshi_with,exit12,199,-45.3,108,-32.8,-125.67,0.713,-45.3,commodity
68-72,10,min 0-6,kalshi_with,exit14,199,-45.8,108,-19.4,-112.06,0.765,-45.8,commodity
68-72,10,min 0-6,kalshi_with,hold,199,-48.8,108,-24.9,-123.93,0.785,-48.8,commodity
68-72,10,min 0-6,none,exit10,215,-31.0,108,-30.4,-99.41,0.666,-31.0,commodity
68-72,10,min 0-6,none,exit12,215,-31.6,108,-34.2,-104.89,0.728,-34.2,commodity
68-72,10,min 0-6,none,exit14,215,-32.0,108,-22.5,-93.19,0.777,-32.0,commodity
68-72,10,min 0-6,none,hold,215,-34.8,108,-16.5,-92.56,0.799,-34.8,commodity
68-72,10,min 0-9,kalshi_against,exit10,137,-40.4,52,-64.4,-88.84,0.608,-64.4,commodity
68-72,10,min 0-9,kalshi_against,exit12,137,-46.9,52,-62.7,-96.9,0.725,-62.7,commodity
68-72,10,min 0-9,kalshi_against,exit14,137,-39.2,52,-18.1,-63.14,0.825,-39.2,commodity
68-72,10,min 0-9,kalshi_against,hold,137,-38.0,52,-23.8,-64.44,0.847,-38.0,commodity
68-72,10,min 0-9,kalshi_with,exit10,223,-34.1,115,-35.0,-116.32,0.642,-35.0,commodity
68-72,10,min 0-9,kalshi_with,exit12,223,-38.4,115,-35.7,-126.72,0.719,-38.4,commodity
68-72,10,min 0-9,kalshi_with,exit14,223,-38.8,115,-17.4,-106.6,0.775,-38.8,commodity
68-72,10,min 0-9,kalshi_with,hold,223,-35.8,115,-24.8,-108.3,0.793,-35.8,commodity
68-72,10,min 0-9,none,exit10,237,-28.1,115,-31.7,-103.08,0.653,-31.7,commodity
68-72,10,min 0-9,none,exit12,237,-28.1,115,-37.0,-109.05,0.73,-37.0,commodity
68-72,10,min 0-9,none,exit14,237,-29.6,115,-20.4,-93.65,0.781,-29.6,commodity
68-72,10,min 0-9,none,hold,237,-24.2,115,-16.9,-76.87,0.801,-24.2,commodity
68-72,15,min 0-12,kalshi_against,exit10,158,-49.0,60,-53.3,-109.4,0.459,-53.3,commodity
68-72,15,min 0-12,kalshi_against,exit12,158,-46.8,60,-45.5,-101.21,0.564,-46.8,commodity
68-72,15,min 0-12,kalshi_against,exit14,158,-46.7,60,8.3,-68.74,0.716,-46.7,commodity
68-72,15,min 0-12,kalshi_against,hold,158,-51.3,60,-4.0,-83.46,0.78,-51.3,commodity
68-72,15,min 0-12,kalshi_with,exit10,238,-29.6,120,-44.9,-124.32,0.506,-44.9,commodity
68-72,15,min 0-12,kalshi_with,exit12,238,-37.6,120,-31.7,-127.51,0.589,-37.6,commodity
68-72,15,min 0-12,kalshi_with,exit14,238,-36.9,120,6.9,-79.5,0.693,-36.9,commodity
68-72,15,min 0-12,kalshi_with,hold,238,-21.8,120,-2.5,-55.03,0.737,-21.8,commodity
68-72,15,min 0-12,none,exit10,248,-24.3,120,-41.6,-110.34,0.522,-41.6,commodity
68-72,15,min 0-12,none,exit12,248,-26.4,120,-32.8,-104.77,0.603,-32.8,commodity
68-72,15,min 0-12,none,exit14,248,-27.6,120,4.2,-63.45,0.698,-27.6,commodity
68-72,15,min 0-12,none,hold,248,-19.4,120,5.8,-41.13,0.745,-19.4,commodity
68-72,15,min 0-3,kalshi_against,exit10,43,-16.9,10,-127.7,-20.04,0.547,-127.7,commodity
68-72,15,min 0-3,kalshi_against,exit12,43,-18.8,10,-15.1,-9.58,0.642,-18.8,commodity
68-72,15,min 0-3,kalshi_against,exit14,43,-38.0,10,133.9,-2.96,0.774,-38.0,commodity
68-72,15,min 0-3,kalshi_against,hold,43,-60.9,10,133.9,-12.78,0.811,-60.9,commodity
68-72,15,min 0-3,kalshi_with,exit10,144,-16.6,77,-29.4,-46.55,0.584,-29.4,commodity
68-72,15,min 0-3,kalshi_with,exit12,144,-23.4,77,-7.8,-39.68,0.638,-23.4,commodity
68-72,15,min 0-3,kalshi_with,exit14,144,-18.4,77,26.3,-6.23,0.719,-18.4,commodity
68-72,15,min 0-3,kalshi_with,hold,144,-17.7,77,18.9,-10.9,0.751,-17.7,commodity
68-72,15,min 0-3,none,exit10,159,-12.1,79,-29.4,-42.57,0.588,-29.4,commodity
68-72,15,min 0-3,none,exit12,159,-14.0,79,-9.4,-29.77,0.643,-14.0,commodity
68-72,15,min 0-3,none,exit14,159,-12.8,79,22.9,-2.26,0.718,-12.8,commodity
68-72,15,min 0-3,none,hold,159,-18.6,79,23.7,-10.95,0.752,-18.6,commodity
68-72,15,min 0-6,kalshi_against,exit10,102,-51.4,33,-70.8,-75.78,0.496,-70.8,commodity
68-72,15,min 0-6,kalshi_against,exit12,102,-54.9,33,-41.8,-69.74,0.637,-54.9,commodity
68-72,15,min 0-6,kalshi_against,exit14,102,-76.4,33,-0.0,-77.98,0.719,-76.4,commodity
68-72,15,min 0-6,kalshi_against,hold,102,-105.7,33,-21.4,-114.88,0.741,-105.7,commodity
68-72,15,min 0-6,kalshi_with,exit10,199,-34.0,108,-40.7,-111.68,0.534,-40.7,commodity
68-72,15,min 0-6,kalshi_with,exit12,199,-49.2,108,-33.0,-133.63,0.599,-49.2,commodity
68-72,15,min 0-6,kalshi_with,exit14,199,-50.6,108,1.3,-99.26,0.684,-50.6,commodity
68-72,15,min 0-6,kalshi_with,hold,199,-44.6,108,-5.8,-95.05,0.73,-44.6,commodity
68-72,15,min 0-6,none,exit10,215,-26.8,108,-37.0,-97.54,0.545,-37.0,commodity
68-72,15,min 0-6,none,exit12,215,-34.6,108,-34.2,-111.41,0.613,-34.6,commodity
68-72,15,min 0-6,none,exit14,215,-36.6,108,-1.6,-80.44,0.693,-36.6,commodity
68-72,15,min 0-6,none,hold,215,-34.9,108,3.4,-71.23,0.74,-34.9,commodity
68-72,15,min 0-9,kalshi_against,exit10,137,-55.0,52,-67.7,-110.61,0.439,-67.7,commodity
68-72,15,min 0-9,kalshi_against,exit12,137,-55.1,52,-47.0,-99.93,0.587,-55.1,commodity
68-72,15,min 0-9,kalshi_against,exit14,137,-59.8,52,7.6,-77.98,0.73,-59.8,commodity
68-72,15,min 0-9,kalshi_against,hold,137,-68.5,52,-10.9,-99.5,0.772,-68.5,commodity
68-72,15,min 0-9,kalshi_with,exit10,223,-28.1,115,-42.3,-111.39,0.521,-42.3,commodity
68-72,15,min 0-9,kalshi_with,exit12,223,-37.4,115,-34.2,-122.65,0.607,-37.4,commodity
68-72,15,min 0-9,kalshi_with,exit14,223,-37.7,115,4.7,-78.61,0.698,-37.7,commodity
68-72,15,min 0-9,kalshi_with,hold,223,-26.6,115,-3.9,-63.92,0.743,-26.6,commodity
68-72,15,min 0-9,none,exit10,237,-21.8,115,-38.9,-96.4,0.531,-38.9,commodity
68-72,15,min 0-9,none,exit12,237,-27.0,115,-35.3,-104.59,0.616,-35.3,commodity
68-72,15,min 0-9,none,exit14,237,-29.3,115,1.9,-67.29,0.702,-29.3,commodity
68-72,15,min 0-9,none,hold,237,-19.9,115,4.8,-41.62,0.747,-19.9,commodity
68-72,20,min 0-12,kalshi_against,exit10,158,-45.0,60,-42.0,-96.31,0.349,-45.0,commodity
68-72,20,min 0-12,kalshi_against,exit12,158,-31.7,60,-37.6,-72.71,0.45,-37.6,commodity
68-72,20,min 0-12,kalshi_against,exit14,158,-44.6,60,5.3,-67.3,0.633,-44.6,commodity
68-72,20,min 0-12,kalshi_against,hold,158,-70.1,60,9.2,-105.24,0.716,-70.1,commodity
68-72,20,min 0-12,kalshi_with,exit10,238,-19.8,120,-41.2,-96.58,0.388,-41.2,commodity
68-72,20,min 0-12,kalshi_with,exit12,238,-22.3,120,-29.1,-88.08,0.5,-29.1,commodity
68-72,20,min 0-12,kalshi_with,exit14,238,-23.0,120,6.8,-46.6,0.617,-23.0,commodity
68-72,20,min 0-12,kalshi_with,hold,238,-12.8,120,5.9,-23.37,0.69,-12.8,commodity
68-72,20,min 0-12,none,exit10,248,-14.5,120,-32.4,-74.93,0.399,-32.4,commodity
68-72,20,min 0-12,none,exit12,248,-10.3,120,-23.1,-53.33,0.514,-23.1,commodity
68-72,20,min 0-12,none,exit14,248,-12.0,120,11.4,-15.96,0.63,-12.0,commodity
68-72,20,min 0-12,none,hold,248,-8.9,120,21.6,3.75,0.701,-8.9,commodity
68-72,20,min 0-3,kalshi_against,exit10,43,-4.0,10,-118.4,-13.55,0.415,-118.4,commodity
68-72,20,min 0-3,kalshi_against,exit12,43,-8.2,10,11.0,-2.44,0.528,-8.2,commodity
68-72,20,min 0-3,kalshi_against,exit14,43,-36.7,10,188.4,3.04,0.717,-36.7,commodity
68-72,20,min 0-3,kalshi_against,hold,43,-85.2,10,188.4,-17.81,0.755,-85.2,commodity
68-72,20,min 0-3,kalshi_with,exit10,144,-7.0,77,-28.3,-31.87,0.462,-28.3,commodity
68-72,20,min 0-3,kalshi_with,exit12,144,-7.7,77,-12.5,-20.75,0.557,-12.5,commodity
68-72,20,min 0-3,kalshi_with,exit14,144,-3.3,77,25.6,14.89,0.656,-3.3,commodity
68-72,20,min 0-3,kalshi_with,hold,144,-9.3,77,19.4,1.57,0.71,-9.3,commodity
68-72,20,min 0-3,none,exit10,159,-2.8,79,-20.0,-20.32,0.462,-20.0,commodity
68-72,20,min 0-3,none,exit12,159,2.5,79,-2.7,1.91,0.559,-2.7,commodity
68-72,20,min 0-3,none,exit14,159,2.3,79,34.0,30.55,0.66,2.3,commodity
68-72,20,min 0-3,none,hold,159,-13.1,79,36.0,7.59,0.714,-13.1,commodity
68-72,20,min 0-6,kalshi_against,exit10,102,-37.0,33,-59.7,-57.48,0.385,-59.7,commodity
68-72,20,min 0-6,kalshi_against,exit12,102,-38.1,33,-39.5,-51.92,0.526,-39.5,commodity
68-72,20,min 0-6,kalshi_against,exit14,102,-58.8,33,5.9,-57.99,0.652,-58.8,commodity
68-72,20,min 0-6,kalshi_against,hold,102,-105.8,33,-4.1,-109.3,0.696,-105.8,commodity
68-72,20,min 0-6,kalshi_with,exit10,199,-23.4,108,-36.8,-86.34,0.417,-36.8,commodity
68-72,20,min 0-6,kalshi_with,exit12,199,-31.5,108,-31.3,-96.4,0.515,-31.5,commodity
68-72,20,min 0-6,kalshi_with,exit14,199,-32.0,108,-0.4,-64.13,0.619,-32.0,commodity
68-72,20,min 0-6,kalshi_with,hold,199,-28.6,108,-0.2,-57.25,0.687,-28.6,commodity
68-72,20,min 0-6,none,exit10,215,-16.2,108,-27.0,-64.11,0.424,-27.0,commodity
68-72,20,min 0-6,none,exit12,215,-17.4,108,-24.5,-63.93,0.523,-24.5,commodity
68-72,20,min 0-6,none,exit14,215,-18.2,108,4.8,-34.04,0.628,-18.2,commodity
68-72,20,min 0-6,none,hold,215,-25.1,108,17.2,-35.45,0.697,-25.1,commodity
68-72,20,min 0-9,kalshi_against,exit10,137,-41.4,52,-61.9,-88.87,0.333,-61.9,commodity
68-72,20,min 0-9,kalshi_against,exit12,137,-37.8,52,-39.2,-72.18,0.481,-39.2,commodity
68-72,20,min 0-9,kalshi_against,exit14,137,-50.6,52,-0.5,-69.62,0.651,-50.6,commodity
68-72,20,min 0-9,kalshi_against,hold,137,-83.5,52,-2.8,-115.88,0.714,-83.5,commodity
68-72,20,min 0-9,kalshi_with,exit10,223,-18.1,115,-38.9,-85.11,0.399,-38.9,commodity
68-72,20,min 0-9,kalshi_with,exit12,223,-22.0,115,-31.5,-85.42,0.515,-31.5,commodity
68-72,20,min 0-9,kalshi_with,exit14,223,-22.5,115,5.1,-44.4,0.627,-22.5,commodity
68-72,20,min 0-9,kalshi_with,hold,223,-15.5,115,3.8,-30.24,0.695,-15.5,commodity
68-72,20,min 0-9,none,exit10,237,-12.0,115,-29.7,-62.45,0.406,-29.7,commodity
68-72,20,min 0-9,none,exit12,237,-11.3,115,-25.2,-55.77,0.523,-25.2,commodity
68-72,20,min 0-9,none,exit14,237,-13.6,115,9.9,-20.86,0.636,-13.6,commodity
68-72,20,min 0-9,none,hold,237,-10.9,115,20.2,-2.71,0.702,-10.9,commodity
68-72,25,min 0-12,kalshi_against,exit10,158,-59.6,60,-30.7,-112.56,0.193,-59.6,commodity
68-72,25,min 0-12,kalshi_against,exit12,158,-42.3,60,-29.4,-84.45,0.298,-42.3,commodity
68-72,25,min 0-12,kalshi_against,exit14,158,-51.1,60,17.4,-70.27,0.546,-51.1,commodity
68-72,25,min 0-12,kalshi_against,hold,158,-90.0,60,14.3,-133.56,0.665,-90.0,commodity
68-72,25,min 0-12,kalshi_with,exit10,238,-26.8,120,-32.0,-102.14,0.207,-32.0,commodity
68-72,25,min 0-12,kalshi_with,exit12,238,-30.2,120,-19.6,-95.5,0.363,-30.2,commodity
68-72,25,min 0-12,kalshi_with,exit14,238,-30.9,120,16.6,-53.58,0.528,-30.9,commodity
68-72,25,min 0-12,kalshi_with,hold,238,-34.2,120,4.6,-75.9,0.64,-34.2,commodity
68-72,25,min 0-12,none,exit10,248,-19.8,120,-23.2,-76.79,0.22,-23.2,commodity
68-72,25,min 0-12,none,exit12,248,-16.2,120,-13.1,-55.99,0.378,-16.2,commodity
68-72,25,min 0-12,none,exit14,248,-17.5,120,21.8,-17.33,0.543,-17.5,commodity
68-72,25,min 0-12,none,hold,248,-27.6,120,21.6,-42.42,0.649,-27.6,commodity
68-72,25,min 0-3,kalshi_against,exit10,43,-8.5,10,-102.5,-13.92,0.283,-102.5,commodity
68-72,25,min 0-3,kalshi_against,exit12,43,-5.5,10,26.9,0.33,0.396,-5.5,commodity
68-72,25,min 0-3,kalshi_against,exit14,43,-43.9,10,213.0,2.41,0.623,-43.9,commodity
68-72,25,min 0-3,kalshi_against,hold,43,-96.3,10,235.0,-17.89,0.717,-96.3,commodity
68-72,25,min 0-3,kalshi_with,exit10,144,-17.9,77,-16.2,-38.34,0.249,-17.9,commodity
68-72,25,min 0-3,kalshi_with,exit12,144,-22.7,77,-3.8,-35.62,0.407,-22.7,commodity
68-72,25,min 0-3,kalshi_with,exit14,144,-21.8,77,29.4,-8.8,0.557,-21.8,commodity
68-72,25,min 0-3,kalshi_with,hold,144,-59.3,77,14.6,-74.18,0.638,-59.3,commodity
68-72,25,min 0-3,none,exit10,159,-10.2,79,-8.3,-22.77,0.265,-10.2,commodity
68-72,25,min 0-3,none,exit12,159,-8.2,79,6.5,-7.88,0.42,-8.2,commodity
68-72,25,min 0-3,none,exit14,159,-11.2,79,39.1,13.0,0.567,-11.2,commodity
68-72,25,min 0-3,none,hold,159,-55.2,79,34.0,-60.95,0.643,-55.2,commodity
68-72,25,min 0-6,kalshi_against,exit10,102,-44.6,33,-49.1,-61.72,0.207,-49.1,commodity
68-72,25,min 0-6,kalshi_against,exit12,102,-49.7,33,-22.5,-58.08,0.356,-49.7,commodity
68-72,25,min 0-6,kalshi_against,exit14,102,-63.6,33,30.7,-54.78,0.578,-63.6,commodity
68-72,25,min 0-6,kalshi_against,hold,102,-119.4,33,4.2,-120.41,0.652,-119.4,commodity
68-72,25,min 0-6,kalshi_with,exit10,199,-30.2,108,-27.1,-89.39,0.215,-30.2,commodity
68-72,25,min 0-6,kalshi_with,exit12,199,-40.7,108,-21.7,-104.43,0.381,-40.7,commodity
68-72,25,min 0-6,kalshi_with,exit14,199,-40.5,108,8.1,-71.87,0.534,-40.5,commodity
68-72,25,min 0-6,kalshi_with,hold,199,-56.1,108,-5.3,-117.35,0.632,-56.1,commodity
68-72,25,min 0-6,none,exit10,215,-20.6,108,-17.3,-62.93,0.229,-20.6,commodity
68-72,25,min 0-6,none,exit12,215,-23.7,108,-14.5,-66.67,0.393,-23.7,commodity
68-72,25,min 0-6,none,exit14,215,-23.3,108,13.8,-35.11,0.548,-23.3,commodity
68-72,25,min 0-6,none,hold,215,-47.7,108,13.6,-87.81,0.641,-47.7,commodity
68-72,25,min 0-9,kalshi_against,exit10,137,-47.0,52,-54.0,-92.45,0.164,-54.0,commodity
68-72,25,min 0-9,kalshi_against,exit12,137,-47.1,52,-29.6,-79.92,0.328,-47.1,commodity
68-72,25,min 0-9,kalshi_against,exit14,137,-56.5,52,10.2,-72.12,0.571,-56.5,commodity
68-72,25,min 0-9,kalshi_against,hold,137,-98.5,52,-2.1,-135.97,0.667,-98.5,commodity
68-72,25,min 0-9,kalshi_with,exit10,223,-26.2,115,-29.7,-92.57,0.207,-29.7,commodity
68-72,25,min 0-9,kalshi_with,exit12,223,-31.2,115,-21.6,-94.42,0.376,-31.2,commodity
68-72,25,min 0-9,kalshi_with,exit14,223,-32.0,115,15.4,-53.61,0.538,-32.0,commodity
68-72,25,min 0-9,kalshi_with,hold,223,-40.3,115,1.7,-87.84,0.642,-40.3,commodity
68-72,25,min 0-9,none,exit10,237,-18.0,115,-20.5,-66.21,0.219,-20.5,commodity
68-72,25,min 0-9,none,exit12,237,-18.1,115,-14.9,-60.01,0.386,-18.1,commodity
68-72,25,min 0-9,none,exit14,237,-20.1,115,20.7,-23.93,0.551,-20.1,commodity
68-72,25,min 0-9,none,hold,237,-32.0,115,19.4,-53.42,0.648,-32.0,commodity
68-72,30,min 0-12,kalshi_against,exit10,158,-59.5,60,-26.8,-110.14,0.119,-59.5,commodity
68-72,30,min 0-12,kalshi_against,exit12,158,-45.7,60,-25.2,-87.28,0.211,-45.7,commodity
68-72,30,min 0-12,kalshi_against,exit14,158,-58.7,60,10.7,-86.37,0.445,-58.7,commodity
68-72,30,min 0-12,kalshi_against,hold,158,-102.1,60,13.8,-153.04,0.628,-102.1,commodity
68-72,30,min 0-12,kalshi_with,exit10,238,-31.0,120,-30.6,-110.52,0.128,-31.0,commodity
68-72,30,min 0-12,kalshi_with,exit12,238,-36.5,120,-16.4,-106.6,0.249,-36.5,commodity
68-72,30,min 0-12,kalshi_with,exit14,238,-40.6,120,14.9,-78.74,0.439,-40.6,commodity
68-72,30,min 0-12,kalshi_with,hold,238,-53.3,120,9.7,-115.31,0.592,-53.3,commodity
68-72,30,min 0-12,none,exit10,248,-23.8,120,-21.8,-85.18,0.139,-23.8,commodity
68-72,30,min 0-12,none,exit12,248,-21.7,120,-9.8,-65.51,0.261,-21.7,commodity
68-72,30,min 0-12,none,exit14,248,-26.0,120,20.2,-40.29,0.457,-26.0,commodity
68-72,30,min 0-12,none,hold,248,-45.2,120,26.9,-79.73,0.603,-45.2,commodity
68-72,30,min 0-3,kalshi_against,exit10,43,-12.2,10,-99.4,-15.2,0.17,-99.4,commodity
68-72,30,min 0-3,kalshi_against,exit12,43,-5.5,10,32.1,0.84,0.264,-5.5,commodity
68-72,30,min 0-3,kalshi_against,exit14,43,-54.5,10,211.8,-2.27,0.491,-54.5,commodity
68-72,30,min 0-3,kalshi_against,hold,43,-105.1,10,256.0,-19.58,0.679,-105.1,commodity
68-72,30,min 0-3,kalshi_with,exit10,144,-23.5,77,-14.5,-44.92,0.158,-23.5,commodity
68-72,30,min 0-3,kalshi_with,exit12,144,-27.6,77,-0.8,-40.37,0.294,-27.6,commodity
68-72,30,min 0-3,kalshi_with,exit14,144,-28.0,77,34.3,-13.88,0.48,-28.0,commodity
68-72,30,min 0-3,kalshi_with,hold,144,-79.7,77,27.9,-93.22,0.597,-79.7,commodity
68-72,30,min 0-3,none,exit10,159,-15.1,79,-6.6,-29.15,0.172,-15.1,commodity
68-72,30,min 0-3,none,exit12,159,-11.6,79,9.6,-10.84,0.307,-11.6,commodity
68-72,30,min 0-3,none,exit14,159,-15.8,79,43.9,9.6,0.487,-15.8,commodity
68-72,30,min 0-3,none,hold,159,-72.4,79,47.5,-77.58,0.605,-72.4,commodity
68-72,30,min 0-6,kalshi_against,exit10,102,-45.4,33,-47.5,-61.96,0.126,-47.5,commodity
68-72,30,min 0-6,kalshi_against,exit12,102,-49.7,33,-17.1,-56.3,0.267,-49.7,commodity
68-72,30,min 0-6,kalshi_against,exit14,102,-68.8,33,38.0,-57.61,0.474,-68.8,commodity
68-72,30,min 0-6,kalshi_against,hold,102,-125.5,33,18.8,-121.81,0.63,-125.5,commodity
68-72,30,min 0-6,kalshi_with,exit10,199,-35.1,108,-25.8,-97.77,0.134,-35.1,commodity
68-72,30,min 0-6,kalshi_with,exit12,199,-47.2,108,-18.3,-113.74,0.277,-47.2,commodity
68-72,30,min 0-6,kalshi_with,exit14,199,-51.0,108,5.3,-95.71,0.443,-51.0,commodity
68-72,30,min 0-6,kalshi_with,hold,199,-76.8,108,-1.5,-154.45,0.583,-76.8,commodity
68-72,30,min 0-6,none,exit10,215,-25.0,108,-16.0,-71.11,0.146,-25.0,commodity
68-72,30,min 0-6,none,exit12,215,-29.0,108,-11.0,-74.19,0.288,-29.0,commodity
68-72,30,min 0-6,none,exit14,215,-31.9,108,11.2,-56.64,0.458,-31.9,commodity
68-72,30,min 0-6,none,hold,215,-65.7,108,17.6,-122.29,0.594,-65.7,commodity
68-72,30,min 0-9,kalshi_against,exit10,137,-47.6,52,-53.0,-92.79,0.09,-53.0,commodity
68-72,30,min 0-9,kalshi_against,exit12,137,-51.0,52,-24.8,-82.75,0.238,-51.0,commodity
68-72,30,min 0-9,kalshi_against,exit14,137,-65.7,52,1.5,-89.17,0.471,-65.7,commodity
68-72,30,min 0-9,kalshi_against,hold,137,-107.0,52,-6.2,-149.8,0.64,-107.0,commodity
68-72,30,min 0-9,kalshi_with,exit10,223,-31.0,115,-28.5,-101.9,0.124,-31.0,commodity
68-72,30,min 0-9,kalshi_with,exit12,223,-37.6,115,-18.2,-104.79,0.263,-37.6,commodity
68-72,30,min 0-9,kalshi_with,exit14,223,-42.7,115,13.5,-79.72,0.45,-42.7,commodity
68-72,30,min 0-9,kalshi_with,hold,223,-61.6,115,6.3,-130.1,0.595,-61.6,commodity
68-72,30,min 0-9,none,exit10,237,-22.5,115,-19.3,-75.55,0.134,-22.5,commodity
68-72,30,min 0-9,none,exit12,237,-23.5,115,-11.4,-68.8,0.273,-23.5,commodity
68-72,30,min 0-9,none,exit14,237,-29.5,115,19.0,-47.94,0.463,-29.5,commodity
68-72,30,min 0-9,none,hold,237,-51.1,115,24.2,-93.37,0.602,-51.1,commodity
73-77,5,min 0-12,kalshi_against,exit10,131,-59.1,46,-42.5,-96.99,0.718,-59.1,commodity
73-77,5,min 0-12,kalshi_against,exit12,131,-61.0,46,-72.7,-113.33,0.763,-72.7,commodity
73-77,5,min 0-12,kalshi_against,exit14,131,-50.8,46,-34.1,-82.29,0.876,-50.8,commodity
73-77,5,min 0-12,kalshi_against,hold,131,-57.1,46,-39.4,-92.98,0.893,-57.1,commodity
73-77,5,min 0-12,kalshi_with,exit10,237,-42.9,111,-27.1,-131.7,0.733,-42.9,commodity
73-77,5,min 0-12,kalshi_with,exit12,237,-43.6,111,-23.9,-129.76,0.793,-43.6,commodity
73-77,5,min 0-12,kalshi_with,exit14,237,-39.6,111,-15.0,-110.44,0.851,-39.6,commodity
73-77,5,min 0-12,kalshi_with,hold,237,-30.3,111,-22.6,-96.83,0.868,-30.3,commodity
73-77,5,min 0-12,none,exit10,244,-43.4,113,-27.7,-137.05,0.734,-43.4,commodity
73-77,5,min 0-12,none,exit12,244,-40.0,113,-26.3,-127.36,0.793,-40.0,commodity
73-77,5,min 0-12,none,exit14,244,-37.1,113,-14.7,-107.07,0.854,-37.1,commodity
73-77,5,min 0-12,none,hold,244,-32.4,113,-22.1,-104.06,0.871,-32.4,commodity
73-77,5,min 0-3,kalshi_against,exit10,23,-76.7,5,-46.6,-19.97,0.679,-76.7,commodity
73-77,5,min 0-3,kalshi_against,exit12,23,-63.3,5,5.8,-14.27,0.786,-63.3,commodity
73-77,5,min 0-3,kalshi_against,exit14,23,-103.7,5,30.6,-22.32,0.821,-103.7,commodity
73-77,5,min 0-3,kalshi_against,hold,23,-94.5,5,30.6,-20.2,0.857,-94.5,commodity
73-77,5,min 0-3,kalshi_with,exit10,112,-45.2,50,-24.1,-62.66,0.778,-45.2,commodity
73-77,5,min 0-3,kalshi_with,exit12,112,-46.9,50,-5.9,-55.45,0.809,-46.9,commodity
73-77,5,min 0-3,kalshi_with,exit14,112,-37.6,50,10.5,-36.83,0.864,-37.6,commodity
73-77,5,min 0-3,kalshi_with,hold,112,-31.1,50,9.8,-29.95,0.883,-31.1,commodity
73-77,5,min 0-3,none,exit10,115,-43.9,50,-24.3,-62.59,0.776,-43.9,commodity
73-77,5,min 0-3,none,exit12,115,-44.2,50,-6.1,-53.94,0.812,-44.2,commodity
73-77,5,min 0-3,none,exit14,115,-35.2,50,10.3,-35.32,0.867,-35.2,commodity
73-77,5,min 0-3,none,hold,115,-28.9,50,9.6,-28.44,0.885,-28.9,commodity
73-77,5,min 0-6,kalshi_against,exit10,65,-73.1,18,-52.4,-56.93,0.723,-73.1,commodity
73-77,5,min 0-6,kalshi_against,exit12,65,-87.4,18,-41.6,-64.28,0.795,-87.4,commodity
73-77,5,min 0-6,kalshi_against,exit14,65,-100.7,18,-57.0,-75.69,0.819,-100.7,commodity
73-77,5,min 0-6,kalshi_against,hold,65,-112.8,18,-59.1,-83.94,0.831,-112.8,commodity
73-77,5,min 0-6,kalshi_with,exit10,183,-51.5,79,-32.7,-120.0,0.744,-51.5,commodity
73-77,5,min 0-6,kalshi_with,exit12,183,-54.7,79,-20.6,-116.26,0.798,-54.7,commodity
73-77,5,min 0-6,kalshi_with,exit14,183,-48.3,79,-13.6,-99.09,0.851,-48.3,commodity
73-77,5,min 0-6,kalshi_with,hold,183,-44.7,79,-14.4,-93.13,0.866,-44.7,commodity
73-77,5,min 0-6,none,exit10,186,-49.7,79,-32.8,-118.28,0.747,-49.7,commodity
73-77,5,min 0-6,none,exit12,186,-52.8,79,-20.7,-114.54,0.8,-52.8,commodity
73-77,5,min 0-6,none,exit14,186,-46.5,79,-13.7,-97.37,0.853,-46.5,commodity
73-77,5,min 0-6,none,hold,186,-43.0,79,-14.5,-91.41,0.868,-43.0,commodity
73-77,5,min 0-9,kalshi_against,exit10,102,-72.7,35,-56.6,-94.0,0.701,-72.7,commodity
73-77,5,min 0-9,kalshi_against,exit12,102,-71.3,35,-65.3,-95.59,0.796,-71.3,commodity
73-77,5,min 0-9,kalshi_against,exit14,102,-71.5,35,-36.1,-85.58,0.854,-71.5,commodity
73-77,5,min 0-9,kalshi_against,hold,102,-75.1,35,-37.4,-89.67,0.876,-75.1,commodity
73-77,5,min 0-9,kalshi_with,exit10,217,-41.7,102,-27.4,-118.43,0.749,-41.7,commodity
73-77,5,min 0-9,kalshi_with,exit12,217,-41.8,102,-23.7,-114.96,0.812,-41.8,commodity
73-77,5,min 0-9,kalshi_with,exit14,217,-37.0,102,-13.7,-94.32,0.862,-37.0,commodity
73-77,5,min 0-9,kalshi_with,hold,217,-30.1,102,-23.5,-89.37,0.875,-30.1,commodity
73-77,5,min 0-9,none,exit10,221,-40.1,103,-27.2,-116.61,0.753,-40.1,commodity
73-77,5,min 0-9,none,exit12,221,-40.2,103,-23.5,-113.14,0.815,-40.2,commodity
73-77,5,min 0-9,none,exit14,221,-35.5,103,-13.6,-92.5,0.864,-35.5,commodity
73-77,5,min 0-9,none,hold,221,-28.7,103,-23.4,-87.55,0.877,-28.7,commodity
73-77,10,min 0-12,kalshi_against,exit10,131,-58.7,46,-43.6,-96.96,0.542,-58.7,commodity
73-77,10,min 0-12,kalshi_against,exit12,131,-54.4,46,-72.8,-104.79,0.627,-72.8,commodity
73-77,10,min 0-12,kalshi_against,exit14,131,-64.4,46,-27.8,-97.12,0.751,-64.4,commodity
73-77,10,min 0-12,kalshi_against,hold,131,-75.4,46,-28.1,-111.66,0.819,-75.4,commodity
73-77,10,min 0-12,kalshi_with,exit10,237,-41.6,111,-31.0,-133.05,0.589,-41.6,commodity
73-77,10,min 0-12,kalshi_with,exit12,237,-46.0,111,-17.3,-128.3,0.67,-46.0,commodity
73-77,10,min 0-12,kalshi_with,exit14,237,-41.5,111,11.9,-85.23,0.767,-41.5,commodity
73-77,10,min 0-12,kalshi_with,hold,237,-25.6,111,0.8,-59.87,0.813,-25.6,commodity
73-77,10,min 0-12,none,exit10,244,-41.1,113,-31.0,-135.43,0.591,-41.1,commodity
73-77,10,min 0-12,none,exit12,244,-41.3,113,-19.3,-122.73,0.672,-41.3,commodity
73-77,10,min 0-12,none,exit14,244,-40.3,113,10.6,-86.35,0.768,-40.3,commodity
73-77,10,min 0-12,none,hold,244,-26.6,113,1.8,-62.87,0.818,-26.6,commodity
73-77,10,min 0-3,kalshi_against,exit10,23,-86.1,5,-105.2,-25.07,0.5,-105.2,commodity
73-77,10,min 0-3,kalshi_against,exit12,23,-75.3,5,-21.4,-18.39,0.607,-75.3,commodity
73-77,10,min 0-3,kalshi_against,exit14,23,-146.0,5,93.8,-28.89,0.679,-146.0,commodity
73-77,10,min 0-3,kalshi_against,hold,23,-201.7,5,93.8,-41.69,0.714,-201.7,commodity
73-77,10,min 0-3,kalshi_with,exit10,112,-25.9,50,-20.6,-39.31,0.673,-25.9,commodity
73-77,10,min 0-3,kalshi_with,exit12,112,-27.3,50,3.3,-28.96,0.722,-27.3,commodity
73-77,10,min 0-3,kalshi_with,exit14,112,-27.8,50,35.3,-13.45,0.796,-27.8,commodity
73-77,10,min 0-3,kalshi_with,hold,112,-32.2,50,25.3,-23.35,0.821,-32.2,commodity
73-77,10,min 0-3,none,exit10,115,-24.1,50,-20.8,-38.08,0.673,-24.1,commodity
73-77,10,min 0-3,none,exit12,115,-23.7,50,3.1,-25.76,0.727,-23.7,commodity
73-77,10,min 0-3,none,exit14,115,-24.2,50,35.1,-10.25,0.8,-24.2,commodity
73-77,10,min 0-3,none,hold,115,-28.4,50,25.1,-20.15,0.824,-28.4,commodity
73-77,10,min 0-6,kalshi_against,exit10,65,-77.2,18,-94.6,-67.18,0.566,-94.6,commodity
73-77,10,min 0-6,kalshi_against,exit12,65,-82.1,18,-87.7,-69.15,0.663,-87.7,commodity
73-77,10,min 0-6,kalshi_against,exit14,65,-109.4,18,-76.8,-84.94,0.711,-109.4,commodity
73-77,10,min 0-6,kalshi_against,hold,65,-159.8,18,-104.6,-122.71,0.723,-159.8,commodity
73-77,10,min 0-6,kalshi_with,exit10,183,-54.0,79,-36.4,-127.58,0.615,-54.0,commodity
73-77,10,min 0-6,kalshi_with,exit12,183,-55.3,79,-16.9,-114.62,0.695,-55.3,commodity
73-77,10,min 0-6,kalshi_with,exit14,183,-52.4,79,17.0,-82.48,0.779,-52.4,commodity
73-77,10,min 0-6,kalshi_with,hold,183,-50.8,79,10.4,-84.81,0.809,-50.8,commodity
73-77,10,min 0-6,none,exit10,186,-51.4,79,-36.5,-124.38,0.619,-51.4,commodity
73-77,10,min 0-6,none,exit12,186,-52.7,79,-17.0,-111.42,0.698,-52.7,commodity
73-77,10,min 0-6,none,exit14,186,-49.8,79,16.9,-79.28,0.781,-49.8,commodity
73-77,10,min 0-6,none,hold,186,-48.2,79,10.3,-81.61,0.811,-48.2,commodity
73-77,10,min 0-9,kalshi_against,exit10,102,-79.8,35,-68.6,-105.44,0.518,-79.8,commodity
73-77,10,min 0-9,kalshi_against,exit12,102,-67.9,35,-71.6,-94.29,0.657,-71.6,commodity
73-77,10,min 0-9,kalshi_against,exit14,102,-84.2,35,-22.3,-93.66,0.752,-84.2,commodity
73-77,10,min 0-9,kalshi_against,hold,102,-113.0,35,-36.8,-128.08,0.788,-113.0,commodity
73-77,10,min 0-9,kalshi_with,exit10,217,-42.0,102,-34.4,-126.29,0.602,-42.0,commodity
73-77,10,min 0-9,kalshi_with,exit12,217,-45.1,102,-18.3,-116.54,0.693,-45.1,commodity
73-77,10,min 0-9,kalshi_with,exit14,217,-41.1,102,13.3,-75.71,0.784,-41.1,commodity
73-77,10,min 0-9,kalshi_with,hold,217,-29.8,102,-1.3,-66.01,0.815,-29.8,commodity
73-77,10,min 0-9,none,exit10,221,-39.5,103,-33.6,-121.93,0.608,-39.5,commodity
73-77,10,min 0-9,none,exit12,221,-42.5,103,-17.7,-112.18,0.698,-42.5,commodity
73-77,10,min 0-9,none,exit14,221,-38.6,103,13.6,-71.35,0.787,-38.6,commodity
73-77,10,min 0-9,none,hold,221,-27.5,103,-0.8,-61.65,0.818,-27.5,commodity
73-77,15,min 0-12,kalshi_against,exit10,131,-57.5,46,-21.7,-85.39,0.418,-57.5,commodity
73-77,15,min 0-12,kalshi_against,exit12,131,-54.8,46,-52.7,-95.97,0.486,-54.8,commodity
73-77,15,min 0-12,kalshi_against,exit14,131,-70.5,46,0.3,-92.29,0.678,-70.5,commodity
73-77,15,min 0-12,kalshi_against,hold,131,-89.1,46,16.0,-109.41,0.757,-89.1,commodity
73-77,15,min 0-12,kalshi_with,exit10,237,-31.1,111,-16.2,-91.66,0.448,-31.1,commodity
73-77,15,min 0-12,kalshi_with,exit12,237,-33.8,111,-3.1,-83.62,0.56,-33.8,commodity
73-77,15,min 0-12,kalshi_with,exit14,237,-27.9,111,17.8,-46.35,0.695,-27.9,commodity
73-77,15,min 0-12,kalshi_with,hold,237,-18.3,111,19.6,-21.55,0.767,-18.3,commodity
73-77,15,min 0-12,none,exit10,244,-31.1,113,-16.0,-93.9,0.451,-31.1,commodity
73-77,15,min 0-12,none,exit12,244,-33.4,113,-5.3,-87.37,0.557,-33.4,commodity
73-77,15,min 0-12,none,exit14,244,-28.4,113,16.9,-50.3,0.692,-28.4,commodity
73-77,15,min 0-12,none,hold,244,-17.5,113,21.3,-18.56,0.77,-17.5,commodity
73-77,15,min 0-3,kalshi_against,exit10,23,-78.3,5,-84.4,-22.23,0.393,-84.4,commodity
73-77,15,min 0-3,kalshi_against,exit12,23,-87.0,5,-0.6,-20.03,0.464,-87.0,commodity
73-77,15,min 0-3,kalshi_against,exit14,23,-185.0,5,146.2,-35.25,0.571,-185.0,commodity
73-77,15,min 0-3,kalshi_against,hold,23,-288.7,5,146.2,-59.08,0.607,-288.7,commodity
73-77,15,min 0-3,kalshi_with,exit10,112,-21.3,50,1.7,-22.96,0.543,-21.3,commodity
73-77,15,min 0-3,kalshi_with,exit12,112,-22.9,50,30.8,-10.23,0.623,-22.9,commodity
73-77,15,min 0-3,kalshi_with,exit14,112,-23.2,50,74.2,11.07,0.735,-23.2,commodity
73-77,15,min 0-3,kalshi_with,hold,112,-47.2,50,65.5,-20.15,0.772,-47.2,commodity
73-77,15,min 0-3,none,exit10,115,-21.6,50,1.5,-24.1,0.539,-21.6,commodity
73-77,15,min 0-3,none,exit12,115,-27.4,50,30.6,-16.19,0.618,-27.4,commodity
73-77,15,min 0-3,none,exit14,115,-28.7,50,74.0,3.96,0.727,-28.7,commodity
73-77,15,min 0-3,none,hold,115,-48.7,50,65.3,-23.35,0.764,-48.7,commodity
73-77,15,min 0-6,kalshi_against,exit10,65,-68.9,18,-73.7,-58.06,0.446,-73.7,commodity
73-77,15,min 0-6,kalshi_against,exit12,65,-80.0,18,-61.6,-63.05,0.566,-80.0,commodity
73-77,15,min 0-6,kalshi_against,exit14,65,-108.9,18,-40.2,-78.01,0.663,-108.9,commodity
73-77,15,min 0-6,kalshi_against,hold,65,-167.1,18,-67.9,-120.83,0.675,-167.1,commodity
73-77,15,min 0-6,kalshi_with,exit10,183,-44.8,79,-18.3,-96.49,0.477,-44.8,commodity
73-77,15,min 0-6,kalshi_with,exit12,183,-42.8,79,4.4,-74.84,0.592,-42.8,commodity
73-77,15,min 0-6,kalshi_with,exit14,183,-39.6,79,35.1,-44.77,0.71,-39.6,commodity
73-77,15,min 0-6,kalshi_with,hold,183,-49.0,79,32.2,-64.22,0.76,-49.0,commodity
73-77,15,min 0-6,none,exit10,186,-43.3,79,-18.4,-95.14,0.479,-43.3,commodity
73-77,15,min 0-6,none,exit12,186,-43.7,79,4.3,-77.8,0.592,-43.7,commodity
73-77,15,min 0-6,none,exit14,186,-39.1,79,35.0,-45.02,0.709,-39.1,commodity
73-77,15,min 0-6,none,hold,186,-45.1,79,32.0,-58.49,0.758,-45.1,commodity
73-77,15,min 0-9,kalshi_against,exit10,102,-69.4,35,-53.4,-89.52,0.394,-69.4,commodity
73-77,15,min 0-9,kalshi_against,exit12,102,-64.7,35,-48.0,-82.83,0.555,-64.7,commodity
73-77,15,min 0-9,kalshi_against,exit14,102,-83.8,35,4.8,-83.82,0.693,-83.8,commodity
73-77,15,min 0-9,kalshi_against,hold,102,-127.4,35,3.8,-128.63,0.737,-127.4,commodity
73-77,15,min 0-9,kalshi_with,exit10,217,-32.1,102,-20.5,-90.44,0.455,-32.1,commodity
73-77,15,min 0-9,kalshi_with,exit12,217,-31.7,102,-3.7,-72.62,0.589,-31.7,commodity
73-77,15,min 0-9,kalshi_with,exit14,217,-29.1,102,21.9,-40.79,0.708,-29.1,commodity
73-77,15,min 0-9,kalshi_with,hold,217,-25.6,102,15.5,-39.73,0.765,-25.6,commodity
73-77,15,min 0-9,none,exit10,221,-30.3,103,-19.9,-87.52,0.457,-30.3,commodity
73-77,15,min 0-9,none,exit12,221,-32.0,103,-2.5,-73.17,0.593,-32.0,commodity
73-77,15,min 0-9,none,exit14,221,-28.1,103,22.9,-38.63,0.71,-28.1,commodity
73-77,15,min 0-9,none,hold,221,-22.0,103,16.6,-31.59,0.765,-22.0,commodity
73-77,20,min 0-12,kalshi_against,exit10,131,-73.8,46,-8.1,-100.43,0.215,-73.8,commodity
73-77,20,min 0-12,kalshi_against,exit12,131,-72.5,46,-55.0,-120.34,0.282,-72.5,commodity
73-77,20,min 0-12,kalshi_against,exit14,131,-78.8,46,-8.1,-106.94,0.559,-78.8,commodity
73-77,20,min 0-12,kalshi_against,hold,131,-118.6,46,-5.4,-157.79,0.689,-118.6,commodity
73-77,20,min 0-12,kalshi_with,exit10,237,-40.4,111,-12.7,-109.88,0.25,-40.4,commodity
73-77,20,min 0-12,kalshi_with,exit12,237,-37.5,111,8.4,-79.61,0.411,-37.5,commodity
73-77,20,min 0-12,kalshi_with,exit14,237,-32.7,111,31.8,-42.2,0.609,-32.7,commodity
73-77,20,min 0-12,kalshi_with,hold,237,-36.2,111,20.5,-62.95,0.713,-36.2,commodity
73-77,20,min 0-12,none,exit10,244,-39.7,113,-12.1,-110.43,0.252,-39.7,commodity
73-77,20,min 0-12,none,exit12,244,-36.2,113,6.0,-81.56,0.409,-36.2,commodity
73-77,20,min 0-12,none,exit14,244,-32.2,113,30.6,-44.03,0.605,-32.2,commodity
73-77,20,min 0-12,none,hold,244,-33.7,113,23.2,-56.15,0.717,-33.7,commodity
73-77,20,min 0-3,kalshi_against,exit10,23,-83.2,5,-67.4,-22.5,0.286,-83.2,commodity
73-77,20,min 0-3,kalshi_against,exit12,23,-81.7,5,31.2,-17.23,0.357,-81.7,commodity
73-77,20,min 0-3,kalshi_against,exit14,23,-160.6,5,142.4,-29.82,0.536,-160.6,commodity
73-77,20,min 0-3,kalshi_against,hold,23,-262.4,5,186.4,-51.03,0.607,-262.4,commodity
73-77,20,min 0-3,kalshi_with,exit10,112,-31.0,50,18.3,-25.61,0.315,-31.0,commodity
73-77,20,min 0-3,kalshi_with,exit12,112,-32.6,50,40.9,-16.09,0.481,-32.6,commodity
73-77,20,min 0-3,kalshi_with,exit14,112,-32.7,50,74.2,0.41,0.636,-32.7,commodity
73-77,20,min 0-3,kalshi_with,hold,112,-77.0,50,66.9,-52.8,0.71,-77.0,commodity
73-77,20,min 0-3,none,exit10,115,-30.7,50,18.1,-26.22,0.315,-30.7,commodity
73-77,20,min 0-3,none,exit12,115,-36.4,50,40.7,-21.52,0.479,-36.4,commodity
73-77,20,min 0-3,none,exit14,115,-37.5,50,74.0,-6.17,0.63,-37.5,commodity
73-77,20,min 0-3,none,hold,115,-77.2,50,66.7,-55.47,0.703,-77.2,commodity
73-77,20,min 0-6,kalshi_against,exit10,65,-76.1,18,-63.6,-60.88,0.181,-76.1,commodity
73-77,20,min 0-6,kalshi_against,exit12,65,-107.5,18,-69.3,-82.36,0.337,-107.5,commodity
73-77,20,min 0-6,kalshi_against,exit14,65,-139.8,18,-60.8,-101.78,0.554,-139.8,commodity
73-77,20,min 0-6,kalshi_against,hold,65,-221.5,18,-84.6,-159.2,0.59,-221.5,commodity
73-77,20,min 0-6,kalshi_with,exit10,183,-50.9,79,-4.2,-96.4,0.267,-50.9,commodity
73-77,20,min 0-6,kalshi_with,exit12,183,-49.6,79,16.7,-77.6,0.439,-49.6,commodity
73-77,20,min 0-6,kalshi_with,exit14,183,-47.9,79,45.1,-52.03,0.622,-47.9,commodity
73-77,20,min 0-6,kalshi_with,hold,183,-74.3,79,32.3,-110.4,0.702,-74.3,commodity
73-77,20,min 0-6,none,exit10,186,-48.9,79,-4.3,-94.31,0.268,-48.9,commodity
73-77,20,min 0-6,none,exit12,186,-50.0,79,16.6,-79.82,0.438,-50.0,commodity
73-77,20,min 0-6,none,exit14,186,-46.6,79,45.0,-51.22,0.623,-46.6,commodity
73-77,20,min 0-6,none,hold,186,-69.4,79,32.2,-103.61,0.702,-69.4,commodity
73-77,20,min 0-9,kalshi_against,exit10,102,-76.1,35,-44.5,-93.19,0.153,-76.1,commodity
73-77,20,min 0-9,kalshi_against,exit12,102,-87.6,35,-52.6,-107.76,0.343,-87.6,commodity
73-77,20,min 0-9,kalshi_against,exit14,102,-95.7,35,-12.8,-102.14,0.606,-95.7,commodity
73-77,20,min 0-9,kalshi_against,hold,102,-158.1,35,-37.6,-174.39,0.664,-158.1,commodity
73-77,20,min 0-9,kalshi_with,exit10,217,-39.0,102,-8.9,-93.76,0.245,-39.0,commodity
73-77,20,min 0-9,kalshi_with,exit12,217,-36.0,102,8.6,-69.46,0.436,-36.0,commodity
73-77,20,min 0-9,kalshi_with,exit14,217,-30.2,102,36.1,-28.67,0.63,-30.2,commodity
73-77,20,min 0-9,kalshi_with,hold,217,-40.1,102,23.7,-62.81,0.718,-40.1,commodity
73-77,20,min 0-9,none,exit10,221,-36.7,103,-8.4,-89.89,0.244,-36.7,commodity
73-77,20,min 0-9,none,exit12,221,-35.6,103,10.0,-68.42,0.438,-35.6,commodity
73-77,20,min 0-9,none,exit14,221,-28.5,103,37.3,-24.6,0.633,-28.5,commodity
73-77,20,min 0-9,none,hold,221,-35.5,103,24.9,-52.76,0.719,-35.5,commodity
73-77,25,min 0-12,kalshi_against,exit10,131,-80.9,46,-3.2,-107.48,0.153,-80.9,commodity
73-77,25,min 0-12,kalshi_against,exit12,131,-76.1,46,-49.1,-122.21,0.22,-76.1,commodity
73-77,25,min 0-12,kalshi_against,exit14,131,-89.1,46,-1.2,-117.31,0.446,-89.1,commodity
73-77,25,min 0-12,kalshi_against,hold,131,-128.1,46,13.0,-161.8,0.661,-128.1,commodity
73-77,25,min 0-12,kalshi_with,exit10,237,-43.9,111,-19.5,-125.63,0.161,-43.9,commodity
73-77,25,min 0-12,kalshi_with,exit12,237,-40.2,111,12.6,-81.28,0.293,-40.2,commodity
73-77,25,min 0-12,kalshi_with,exit14,237,-37.7,111,31.1,-54.74,0.514,-37.7,commodity
73-77,25,min 0-12,kalshi_with,hold,237,-49.9,111,17.7,-98.59,0.67,-49.9,commodity
73-77,25,min 0-12,none,exit10,244,-42.9,113,-18.5,-125.55,0.165,-42.9,commodity
73-77,25,min 0-12,none,exit12,244,-38.5,113,10.1,-82.6,0.294,-38.5,commodity
73-77,25,min 0-12,none,exit14,244,-36.7,113,29.9,-55.73,0.513,-36.7,commodity
73-77,25,min 0-12,none,hold,244,-46.6,113,21.0,-89.89,0.672,-46.6,commodity
73-77,25,min 0-3,kalshi_against,exit10,23,-90.1,5,-63.2,-23.88,0.107,-90.1,commodity
73-77,25,min 0-3,kalshi_against,exit12,23,-77.6,5,39.6,-15.87,0.286,-77.6,commodity
73-77,25,min 0-3,kalshi_against,exit14,23,-163.3,5,106.6,-32.24,0.357,-163.3,commodity
73-77,25,min 0-3,kalshi_against,hold,23,-251.9,5,211.8,-47.35,0.607,-251.9,commodity
73-77,25,min 0-3,kalshi_with,exit10,112,-37.9,50,20.6,-32.1,0.216,-37.9,commodity
73-77,25,min 0-3,kalshi_with,exit12,112,-35.9,50,44.3,-18.1,0.377,-35.9,commodity
73-77,25,min 0-3,kalshi_with,exit14,112,-35.2,50,79.4,0.25,0.549,-35.2,commodity
73-77,25,min 0-3,kalshi_with,hold,112,-80.0,50,82.8,-48.2,0.679,-80.0,commodity
73-77,25,min 0-3,none,exit10,115,-37.1,50,20.4,-32.5,0.218,-37.1,commodity
73-77,25,min 0-3,none,exit12,115,-39.4,50,44.1,-23.32,0.376,-39.4,commodity
73-77,25,min 0-3,none,exit14,115,-39.7,50,79.2,-6.12,0.545,-39.7,commodity
73-77,25,min 0-3,none,hold,115,-80.0,50,82.6,-50.66,0.673,-80.0,commodity
73-77,25,min 0-6,kalshi_against,exit10,65,-78.8,18,-60.1,-62.05,0.096,-78.8,commodity
73-77,25,min 0-6,kalshi_against,exit12,65,-108.0,18,-62.3,-81.41,0.253,-108.0,commodity
73-77,25,min 0-6,kalshi_against,exit14,65,-140.5,18,-61.3,-102.36,0.446,-140.5,commodity
73-77,25,min 0-6,kalshi_against,hold,65,-225.4,18,-67.6,-158.69,0.578,-225.4,commodity
73-77,25,min 0-6,kalshi_with,exit10,183,-55.6,79,-2.5,-103.73,0.172,-55.6,commodity
73-77,25,min 0-6,kalshi_with,exit12,183,-51.4,79,21.1,-77.36,0.336,-51.4,commodity
73-77,25,min 0-6,kalshi_with,exit14,183,-49.1,79,40.7,-57.79,0.527,-49.1,commodity
73-77,25,min 0-6,kalshi_with,hold,183,-80.9,79,35.2,-120.18,0.664,-80.9,commodity
73-77,25,min 0-6,none,exit10,186,-53.4,79,-2.6,-101.43,0.174,-53.4,commodity
73-77,25,min 0-6,none,exit12,186,-51.6,79,21.0,-79.37,0.336,-51.6,commodity
73-77,25,min 0-6,none,exit14,186,-47.6,79,40.6,-56.56,0.528,-47.6,commodity
73-77,25,min 0-6,none,hold,186,-75.7,79,35.1,-112.97,0.664,-75.7,commodity
73-77,25,min 0-9,kalshi_against,exit10,102,-77.4,35,-42.7,-93.94,0.088,-77.4,commodity
73-77,25,min 0-9,kalshi_against,exit12,102,-92.0,35,-45.4,-109.73,0.27,-92.0,commodity
73-77,25,min 0-9,kalshi_against,exit14,102,-102.3,35,-6.5,-106.62,0.496,-102.3,commodity
73-77,25,min 0-9,kalshi_against,hold,102,-164.7,35,-20.4,-175.16,0.65,-164.7,commodity
73-77,25,min 0-9,kalshi_with,exit10,217,-43.3,102,-7.5,-101.62,0.15,-43.3,commodity
73-77,25,min 0-9,kalshi_with,exit12,217,-38.5,102,12.9,-70.5,0.317,-38.5,commodity
73-77,25,min 0-9,kalshi_with,exit14,217,-35.7,102,34.9,-41.84,0.536,-35.7,commodity
73-77,25,min 0-9,kalshi_with,hold,217,-56.3,102,28.7,-92.89,0.677,-56.3,commodity
73-77,25,min 0-9,none,exit10,221,-40.9,103,-7.0,-97.54,0.151,-40.9,commodity
73-77,25,min 0-9,none,exit12,221,-37.9,103,14.5,-68.83,0.321,-37.9,commodity
73-77,25,min 0-9,none,exit14,221,-33.6,103,36.3,-36.93,0.54,-33.6,commodity
73-77,25,min 0-9,none,hold,221,-51.1,103,30.1,-82.0,0.679,-51.1,commodity
73-77,30,min 0-12,kalshi_against,exit10,131,-80.9,46,-3.2,-107.48,0.153,-80.9,commodity
73-77,30,min 0-12,kalshi_against,exit12,131,-76.1,46,-49.1,-122.21,0.22,-76.1,commodity
73-77,30,min 0-12,kalshi_against,exit14,131,-89.1,46,-1.2,-117.31,0.446,-89.1,commodity
73-77,30,min 0-12,kalshi_against,hold,131,-128.1,46,13.0,-161.8,0.661,-128.1,commodity
73-77,30,min 0-12,kalshi_with,exit10,237,-43.9,111,-19.5,-125.63,0.161,-43.9,commodity
73-77,30,min 0-12,kalshi_with,exit12,237,-40.2,111,12.6,-81.28,0.293,-40.2,commodity
73-77,30,min 0-12,kalshi_with,exit14,237,-37.7,111,31.1,-54.74,0.514,-37.7,commodity
73-77,30,min 0-12,kalshi_with,hold,237,-49.9,111,17.7,-98.59,0.67,-49.9,commodity
73-77,30,min 0-12,none,exit10,244,-42.9,113,-18.5,-125.55,0.165,-42.9,commodity
73-77,30,min 0-12,none,exit12,244,-38.5,113,10.1,-82.6,0.294,-38.5,commodity
73-77,30,min 0-12,none,exit14,244,-36.7,113,29.9,-55.73,0.513,-36.7,commodity
73-77,30,min 0-12,none,hold,244,-46.6,113,21.0,-89.89,0.672,-46.6,commodity
73-77,30,min 0-3,kalshi_against,exit10,23,-90.1,5,-63.2,-23.88,0.107,-90.1,commodity
73-77,30,min 0-3,kalshi_against,exit12,23,-77.6,5,39.6,-15.87,0.286,-77.6,commodity
73-77,30,min 0-3,kalshi_against,exit14,23,-163.3,5,106.6,-32.24,0.357,-163.3,commodity
73-77,30,min 0-3,kalshi_against,hold,23,-251.9,5,211.8,-47.35,0.607,-251.9,commodity
73-77,30,min 0-3,kalshi_with,exit10,112,-37.9,50,20.6,-32.1,0.216,-37.9,commodity
73-77,30,min 0-3,kalshi_with,exit12,112,-35.9,50,44.3,-18.1,0.377,-35.9,commodity
73-77,30,min 0-3,kalshi_with,exit14,112,-35.2,50,79.4,0.25,0.549,-35.2,commodity
73-77,30,min 0-3,kalshi_with,hold,112,-80.0,50,82.8,-48.2,0.679,-80.0,commodity
73-77,30,min 0-3,none,exit10,115,-37.1,50,20.4,-32.5,0.218,-37.1,commodity
73-77,30,min 0-3,none,exit12,115,-39.4,50,44.1,-23.32,0.376,-39.4,commodity
73-77,30,min 0-3,none,exit14,115,-39.7,50,79.2,-6.12,0.545,-39.7,commodity
73-77,30,min 0-3,none,hold,115,-80.0,50,82.6,-50.66,0.673,-80.0,commodity
73-77,30,min 0-6,kalshi_against,exit10,65,-78.8,18,-60.1,-62.05,0.096,-78.8,commodity
73-77,30,min 0-6,kalshi_against,exit12,65,-108.0,18,-62.3,-81.41,0.253,-108.0,commodity
73-77,30,min 0-6,kalshi_against,exit14,65,-140.5,18,-61.3,-102.36,0.446,-140.5,commodity
73-77,30,min 0-6,kalshi_against,hold,65,-225.4,18,-67.6,-158.69,0.578,-225.4,commodity
73-77,30,min 0-6,kalshi_with,exit10,183,-55.6,79,-2.5,-103.73,0.172,-55.6,commodity
73-77,30,min 0-6,kalshi_with,exit12,183,-51.4,79,21.1,-77.36,0.336,-51.4,commodity
73-77,30,min 0-6,kalshi_with,exit14,183,-49.1,79,40.7,-57.79,0.527,-49.1,commodity
73-77,30,min 0-6,kalshi_with,hold,183,-80.9,79,35.2,-120.18,0.664,-80.9,commodity
73-77,30,min 0-6,none,exit10,186,-53.4,79,-2.6,-101.43,0.174,-53.4,commodity
73-77,30,min 0-6,none,exit12,186,-51.6,79,21.0,-79.37,0.336,-51.6,commodity
73-77,30,min 0-6,none,exit14,186,-47.6,79,40.6,-56.56,0.528,-47.6,commodity
73-77,30,min 0-6,none,hold,186,-75.7,79,35.1,-112.97,0.664,-75.7,commodity
73-77,30,min 0-9,kalshi_against,exit10,102,-77.4,35,-42.7,-93.94,0.088,-77.4,commodity
73-77,30,min 0-9,kalshi_against,exit12,102,-92.0,35,-45.4,-109.73,0.27,-92.0,commodity
73-77,30,min 0-9,kalshi_against,exit14,102,-102.3,35,-6.5,-106.62,0.496,-102.3,commodity
73-77,30,min 0-9,kalshi_against,hold,102,-164.7,35,-20.4,-175.16,0.65,-164.7,commodity
73-77,30,min 0-9,kalshi_with,exit10,217,-43.3,102,-7.5,-101.62,0.15,-43.3,commodity
73-77,30,min 0-9,kalshi_with,exit12,217,-38.5,102,12.9,-70.5,0.317,-38.5,commodity
73-77,30,min 0-9,kalshi_with,exit14,217,-35.7,102,34.9,-41.84,0.536,-35.7,commodity
73-77,30,min 0-9,kalshi_with,hold,217,-56.3,102,28.7,-92.89,0.677,-56.3,commodity
73-77,30,min 0-9,none,exit10,221,-40.9,103,-7.0,-97.54,0.151,-40.9,commodity
73-77,30,min 0-9,none,exit12,221,-37.9,103,14.5,-68.83,0.321,-37.9,commodity
73-77,30,min 0-9,none,exit14,221,-33.6,103,36.3,-36.93,0.54,-33.6,commodity
73-77,30,min 0-9,none,hold,221,-51.1,103,30.1,-82.0,0.679,-51.1,commodity
