logged_iso,ticker,asset,close_time,result,floor_strike,expiration_value,status
2026-10-03T13:30:05.282865+00:00,KXBTC15M-26OCT030930-30,BTC,2026-10-03T13:30:00Z,no,84846.15,84803.91,determined
2026-10-03T13:30:05.637341+00:00,KXXRP15M-26OCT030930-30,XRP,2026-10-03T13:30:00Z,no,1.4846,1.4838,determined
2026-10-03T13:30:15.905682+00:00,KXETH15M-26OCT030930-30,ETH,2026-10-03T13:30:00Z,no,2681,2678.44,determined
2026-10-03T13:30:15.951303+00:00,KXSOL15M-26OCT030930-30,SOL,2026-10-03T13:30:00Z,no,119.4815,119.4470,finalized
2026-10-03T13:30:16.499211+00:00,KXDOGE15M-26OCT030930-30,DOGE,2026-10-03T13:30:00Z,no,0.092669,0.0926679,determined
2026-10-03T13:45:05.136033+00:00,KXXRP15M-26OCT030945-45,XRP,2026-10-03T13:45:00Z,no,1.4838,1.4832,determined
2026-10-03T13:45:15.556008+00:00,KXSOL15M-26OCT030945-45,SOL,2026-10-03T13:45:00Z,no,119.447,119.3918,finalized
2026-10-03T13:45:15.602886+00:00,KXBTC15M-26OCT030945-45,BTC,2026-10-03T13:45:00Z,yes,84803.91,84838.01,finalized
2026-10-03T13:45:15.648879+00:00,KXDOGE15M-26OCT030945-45,DOGE,2026-10-03T13:45:00Z,yes,0.092667,0.0927587,finalized
2026-10-03T13:45:16.196260+00:00,KXETH15M-26OCT030945-45,ETH,2026-10-03T13:45:00Z,yes,2678.44,2680.66,finalized
2026-10-03T14:00:15.979399+00:00,KXSOL15M-26OCT031000-00,SOL,2026-10-03T14:00:00Z,yes,119.3918,119.4117,determined
2026-10-03T14:00:16.026752+00:00,KXXRP15M-26OCT031000-00,XRP,2026-10-03T14:00:00Z,yes,1.4832,1.4865,determined
2026-10-03T14:00:16.076412+00:00,KXETH15M-26OCT031000-00,ETH,2026-10-03T14:00:00Z,yes,2680.66,2681.51,finalized
2026-10-03T14:00:16.173489+00:00,KXBTC15M-26OCT031000-00,BTC,2026-10-03T14:00:00Z,yes,84838.01,84856.02,finalized
2026-10-03T14:00:16.719224+00:00,KXDOGE15M-26OCT031000-00,DOGE,2026-10-03T14:00:00Z,yes,0.092758,0.0928945,determined
2026-10-03T14:15:05.587407+00:00,KXBTC15M-26OCT031015-15,BTC,2026-10-03T14:15:00Z,no,84856.02,84792.09,determined
2026-10-03T14:15:15.894332+00:00,KXSOL15M-26OCT031015-15,SOL,2026-10-03T14:15:00Z,no,119.4117,119.1672,finalized
2026-10-03T14:15:15.947025+00:00,KXETH15M-26OCT031015-15,ETH,2026-10-03T14:15:00Z,no,2681.51,2678.90,determined
2026-10-03T14:15:15.993368+00:00,KXDOGE15M-26OCT031015-15,DOGE,2026-10-03T14:15:00Z,no,0.092894,0.0927148,determined
2026-10-03T14:15:16.540131+00:00,KXXRP15M-26OCT031015-15,XRP,2026-10-03T14:15:00Z,no,1.4865,1.4831,finalized
2026-10-03T14:30:05.512591+00:00,KXSOL15M-26OCT031030-30,SOL,2026-10-03T14:30:00Z,yes,119.1672,119.4648,determined
2026-10-03T14:30:05.610250+00:00,KXBTC15M-26OCT031030-30,BTC,2026-10-03T14:30:00Z,yes,84792.09,84814.79,determined
2026-10-03T14:30:05.666589+00:00,KXDOGE15M-26OCT031030-30,DOGE,2026-10-03T14:30:00Z,yes,0.092714,0.0930643,determined
2026-10-03T14:30:15.940537+00:00,KXXRP15M-26OCT031030-30,XRP,2026-10-03T14:30:00Z,yes,1.4831,1.4851,determined
2026-10-03T14:30:16.594419+00:00,KXETH15M-26OCT031030-30,ETH,2026-10-03T14:30:00Z,yes,2678.9,2681.00,finalized
2026-10-03T14:45:06.313138+00:00,KXXRP15M-26OCT031045-45,XRP,2026-10-03T14:45:00Z,yes,1.4851,1.4858,determined
2026-10-03T14:45:15.913982+00:00,KXBTC15M-26OCT031045-45,BTC,2026-10-03T14:45:00Z,no,84814.79,84753.89,finalized
2026-10-03T14:45:15.962811+00:00,KXDOGE15M-26OCT031045-45,DOGE,2026-10-03T14:45:00Z,yes,0.093064,0.0931368,finalized
2026-10-03T14:45:16.011339+00:00,KXETH15M-26OCT031045-45,ETH,2026-10-03T14:45:00Z,no,2681,2680.49,finalized
2026-10-03T14:45:16.059584+00:00,KXSOL15M-26OCT031045-45,SOL,2026-10-03T14:45:00Z,yes,119.4648,119.4692,finalized
2026-10-03T15:00:05.480909+00:00,KXDOGE15M-26OCT031100-00,DOGE,2026-10-03T15:00:00Z,yes,0.093136,,determined
2026-10-03T15:00:05.544363+00:00,KXSOL15M-26OCT031100-00,SOL,2026-10-03T15:00:00Z,yes,119.4692,119.7583,determined
2026-10-03T15:00:15.922686+00:00,KXXRP15M-26OCT031100-00,XRP,2026-10-03T15:00:00Z,yes,1.4858,1.4894,finalized
2026-10-03T15:00:15.992132+00:00,KXBTC15M-26OCT031100-00,BTC,2026-10-03T15:00:00Z,yes,84753.89,84832.02,finalized
2026-10-03T15:00:16.557810+00:00,KXETH15M-26OCT031100-00,ETH,2026-10-03T15:00:00Z,yes,2680.49,2682.74,finalized
2026-10-03T15:15:15.645702+00:00,KXETH15M-26OCT031115-15,ETH,2026-10-03T15:15:00Z,no,2682.74,2680.59,finalized
2026-10-03T15:15:15.717981+00:00,KXBTC15M-26OCT031115-15,BTC,2026-10-03T15:15:00Z,no,84832.02,84829.17,finalized
2026-10-03T15:15:15.790650+00:00,KXXRP15M-26OCT031115-15,XRP,2026-10-03T15:15:00Z,no,1.4894,1.4875,finalized
2026-10-03T15:15:15.857224+00:00,KXDOGE15M-26OCT031115-15,DOGE,2026-10-03T15:15:00Z,no,0.093354,0.0931488,determined
2026-10-03T15:15:16.427549+00:00,KXSOL15M-26OCT031115-15,SOL,2026-10-03T15:15:00Z,no,119.7583,119.5343,determined
2026-10-03T15:30:15.583999+00:00,KXBTC15M-26OCT031130-30,BTC,2026-10-03T15:30:00Z,yes,84829.17,84833.49,finalized
2026-10-03T15:30:15.634914+00:00,KXETH15M-26OCT031130-30,ETH,2026-10-03T15:30:00Z,yes,2680.59,2680.86,finalized
2026-10-03T15:30:15.693687+00:00,KXSOL15M-26OCT031130-30,SOL,2026-10-03T15:30:00Z,no,119.5343,119.5298,finalized
2026-10-03T15:30:15.746424+00:00,KXXRP15M-26OCT031130-30,XRP,2026-10-03T15:30:00Z,yes,1.4875,1.4901,finalized
2026-10-03T15:30:16.295005+00:00,KXDOGE15M-26OCT031130-30,DOGE,2026-10-03T15:30:00Z,yes,0.093148,0.0932479,determined
2026-10-03T15:45:05.140745+00:00,KXSOL15M-26OCT031145-45,SOL,2026-10-03T15:45:00Z,yes,119.5298,119.6127,determined
2026-10-03T15:45:05.189566+00:00,KXXRP15M-26OCT031145-45,XRP,2026-10-03T15:45:00Z,yes,1.4901,1.4918,determined
2026-10-03T15:45:05.238096+00:00,KXDOGE15M-26OCT031145-45,DOGE,2026-10-03T15:45:00Z,no,0.093247,0.0931515,determined
2026-10-03T15:45:05.795964+00:00,KXBTC15M-26OCT031145-45,BTC,2026-10-03T15:45:00Z,yes,84833.49,84834.47,determined
2026-10-03T15:45:15.498256+00:00,KXETH15M-26OCT031145-45,ETH,2026-10-03T15:45:00Z,no,2680.86,2680.49,finalized
2026-10-03T16:00:05.502770+00:00,KXSOL15M-26OCT031200-00,SOL,2026-10-03T16:00:00Z,yes,119.6127,119.6982,determined
2026-10-03T16:00:05.572855+00:00,KXXRP15M-26OCT031200-00,XRP,2026-10-03T16:00:00Z,no,1.4918,1.4901,determined
2026-10-03T16:00:15.462002+00:00,KXDOGE15M-26OCT031200-00,DOGE,2026-10-03T16:00:00Z,no,0.093151,0.0931264,determined
2026-10-03T16:00:15.507830+00:00,KXETH15M-26OCT031200-00,ETH,2026-10-03T16:00:00Z,yes,2680.49,2681.26,finalized
2026-10-03T16:00:16.557952+00:00,KXBTC15M-26OCT031200-00,BTC,2026-10-03T16:00:00Z,yes,84834.47,84856.47,finalized
2026-10-03T16:15:05.101945+00:00,KXBTC15M-26OCT031215-15,BTC,2026-10-03T16:15:00Z,no,84856.47,84824.26,determined
2026-10-03T16:15:05.314515+00:00,KXDOGE15M-26OCT031215-15,DOGE,2026-10-03T16:15:00Z,no,0.093126,0.0930679,determined
2026-10-03T16:15:05.923786+00:00,KXSOL15M-26OCT031215-15,SOL,2026-10-03T16:15:00Z,no,119.6982,119.5850,determined
2026-10-03T16:15:15.644276+00:00,KXETH15M-26OCT031215-15,ETH,2026-10-03T16:15:00Z,no,2681.26,2679.45,finalized
2026-10-03T16:15:15.735794+00:00,KXXRP15M-26OCT031215-15,XRP,2026-10-03T16:15:00Z,no,1.4901,1.4882,finalized
2026-10-03T16:30:05.298273+00:00,KXSOL15M-26OCT031230-30,SOL,2026-10-03T16:30:00Z,yes,119.585,119.5973,determined
2026-10-03T16:30:05.345883+00:00,KXBTC15M-26OCT031230-30,BTC,2026-10-03T16:30:00Z,no,84824.26,84799.78,determined
2026-10-03T16:30:05.896609+00:00,KXDOGE15M-26OCT031230-30,DOGE,2026-10-03T16:30:00Z,no,0.093067,0.0930115,determined
2026-10-03T16:30:15.642427+00:00,KXETH15M-26OCT031230-30,ETH,2026-10-03T16:30:00Z,yes,2679.45,2679.59,finalized
2026-10-03T16:30:15.718961+00:00,KXXRP15M-26OCT031230-30,XRP,2026-10-03T16:30:00Z,yes,1.4882,1.4885,finalized
2026-10-03T16:45:05.134061+00:00,KXBTC15M-26OCT031245-45,BTC,2026-10-03T16:45:00Z,yes,84799.78,84824.82,determined
2026-10-03T16:45:05.427332+00:00,KXETH15M-26OCT031245-45,ETH,2026-10-03T16:45:00Z,yes,2679.59,2681.46,determined
2026-10-03T16:45:15.298216+00:00,KXXRP15M-26OCT031245-45,XRP,2026-10-03T16:45:00Z,yes,1.4885,1.4900,finalized
2026-10-03T16:45:15.345202+00:00,KXDOGE15M-26OCT031245-45,DOGE,2026-10-03T16:45:00Z,yes,0.093011,0.0931622,determined
2026-10-03T16:45:16.395906+00:00,KXSOL15M-26OCT031245-45,SOL,2026-10-03T16:45:00Z,yes,119.5973,119.7767,finalized
2026-10-03T17:00:15.503607+00:00,KXBTC15M-26OCT031300-00,BTC,2026-10-03T17:00:00Z,yes,84824.82,84856.61,finalized
2026-10-03T17:00:15.551542+00:00,KXXRP15M-26OCT031300-00,XRP,2026-10-03T17:00:00Z,yes,1.49,1.4901,determined
2026-10-03T17:00:15.607852+00:00,KXSOL15M-26OCT031300-00,SOL,2026-10-03T17:00:00Z,no,119.7767,119.7187,finalized
2026-10-03T17:00:15.659703+00:00,KXDOGE15M-26OCT031300-00,DOGE,2026-10-03T17:00:00Z,no,0.093162,0.0930689,determined
2026-10-03T17:00:16.208364+00:00,KXETH15M-26OCT031300-00,ETH,2026-10-03T17:00:00Z,no,2681.46,2680.94,finalized
2026-10-03T17:15:05.290700+00:00,KXSOL15M-26OCT031315-15,SOL,2026-10-03T17:15:00Z,yes,119.7187,119.8373,determined
2026-10-03T17:15:05.338974+00:00,KXDOGE15M-26OCT031315-15,DOGE,2026-10-03T17:15:00Z,yes,0.093068,0.0933363,determined
2026-10-03T17:15:05.394121+00:00,KXBTC15M-26OCT031315-15,BTC,2026-10-03T17:15:00Z,yes,84856.61,84873.43,determined
2026-10-03T17:15:05.442696+00:00,KXETH15M-26OCT031315-15,ETH,2026-10-03T17:15:00Z,yes,2680.94,2684.36,determined
2026-10-03T17:15:16.248178+00:00,KXXRP15M-26OCT031315-15,XRP,2026-10-03T17:15:00Z,yes,1.4901,1.4938,finalized
2026-10-03T17:30:05.250092+00:00,KXDOGE15M-26OCT031330-30,DOGE,2026-10-03T17:30:00Z,no,0.093336,0.0933186,determined
2026-10-03T17:30:05.344386+00:00,KXBTC15M-26OCT031330-30,BTC,2026-10-03T17:30:00Z,yes,84873.43,84893.66,determined
2026-10-03T17:30:15.757602+00:00,KXSOL15M-26OCT031330-30,SOL,2026-10-03T17:30:00Z,no,119.8373,119.7512,finalized
2026-10-03T17:30:15.816349+00:00,KXETH15M-26OCT031330-30,ETH,2026-10-03T17:30:00Z,no,2684.36,2683.70,finalized
2026-10-03T17:30:16.366434+00:00,KXXRP15M-26OCT031330-30,XRP,2026-10-03T17:30:00Z,no,1.4938,1.4927,finalized
2026-10-03T17:45:05.215974+00:00,KXBTC15M-26OCT031345-45,BTC,2026-10-03T17:45:00Z,yes,84893.66,84950.17,determined
2026-10-03T17:45:05.264262+00:00,KXETH15M-26OCT031345-45,ETH,2026-10-03T17:45:00Z,yes,2683.7,2684.91,determined
2026-10-03T17:45:05.312894+00:00,KXDOGE15M-26OCT031345-45,DOGE,2026-10-03T17:45:00Z,no,0.093318,0.0932281,determined
2026-10-03T17:45:15.597332+00:00,KXXRP15M-26OCT031345-45,XRP,2026-10-03T17:45:00Z,yes,1.4927,1.4930,determined
2026-10-03T17:45:16.150299+00:00,KXSOL15M-26OCT031345-45,SOL,2026-10-03T17:45:00Z,yes,119.7512,120.0197,finalized
2026-10-03T18:00:05.335575+00:00,KXDOGE15M-26OCT031400-00,DOGE,2026-10-03T18:00:00Z,yes,0.093228,0.0932427,determined
2026-10-03T18:00:05.949660+00:00,KXBTC15M-26OCT031400-00,BTC,2026-10-03T18:00:00Z,yes,84950.17,84996.59,determined
2026-10-03T18:00:15.684710+00:00,KXETH15M-26OCT031400-00,ETH,2026-10-03T18:00:00Z,yes,2684.91,2688.88,determined
2026-10-03T18:00:15.739877+00:00,KXXRP15M-26OCT031400-00,XRP,2026-10-03T18:00:00Z,yes,1.493,1.4932,determined
2026-10-03T18:00:15.792686+00:00,KXSOL15M-26OCT031400-00,SOL,2026-10-03T18:00:00Z,no,120.0197,119.9953,finalized
2026-10-03T18:15:05.808046+00:00,KXETH15M-26OCT031415-15,ETH,2026-10-03T18:15:00Z,no,2688.88,2686.48,determined
2026-10-03T18:15:15.547607+00:00,KXBTC15M-26OCT031415-15,BTC,2026-10-03T18:15:00Z,no,84996.59,84981.12,finalized
2026-10-03T18:15:15.597231+00:00,KXSOL15M-26OCT031415-15,SOL,2026-10-03T18:15:00Z,no,119.9953,119.9188,finalized
2026-10-03T18:15:15.648951+00:00,KXXRP15M-26OCT031415-15,XRP,2026-10-03T18:15:00Z,no,1.4932,1.4920,finalized
2026-10-03T18:15:15.700301+00:00,KXDOGE15M-26OCT031415-15,DOGE,2026-10-03T18:15:00Z,no,0.093242,0.0931819,finalized
2026-10-03T18:30:16.002644+00:00,KXSOL15M-26OCT031430-30,SOL,2026-10-03T18:30:00Z,no,119.9188,119.8867,determined
2026-10-03T18:30:16.050666+00:00,KXXRP15M-26OCT031430-30,XRP,2026-10-03T18:30:00Z,yes,1.492,1.4927,finalized
2026-10-03T18:30:16.126757+00:00,KXDOGE15M-26OCT031430-30,DOGE,2026-10-03T18:30:00Z,no,0.093181,0.0931437,finalized
2026-10-03T18:30:16.172261+00:00,KXBTC15M-26OCT031430-30,BTC,2026-10-03T18:30:00Z,no,84981.12,84978.53,finalized
2026-10-03T18:30:16.731407+00:00,KXETH15M-26OCT031430-30,ETH,2026-10-03T18:30:00Z,no,2686.48,2686.15,finalized
2026-10-03T18:45:05.219154+00:00,KXETH15M-26OCT031445-45,ETH,2026-10-03T18:45:00Z,no,2686.15,2685.26,determined
2026-10-03T18:45:05.360545+00:00,KXDOGE15M-26OCT031445-45,DOGE,2026-10-03T18:45:00Z,yes,0.093143,0.0932895,determined
2026-10-03T18:45:05.419674+00:00,KXSOL15M-26OCT031445-45,SOL,2026-10-03T18:45:00Z,yes,119.8867,119.9508,determined
2026-10-03T18:45:06.064989+00:00,KXXRP15M-26OCT031445-45,XRP,2026-10-03T18:45:00Z,yes,1.4927,1.4927,determined
2026-10-03T18:45:15.709154+00:00,KXBTC15M-26OCT031445-45,BTC,2026-10-03T18:45:00Z,no,84978.53,84931.72,finalized
2026-10-03T19:00:05.463365+00:00,KXBTC15M-26OCT031500-00,BTC,2026-10-03T19:00:00Z,yes,84931.72,84934.77,determined
2026-10-03T19:00:05.512859+00:00,KXXRP15M-26OCT031500-00,XRP,2026-10-03T19:00:00Z,no,1.4927,1.4904,determined
2026-10-03T19:00:05.560400+00:00,KXETH15M-26OCT031500-00,ETH,2026-10-03T19:00:00Z,no,2685.26,2684.60,determined
2026-10-03T19:00:05.621444+00:00,KXSOL15M-26OCT031500-00,SOL,2026-10-03T19:00:00Z,no,119.9508,119.9407,determined
2026-10-03T19:00:06.171840+00:00,KXDOGE15M-26OCT031500-00,DOGE,2026-10-03T19:00:00Z,no,0.093289,0.0931715,determined
2026-10-03T19:15:05.068962+00:00,KXBTC15M-26OCT031515-15,BTC,2026-10-03T19:15:00Z,no,84934.77,84856.01,determined
2026-10-03T19:15:05.167110+00:00,KXSOL15M-26OCT031515-15,SOL,2026-10-03T19:15:00Z,no,119.9407,119.8050,determined
2026-10-03T19:15:15.472330+00:00,KXETH15M-26OCT031515-15,ETH,2026-10-03T19:15:00Z,no,2684.6,2684.13,finalized
2026-10-03T19:15:15.519460+00:00,KXXRP15M-26OCT031515-15,XRP,2026-10-03T19:15:00Z,no,1.4904,1.4882,finalized
2026-10-03T19:15:16.069273+00:00,KXDOGE15M-26OCT031515-15,DOGE,2026-10-03T19:15:00Z,no,0.093171,0.0931106,finalized
2026-10-03T19:30:06.023001+00:00,KXXRP15M-26OCT031530-30,XRP,2026-10-03T19:30:00Z,no,1.4882,1.4881,determined
2026-10-03T19:30:15.770772+00:00,KXBTC15M-26OCT031530-30,BTC,2026-10-03T19:30:00Z,no,84856.01,84830.61,finalized
2026-10-03T19:30:15.873764+00:00,KXETH15M-26OCT031530-30,ETH,2026-10-03T19:30:00Z,no,2684.13,2682.30,determined
2026-10-03T19:30:15.920804+00:00,KXDOGE15M-26OCT031530-30,DOGE,2026-10-03T19:30:00Z,yes,0.09311,0.0931661,determined
2026-10-03T19:30:15.967628+00:00,KXSOL15M-26OCT031530-30,SOL,2026-10-03T19:30:00Z,yes,119.805,119.8097,finalized
2026-10-03T19:45:05.169556+00:00,KXETH15M-26OCT031545-45,ETH,2026-10-03T19:45:00Z,yes,2682.3,2683.22,determined
2026-10-03T19:45:05.266657+00:00,KXDOGE15M-26OCT031545-45,DOGE,2026-10-03T19:45:00Z,no,0.093166,0.0931490,determined
2026-10-03T19:45:15.558606+00:00,KXXRP15M-26OCT031545-45,XRP,2026-10-03T19:45:00Z,yes,1.4881,1.4887,finalized
2026-10-03T19:45:15.627461+00:00,KXSOL15M-26OCT031545-45,SOL,2026-10-03T19:45:00Z,no,119.8097,119.7183,finalized
2026-10-03T19:45:16.176971+00:00,KXBTC15M-26OCT031545-45,BTC,2026-10-03T19:45:00Z,no,84830.61,84798.53,finalized
2026-10-03T20:00:05.768697+00:00,KXSOL15M-26OCT031600-00,SOL,2026-10-03T20:00:00Z,yes,119.7183,119.7883,determined
2026-10-03T20:00:15.555950+00:00,KXDOGE15M-26OCT031600-00,DOGE,2026-10-03T20:00:00Z,no,0.093149,0.0931481,finalized
2026-10-03T20:00:15.604737+00:00,KXBTC15M-26OCT031600-00,BTC,2026-10-03T20:00:00Z,yes,84798.53,84834.38,finalized
2026-10-03T20:00:15.652458+00:00,KXETH15M-26OCT031600-00,ETH,2026-10-03T20:00:00Z,yes,2683.22,2685.34,finalized
2026-10-03T20:00:15.699209+00:00,KXXRP15M-26OCT031600-00,XRP,2026-10-03T20:00:00Z,no,1.4887,1.4886,finalized
2026-10-03T20:15:05.297168+00:00,KXDOGE15M-26OCT031615-15,DOGE,2026-10-03T20:15:00Z,yes,0.093148,0.0932224,determined
2026-10-03T20:15:15.631250+00:00,KXSOL15M-26OCT031615-15,SOL,2026-10-03T20:15:00Z,yes,119.7883,119.9373,finalized
2026-10-03T20:15:15.688531+00:00,KXETH15M-26OCT031615-15,ETH,2026-10-03T20:15:00Z,yes,2685.34,2687.41,finalized
2026-10-03T20:15:15.739626+00:00,KXBTC15M-26OCT031615-15,BTC,2026-10-03T20:15:00Z,yes,84834.38,84873.32,finalized
2026-10-03T20:15:16.288508+00:00,KXXRP15M-26OCT031615-15,XRP,2026-10-03T20:15:00Z,yes,1.4886,1.4905,finalized
2026-10-03T20:30:05.388818+00:00,KXBTC15M-26OCT031630-30,BTC,2026-10-03T20:30:00Z,yes,84873.32,84883.92,determined
2026-10-03T20:30:05.487060+00:00,KXETH15M-26OCT031630-30,ETH,2026-10-03T20:30:00Z,yes,2687.41,2687.78,determined
2026-10-03T20:30:15.823808+00:00,KXXRP15M-26OCT031630-30,XRP,2026-10-03T20:30:00Z,yes,1.4905,1.4911,finalized
2026-10-03T20:30:15.905175+00:00,KXDOGE15M-26OCT031630-30,DOGE,2026-10-03T20:30:00Z,yes,0.093222,0.0932836,finalized
2026-10-03T20:30:16.521125+00:00,KXSOL15M-26OCT031630-30,SOL,2026-10-03T20:30:00Z,yes,119.9373,120.0403,finalized
2026-10-03T20:45:05.636958+00:00,KXDOGE15M-26OCT031645-45,DOGE,2026-10-03T20:45:00Z,no,0.093283,0.0932225,determined
2026-10-03T20:45:05.687191+00:00,KXSOL15M-26OCT031645-45,SOL,2026-10-03T20:45:00Z,no,120.0403,119.9292,determined
2026-10-03T20:45:15.507280+00:00,KXBTC15M-26OCT031645-45,BTC,2026-10-03T20:45:00Z,no,84883.92,84847.22,finalized
2026-10-03T20:45:15.552868+00:00,KXETH15M-26OCT031645-45,ETH,2026-10-03T20:45:00Z,no,2687.78,2686.95,determined
2026-10-03T20:45:16.616816+00:00,KXXRP15M-26OCT031645-45,XRP,2026-10-03T20:45:00Z,no,1.4911,1.4906,finalized
2026-10-03T21:00:05.914086+00:00,KXSOL15M-26OCT031700-00,SOL,2026-10-03T21:00:00Z,no,119.9292,119.8165,determined
2026-10-03T21:00:15.734527+00:00,KXXRP15M-26OCT031700-00,XRP,2026-10-03T21:00:00Z,no,1.4906,1.4902,determined
2026-10-03T21:00:15.787493+00:00,KXDOGE15M-26OCT031700-00,DOGE,2026-10-03T21:00:00Z,no,0.093222,0.0931815,determined
2026-10-03T21:00:15.845285+00:00,KXBTC15M-26OCT031700-00,BTC,2026-10-03T21:00:00Z,no,84847.22,84739.29,determined
2026-10-03T21:00:15.904833+00:00,KXETH15M-26OCT031700-00,ETH,2026-10-03T21:00:00Z,no,2686.95,2686.61,determined
2026-10-03T21:15:05.172288+00:00,KXSOL15M-26OCT031715-15,SOL,2026-10-03T21:15:00Z,no,119.8165,119.6998,determined
2026-10-03T21:15:05.221597+00:00,KXBTC15M-26OCT031715-15,BTC,2026-10-03T21:15:00Z,no,84739.29,84670.39,determined
2026-10-03T21:15:05.270735+00:00,KXDOGE15M-26OCT031715-15,DOGE,2026-10-03T21:15:00Z,no,0.093181,0.0929605,determined
2026-10-03T21:15:15.549988+00:00,KXXRP15M-26OCT031715-15,XRP,2026-10-03T21:15:00Z,no,1.4902,1.4891,determined
2026-10-03T21:15:16.097281+00:00,KXETH15M-26OCT031715-15,ETH,2026-10-03T21:15:00Z,yes,2686.61,2686.66,determined
2026-10-03T21:30:05.177267+00:00,KXBTC15M-26OCT031730-30,BTC,2026-10-03T21:30:00Z,yes,84670.39,84694.41,determined
2026-10-03T21:30:15.546351+00:00,KXSOL15M-26OCT031730-30,SOL,2026-10-03T21:30:00Z,no,119.6998,119.6115,finalized
2026-10-03T21:30:15.595835+00:00,KXXRP15M-26OCT031730-30,XRP,2026-10-03T21:30:00Z,no,1.4891,1.4877,finalized
2026-10-03T21:30:15.649694+00:00,KXETH15M-26OCT031730-30,ETH,2026-10-03T21:30:00Z,no,2686.66,2685.47,finalized
2026-10-03T21:30:16.196802+00:00,KXDOGE15M-26OCT031730-30,DOGE,2026-10-03T21:30:00Z,no,0.09296,0.0928487,determined
2026-10-03T21:45:05.261050+00:00,KXSOL15M-26OCT031745-45,SOL,2026-10-03T21:45:00Z,yes,119.6115,119.6258,determined
2026-10-03T21:45:15.509058+00:00,KXETH15M-26OCT031745-45,ETH,2026-10-03T21:45:00Z,no,2685.47,2685.26,finalized
2026-10-03T21:45:15.558137+00:00,KXXRP15M-26OCT031745-45,XRP,2026-10-03T21:45:00Z,no,1.4877,1.4871,finalized
2026-10-03T21:45:15.608301+00:00,KXBTC15M-26OCT031745-45,BTC,2026-10-03T21:45:00Z,no,84694.41,84689.46,finalized
2026-10-03T21:45:16.157301+00:00,KXDOGE15M-26OCT031745-45,DOGE,2026-10-03T21:45:00Z,yes,0.092848,0.0928558,finalized
2026-10-03T22:00:15.650337+00:00,KXBTC15M-26OCT031800-00,BTC,2026-10-03T22:00:00Z,yes,84689.46,84706.65,finalized
2026-10-03T22:00:15.703836+00:00,KXXRP15M-26OCT031800-00,XRP,2026-10-03T22:00:00Z,no,1.4871,1.4868,determined
2026-10-03T22:00:15.757688+00:00,KXETH15M-26OCT031800-00,ETH,2026-10-03T22:00:00Z,no,2685.26,2684.82,finalized
2026-10-03T22:00:15.812406+00:00,KXSOL15M-26OCT031800-00,SOL,2026-10-03T22:00:00Z,yes,119.6258,119.6440,finalized
2026-10-03T22:00:16.360605+00:00,KXDOGE15M-26OCT031800-00,DOGE,2026-10-03T22:00:00Z,yes,0.092855,0.0929247,finalized
2026-10-03T22:15:05.479297+00:00,KXSOL15M-26OCT031815-15,SOL,2026-10-03T22:15:00Z,yes,119.644,119.8378,determined
2026-10-03T22:15:05.577055+00:00,KXBTC15M-26OCT031815-15,BTC,2026-10-03T22:15:00Z,yes,84706.65,84776.27,determined
2026-10-03T22:15:05.628613+00:00,KXETH15M-26OCT031815-15,ETH,2026-10-03T22:15:00Z,yes,2684.82,2688.48,determined
2026-10-03T22:15:06.236926+00:00,KXDOGE15M-26OCT031815-15,DOGE,2026-10-03T22:15:00Z,yes,0.092924,0.0930566,determined
2026-10-03T22:15:15.905219+00:00,KXXRP15M-26OCT031815-15,XRP,2026-10-03T22:15:00Z,yes,1.4868,1.4884,determined
2026-10-03T22:30:05.306773+00:00,KXDOGE15M-26OCT031830-30,DOGE,2026-10-03T22:30:00Z,no,0.093056,0.0929839,determined
2026-10-03T22:30:06.033678+00:00,KXSOL15M-26OCT031830-30,SOL,2026-10-03T22:30:00Z,no,119.8378,119.8198,determined
2026-10-03T22:30:15.631758+00:00,KXXRP15M-26OCT031830-30,XRP,2026-10-03T22:30:00Z,no,1.4884,1.4867,determined
2026-10-03T22:30:15.675623+00:00,KXETH15M-26OCT031830-30,ETH,2026-10-03T22:30:00Z,no,2688.48,2687.42,finalized
2026-10-03T22:30:15.718644+00:00,KXBTC15M-26OCT031830-30,BTC,2026-10-03T22:30:00Z,no,84776.27,84761.62,finalized
2026-10-03T22:45:05.424717+00:00,KXDOGE15M-26OCT031845-45,DOGE,2026-10-03T22:45:00Z,yes,0.092983,0.0930103,determined
2026-10-03T22:45:05.520633+00:00,KXXRP15M-26OCT031845-45,XRP,2026-10-03T22:45:00Z,yes,1.4867,1.4879,determined
2026-10-03T22:45:15.845059+00:00,KXBTC15M-26OCT031845-45,BTC,2026-10-03T22:45:00Z,yes,84761.62,84780.82,determined
2026-10-03T22:45:15.914033+00:00,KXETH15M-26OCT031845-45,ETH,2026-10-03T22:45:00Z,yes,2687.42,2687.42,finalized
2026-10-03T22:45:16.462519+00:00,KXSOL15M-26OCT031845-45,SOL,2026-10-03T22:45:00Z,yes,119.8198,119.8463,determined
2026-10-03T23:00:05.781188+00:00,KXDOGE15M-26OCT031900-00,DOGE,2026-10-03T23:00:00Z,no,0.09301,0.0929313,determined
2026-10-03T23:00:15.549906+00:00,KXETH15M-26OCT031900-00,ETH,2026-10-03T23:00:00Z,no,2687.42,2686.24,determined
2026-10-03T23:00:15.603237+00:00,KXSOL15M-26OCT031900-00,SOL,2026-10-03T23:00:00Z,no,119.8463,119.7198,determined
2026-10-03T23:00:15.661443+00:00,KXBTC15M-26OCT031900-00,BTC,2026-10-03T23:00:00Z,no,84780.82,84767.33,determined
2026-10-03T23:00:15.714486+00:00,KXXRP15M-26OCT031900-00,XRP,2026-10-03T23:00:00Z,no,1.4879,1.4865,finalized
2026-10-03T23:15:06.226844+00:00,KXETH15M-26OCT031915-15,ETH,2026-10-03T23:15:00Z,yes,2686.24,2686.37,determined
2026-10-03T23:15:15.973058+00:00,KXDOGE15M-26OCT031915-15,DOGE,2026-10-03T23:15:00Z,no,0.092931,0.0929113,finalized
2026-10-03T23:15:16.025234+00:00,KXBTC15M-26OCT031915-15,BTC,2026-10-03T23:15:00Z,no,84767.33,84755.73,determined
2026-10-03T23:15:16.074042+00:00,KXXRP15M-26OCT031915-15,XRP,2026-10-03T23:15:00Z,yes,1.4865,1.4866,finalized
2026-10-03T23:15:16.122616+00:00,KXSOL15M-26OCT031915-15,SOL,2026-10-03T23:15:00Z,no,119.7198,119.6897,finalized
2026-10-04T01:30:05.320101+00:00,KXETH15M-26OCT032130-30,ETH,2026-10-04T01:30:00Z,no,2693.48,2689.97,determined
2026-10-04T01:30:15.443809+00:00,KXBTC15M-26OCT032130-30,BTC,2026-10-04T01:30:00Z,no,84768.08,84739.37,determined
2026-10-04T01:30:15.982805+00:00,KXSOL15M-26OCT032130-30,SOL,2026-10-04T01:30:00Z,no,120.1865,120.0947,finalized
2026-10-04T01:30:16.025458+00:00,KXXRP15M-26OCT032130-30,XRP,2026-10-04T01:30:00Z,no,1.4894,1.4875,determined
2026-10-04T01:30:16.567088+00:00,KXDOGE15M-26OCT032130-30,DOGE,2026-10-04T01:30:00Z,no,0.092912,0.0927308,finalized
2026-10-04T01:45:05.112658+00:00,KXETH15M-26OCT032145-45,ETH,2026-10-04T01:45:00Z,yes,2689.97,2691.77,determined
2026-10-04T01:45:05.154267+00:00,KXSOL15M-26OCT032145-45,SOL,2026-10-04T01:45:00Z,no,120.0947,120.0222,determined
2026-10-04T01:45:05.197488+00:00,KXBTC15M-26OCT032145-45,BTC,2026-10-04T01:45:00Z,yes,84739.37,84771.37,determined
2026-10-04T01:45:05.779359+00:00,KXXRP15M-26OCT032145-45,XRP,2026-10-04T01:45:00Z,yes,1.4875,1.4887,determined
2026-10-04T01:45:15.497833+00:00,KXDOGE15M-26OCT032145-45,DOGE,2026-10-04T01:45:00Z,yes,0.09273,0.0927572,finalized
2026-10-04T02:00:05.155454+00:00,KXDOGE15M-26OCT032200-00,DOGE,2026-10-04T02:00:00Z,yes,0.092757,0.0927955,determined
2026-10-04T02:00:05.792879+00:00,KXETH15M-26OCT032200-00,ETH,2026-10-04T02:00:00Z,yes,2691.77,2694.22,determined
2026-10-04T02:00:15.429154+00:00,KXBTC15M-26OCT032200-00,BTC,2026-10-04T02:00:00Z,yes,84771.37,84793.43,determined
2026-10-04T02:00:15.475206+00:00,KXXRP15M-26OCT032200-00,XRP,2026-10-04T02:00:00Z,no,1.4887,1.4880,finalized
2026-10-04T02:00:15.528771+00:00,KXSOL15M-26OCT032200-00,SOL,2026-10-04T02:00:00Z,yes,120.0222,120.1532,finalized
2026-10-04T02:15:05.143007+00:00,KXSOL15M-26OCT032215-15,SOL,2026-10-04T02:15:00Z,no,120.1532,120.1455,determined
2026-10-04T02:15:05.185566+00:00,KXXRP15M-26OCT032215-15,XRP,2026-10-04T02:15:00Z,yes,1.488,1.4895,determined
2026-10-04T02:15:05.724685+00:00,KXBTC15M-26OCT032215-15,BTC,2026-10-04T02:15:00Z,yes,84793.43,84817.37,determined
2026-10-04T02:15:15.443168+00:00,KXETH15M-26OCT032215-15,ETH,2026-10-04T02:15:00Z,no,2694.22,2693.57,finalized
2026-10-04T02:15:15.477129+00:00,KXDOGE15M-26OCT032215-15,DOGE,2026-10-04T02:15:00Z,no,0.092795,0.0927810,determined
2026-10-04T02:30:05.750157+00:00,KXXRP15M-26OCT032230-30,XRP,2026-10-04T02:30:00Z,no,1.4895,1.4894,determined
2026-10-04T02:30:15.432248+00:00,KXSOL15M-26OCT032230-30,SOL,2026-10-04T02:30:00Z,no,120.1455,120.1108,finalized
2026-10-04T02:30:15.490804+00:00,KXBTC15M-26OCT032230-30,BTC,2026-10-04T02:30:00Z,yes,84817.37,84822.76,finalized
2026-10-04T02:30:15.573855+00:00,KXDOGE15M-26OCT032230-30,DOGE,2026-10-04T02:30:00Z,yes,0.092781,0.0928031,finalized
2026-10-04T02:35:41.874847+00:00,KXETH15M-26OCT032230-30,ETH,2026-10-04T02:30:00Z,yes,2693.57,2693.57,finalized
2026-10-04T02:45:05.656776+00:00,KXDOGE15M-26OCT032245-45,DOGE,2026-10-04T02:45:00Z,yes,0.092803,0.0928748,determined
2026-10-04T02:45:06.246893+00:00,KXXRP15M-26OCT032245-45,XRP,2026-10-04T02:45:00Z,yes,1.4894,1.4898,determined
2026-10-04T02:45:15.951442+00:00,KXETH15M-26OCT032245-45,ETH,2026-10-04T02:45:00Z,no,2693.57,2692.12,finalized
2026-10-04T02:45:15.990253+00:00,KXBTC15M-26OCT032245-45,BTC,2026-10-04T02:45:00Z,no,84822.76,84792.27,determined
2026-10-04T02:45:16.029733+00:00,KXSOL15M-26OCT032245-45,SOL,2026-10-04T02:45:00Z,yes,120.1108,120.1428,finalized
2026-10-04T03:00:05.227786+00:00,KXDOGE15M-26OCT032300-00,DOGE,2026-10-04T03:00:00Z,no,0.092874,0.0927722,determined
2026-10-04T03:00:15.528537+00:00,KXSOL15M-26OCT032300-00,SOL,2026-10-04T03:00:00Z,yes,120.1428,120.3943,finalized
2026-10-04T03:00:15.568241+00:00,KXBTC15M-26OCT032300-00,BTC,2026-10-04T03:00:00Z,yes,84792.27,84793.71,finalized
2026-10-04T03:00:15.606651+00:00,KXETH15M-26OCT032300-00,ETH,2026-10-04T03:00:00Z,yes,2692.12,2692.25,finalized
2026-10-04T03:00:16.147756+00:00,KXXRP15M-26OCT032300-00,XRP,2026-10-04T03:00:00Z,no,1.4898,1.4895,finalized
2026-10-04T03:15:05.550005+00:00,KXBTC15M-26OCT032315-15,BTC,2026-10-04T03:15:00Z,yes,84793.71,84796.66,determined
2026-10-04T03:15:05.591099+00:00,KXETH15M-26OCT032315-15,ETH,2026-10-04T03:15:00Z,yes,2692.25,2692.37,determined
2026-10-04T03:15:15.979457+00:00,KXSOL15M-26OCT032315-15,SOL,2026-10-04T03:15:00Z,no,120.3943,120.2930,finalized
2026-10-04T03:15:16.017666+00:00,KXDOGE15M-26OCT032315-15,DOGE,2026-10-04T03:15:00Z,no,0.092772,0.0926824,determined
2026-10-04T03:15:16.557584+00:00,KXXRP15M-26OCT032315-15,XRP,2026-10-04T03:15:00Z,yes,1.4895,1.4896,finalized
2026-10-04T03:30:05.207574+00:00,KXBTC15M-26OCT032330-30,BTC,2026-10-04T03:30:00Z,no,84796.66,84787.45,determined
2026-10-04T03:30:05.882588+00:00,KXSOL15M-26OCT032330-30,SOL,2026-10-04T03:30:00Z,yes,120.293,120.3768,determined
2026-10-04T03:30:15.531451+00:00,KXXRP15M-26OCT032330-30,XRP,2026-10-04T03:30:00Z,no,1.4896,1.4880,finalized
2026-10-04T03:30:15.571673+00:00,KXDOGE15M-26OCT032330-30,DOGE,2026-10-04T03:30:00Z,no,0.092682,0.0926611,finalized
2026-10-04T03:30:15.612048+00:00,KXETH15M-26OCT032330-30,ETH,2026-10-04T03:30:00Z,yes,2692.37,2692.70,finalized
2026-10-04T03:45:05.274992+00:00,KXSOL15M-26OCT032345-45,SOL,2026-10-04T03:45:00Z,yes,120.3768,120.9502,determined
2026-10-04T03:45:05.900165+00:00,KXDOGE15M-26OCT032345-45,DOGE,2026-10-04T03:45:00Z,yes,0.092661,0.0927277,determined
2026-10-04T03:45:15.531738+00:00,KXBTC15M-26OCT032345-45,BTC,2026-10-04T03:45:00Z,yes,84787.45,84862.28,finalized
2026-10-04T03:45:15.570747+00:00,KXXRP15M-26OCT032345-45,XRP,2026-10-04T03:45:00Z,yes,1.488,1.4902,finalized
2026-10-04T03:45:15.622743+00:00,KXETH15M-26OCT032345-45,ETH,2026-10-04T03:45:00Z,yes,2692.7,2695.46,finalized
2026-10-04T04:00:06.047247+00:00,KXETH15M-26OCT040000-00,ETH,2026-10-04T04:00:00Z,no,2695.46,2694.02,determined
2026-10-04T04:00:15.694762+00:00,KXSOL15M-26OCT040000-00,SOL,2026-10-04T04:00:00Z,no,120.9502,120.7548,determined
2026-10-04T04:00:15.733164+00:00,KXBTC15M-26OCT040000-00,BTC,2026-10-04T04:00:00Z,no,84862.28,84826.77,finalized
2026-10-04T04:00:15.772537+00:00,KXDOGE15M-26OCT040000-00,DOGE,2026-10-04T04:00:00Z,no,0.092727,0.0926587,finalized
2026-10-04T04:00:15.809198+00:00,KXXRP15M-26OCT040000-00,XRP,2026-10-04T04:00:00Z,no,1.4902,1.4896,determined
2026-10-04T04:15:05.534447+00:00,KXETH15M-26OCT040015-15,ETH,2026-10-04T04:15:00Z,yes,2694.02,2694.10,determined
2026-10-04T04:15:05.572585+00:00,KXDOGE15M-26OCT040015-15,DOGE,2026-10-04T04:15:00Z,no,0.092658,0.0926488,determined
2026-10-04T04:15:05.612808+00:00,KXXRP15M-26OCT040015-15,XRP,2026-10-04T04:15:00Z,no,1.4896,1.4893,determined
2026-10-04T04:15:06.149164+00:00,KXSOL15M-26OCT040015-15,SOL,2026-10-04T04:15:00Z,no,120.7548,120.5782,determined
2026-10-04T04:15:15.815010+00:00,KXBTC15M-26OCT040015-15,BTC,2026-10-04T04:15:00Z,no,84826.77,84804.99,finalized
2026-10-04T04:30:05.160582+00:00,KXBTC15M-26OCT040030-30,BTC,2026-10-04T04:30:00Z,yes,84804.99,84811.96,determined
2026-10-04T04:30:15.473823+00:00,KXETH15M-26OCT040030-30,ETH,2026-10-04T04:30:00Z,no,2694.1,2692.92,finalized
2026-10-04T04:30:15.509269+00:00,KXXRP15M-26OCT040030-30,XRP,2026-10-04T04:30:00Z,yes,1.4893,1.4911,finalized
2026-10-04T04:30:15.542860+00:00,KXDOGE15M-26OCT040030-30,DOGE,2026-10-04T04:30:00Z,yes,0.092648,0.0927069,finalized
2026-10-04T04:30:16.077938+00:00,KXSOL15M-26OCT040030-30,SOL,2026-10-04T04:30:00Z,yes,120.5782,120.7295,finalized
2026-10-04T04:45:05.387239+00:00,KXXRP15M-26OCT040045-45,XRP,2026-10-04T04:45:00Z,no,1.4911,1.4907,determined
2026-10-04T04:45:05.420451+00:00,KXBTC15M-26OCT040045-45,BTC,2026-10-04T04:45:00Z,no,84811.96,84810.05,determined
2026-10-04T04:45:15.603790+00:00,KXSOL15M-26OCT040045-45,SOL,2026-10-04T04:45:00Z,no,120.7295,120.5473,finalized
2026-10-04T04:45:15.639776+00:00,KXDOGE15M-26OCT040045-45,DOGE,2026-10-04T04:45:00Z,no,0.092706,0.0926563,finalized
2026-10-04T04:45:16.181408+00:00,KXETH15M-26OCT040045-45,ETH,2026-10-04T04:45:00Z,no,2692.92,2691.60,finalized
2026-10-04T05:00:05.372960+00:00,KXXRP15M-26OCT040100-00,XRP,2026-10-04T05:00:00Z,yes,1.4907,1.4911,determined
2026-10-04T05:00:15.594682+00:00,KXETH15M-26OCT040100-00,ETH,2026-10-04T05:00:00Z,yes,2691.6,2691.88,finalized
2026-10-04T05:00:15.646034+00:00,KXBTC15M-26OCT040100-00,BTC,2026-10-04T05:00:00Z,no,84810.05,84809.33,determined
2026-10-04T05:00:15.692429+00:00,KXSOL15M-26OCT040100-00,SOL,2026-10-04T05:00:00Z,yes,120.5473,120.6330,finalized
2026-10-04T05:00:16.231005+00:00,KXDOGE15M-26OCT040100-00,DOGE,2026-10-04T05:00:00Z,yes,0.092656,0.0927327,finalized
2026-10-04T05:15:05.181181+00:00,KXDOGE15M-26OCT040115-15,DOGE,2026-10-04T05:15:00Z,no,0.092732,0.0927316,determined
2026-10-04T05:15:05.258116+00:00,KXETH15M-26OCT040115-15,ETH,2026-10-04T05:15:00Z,yes,2691.88,2693.09,determined
2026-10-04T05:15:05.796278+00:00,KXSOL15M-26OCT040115-15,SOL,2026-10-04T05:15:00Z,yes,120.633,120.6717,determined
2026-10-04T05:15:15.469661+00:00,KXBTC15M-26OCT040115-15,BTC,2026-10-04T05:15:00Z,yes,84809.33,84823.05,finalized
2026-10-04T05:15:15.507820+00:00,KXXRP15M-26OCT040115-15,XRP,2026-10-04T05:15:00Z,no,1.4911,1.4906,finalized
2026-10-04T05:30:05.397351+00:00,KXDOGE15M-26OCT040130-30,DOGE,2026-10-04T05:30:00Z,yes,0.092731,0.0927895,determined
2026-10-04T05:30:05.936209+00:00,KXXRP15M-26OCT040130-30,XRP,2026-10-04T05:30:00Z,yes,1.4906,1.4915,determined
2026-10-04T05:30:15.600377+00:00,KXSOL15M-26OCT040130-30,SOL,2026-10-04T05:30:00Z,yes,120.6717,120.7515,determined
2026-10-04T05:30:15.635562+00:00,KXBTC15M-26OCT040130-30,BTC,2026-10-04T05:30:00Z,yes,84823.05,84847.51,finalized
2026-10-04T05:30:15.680923+00:00,KXETH15M-26OCT040130-30,ETH,2026-10-04T05:30:00Z,yes,2693.09,2694.30,finalized
2026-10-04T05:45:05.399799+00:00,KXDOGE15M-26OCT040145-45,DOGE,2026-10-04T05:45:00Z,yes,0.092789,0.0929201,determined
2026-10-04T05:45:05.493997+00:00,KXBTC15M-26OCT040145-45,BTC,2026-10-04T05:45:00Z,yes,84847.51,84904.15,determined
2026-10-04T05:45:15.701783+00:00,KXETH15M-26OCT040145-45,ETH,2026-10-04T05:45:00Z,yes,2694.3,2695.96,finalized
2026-10-04T05:45:15.734647+00:00,KXXRP15M-26OCT040145-45,XRP,2026-10-04T05:45:00Z,yes,1.4915,1.4927,finalized
2026-10-04T05:45:16.290042+00:00,KXSOL15M-26OCT040145-45,SOL,2026-10-04T05:45:00Z,yes,120.7515,121.0145,finalized
2026-10-04T06:00:15.580918+00:00,KXSOL15M-26OCT040200-00,SOL,2026-10-04T06:00:00Z,no,121.0145,120.8115,finalized
2026-10-04T06:00:15.615466+00:00,KXXRP15M-26OCT040200-00,XRP,2026-10-04T06:00:00Z,no,1.4927,1.4917,finalized
2026-10-04T06:00:15.652314+00:00,KXETH15M-26OCT040200-00,ETH,2026-10-04T06:00:00Z,no,2695.96,2694.44,determined
2026-10-04T06:00:15.685692+00:00,KXBTC15M-26OCT040200-00,BTC,2026-10-04T06:00:00Z,no,84904.15,84899.44,finalized
2026-10-04T06:00:16.222915+00:00,KXDOGE15M-26OCT040200-00,DOGE,2026-10-04T06:00:00Z,no,0.09292,0.0928173,finalized
2026-10-04T06:15:05.150457+00:00,KXETH15M-26OCT040215-15,ETH,2026-10-04T06:15:00Z,no,2694.44,2693.92,determined
2026-10-04T06:15:15.417666+00:00,KXBTC15M-26OCT040215-15,BTC,2026-10-04T06:15:00Z,yes,84899.44,84903.57,finalized
2026-10-04T06:15:15.456694+00:00,KXSOL15M-26OCT040215-15,SOL,2026-10-04T06:15:00Z,yes,120.8115,120.8173,finalized
2026-10-04T06:15:15.495424+00:00,KXDOGE15M-26OCT040215-15,DOGE,2026-10-04T06:15:00Z,no,0.092817,0.0927954,finalized
2026-10-04T06:15:16.034269+00:00,KXXRP15M-26OCT040215-15,XRP,2026-10-04T06:15:00Z,no,1.4917,1.4913,finalized
2026-10-04T06:30:05.204856+00:00,KXXRP15M-26OCT040230-30,XRP,2026-10-04T06:30:00Z,yes,1.4913,1.4923,determined
2026-10-04T06:30:15.463584+00:00,KXSOL15M-26OCT040230-30,SOL,2026-10-04T06:30:00Z,no,120.8173,120.6997,determined
2026-10-04T06:30:15.500353+00:00,KXBTC15M-26OCT040230-30,BTC,2026-10-04T06:30:00Z,no,84903.57,84900.41,determined
2026-10-04T06:30:15.539913+00:00,KXETH15M-26OCT040230-30,ETH,2026-10-04T06:30:00Z,no,2693.92,2691.39,finalized
2026-10-04T06:30:16.076731+00:00,KXDOGE15M-26OCT040230-30,DOGE,2026-10-04T06:30:00Z,no,0.092795,0.0927791,finalized
2026-10-04T06:45:05.371272+00:00,KXXRP15M-26OCT040245-45,XRP,2026-10-04T06:45:00Z,yes,1.4923,1.4936,determined
2026-10-04T06:45:05.912697+00:00,KXBTC15M-26OCT040245-45,BTC,2026-10-04T06:45:00Z,yes,84900.41,84952.51,determined
2026-10-04T06:45:15.579832+00:00,KXDOGE15M-26OCT040245-45,DOGE,2026-10-04T06:45:00Z,yes,0.092779,0.0928798,determined
2026-10-04T06:45:15.616827+00:00,KXSOL15M-26OCT040245-45,SOL,2026-10-04T06:45:00Z,yes,120.6997,120.8685,finalized
2026-10-04T06:45:15.653978+00:00,KXETH15M-26OCT040245-45,ETH,2026-10-04T06:45:00Z,yes,2691.39,2692.58,determined
2026-10-04T07:00:15.777029+00:00,KXSOL15M-26OCT040300-00,SOL,2026-10-04T07:00:00Z,yes,120.8685,120.9737,finalized
2026-10-04T07:00:15.811777+00:00,KXDOGE15M-26OCT040300-00,DOGE,2026-10-04T07:00:00Z,yes,0.092879,0.0930553,finalized
2026-10-04T07:00:15.848989+00:00,KXETH15M-26OCT040300-00,ETH,2026-10-04T07:00:00Z,yes,2692.58,2695.96,determined
2026-10-04T07:00:15.911635+00:00,KXBTC15M-26OCT040300-00,BTC,2026-10-04T07:00:00Z,yes,84952.51,85019.96,finalized
2026-10-04T07:00:16.448653+00:00,KXXRP15M-26OCT040300-00,XRP,2026-10-04T07:00:00Z,yes,1.4936,1.4968,finalized
2026-10-04T07:15:05.401577+00:00,KXSOL15M-26OCT040315-15,SOL,2026-10-04T07:15:00Z,yes,120.9737,121.2093,determined
2026-10-04T07:15:06.024135+00:00,KXETH15M-26OCT040315-15,ETH,2026-10-04T07:15:00Z,no,2695.96,2695.27,determined
2026-10-04T07:15:15.687268+00:00,KXDOGE15M-26OCT040315-15,DOGE,2026-10-04T07:15:00Z,yes,0.093055,0.0932132,finalized
2026-10-04T07:15:15.722887+00:00,KXXRP15M-26OCT040315-15,XRP,2026-10-04T07:15:00Z,yes,1.4968,1.4976,finalized
2026-10-04T07:15:15.759189+00:00,KXBTC15M-26OCT040315-15,BTC,2026-10-04T07:15:00Z,no,85019.96,84983.89,determined
2026-10-04T07:30:06.113399+00:00,KXETH15M-26OCT040330-30,ETH,2026-10-04T07:30:00Z,no,2695.27,2693.13,determined
2026-10-04T07:30:15.718390+00:00,KXDOGE15M-26OCT040330-30,DOGE,2026-10-04T07:30:00Z,no,0.093213,0.0930941,determined
2026-10-04T07:30:15.753390+00:00,KXSOL15M-26OCT040330-30,SOL,2026-10-04T07:30:00Z,no,121.2093,121.1227,finalized
2026-10-04T07:30:15.785889+00:00,KXBTC15M-26OCT040330-30,BTC,2026-10-04T07:30:00Z,no,84983.89,84967.14,determined
2026-10-04T07:30:15.822750+00:00,KXXRP15M-26OCT040330-30,XRP,2026-10-04T07:30:00Z,no,1.4976,1.4957,finalized
2026-10-04T07:45:15.387653+00:00,KXETH15M-26OCT040345-45,ETH,2026-10-04T07:45:00Z,yes,2693.13,2694.66,finalized
2026-10-04T07:45:15.420485+00:00,KXBTC15M-26OCT040345-45,BTC,2026-10-04T07:45:00Z,no,84967.14,84959.41,finalized
2026-10-04T07:45:15.462119+00:00,KXXRP15M-26OCT040345-45,XRP,2026-10-04T07:45:00Z,no,1.4957,1.4948,finalized
2026-10-04T07:45:15.496512+00:00,KXSOL15M-26OCT040345-45,SOL,2026-10-04T07:45:00Z,no,121.1227,120.9945,finalized
2026-10-04T07:45:16.030008+00:00,KXDOGE15M-26OCT040345-45,DOGE,2026-10-04T07:45:00Z,yes,0.093094,0.0931290,finalized
2026-10-04T08:00:05.078701+00:00,KXETH15M-26OCT040400-00,ETH,2026-10-04T08:00:00Z,yes,2694.66,2705.34,determined
2026-10-04T08:00:05.149621+00:00,KXXRP15M-26OCT040400-00,XRP,2026-10-04T08:00:00Z,yes,1.4948,1.4984,determined
2026-10-04T08:00:15.468746+00:00,KXBTC15M-26OCT040400-00,BTC,2026-10-04T08:00:00Z,yes,84959.41,85086.47,finalized
2026-10-04T08:00:15.503897+00:00,KXDOGE15M-26OCT040400-00,DOGE,2026-10-04T08:00:00Z,yes,0.093129,0.0934375,determined
2026-10-04T08:00:16.038632+00:00,KXSOL15M-26OCT040400-00,SOL,2026-10-04T08:00:00Z,yes,120.9945,121.1008,finalized
2026-10-04T08:15:05.410541+00:00,KXBTC15M-26OCT040415-15,BTC,2026-10-04T08:15:00Z,yes,85086.47,85142.88,determined
2026-10-04T08:15:15.818353+00:00,KXDOGE15M-26OCT040415-15,DOGE,2026-10-04T08:15:00Z,no,0.093437,0.0933528,finalized
2026-10-04T08:15:15.854063+00:00,KXXRP15M-26OCT040415-15,XRP,2026-10-04T08:15:00Z,no,1.4984,1.4972,finalized
2026-10-04T08:15:15.889985+00:00,KXSOL15M-26OCT040415-15,SOL,2026-10-04T08:15:00Z,no,121.1008,121.0202,finalized
2026-10-04T08:15:16.477492+00:00,KXETH15M-26OCT040415-15,ETH,2026-10-04T08:15:00Z,no,2705.34,2702.34,finalized
2026-10-04T08:30:05.066957+00:00,KXSOL15M-26OCT040430-30,SOL,2026-10-04T08:30:00Z,yes,121.0202,121.1005,determined
2026-10-04T08:30:05.106183+00:00,KXDOGE15M-26OCT040430-30,DOGE,2026-10-04T08:30:00Z,yes,0.093352,0.0933568,determined
2026-10-04T08:30:05.185402+00:00,KXETH15M-26OCT040430-30,ETH,2026-10-04T08:30:00Z,no,2702.34,2701.33,determined
2026-10-04T08:30:15.382998+00:00,KXXRP15M-26OCT040430-30,XRP,2026-10-04T08:30:00Z,yes,1.4972,1.4976,determined
2026-10-04T08:30:15.915760+00:00,KXBTC15M-26OCT040430-30,BTC,2026-10-04T08:30:00Z,yes,85142.88,85156.97,finalized
2026-10-04T08:45:05.393540+00:00,KXETH15M-26OCT040445-45,ETH,2026-10-04T08:45:00Z,no,2701.33,2698.81,determined
2026-10-04T08:45:05.432697+00:00,KXXRP15M-26OCT040445-45,XRP,2026-10-04T08:45:00Z,no,1.4976,1.4969,determined
2026-10-04T08:45:05.969978+00:00,KXSOL15M-26OCT040445-45,SOL,2026-10-04T08:45:00Z,no,121.1005,120.9178,determined
2026-10-04T08:45:15.599675+00:00,KXDOGE15M-26OCT040445-45,DOGE,2026-10-04T08:45:00Z,no,0.093356,0.0931272,finalized
2026-10-04T08:45:15.634705+00:00,KXBTC15M-26OCT040445-45,BTC,2026-10-04T08:45:00Z,no,85156.97,85066.29,determined
2026-10-04T09:00:15.722567+00:00,KXETH15M-26OCT040500-00,ETH,2026-10-04T09:00:00Z,yes,2698.81,2699.66,finalized
2026-10-04T09:00:15.755370+00:00,KXSOL15M-26OCT040500-00,SOL,2026-10-04T09:00:00Z,yes,120.9178,120.9558,finalized
2026-10-04T09:00:15.786284+00:00,KXDOGE15M-26OCT040500-00,DOGE,2026-10-04T09:00:00Z,yes,0.093127,0.0931458,finalized
2026-10-04T09:00:15.820196+00:00,KXBTC15M-26OCT040500-00,BTC,2026-10-04T09:00:00Z,yes,85066.29,85094.19,determined
2026-10-04T09:00:16.359668+00:00,KXXRP15M-26OCT040500-00,XRP,2026-10-04T09:00:00Z,no,1.4969,1.4955,determined
2026-10-04T09:15:05.416465+00:00,KXSOL15M-26OCT040515-15,SOL,2026-10-04T09:15:00Z,no,120.9558,120.9190,determined
2026-10-04T09:15:05.452311+00:00,KXDOGE15M-26OCT040515-15,DOGE,2026-10-04T09:15:00Z,yes,0.093145,0.0932753,determined
2026-10-04T09:15:06.057713+00:00,KXXRP15M-26OCT040515-15,XRP,2026-10-04T09:15:00Z,yes,1.4955,1.4964,determined
2026-10-04T09:15:15.741201+00:00,KXBTC15M-26OCT040515-15,BTC,2026-10-04T09:15:00Z,yes,85094.19,85121.78,finalized
2026-10-04T09:15:15.772483+00:00,KXETH15M-26OCT040515-15,ETH,2026-10-04T09:15:00Z,no,2699.66,2698.71,determined
2026-10-04T09:30:05.454286+00:00,KXETH15M-26OCT040530-30,ETH,2026-10-04T09:30:00Z,yes,2698.71,2702.37,determined
2026-10-04T09:30:05.488980+00:00,KXXRP15M-26OCT040530-30,XRP,2026-10-04T09:30:00Z,yes,1.4964,1.5014,determined
2026-10-04T09:30:06.064239+00:00,KXBTC15M-26OCT040530-30,BTC,2026-10-04T09:30:00Z,yes,85121.78,85260.53,determined
2026-10-04T09:30:15.757966+00:00,KXSOL15M-26OCT040530-30,SOL,2026-10-04T09:30:00Z,yes,120.919,121.2438,determined
2026-10-04T09:30:15.794270+00:00,KXDOGE15M-26OCT040530-30,DOGE,2026-10-04T09:30:00Z,yes,0.093275,0.0933692,determined
2026-10-04T09:45:05.127651+00:00,KXXRP15M-26OCT040545-45,XRP,2026-10-04T09:45:00Z,no,1.5014,1.5007,determined
2026-10-04T09:45:05.197414+00:00,KXDOGE15M-26OCT040545-45,DOGE,2026-10-04T09:45:00Z,yes,0.093369,0.0934038,determined
2026-10-04T09:45:15.398423+00:00,KXETH15M-26OCT040545-45,ETH,2026-10-04T09:45:00Z,yes,2702.37,2702.79,finalized
2026-10-04T09:45:15.435649+00:00,KXSOL15M-26OCT040545-45,SOL,2026-10-04T09:45:00Z,yes,121.2438,121.2718,finalized
2026-10-04T09:45:15.972608+00:00,KXBTC15M-26OCT040545-45,BTC,2026-10-04T09:45:00Z,yes,85260.53,85267.49,finalized
2026-10-04T10:00:05.086396+00:00,KXDOGE15M-26OCT040600-00,DOGE,2026-10-04T10:00:00Z,no,0.093403,0.0933883,determined
2026-10-04T10:00:05.194616+00:00,KXXRP15M-26OCT040600-00,XRP,2026-10-04T10:00:00Z,no,1.5007,1.4993,determined
2026-10-04T10:00:05.732251+00:00,KXSOL15M-26OCT040600-00,SOL,2026-10-04T10:00:00Z,yes,121.2718,121.3047,determined
2026-10-04T10:00:15.397224+00:00,KXBTC15M-26OCT040600-00,BTC,2026-10-04T10:00:00Z,no,85267.49,85224.20,finalized
2026-10-04T10:00:15.430551+00:00,KXETH15M-26OCT040600-00,ETH,2026-10-04T10:00:00Z,no,2702.79,2701.12,finalized
2026-10-04T10:15:05.093127+00:00,KXBTC15M-26OCT040615-15,BTC,2026-10-04T10:15:00Z,yes,85224.2,85232.28,determined
2026-10-04T10:15:05.178001+00:00,KXSOL15M-26OCT040615-15,SOL,2026-10-04T10:15:00Z,yes,121.3047,121.4617,determined
2026-10-04T10:15:15.402296+00:00,KXETH15M-26OCT040615-15,ETH,2026-10-04T10:15:00Z,yes,2701.12,2701.83,determined
2026-10-04T10:15:15.438049+00:00,KXXRP15M-26OCT040615-15,XRP,2026-10-04T10:15:00Z,yes,1.4993,1.5003,finalized
2026-10-04T10:15:15.973134+00:00,KXDOGE15M-26OCT040615-15,DOGE,2026-10-04T10:15:00Z,no,0.093388,0.0933802,finalized
2026-10-04T10:30:05.429219+00:00,KXETH15M-26OCT040630-30,ETH,2026-10-04T10:30:00Z,yes,2701.83,2705.16,determined
2026-10-04T10:30:05.499559+00:00,KXSOL15M-26OCT040630-30,SOL,2026-10-04T10:30:00Z,no,121.4617,121.2903,determined
2026-10-04T10:30:05.536294+00:00,KXXRP15M-26OCT040630-30,XRP,2026-10-04T10:30:00Z,yes,1.5003,1.5003,determined
2026-10-04T10:30:06.070012+00:00,KXDOGE15M-26OCT040630-30,DOGE,2026-10-04T10:30:00Z,no,0.09338,0.0933734,determined
2026-10-04T10:30:15.723427+00:00,KXBTC15M-26OCT040630-30,BTC,2026-10-04T10:30:00Z,yes,85232.28,85398.04,determined
2026-10-04T10:45:05.628314+00:00,KXDOGE15M-26OCT040645-45,DOGE,2026-10-04T10:45:00Z,yes,0.093373,0.0934551,determined
2026-10-04T10:45:15.923432+00:00,KXETH15M-26OCT040645-45,ETH,2026-10-04T10:45:00Z,no,2705.16,2702.58,determined
2026-10-04T10:45:15.958185+00:00,KXXRP15M-26OCT040645-45,XRP,2026-10-04T10:45:00Z,yes,1.5003,1.5011,determined
2026-10-04T10:45:15.994977+00:00,KXBTC15M-26OCT040645-45,BTC,2026-10-04T10:45:00Z,no,85398.04,85330.13,finalized
2026-10-04T10:45:16.532164+00:00,KXSOL15M-26OCT040645-45,SOL,2026-10-04T10:45:00Z,yes,121.2903,121.3953,finalized
2026-10-04T11:00:05.118475+00:00,KXETH15M-26OCT040700-00,ETH,2026-10-04T11:00:00Z,no,2702.58,2701.20,determined
2026-10-04T11:00:05.204832+00:00,KXSOL15M-26OCT040700-00,SOL,2026-10-04T11:00:00Z,no,121.3953,121.2715,determined
2026-10-04T11:00:05.244177+00:00,KXDOGE15M-26OCT040700-00,DOGE,2026-10-04T11:00:00Z,no,0.093455,0.0933624,determined
2026-10-04T11:00:15.478040+00:00,KXXRP15M-26OCT040700-00,XRP,2026-10-04T11:00:00Z,yes,1.5011,1.5012,finalized
2026-10-04T11:00:16.013004+00:00,KXBTC15M-26OCT040700-00,BTC,2026-10-04T11:00:00Z,no,85330.13,85265.68,finalized
2026-10-04T11:15:05.411440+00:00,KXETH15M-26OCT040715-15,ETH,2026-10-04T11:15:00Z,no,2701.2,2700.74,determined
2026-10-04T11:15:05.447323+00:00,KXDOGE15M-26OCT040715-15,DOGE,2026-10-04T11:15:00Z,yes,0.093362,0.0934000,determined
2026-10-04T11:15:05.983802+00:00,KXXRP15M-26OCT040715-15,XRP,2026-10-04T11:15:00Z,no,1.5012,1.4993,determined
2026-10-04T11:15:15.664982+00:00,KXSOL15M-26OCT040715-15,SOL,2026-10-04T11:15:00Z,yes,121.2715,121.2728,determined
2026-10-04T11:15:15.701304+00:00,KXBTC15M-26OCT040715-15,BTC,2026-10-04T11:15:00Z,no,85265.68,85251.91,finalized
2026-10-04T11:30:05.504546+00:00,KXETH15M-26OCT040730-30,ETH,2026-10-04T11:30:00Z,yes,2700.74,2703.03,determined
2026-10-04T11:30:05.541835+00:00,KXXRP15M-26OCT040730-30,XRP,2026-10-04T11:30:00Z,yes,1.4993,1.4994,determined
2026-10-04T11:30:15.833726+00:00,KXBTC15M-26OCT040730-30,BTC,2026-10-04T11:30:00Z,yes,85251.91,85305.87,finalized
2026-10-04T11:30:15.870505+00:00,KXSOL15M-26OCT040730-30,SOL,2026-10-04T11:30:00Z,yes,121.2728,121.4360,finalized
2026-10-04T11:30:16.407784+00:00,KXDOGE15M-26OCT040730-30,DOGE,2026-10-04T11:30:00Z,yes,0.0934,0.0937150,finalized
2026-10-04T11:45:05.332520+00:00,KXXRP15M-26OCT040745-45,XRP,2026-10-04T11:45:00Z,no,1.4994,1.4973,determined
2026-10-04T11:45:05.380978+00:00,KXSOL15M-26OCT040745-45,SOL,2026-10-04T11:45:00Z,no,121.436,121.1920,determined
2026-10-04T11:45:05.452390+00:00,KXDOGE15M-26OCT040745-45,DOGE,2026-10-04T11:45:00Z,no,0.093715,0.0934336,determined
2026-10-04T11:45:15.616370+00:00,KXBTC15M-26OCT040745-45,BTC,2026-10-04T11:45:00Z,no,85305.87,85263.95,determined
2026-10-04T11:45:16.152758+00:00,KXETH15M-26OCT040745-45,ETH,2026-10-04T11:45:00Z,no,2703.03,2700.03,determined
2026-10-04T12:00:05.505210+00:00,KXXRP15M-26OCT040800-00,XRP,2026-10-04T12:00:00Z,yes,1.4973,1.4986,determined
2026-10-04T12:00:15.834819+00:00,KXBTC15M-26OCT040800-00,BTC,2026-10-04T12:00:00Z,yes,85263.95,85300.70,finalized
2026-10-04T12:00:15.870967+00:00,KXSOL15M-26OCT040800-00,SOL,2026-10-04T12:00:00Z,yes,121.192,121.2338,finalized
2026-10-04T12:00:15.907741+00:00,KXDOGE15M-26OCT040800-00,DOGE,2026-10-04T12:00:00Z,yes,0.093433,0.0934808,finalized
2026-10-04T12:00:16.444757+00:00,KXETH15M-26OCT040800-00,ETH,2026-10-04T12:00:00Z,no,2700.03,2699.63,finalized
2026-10-04T12:15:05.519916+00:00,KXXRP15M-26OCT040815-15,XRP,2026-10-04T12:15:00Z,yes,1.4986,1.4994,determined
2026-10-04T12:15:06.056948+00:00,KXSOL15M-26OCT040815-15,SOL,2026-10-04T12:15:00Z,yes,121.2338,121.4778,determined
2026-10-04T12:15:15.729685+00:00,KXBTC15M-26OCT040815-15,BTC,2026-10-04T12:15:00Z,no,85300.7,85248.80,determined
2026-10-04T12:15:15.791912+00:00,KXETH15M-26OCT040815-15,ETH,2026-10-04T12:15:00Z,no,2699.63,2698.96,determined
2026-10-04T12:15:15.828429+00:00,KXDOGE15M-26OCT040815-15,DOGE,2026-10-04T12:15:00Z,yes,0.09348,0.0935447,determined
2026-10-04T12:30:15.504582+00:00,KXETH15M-26OCT040830-30,ETH,2026-10-04T12:30:00Z,yes,2698.96,2701.57,finalized
2026-10-04T12:30:15.543633+00:00,KXBTC15M-26OCT040830-30,BTC,2026-10-04T12:30:00Z,yes,85248.8,85265.05,finalized
2026-10-04T12:30:15.581236+00:00,KXXRP15M-26OCT040830-30,XRP,2026-10-04T12:30:00Z,yes,1.4994,1.5009,finalized
2026-10-04T12:30:15.617188+00:00,KXSOL15M-26OCT040830-30,SOL,2026-10-04T12:30:00Z,yes,121.4778,121.4812,finalized
2026-10-04T12:30:16.158104+00:00,KXDOGE15M-26OCT040830-30,DOGE,2026-10-04T12:30:00Z,yes,0.093544,0.0935548,determined
2026-10-04T12:45:05.560594+00:00,KXETH15M-26OCT040845-45,ETH,2026-10-04T12:45:00Z,no,2701.57,2699.78,determined
2026-10-04T12:45:05.597810+00:00,KXSOL15M-26OCT040845-45,SOL,2026-10-04T12:45:00Z,yes,121.4812,121.4842,determined
2026-10-04T12:45:05.635822+00:00,KXDOGE15M-26OCT040845-45,DOGE,2026-10-04T12:45:00Z,no,0.093554,0.0934962,determined
2026-10-04T12:45:06.175803+00:00,KXXRP15M-26OCT040845-45,XRP,2026-10-04T12:45:00Z,no,1.5009,1.4997,determined
2026-10-04T12:45:15.851828+00:00,KXBTC15M-26OCT040845-45,BTC,2026-10-04T12:45:00Z,no,85265.05,85203.41,finalized
2026-10-04T13:00:15.652946+00:00,KXETH15M-26OCT040900-00,ETH,2026-10-04T13:00:00Z,no,2699.78,2695.21,finalized
2026-10-04T13:00:15.689963+00:00,KXDOGE15M-26OCT040900-00,DOGE,2026-10-04T13:00:00Z,no,0.093496,0.0934101,finalized
2026-10-04T13:00:15.726893+00:00,KXXRP15M-26OCT040900-00,XRP,2026-10-04T13:00:00Z,no,1.4997,1.4978,finalized
2026-10-04T13:00:15.766188+00:00,KXSOL15M-26OCT040900-00,SOL,2026-10-04T13:00:00Z,no,121.4842,121.3293,determined
2026-10-04T13:00:16.303310+00:00,KXBTC15M-26OCT040900-00,BTC,2026-10-04T13:00:00Z,no,85203.41,85125.56,finalized
2026-10-04T13:15:05.142742+00:00,KXXRP15M-26OCT040915-15,XRP,2026-10-04T13:15:00Z,yes,1.4978,1.4996,determined
2026-10-04T13:15:05.218388+00:00,KXBTC15M-26OCT040915-15,BTC,2026-10-04T13:15:00Z,yes,85125.56,85153.13,determined
2026-10-04T13:15:05.258347+00:00,KXDOGE15M-26OCT040915-15,DOGE,2026-10-04T13:15:00Z,yes,0.09341,0.0934812,determined
2026-10-04T13:15:15.454962+00:00,KXSOL15M-26OCT040915-15,SOL,2026-10-04T13:15:00Z,yes,121.3293,121.4603,determined
2026-10-04T13:15:15.992006+00:00,KXETH15M-26OCT040915-15,ETH,2026-10-04T13:15:00Z,yes,2695.21,2696.85,finalized
2026-10-05T16:45:05.561440+00:00,KXETH15M-26OCT051245-45,ETH,2026-10-05T16:45:00Z,yes,2687.25,2688.99,determined
2026-10-05T16:45:05.907361+00:00,KXXRP15M-26OCT051245-45,XRP,2026-10-05T16:45:00Z,no,1.4893,1.4889,determined
2026-10-05T16:45:06.451010+00:00,KXDOGE15M-26OCT051245-45,DOGE,2026-10-05T16:45:00Z,yes,0.094022,0.0942097,determined
2026-10-05T16:45:15.917175+00:00,KXBTC15M-26OCT051245-45,BTC,2026-10-05T16:45:00Z,yes,85131.8,85164.11,finalized
2026-10-05T16:45:15.949498+00:00,KXSOL15M-26OCT051245-45,SOL,2026-10-05T16:45:00Z,yes,119.0902,119.2538,determined
2026-10-05T16:45:27.364941+00:00,KXSILVER15M-26OCT051245-45,SILVER,2026-10-05T16:45:00Z,yes,60.927,60.993,determined
2026-10-05T16:45:27.403468+00:00,KXWTI15M-26OCT051245-45,WTI,2026-10-05T16:45:00Z,no,90.08,90.03,determined
2026-10-05T16:45:27.948230+00:00,KXCOPPER15M-26OCT051245-45,COPPER,2026-10-05T16:45:00Z,no,6.64276,6.64038,determined
2026-10-05T16:45:27.985606+00:00,KXPLATINUM15M-26OCT051245-45,PLATINUM,2026-10-05T16:45:00Z,yes,1710.979,1714.430,determined
2026-10-05T16:45:28.027565+00:00,KXPALLADIUM15M-26OCT051245-45,PALLADIUM,2026-10-05T16:45:00Z,yes,1174.129,1176.030,determined
2026-10-05T16:45:37.790412+00:00,KXGOLD15M-26OCT051245-45,GOLD,2026-10-05T16:45:00Z,yes,4127.72,4131.33,finalized
2026-10-05T17:00:15.744302+00:00,KXETH15M-26OCT051300-00,ETH,2026-10-05T17:00:00Z,yes,2688.99,2696.59,finalized
2026-10-05T17:00:15.776428+00:00,KXDOGE15M-26OCT051300-00,DOGE,2026-10-05T17:00:00Z,yes,0.094209,0.0945330,finalized
2026-10-05T17:00:16.379746+00:00,KXBTC15M-26OCT051300-00,BTC,2026-10-05T17:00:00Z,yes,85164.11,85305.08,determined
2026-10-05T17:00:16.414141+00:00,KXSOL15M-26OCT051300-00,SOL,2026-10-05T17:00:00Z,yes,119.2538,119.6352,finalized
2026-10-05T17:00:16.948737+00:00,KXXRP15M-26OCT051300-00,XRP,2026-10-05T17:00:00Z,yes,1.4889,1.4916,finalized
2026-10-05T17:00:25.792743+00:00,KXPLATINUM15M-26OCT051300-00,PLATINUM,2026-10-05T17:00:00Z,yes,1714.43,1716.225,determined
2026-10-05T17:00:26.830879+00:00,KXWTI15M-26OCT051300-00,WTI,2026-10-05T17:00:00Z,yes,90.03,90.24,determined
2026-10-05T17:00:26.865244+00:00,KXCOPPER15M-26OCT051300-00,COPPER,2026-10-05T17:00:00Z,no,6.64038,6.63939,determined
2026-10-05T17:00:27.431272+00:00,KXPALLADIUM15M-26OCT051300-00,PALLADIUM,2026-10-05T17:00:00Z,yes,1176.03,1176.937,determined
2026-10-05T17:00:36.187256+00:00,KXSILVER15M-26OCT051300-00,SILVER,2026-10-05T17:00:00Z,yes,60.993,60.994,finalized
2026-10-05T17:00:37.730539+00:00,KXGOLD15M-26OCT051300-00,GOLD,2026-10-05T17:00:00Z,no,4131.33,4130.65,finalized
2026-10-05T17:15:05.238296+00:00,KXDOGE15M-26OCT051315-15,DOGE,2026-10-05T17:15:00Z,no,0.094533,0.0944055,determined
2026-10-05T17:15:05.271927+00:00,KXSOL15M-26OCT051315-15,SOL,2026-10-05T17:15:00Z,no,119.6352,119.5490,determined
2026-10-05T17:15:05.342765+00:00,KXXRP15M-26OCT051315-15,XRP,2026-10-05T17:15:00Z,no,1.4916,1.4909,determined
2026-10-05T17:15:06.591271+00:00,KXBTC15M-26OCT051315-15,BTC,2026-10-05T17:15:00Z,no,85305.08,85250.58,determined
2026-10-05T17:15:15.349069+00:00,KXETH15M-26OCT051315-15,ETH,2026-10-05T17:15:00Z,no,2696.59,2695.76,determined
2026-10-05T17:15:26.826177+00:00,KXGOLD15M-26OCT051315-15,GOLD,2026-10-05T17:15:00Z,no,4130.65,4128.67,determined
2026-10-05T17:15:26.864788+00:00,KXSILVER15M-26OCT051315-15,SILVER,2026-10-05T17:15:00Z,no,60.994,60.943,determined
2026-10-05T17:15:26.900719+00:00,KXPLATINUM15M-26OCT051315-15,PLATINUM,2026-10-05T17:15:00Z,no,1716.225,1713.314,determined
2026-10-05T17:15:26.934655+00:00,KXWTI15M-26OCT051315-15,WTI,2026-10-05T17:15:00Z,no,90.24,90.04,determined
2026-10-05T17:15:27.507179+00:00,KXCOPPER15M-26OCT051315-15,COPPER,2026-10-05T17:15:00Z,no,6.63939,6.63583,determined
2026-10-05T17:15:37.708773+00:00,KXPALLADIUM15M-26OCT051315-15,PALLADIUM,2026-10-05T17:15:00Z,no,1176.937,1175.534,finalized
2026-10-05T17:30:05.305951+00:00,KXBTC15M-26OCT051330-30,BTC,2026-10-05T17:30:00Z,yes,85250.58,85366.38,determined
2026-10-05T17:30:15.776002+00:00,KXETH15M-26OCT051330-30,ETH,2026-10-05T17:30:00Z,yes,2695.76,2700.22,determined
2026-10-05T17:30:16.352754+00:00,KXDOGE15M-26OCT051330-30,DOGE,2026-10-05T17:30:00Z,yes,0.094405,0.0946083,determined
2026-10-05T17:30:16.390141+00:00,KXXRP15M-26OCT051330-30,XRP,2026-10-05T17:30:00Z,yes,1.4909,1.4955,finalized
2026-10-05T17:30:17.046341+00:00,KXSOL15M-26OCT051330-30,SOL,2026-10-05T17:30:00Z,yes,119.549,119.9292,determined
2026-10-05T17:30:25.764231+00:00,KXWTI15M-26OCT051330-30,WTI,2026-10-05T17:30:00Z,no,90.04,90.02,finalized
2026-10-05T17:30:26.301491+00:00,KXPLATINUM15M-26OCT051330-30,PLATINUM,2026-10-05T17:30:00Z,yes,1713.314,1715.812,finalized
2026-10-05T17:30:26.839971+00:00,KXCOPPER15M-26OCT051330-30,COPPER,2026-10-05T17:30:00Z,yes,6.63583,6.64050,finalized
2026-10-05T17:30:26.873175+00:00,KXPALLADIUM15M-26OCT051330-30,PALLADIUM,2026-10-05T17:30:00Z,yes,1175.534,1176.399,finalized
2026-10-05T17:30:27.411400+00:00,KXSILVER15M-26OCT051330-30,SILVER,2026-10-05T17:30:00Z,yes,60.943,60.947,finalized
2026-10-05T17:30:27.446459+00:00,KXGOLD15M-26OCT051330-30,GOLD,2026-10-05T17:30:00Z,yes,4128.67,4129.97,finalized
2026-10-05T17:45:15.505704+00:00,KXDOGE15M-26OCT051345-45,DOGE,2026-10-05T17:45:00Z,yes,0.094608,0.0946401,finalized
2026-10-05T17:45:15.539925+00:00,KXETH15M-26OCT051345-45,ETH,2026-10-05T17:45:00Z,no,2700.22,2699.95,finalized
2026-10-05T17:45:15.572933+00:00,KXBTC15M-26OCT051345-45,BTC,2026-10-05T17:45:00Z,no,85366.38,85319.11,finalized
2026-10-05T17:45:16.675901+00:00,KXXRP15M-26OCT051345-45,XRP,2026-10-05T17:45:00Z,no,1.4955,1.4941,determined
2026-10-05T17:45:17.286382+00:00,KXSOL15M-26OCT051345-45,SOL,2026-10-05T17:45:00Z,no,119.9292,119.8612,finalized
2026-10-05T17:45:25.998389+00:00,KXPALLADIUM15M-26OCT051345-45,PALLADIUM,2026-10-05T17:45:00Z,no,1176.399,1176.243,finalized
2026-10-05T17:45:26.533274+00:00,KXGOLD15M-26OCT051345-45,GOLD,2026-10-05T17:45:00Z,yes,4129.97,4132.35,determined
2026-10-05T17:45:27.070272+00:00,KXPLATINUM15M-26OCT051345-45,PLATINUM,2026-10-05T17:45:00Z,yes,1715.812,1716.728,finalized
2026-10-05T17:45:27.104194+00:00,KXCOPPER15M-26OCT051345-45,COPPER,2026-10-05T17:45:00Z,no,6.6405,6.62905,finalized
2026-10-05T17:45:27.669023+00:00,KXWTI15M-26OCT051345-45,WTI,2026-10-05T17:45:00Z,no,90.02,89.73,finalized
2026-10-05T17:45:37.930090+00:00,KXSILVER15M-26OCT051345-45,SILVER,2026-10-05T17:45:00Z,yes,60.947,60.961,finalized
2026-10-05T18:00:05.245471+00:00,KXETH15M-26OCT051400-00,ETH,2026-10-05T18:00:00Z,yes,2699.95,2705.45,determined
2026-10-05T18:00:15.833058+00:00,KXDOGE15M-26OCT051400-00,DOGE,2026-10-05T18:00:00Z,yes,0.09464,0.0946789,finalized
2026-10-05T18:00:15.878121+00:00,KXBTC15M-26OCT051400-00,BTC,2026-10-05T18:00:00Z,yes,85319.11,85423.41,finalized
2026-10-05T18:00:16.412363+00:00,KXXRP15M-26OCT051400-00,XRP,2026-10-05T18:00:00Z,yes,1.4941,1.4965,determined
2026-10-05T18:00:17.196316+00:00,KXSOL15M-26OCT051400-00,SOL,2026-10-05T18:00:00Z,yes,119.8612,120.0377,finalized
2026-10-05T18:00:26.870700+00:00,KXWTI15M-26OCT051400-00,WTI,2026-10-05T18:00:00Z,yes,89.73,90.00,determined
2026-10-05T18:00:26.905482+00:00,KXPLATINUM15M-26OCT051400-00,PLATINUM,2026-10-05T18:00:00Z,yes,1716.728,1721.172,determined
2026-10-05T18:00:27.507442+00:00,KXCOPPER15M-26OCT051400-00,COPPER,2026-10-05T18:00:00Z,yes,6.62905,6.63892,determined
2026-10-05T18:00:27.544091+00:00,KXSILVER15M-26OCT051400-00,SILVER,2026-10-05T18:00:00Z,yes,60.961,61.031,determined
2026-10-05T18:00:36.176536+00:00,KXPALLADIUM15M-26OCT051400-00,PALLADIUM,2026-10-05T18:00:00Z,yes,1176.243,1178.684,determined
2026-10-05T18:00:37.209077+00:00,KXGOLD15M-26OCT051400-00,GOLD,2026-10-05T18:00:00Z,yes,4132.35,4136.84,finalized
2026-10-05T18:15:05.110210+00:00,KXDOGE15M-26OCT051415-15,DOGE,2026-10-05T18:15:00Z,yes,0.094678,0.0946924,determined
2026-10-05T18:15:05.930257+00:00,KXXRP15M-26OCT051415-15,XRP,2026-10-05T18:15:00Z,yes,1.4965,1.4974,determined
2026-10-05T18:15:06.466456+00:00,KXBTC15M-26OCT051415-15,BTC,2026-10-05T18:15:00Z,yes,85423.41,85432.83,determined
2026-10-05T18:15:06.497122+00:00,KXSOL15M-26OCT051415-15,SOL,2026-10-05T18:15:00Z,no,120.0377,119.9743,determined
2026-10-05T18:15:16.377179+00:00,KXETH15M-26OCT051415-15,ETH,2026-10-05T18:15:00Z,yes,2705.45,2706.49,determined
2026-10-05T18:15:26.094187+00:00,KXSILVER15M-26OCT051415-15,SILVER,2026-10-05T18:15:00Z,yes,61.031,61.097,determined
2026-10-05T18:15:26.710713+00:00,KXWTI15M-26OCT051415-15,WTI,2026-10-05T18:15:00Z,yes,90,90.01,determined
2026-10-05T18:15:27.288751+00:00,KXPALLADIUM15M-26OCT051415-15,PALLADIUM,2026-10-05T18:15:00Z,yes,1178.684,1178.962,finalized
2026-10-05T18:15:36.418587+00:00,KXPLATINUM15M-26OCT051415-15,PLATINUM,2026-10-05T18:15:00Z,yes,1721.172,1722.752,finalized
2026-10-05T18:15:36.460273+00:00,KXGOLD15M-26OCT051415-15,GOLD,2026-10-05T18:15:00Z,no,4136.84,4136.22,finalized
2026-10-05T18:15:37.084742+00:00,KXCOPPER15M-26OCT051415-15,COPPER,2026-10-05T18:15:00Z,no,6.63892,6.63886,finalized
2026-10-05T18:30:06.512246+00:00,KXDOGE15M-26OCT051430-30,DOGE,2026-10-05T18:30:00Z,yes,0.094692,0.0948332,determined
2026-10-05T18:30:16.042373+00:00,KXBTC15M-26OCT051430-30,BTC,2026-10-05T18:30:00Z,yes,85432.83,85579.27,finalized
2026-10-05T18:30:16.085388+00:00,KXSOL15M-26OCT051430-30,SOL,2026-10-05T18:30:00Z,yes,119.9743,120.0573,determined
2026-10-05T18:30:16.127697+00:00,KXXRP15M-26OCT051430-30,XRP,2026-10-05T18:30:00Z,yes,1.4974,1.5001,determined
2026-10-05T18:30:16.700488+00:00,KXETH15M-26OCT051430-30,ETH,2026-10-05T18:30:00Z,yes,2706.49,2708.92,finalized
2026-10-05T18:30:25.457979+00:00,KXSILVER15M-26OCT051430-30,SILVER,2026-10-05T18:30:00Z,yes,61.097,61.104,determined
2026-10-05T18:30:25.499235+00:00,KXWTI15M-26OCT051430-30,WTI,2026-10-05T18:30:00Z,no,90.01,89.32,determined
2026-10-05T18:30:27.350835+00:00,KXCOPPER15M-26OCT051430-30,COPPER,2026-10-05T18:30:00Z,yes,6.63886,6.63954,determined
2026-10-05T18:30:35.597054+00:00,KXPLATINUM15M-26OCT051430-30,PLATINUM,2026-10-05T18:30:00Z,yes,1722.752,1722.852,finalized
2026-10-05T18:30:35.631043+00:00,KXPALLADIUM15M-26OCT051430-30,PALLADIUM,2026-10-05T18:30:00Z,yes,1178.962,1179.485,finalized
2026-10-05T18:30:36.164908+00:00,KXGOLD15M-26OCT051430-30,GOLD,2026-10-05T18:30:00Z,yes,4136.22,4137.29,finalized
2026-10-05T18:45:15.901143+00:00,KXBTC15M-26OCT051445-45,BTC,2026-10-05T18:45:00Z,yes,85579.27,85615.46,finalized
2026-10-05T18:45:15.941989+00:00,KXSOL15M-26OCT051445-45,SOL,2026-10-05T18:45:00Z,no,120.0573,120.0175,determined
2026-10-05T18:45:15.981340+00:00,KXETH15M-26OCT051445-45,ETH,2026-10-05T18:45:00Z,no,2708.92,2707.93,finalized
2026-10-05T18:45:16.622494+00:00,KXDOGE15M-26OCT051445-45,DOGE,2026-10-05T18:45:00Z,no,0.094833,0.0947323,finalized
2026-10-05T18:45:17.746444+00:00,KXXRP15M-26OCT051445-45,XRP,2026-10-05T18:45:00Z,no,1.5001,1.4991,finalized
2026-10-05T18:45:25.941839+00:00,KXPLATINUM15M-26OCT051445-45,PLATINUM,2026-10-05T18:45:00Z,yes,1722.852,1724.291,determined
2026-10-05T18:45:26.982349+00:00,KXWTI15M-26OCT051445-45,WTI,2026-10-05T18:45:00Z,no,89.32,88.96,determined
2026-10-05T18:45:27.055348+00:00,KXPALLADIUM15M-26OCT051445-45,PALLADIUM,2026-10-05T18:45:00Z,yes,1179.485,1179.750,determined
2026-10-05T18:45:28.202145+00:00,KXGOLD15M-26OCT051445-45,GOLD,2026-10-05T18:45:00Z,yes,4137.29,4137.65,determined
2026-10-05T18:45:28.246149+00:00,KXSILVER15M-26OCT051445-45,SILVER,2026-10-05T18:45:00Z,yes,61.104,61.142,finalized
2026-10-05T18:45:37.382783+00:00,KXCOPPER15M-26OCT051445-45,COPPER,2026-10-05T18:45:00Z,yes,6.63954,6.64069,finalized
2026-10-05T19:00:07.257003+00:00,KXDOGE15M-26OCT051500-00,DOGE,2026-10-05T19:00:00Z,yes,0.094732,0.0949340,determined
2026-10-05T19:00:16.195912+00:00,KXBTC15M-26OCT051500-00,BTC,2026-10-05T19:00:00Z,yes,85615.46,85652.99,finalized
2026-10-05T19:00:16.733292+00:00,KXSOL15M-26OCT051500-00,SOL,2026-10-05T19:00:00Z,yes,120.0175,120.0910,determined
2026-10-05T19:00:16.872916+00:00,KXETH15M-26OCT051500-00,ETH,2026-10-05T19:00:00Z,yes,2707.93,2709.97,finalized
2026-10-05T19:00:17.686437+00:00,KXXRP15M-26OCT051500-00,XRP,2026-10-05T19:00:00Z,yes,1.4991,1.4996,finalized
2026-10-05T19:00:26.482365+00:00,KXSILVER15M-26OCT051500-00,SILVER,2026-10-05T19:00:00Z,yes,61.142,61.242,determined
2026-10-05T19:00:26.519140+00:00,KXWTI15M-26OCT051500-00,WTI,2026-10-05T19:00:00Z,no,88.96,88.87,determined
2026-10-05T19:00:27.090092+00:00,KXGOLD15M-26OCT051500-00,GOLD,2026-10-05T19:00:00Z,yes,4137.65,4142.97,determined
2026-10-05T19:00:27.125430+00:00,KXPLATINUM15M-26OCT051500-00,PLATINUM,2026-10-05T19:00:00Z,yes,1724.291,1726.852,determined
2026-10-05T19:00:28.164039+00:00,KXPALLADIUM15M-26OCT051500-00,PALLADIUM,2026-10-05T19:00:00Z,yes,1179.75,1181.320,determined
2026-10-05T19:00:37.100465+00:00,KXCOPPER15M-26OCT051500-00,COPPER,2026-10-05T19:00:00Z,yes,6.64069,6.64383,determined
2026-10-05T19:15:05.875539+00:00,KXSOL15M-26OCT051515-15,SOL,2026-10-05T19:15:00Z,yes,120.091,120.2163,determined
2026-10-05T19:15:06.458893+00:00,KXXRP15M-26OCT051515-15,XRP,2026-10-05T19:15:00Z,yes,1.4996,1.4998,determined
2026-10-05T19:15:15.244096+00:00,KXBTC15M-26OCT051515-15,BTC,2026-10-05T19:15:00Z,yes,85652.99,85684.11,finalized
2026-10-05T19:15:15.937254+00:00,KXETH15M-26OCT051515-15,ETH,2026-10-05T19:15:00Z,yes,2709.97,2710.10,determined
2026-10-05T19:15:15.973685+00:00,KXDOGE15M-26OCT051515-15,DOGE,2026-10-05T19:15:00Z,no,0.094934,0.0948884,finalized
2026-10-05T19:15:25.797801+00:00,KXCOPPER15M-26OCT051515-15,COPPER,2026-10-05T19:15:00Z,yes,6.64383,6.64401,determined
2026-10-05T19:15:27.407432+00:00,KXSILVER15M-26OCT051515-15,SILVER,2026-10-05T19:15:00Z,no,61.242,61.216,determined
2026-10-05T19:15:36.178765+00:00,KXWTI15M-26OCT051515-15,WTI,2026-10-05T19:15:00Z,yes,88.87,89.02,determined
2026-10-05T19:15:36.214105+00:00,KXGOLD15M-26OCT051515-15,GOLD,2026-10-05T19:15:00Z,no,4142.97,4141.63,finalized
2026-10-05T19:15:36.751133+00:00,KXPLATINUM15M-26OCT051515-15,PLATINUM,2026-10-05T19:15:00Z,no,1726.852,1725.542,finalized
2026-10-05T19:15:37.789257+00:00,KXPALLADIUM15M-26OCT051515-15,PALLADIUM,2026-10-05T19:15:00Z,no,1181.32,1180.075,finalized
2026-10-05T19:30:05.226129+00:00,KXSOL15M-26OCT051530-30,SOL,2026-10-05T19:30:00Z,no,120.2163,120.1195,determined
2026-10-05T19:30:05.258852+00:00,KXXRP15M-26OCT051530-30,XRP,2026-10-05T19:30:00Z,yes,1.4998,1.5023,determined
2026-10-05T19:30:05.826393+00:00,KXETH15M-26OCT051530-30,ETH,2026-10-05T19:30:00Z,no,2710.1,2709.94,determined
2026-10-05T19:30:15.210681+00:00,KXBTC15M-26OCT051530-30,BTC,2026-10-05T19:30:00Z,yes,85684.11,85731.12,determined
2026-10-05T19:30:16.886098+00:00,KXDOGE15M-26OCT051530-30,DOGE,2026-10-05T19:30:00Z,yes,0.094888,0.0953390,finalized
2026-10-05T19:30:25.666331+00:00,KXGOLD15M-26OCT051530-30,GOLD,2026-10-05T19:30:00Z,yes,4141.63,4142.35,finalized
2026-10-05T19:30:26.723761+00:00,KXWTI15M-26OCT051530-30,WTI,2026-10-05T19:30:00Z,no,89.02,88.94,finalized
2026-10-05T19:30:26.763566+00:00,KXPLATINUM15M-26OCT051530-30,PLATINUM,2026-10-05T19:30:00Z,no,1725.542,1725.413,finalized
2026-10-05T19:30:26.802849+00:00,KXSILVER15M-26OCT051530-30,SILVER,2026-10-05T19:30:00Z,yes,61.216,61.239,determined
2026-10-05T19:30:27.340899+00:00,KXCOPPER15M-26OCT051530-30,COPPER,2026-10-05T19:30:00Z,yes,6.64401,6.64610,finalized
2026-10-05T19:30:27.382264+00:00,KXPALLADIUM15M-26OCT051530-30,PALLADIUM,2026-10-05T19:30:00Z,no,1180.075,1178.657,finalized
2026-10-05T19:45:05.501666+00:00,KXETH15M-26OCT051545-45,ETH,2026-10-05T19:45:00Z,no,2709.94,2709.73,determined
2026-10-05T19:45:06.130251+00:00,KXBTC15M-26OCT051545-45,BTC,2026-10-05T19:45:00Z,no,85731.12,85718.26,determined
2026-10-05T19:45:06.789719+00:00,KXXRP15M-26OCT051545-45,XRP,2026-10-05T19:45:00Z,no,1.5023,1.5010,determined
2026-10-05T19:45:15.550431+00:00,KXSOL15M-26OCT051545-45,SOL,2026-10-05T19:45:00Z,no,120.1195,120.0882,finalized
2026-10-05T19:45:16.161763+00:00,KXDOGE15M-26OCT051545-45,DOGE,2026-10-05T19:45:00Z,no,0.095339,0.0952444,finalized
2026-10-05T19:45:26.002395+00:00,KXSILVER15M-26OCT051545-45,SILVER,2026-10-05T19:45:00Z,no,61.239,61.176,determined
2026-10-05T19:45:26.036429+00:00,KXWTI15M-26OCT051545-45,WTI,2026-10-05T19:45:00Z,yes,88.94,89.07,determined
2026-10-05T19:45:27.137299+00:00,KXCOPPER15M-26OCT051545-45,COPPER,2026-10-05T19:45:00Z,yes,6.6461,6.64669,determined
2026-10-05T19:45:27.170577+00:00,KXPALLADIUM15M-26OCT051545-45,PALLADIUM,2026-10-05T19:45:00Z,yes,1178.657,1178.853,determined
2026-10-05T19:45:36.864176+00:00,KXPLATINUM15M-26OCT051545-45,PLATINUM,2026-10-05T19:45:00Z,no,1725.413,1724.982,finalized
2026-10-05T19:45:36.901521+00:00,KXGOLD15M-26OCT051545-45,GOLD,2026-10-05T19:45:00Z,yes,4142.35,4142.44,finalized
2026-10-05T20:00:05.889853+00:00,KXXRP15M-26OCT051600-00,XRP,2026-10-05T20:00:00Z,yes,1.501,1.5033,determined
2026-10-05T20:00:15.303266+00:00,KXDOGE15M-26OCT051600-00,DOGE,2026-10-05T20:00:00Z,yes,0.095244,0.0954328,determined
2026-10-05T20:00:15.414986+00:00,KXETH15M-26OCT051600-00,ETH,2026-10-05T20:00:00Z,no,2709.73,2708.66,determined
2026-10-05T20:00:16.487215+00:00,KXBTC15M-26OCT051600-00,BTC,2026-10-05T20:00:00Z,yes,85718.26,85729.81,determined
2026-10-05T20:00:16.524206+00:00,KXSOL15M-26OCT051600-00,SOL,2026-10-05T20:00:00Z,yes,120.0882,120.2302,finalized
2026-10-05T20:00:25.810901+00:00,KXGOLD15M-26OCT051600-00,GOLD,2026-10-05T20:00:00Z,no,4142.44,4140.65,determined
2026-10-05T20:00:25.847759+00:00,KXPLATINUM15M-26OCT051600-00,PLATINUM,2026-10-05T20:00:00Z,no,1724.982,1722.831,determined
2026-10-05T20:00:26.881999+00:00,KXPALLADIUM15M-26OCT051600-00,PALLADIUM,2026-10-05T20:00:00Z,no,1178.853,1177.409,determined
2026-10-05T20:00:27.415475+00:00,KXWTI15M-26OCT051600-00,WTI,2026-10-05T20:00:00Z,yes,89.07,89.24,determined
2026-10-05T20:00:27.469525+00:00,KXCOPPER15M-26OCT051600-00,COPPER,2026-10-05T20:00:00Z,no,6.64669,6.64055,determined
2026-10-05T20:00:27.502005+00:00,KXSILVER15M-26OCT051600-00,SILVER,2026-10-05T20:00:00Z,no,61.176,61.049,determined
2026-10-05T20:15:06.094408+00:00,KXBTC15M-26OCT051615-15,BTC,2026-10-05T20:15:00Z,no,85729.81,85679.51,determined
2026-10-05T20:15:06.797547+00:00,KXXRP15M-26OCT051615-15,XRP,2026-10-05T20:15:00Z,no,1.5033,1.5030,determined
2026-10-05T20:15:15.516550+00:00,KXETH15M-26OCT051615-15,ETH,2026-10-05T20:15:00Z,no,2708.66,2707.29,finalized
2026-10-05T20:15:15.553329+00:00,KXDOGE15M-26OCT051615-15,DOGE,2026-10-05T20:15:00Z,yes,0.095432,0.0957214,finalized
2026-10-05T20:15:16.803763+00:00,KXSOL15M-26OCT051615-15,SOL,2026-10-05T20:15:00Z,no,120.2302,120.1852,finalized
2026-10-05T20:15:26.027484+00:00,KXGOLD15M-26OCT051615-15,GOLD,2026-10-05T20:15:00Z,no,4140.65,4138.95,determined
2026-10-05T20:15:26.066352+00:00,KXPLATINUM15M-26OCT051615-15,PLATINUM,2026-10-05T20:15:00Z,no,1722.831,1722.084,finalized
2026-10-05T20:15:27.103473+00:00,KXSILVER15M-26OCT051615-15,SILVER,2026-10-05T20:15:00Z,yes,61.049,61.077,finalized
2026-10-05T20:15:27.139755+00:00,KXWTI15M-26OCT051615-15,WTI,2026-10-05T20:15:00Z,yes,89.24,89.33,finalized
2026-10-05T20:15:27.175550+00:00,KXCOPPER15M-26OCT051615-15,COPPER,2026-10-05T20:15:00Z,no,6.64055,6.64039,finalized
2026-10-05T20:15:27.713974+00:00,KXPALLADIUM15M-26OCT051615-15,PALLADIUM,2026-10-05T20:15:00Z,no,1177.409,1176.772,finalized
2026-10-05T20:30:05.468803+00:00,KXBTC15M-26OCT051630-30,BTC,2026-10-05T20:30:00Z,yes,85679.51,85770.80,determined
2026-10-05T20:30:06.036089+00:00,KXETH15M-26OCT051630-30,ETH,2026-10-05T20:30:00Z,yes,2707.29,2711.34,determined
2026-10-05T20:30:06.104882+00:00,KXDOGE15M-26OCT051630-30,DOGE,2026-10-05T20:30:00Z,yes,0.095721,0.0957426,determined
2026-10-05T20:30:16.080352+00:00,KXSOL15M-26OCT051630-30,SOL,2026-10-05T20:30:00Z,yes,120.1852,120.2298,finalized
2026-10-05T20:30:16.114350+00:00,KXXRP15M-26OCT051630-30,XRP,2026-10-05T20:30:00Z,yes,1.503,1.5036,finalized
2026-10-05T20:30:25.899810+00:00,KXSILVER15M-26OCT051630-30,SILVER,2026-10-05T20:30:00Z,yes,61.077,61.087,determined
2026-10-05T20:30:25.936160+00:00,KXWTI15M-26OCT051630-30,WTI,2026-10-05T20:30:00Z,no,89.33,89.19,finalized
2026-10-05T20:30:27.530565+00:00,KXGOLD15M-26OCT051630-30,GOLD,2026-10-05T20:30:00Z,yes,4138.95,4141.07,finalized
2026-10-05T20:30:27.563970+00:00,KXPALLADIUM15M-26OCT051630-30,PALLADIUM,2026-10-05T20:30:00Z,yes,1176.772,1177.162,finalized
2026-10-05T20:30:27.598932+00:00,KXCOPPER15M-26OCT051630-30,COPPER,2026-10-05T20:30:00Z,no,6.64039,6.63800,finalized
2026-10-05T20:30:36.303017+00:00,KXPLATINUM15M-26OCT051630-30,PLATINUM,2026-10-05T20:30:00Z,yes,1722.084,1722.468,finalized
2026-10-05T20:45:05.069276+00:00,KXDOGE15M-26OCT051645-45,DOGE,2026-10-05T20:45:00Z,no,0.095742,0.0957314,determined
2026-10-05T20:45:06.367529+00:00,KXBTC15M-26OCT051645-45,BTC,2026-10-05T20:45:00Z,yes,85770.8,85787.94,determined
2026-10-05T20:45:15.660791+00:00,KXETH15M-26OCT051645-45,ETH,2026-10-05T20:45:00Z,yes,2711.34,2713.78,finalized
2026-10-05T20:45:16.253319+00:00,KXSOL15M-26OCT051645-45,SOL,2026-10-05T20:45:00Z,yes,120.2298,120.4745,finalized
2026-10-05T20:45:16.289627+00:00,KXXRP15M-26OCT051645-45,XRP,2026-10-05T20:45:00Z,yes,1.5036,1.5050,finalized
2026-10-05T20:45:26.131162+00:00,KXCOPPER15M-26OCT051645-45,COPPER,2026-10-05T20:45:00Z,no,6.638,6.63795,finalized
2026-10-05T20:45:26.169420+00:00,KXPALLADIUM15M-26OCT051645-45,PALLADIUM,2026-10-05T20:45:00Z,yes,1177.162,1177.300,finalized
2026-10-05T20:45:26.709073+00:00,KXWTI15M-26OCT051645-45,WTI,2026-10-05T20:45:00Z,no,89.19,89.15,determined
2026-10-05T20:45:26.744717+00:00,KXGOLD15M-26OCT051645-45,GOLD,2026-10-05T20:45:00Z,no,4141.07,4140.12,finalized
2026-10-05T20:45:27.286945+00:00,KXPLATINUM15M-26OCT051645-45,PLATINUM,2026-10-05T20:45:00Z,yes,1722.468,1723.330,finalized
2026-10-05T20:45:27.328592+00:00,KXSILVER15M-26OCT051645-45,SILVER,2026-10-05T20:45:00Z,no,61.087,61.066,finalized
2026-10-05T21:00:05.039314+00:00,KXETH15M-26OCT051700-00,ETH,2026-10-05T21:00:00Z,no,2713.78,2713.14,determined
2026-10-05T21:00:05.722346+00:00,KXXRP15M-26OCT051700-00,XRP,2026-10-05T21:00:00Z,yes,1.505,1.5054,determined
2026-10-05T21:00:06.478096+00:00,KXSOL15M-26OCT051700-00,SOL,2026-10-05T21:00:00Z,yes,120.4745,120.6502,determined
2026-10-05T21:00:15.582282+00:00,KXDOGE15M-26OCT051700-00,DOGE,2026-10-05T21:00:00Z,no,0.095731,0.0956582,determined
2026-10-05T21:00:16.193058+00:00,KXBTC15M-26OCT051700-00,BTC,2026-10-05T21:00:00Z,yes,85787.94,85791.70,finalized
2026-10-05T21:00:26.042575+00:00,KXWTI15M-26OCT051700-00,WTI,2026-10-05T21:00:00Z,yes,89.15,89.28,finalized
2026-10-05T21:00:26.082736+00:00,KXCOPPER15M-26OCT051700-00,COPPER,2026-10-05T21:00:00Z,no,6.63795,6.63273,finalized
2026-10-05T21:00:26.655402+00:00,KXSILVER15M-26OCT051700-00,SILVER,2026-10-05T21:00:00Z,yes,61.066,61.070,finalized
2026-10-05T21:00:27.301748+00:00,KXPLATINUM15M-26OCT051700-00,PLATINUM,2026-10-05T21:00:00Z,yes,1723.33,1725.216,finalized
2026-10-05T21:00:27.337195+00:00,KXPALLADIUM15M-26OCT051700-00,PALLADIUM,2026-10-05T21:00:00Z,no,1177.3,1176.744,finalized
2026-10-05T21:00:36.953622+00:00,KXGOLD15M-26OCT051700-00,GOLD,2026-10-05T21:00:00Z,yes,4140.12,4140.31,finalized
2026-10-05T21:15:05.405320+00:00,KXBTC15M-26OCT051715-15,BTC,2026-10-05T21:15:00Z,no,85791.7,85733.20,determined
2026-10-05T21:15:05.472676+00:00,KXDOGE15M-26OCT051715-15,DOGE,2026-10-05T21:15:00Z,no,0.095658,0.0954978,determined
2026-10-05T21:15:05.509451+00:00,KXSOL15M-26OCT051715-15,SOL,2026-10-05T21:15:00Z,yes,120.6502,120.7178,determined
2026-10-05T21:15:15.794269+00:00,KXXRP15M-26OCT051715-15,XRP,2026-10-05T21:15:00Z,no,1.5054,1.5046,finalized
2026-10-05T21:15:16.327658+00:00,KXETH15M-26OCT051715-15,ETH,2026-10-05T21:15:00Z,no,2713.14,2711.58,determined
2026-10-05T21:15:36.748091+00:00,KXWTI15M-26OCT051715-15,WTI,2026-10-05T21:15:00Z,yes,89.28,89.33,finalized
2026-10-05T21:30:06.128999+00:00,KXXRP15M-26OCT051730-30,XRP,2026-10-05T21:30:00Z,yes,1.5046,1.5051,determined
2026-10-05T21:30:15.863748+00:00,KXSOL15M-26OCT051730-30,SOL,2026-10-05T21:30:00Z,no,120.7178,120.6882,determined
2026-10-05T21:30:15.922865+00:00,KXDOGE15M-26OCT051730-30,DOGE,2026-10-05T21:30:00Z,yes,0.095497,0.0955915,finalized
2026-10-05T21:30:15.996229+00:00,KXETH15M-26OCT051730-30,ETH,2026-10-05T21:30:00Z,yes,2711.58,2713.56,finalized
2026-10-05T21:30:16.533673+00:00,KXBTC15M-26OCT051730-30,BTC,2026-10-05T21:30:00Z,yes,85733.2,85805.68,finalized
2026-10-05T21:30:36.513541+00:00,KXWTI15M-26OCT051730-30,WTI,2026-10-05T21:30:00Z,no,89.33,89.05,finalized
2026-10-05T21:45:05.263715+00:00,KXDOGE15M-26OCT051745-45,DOGE,2026-10-05T21:45:00Z,yes,0.095591,0.0956266,determined
2026-10-05T21:45:05.844136+00:00,KXETH15M-26OCT051745-45,ETH,2026-10-05T21:45:00Z,yes,2713.56,2715.55,determined
2026-10-05T21:45:05.880667+00:00,KXBTC15M-26OCT051745-45,BTC,2026-10-05T21:45:00Z,yes,85805.68,85912.96,determined
2026-10-05T21:45:15.619966+00:00,KXSOL15M-26OCT051745-45,SOL,2026-10-05T21:45:00Z,yes,120.6882,120.6977,determined
2026-10-05T21:45:15.654460+00:00,KXXRP15M-26OCT051745-45,XRP,2026-10-05T21:45:00Z,yes,1.5051,1.5065,finalized
2026-10-05T21:45:25.910339+00:00,KXWTI15M-26OCT051745-45,WTI,2026-10-05T21:45:00Z,no,89.05,88.90,determined
2026-10-05T22:00:05.367721+00:00,KXETH15M-26OCT051800-00,ETH,2026-10-05T22:00:00Z,yes,2715.55,2717.89,determined
2026-10-05T22:00:15.684528+00:00,KXBTC15M-26OCT051800-00,BTC,2026-10-05T22:00:00Z,yes,85912.96,85952.42,determined
2026-10-05T22:00:15.719914+00:00,KXSOL15M-26OCT051800-00,SOL,2026-10-05T22:00:00Z,yes,120.6977,120.7980,finalized
2026-10-05T22:00:15.750736+00:00,KXDOGE15M-26OCT051800-00,DOGE,2026-10-05T22:00:00Z,yes,0.095626,0.0957422,finalized
2026-10-05T22:00:16.315063+00:00,KXXRP15M-26OCT051800-00,XRP,2026-10-05T22:00:00Z,yes,1.5065,1.5081,finalized
2026-10-05T22:00:26.512340+00:00,KXWTI15M-26OCT051800-00,WTI,2026-10-05T22:00:00Z,yes,88.9,89.09,determined
2026-10-05T22:15:05.511295+00:00,KXETH15M-26OCT051815-15,ETH,2026-10-05T22:15:00Z,yes,2717.89,2719.04,determined
2026-10-05T22:15:06.117328+00:00,KXXRP15M-26OCT051815-15,XRP,2026-10-05T22:15:00Z,yes,1.5081,1.5146,determined
2026-10-05T22:15:15.862131+00:00,KXBTC15M-26OCT051815-15,BTC,2026-10-05T22:15:00Z,yes,85952.42,85962.14,finalized
2026-10-05T22:15:15.898269+00:00,KXDOGE15M-26OCT051815-15,DOGE,2026-10-05T22:15:00Z,yes,0.095742,0.0959874,finalized
2026-10-05T22:15:15.940422+00:00,KXSOL15M-26OCT051815-15,SOL,2026-10-05T22:15:00Z,yes,120.798,121.5132,finalized
2026-10-05T22:15:26.697654+00:00,KXWTI15M-26OCT051815-15,WTI,2026-10-05T22:15:00Z,yes,89.09,89.27,finalized
2026-10-05T22:30:15.146310+00:00,KXBTC15M-26OCT051830-30,BTC,2026-10-05T22:30:00Z,yes,85962.14,85978.33,finalized
2026-10-05T22:30:15.259768+00:00,KXXRP15M-26OCT051830-30,XRP,2026-10-05T22:30:00Z,no,1.5146,1.5120,finalized
2026-10-05T22:30:15.836017+00:00,KXSOL15M-26OCT051830-30,SOL,2026-10-05T22:30:00Z,no,121.5132,121.4182,finalized
2026-10-05T22:30:15.903689+00:00,KXETH15M-26OCT051830-30,ETH,2026-10-05T22:30:00Z,no,2719.04,2716.09,finalized
2026-10-05T22:30:16.581283+00:00,KXDOGE15M-26OCT051830-30,DOGE,2026-10-05T22:30:00Z,no,0.095987,0.0959564,finalized
2026-10-05T22:30:25.267360+00:00,KXCOPPER15M-26OCT051830-30,COPPER,2026-10-05T22:30:00Z,yes,6.64074,6.64238,determined
2026-10-05T22:30:25.304109+00:00,KXPALLADIUM15M-26OCT051830-30,PALLADIUM,2026-10-05T22:30:00Z,yes,1179.977,1181.602,determined
2026-10-05T22:30:26.385702+00:00,KXWTI15M-26OCT051830-30,WTI,2026-10-05T22:30:00Z,no,89.27,89.24,determined
2026-10-05T22:30:26.923786+00:00,KXSILVER15M-26OCT051830-30,SILVER,2026-10-05T22:30:00Z,yes,61.086,61.132,determined
2026-10-05T22:30:26.960562+00:00,KXPLATINUM15M-26OCT051830-30,PLATINUM,2026-10-05T22:30:00Z,yes,1726.541,1727.983,determined
2026-10-05T22:30:36.157066+00:00,KXGOLD15M-26OCT051830-30,GOLD,2026-10-05T22:30:00Z,no,4143.06,4142.83,determined
2026-10-05T22:45:05.759421+00:00,KXXRP15M-26OCT051845-45,XRP,2026-10-05T22:45:00Z,no,1.512,1.5119,determined
2026-10-05T22:45:15.165444+00:00,KXSOL15M-26OCT051845-45,SOL,2026-10-05T22:45:00Z,no,121.4182,121.1672,determined
2026-10-05T22:45:15.201788+00:00,KXETH15M-26OCT051845-45,ETH,2026-10-05T22:45:00Z,yes,2716.09,2716.48,finalized
2026-10-05T22:45:15.238414+00:00,KXDOGE15M-26OCT051845-45,DOGE,2026-10-05T22:45:00Z,no,0.095956,0.0958341,finalized
2026-10-05T22:45:16.924250+00:00,KXBTC15M-26OCT051845-45,BTC,2026-10-05T22:45:00Z,no,85978.33,85963.60,determined
2026-10-05T22:45:25.951013+00:00,KXGOLD15M-26OCT051845-45,GOLD,2026-10-05T22:45:00Z,yes,4142.83,4144.31,determined
2026-10-05T22:45:26.523838+00:00,KXPALLADIUM15M-26OCT051845-45,PALLADIUM,2026-10-05T22:45:00Z,no,1181.602,1180.950,determined
2026-10-05T22:45:35.780986+00:00,KXCOPPER15M-26OCT051845-45,COPPER,2026-10-05T22:45:00Z,no,6.64238,6.64180,determined
2026-10-05T22:45:36.316520+00:00,KXWTI15M-26OCT051845-45,WTI,2026-10-05T22:45:00Z,yes,89.24,89.24,determined
2026-10-05T22:45:37.357646+00:00,KXSILVER15M-26OCT051845-45,SILVER,2026-10-05T22:45:00Z,yes,61.132,61.138,finalized
2026-10-05T22:45:37.396027+00:00,KXPLATINUM15M-26OCT051845-45,PLATINUM,2026-10-05T22:45:00Z,no,1727.983,1727.267,determined
2026-10-05T23:00:05.607127+00:00,KXXRP15M-26OCT051900-00,XRP,2026-10-05T23:00:00Z,no,1.5119,1.5108,determined
2026-10-05T23:00:06.920101+00:00,KXBTC15M-26OCT051900-00,BTC,2026-10-05T23:00:00Z,no,85963.6,85925.79,determined
2026-10-05T23:00:15.635911+00:00,KXSOL15M-26OCT051900-00,SOL,2026-10-05T23:00:00Z,no,121.1672,121.0112,finalized
2026-10-05T23:00:15.671729+00:00,KXETH15M-26OCT051900-00,ETH,2026-10-05T23:00:00Z,no,2716.48,2715.72,determined
2026-10-05T23:00:17.072755+00:00,KXDOGE15M-26OCT051900-00,DOGE,2026-10-05T23:00:00Z,no,0.095834,0.0956643,determined
2026-10-05T23:00:25.885935+00:00,KXWTI15M-26OCT051900-00,WTI,2026-10-05T23:00:00Z,no,89.24,89.22,finalized
2026-10-05T23:00:27.512615+00:00,KXGOLD15M-26OCT051900-00,GOLD,2026-10-05T23:00:00Z,no,4144.31,4140.94,finalized
2026-10-05T23:00:27.551774+00:00,KXCOPPER15M-26OCT051900-00,COPPER,2026-10-05T23:00:00Z,no,6.6418,6.64094,finalized
2026-10-05T23:00:27.609269+00:00,KXPLATINUM15M-26OCT051900-00,PLATINUM,2026-10-05T23:00:00Z,no,1727.267,1724.235,finalized
2026-10-05T23:00:28.145413+00:00,KXSILVER15M-26OCT051900-00,SILVER,2026-10-05T23:00:00Z,no,61.138,61.097,finalized
2026-10-05T23:00:28.182311+00:00,KXPALLADIUM15M-26OCT051900-00,PALLADIUM,2026-10-05T23:00:00Z,no,1180.95,1179.667,finalized
2026-10-05T23:15:05.496351+00:00,KXSOL15M-26OCT051915-15,SOL,2026-10-05T23:15:00Z,no,121.0112,120.8223,determined
2026-10-05T23:15:05.571141+00:00,KXXRP15M-26OCT051915-15,XRP,2026-10-05T23:15:00Z,no,1.5108,1.5089,determined
2026-10-05T23:15:16.178948+00:00,KXBTC15M-26OCT051915-15,BTC,2026-10-05T23:15:00Z,no,85925.79,85868.65,finalized
2026-10-05T23:15:16.216628+00:00,KXDOGE15M-26OCT051915-15,DOGE,2026-10-05T23:15:00Z,no,0.095664,0.0955568,finalized
2026-10-05T23:15:17.362776+00:00,KXETH15M-26OCT051915-15,ETH,2026-10-05T23:15:00Z,no,2715.72,2714.24,finalized
2026-10-05T23:15:26.068744+00:00,KXPLATINUM15M-26OCT051915-15,PLATINUM,2026-10-05T23:15:00Z,no,1724.235,1717.680,finalized
2026-10-05T23:15:26.105883+00:00,KXGOLD15M-26OCT051915-15,GOLD,2026-10-05T23:15:00Z,no,4140.94,4138.61,finalized
2026-10-05T23:15:26.645713+00:00,KXSILVER15M-26OCT051915-15,SILVER,2026-10-05T23:15:00Z,no,61.097,61.025,finalized
2026-10-05T23:15:27.222605+00:00,KXWTI15M-26OCT051915-15,WTI,2026-10-05T23:15:00Z,yes,89.22,89.22,finalized
2026-10-05T23:15:27.756226+00:00,KXPALLADIUM15M-26OCT051915-15,PALLADIUM,2026-10-05T23:15:00Z,no,1179.667,1177.483,finalized
2026-10-05T23:15:37.002164+00:00,KXCOPPER15M-26OCT051915-15,COPPER,2026-10-05T23:15:00Z,no,6.64094,6.63920,finalized
2026-10-05T23:30:05.469864+00:00,KXBTC15M-26OCT051930-30,BTC,2026-10-05T23:30:00Z,yes,85868.65,85917.79,determined
2026-10-05T23:30:06.008592+00:00,KXSOL15M-26OCT051930-30,SOL,2026-10-05T23:30:00Z,no,120.8223,120.8158,determined
2026-10-05T23:30:06.048708+00:00,KXXRP15M-26OCT051930-30,XRP,2026-10-05T23:30:00Z,yes,1.5089,1.5103,determined
2026-10-05T23:30:06.729946+00:00,KXETH15M-26OCT051930-30,ETH,2026-10-05T23:30:00Z,yes,2714.24,2715.65,determined
2026-10-05T23:30:15.458640+00:00,KXDOGE15M-26OCT051930-30,DOGE,2026-10-05T23:30:00Z,no,0.095556,0.0955533,finalized
2026-10-05T23:30:25.574154+00:00,KXWTI15M-26OCT051930-30,WTI,2026-10-05T23:30:00Z,no,89.22,89.17,determined
2026-10-05T23:30:25.609719+00:00,KXCOPPER15M-26OCT051930-30,COPPER,2026-10-05T23:30:00Z,yes,6.6392,6.64183,determined
2026-10-05T23:30:27.779412+00:00,KXSILVER15M-26OCT051930-30,SILVER,2026-10-05T23:30:00Z,yes,61.025,61.075,determined
2026-10-05T23:30:27.811530+00:00,KXPALLADIUM15M-26OCT051930-30,PALLADIUM,2026-10-05T23:30:00Z,no,1177.483,1177.230,determined
2026-10-05T23:30:36.921921+00:00,KXGOLD15M-26OCT051930-30,GOLD,2026-10-05T23:30:00Z,yes,4138.61,4140.24,finalized
2026-10-05T23:30:36.964179+00:00,KXPLATINUM15M-26OCT051930-30,PLATINUM,2026-10-05T23:30:00Z,yes,1717.68,1720.951,finalized
2026-10-05T23:45:06.198442+00:00,KXDOGE15M-26OCT051945-45,DOGE,2026-10-05T23:45:00Z,no,0.095553,0.0955215,determined
2026-10-05T23:45:16.204362+00:00,KXSOL15M-26OCT051945-45,SOL,2026-10-05T23:45:00Z,no,120.8158,120.7687,finalized
2026-10-05T23:45:16.240197+00:00,KXETH15M-26OCT051945-45,ETH,2026-10-05T23:45:00Z,no,2715.65,2714.14,finalized
2026-10-05T23:45:16.274057+00:00,KXXRP15M-26OCT051945-45,XRP,2026-10-05T23:45:00Z,no,1.5103,1.5098,finalized
2026-10-05T23:45:16.881279+00:00,KXBTC15M-26OCT051945-45,BTC,2026-10-05T23:45:00Z,no,85917.79,85831.89,finalized
2026-10-05T23:45:25.639191+00:00,KXSILVER15M-26OCT051945-45,SILVER,2026-10-05T23:45:00Z,no,61.075,60.998,finalized
2026-10-05T23:45:25.676387+00:00,KXCOPPER15M-26OCT051945-45,COPPER,2026-10-05T23:45:00Z,no,6.64183,6.64126,finalized
2026-10-05T23:45:25.713664+00:00,KXGOLD15M-26OCT051945-45,GOLD,2026-10-05T23:45:00Z,no,4140.24,4137.09,determined
2026-10-05T23:45:25.777415+00:00,KXWTI15M-26OCT051945-45,WTI,2026-10-05T23:45:00Z,yes,89.17,89.17,finalized
2026-10-05T23:45:27.314892+00:00,KXPLATINUM15M-26OCT051945-45,PLATINUM,2026-10-05T23:45:00Z,no,1720.951,1720.590,finalized
2026-10-05T23:45:27.353113+00:00,KXPALLADIUM15M-26OCT051945-45,PALLADIUM,2026-10-05T23:45:00Z,no,1177.23,1176.300,finalized
2026-10-06T00:00:05.999253+00:00,KXXRP15M-26OCT052000-00,XRP,2026-10-06T00:00:00Z,no,1.5098,1.5077,determined
2026-10-06T00:00:15.476933+00:00,KXBTC15M-26OCT052000-00,BTC,2026-10-06T00:00:00Z,no,85831.89,85776.00,finalized
2026-10-06T00:00:16.160363+00:00,KXSOL15M-26OCT052000-00,SOL,2026-10-06T00:00:00Z,yes,120.7687,120.7718,finalized
2026-10-06T00:00:16.696139+00:00,KXETH15M-26OCT052000-00,ETH,2026-10-06T00:00:00Z,no,2714.14,2710.59,finalized
2026-10-06T00:00:16.731633+00:00,KXDOGE15M-26OCT052000-00,DOGE,2026-10-06T00:00:00Z,no,0.095521,0.0954528,finalized
2026-10-06T00:00:25.488504+00:00,KXSILVER15M-26OCT052000-00,SILVER,2026-10-06T00:00:00Z,no,60.998,60.927,finalized
2026-10-06T00:00:26.027703+00:00,KXWTI15M-26OCT052000-00,WTI,2026-10-06T00:00:00Z,yes,89.17,89.21,determined
2026-10-06T00:00:26.066673+00:00,KXCOPPER15M-26OCT052000-00,COPPER,2026-10-06T00:00:00Z,no,6.64126,6.64006,finalized
2026-10-06T00:00:26.608004+00:00,KXPLATINUM15M-26OCT052000-00,PLATINUM,2026-10-06T00:00:00Z,no,1720.59,1720.506,finalized
2026-10-06T00:00:26.650755+00:00,KXPALLADIUM15M-26OCT052000-00,PALLADIUM,2026-10-06T00:00:00Z,yes,1176.3,1177.050,finalized
2026-10-06T00:00:27.188844+00:00,KXGOLD15M-26OCT052000-00,GOLD,2026-10-06T00:00:00Z,no,4137.09,4134.56,finalized
2026-10-06T00:15:05.439867+00:00,KXETH15M-26OCT052015-15,ETH,2026-10-06T00:15:00Z,yes,2710.59,2713.86,determined
2026-10-06T00:15:05.508997+00:00,KXDOGE15M-26OCT052015-15,DOGE,2026-10-06T00:15:00Z,no,0.095452,0.0954214,determined
2026-10-06T00:15:06.115774+00:00,KXSOL15M-26OCT052015-15,SOL,2026-10-06T00:15:00Z,yes,120.7718,120.8917,determined
2026-10-06T00:15:06.732799+00:00,KXXRP15M-26OCT052015-15,XRP,2026-10-06T00:15:00Z,yes,1.5077,1.5083,determined
2026-10-06T00:15:16.589665+00:00,KXBTC15M-26OCT052015-15,BTC,2026-10-06T00:15:00Z,yes,85776,85845.19,determined
2026-10-06T00:15:26.381367+00:00,KXSILVER15M-26OCT052015-15,SILVER,2026-10-06T00:15:00Z,yes,60.927,60.945,finalized
2026-10-06T00:15:26.424312+00:00,KXGOLD15M-26OCT052015-15,GOLD,2026-10-06T00:15:00Z,yes,4134.56,4136.16,finalized
2026-10-06T00:15:26.965123+00:00,KXWTI15M-26OCT052015-15,WTI,2026-10-06T00:15:00Z,no,89.21,89.19,finalized
2026-10-06T00:15:27.030014+00:00,KXPLATINUM15M-26OCT052015-15,PLATINUM,2026-10-06T00:15:00Z,yes,1720.506,1721.037,finalized
2026-10-06T00:15:27.570631+00:00,KXPALLADIUM15M-26OCT052015-15,PALLADIUM,2026-10-06T00:15:00Z,yes,1177.05,1177.800,finalized
2026-10-06T00:15:27.607395+00:00,KXCOPPER15M-26OCT052015-15,COPPER,2026-10-06T00:15:00Z,yes,6.64006,6.64564,finalized
2026-10-06T00:30:05.545199+00:00,KXSOL15M-26OCT052030-30,SOL,2026-10-06T00:30:00Z,no,120.8917,120.8587,determined
2026-10-06T00:30:06.166495+00:00,KXXRP15M-26OCT052030-30,XRP,2026-10-06T00:30:00Z,yes,1.5083,1.5084,determined
2026-10-06T00:30:06.787319+00:00,KXBTC15M-26OCT052030-30,BTC,2026-10-06T00:30:00Z,no,85845.19,85828.14,determined
2026-10-06T00:30:15.586260+00:00,KXDOGE15M-26OCT052030-30,DOGE,2026-10-06T00:30:00Z,no,0.095421,0.0952963,finalized
2026-10-06T00:30:16.291056+00:00,KXETH15M-26OCT052030-30,ETH,2026-10-06T00:30:00Z,no,2713.86,2713.18,determined
2026-10-06T00:30:26.032389+00:00,KXPALLADIUM15M-26OCT052030-30,PALLADIUM,2026-10-06T00:30:00Z,yes,1177.8,1179.546,finalized
2026-10-06T00:30:26.069578+00:00,KXGOLD15M-26OCT052030-30,GOLD,2026-10-06T00:30:00Z,yes,4136.16,4141.01,finalized
2026-10-06T00:30:26.607598+00:00,KXCOPPER15M-26OCT052030-30,COPPER,2026-10-06T00:30:00Z,yes,6.64564,6.65447,finalized
2026-10-06T00:30:26.645975+00:00,KXPLATINUM15M-26OCT052030-30,PLATINUM,2026-10-06T00:30:00Z,yes,1721.037,1725.237,determined
2026-10-06T00:30:27.687704+00:00,KXWTI15M-26OCT052030-30,WTI,2026-10-06T00:30:00Z,yes,89.19,89.29,finalized
2026-10-06T00:30:27.726446+00:00,KXSILVER15M-26OCT052030-30,SILVER,2026-10-06T00:30:00Z,yes,60.945,61.054,finalized
2026-10-06T00:45:05.340467+00:00,KXXRP15M-26OCT052045-45,XRP,2026-10-06T00:45:00Z,no,1.5084,1.5066,determined
2026-10-06T00:45:05.448440+00:00,KXBTC15M-26OCT052045-45,BTC,2026-10-06T00:45:00Z,no,85828.14,85795.29,determined
2026-10-06T00:45:05.983264+00:00,KXSOL15M-26OCT052045-45,SOL,2026-10-06T00:45:00Z,no,120.8587,120.8372,determined
2026-10-06T00:45:06.648613+00:00,KXDOGE15M-26OCT052045-45,DOGE,2026-10-06T00:45:00Z,no,0.095296,0.0952091,determined
2026-10-06T00:45:16.462456+00:00,KXETH15M-26OCT052045-45,ETH,2026-10-06T00:45:00Z,no,2713.18,2712.41,finalized
2026-10-06T00:45:26.393354+00:00,KXSILVER15M-26OCT052045-45,SILVER,2026-10-06T00:45:00Z,no,61.054,60.998,finalized
2026-10-06T00:45:26.932039+00:00,KXPLATINUM15M-26OCT052045-45,PLATINUM,2026-10-06T00:45:00Z,no,1725.237,1721.953,determined
2026-10-06T00:45:26.967314+00:00,KXPALLADIUM15M-26OCT052045-45,PALLADIUM,2026-10-06T00:45:00Z,no,1179.546,1177.915,finalized
2026-10-06T00:45:27.503349+00:00,KXWTI15M-26OCT052045-45,WTI,2026-10-06T00:45:00Z,yes,89.29,89.40,finalized
2026-10-06T00:45:36.762320+00:00,KXGOLD15M-26OCT052045-45,GOLD,2026-10-06T00:45:00Z,no,4141.01,4138.31,finalized
2026-10-06T00:45:37.805537+00:00,KXCOPPER15M-26OCT052045-45,COPPER,2026-10-06T00:45:00Z,yes,6.65447,6.66098,finalized
2026-10-06T22:00:05.455175+00:00,KXSOL15M-26OCT061800-00,SOL,2026-10-06T22:00:00Z,no,121.1213,121.0087,determined
2026-10-06T22:00:06.572458+00:00,KXDOGE15M-26OCT061800-00,DOGE,2026-10-06T22:00:00Z,no,0.093565,0.0935044,determined
2026-10-06T22:00:15.868715+00:00,KXBTC15M-26OCT061800-00,BTC,2026-10-06T22:00:00Z,yes,85586.19,85605.76,finalized
2026-10-06T22:00:15.947365+00:00,KXETH15M-26OCT061800-00,ETH,2026-10-06T22:00:00Z,yes,2696.62,2697.58,finalized
2026-10-06T22:00:16.028028+00:00,KXXRP15M-26OCT061800-00,XRP,2026-10-06T22:00:00Z,no,1.5005,1.5003,finalized
2026-10-06T22:00:37.982543+00:00,KXWTI15M-26OCT061800-00,WTI,2026-10-06T22:00:00Z,yes,89.51,89.70,finalized
2026-10-06T22:15:05.390868+00:00,KXETH15M-26OCT061815-15,ETH,2026-10-06T22:15:00Z,no,2697.58,2697.12,determined
2026-10-06T22:15:05.469655+00:00,KXBTC15M-26OCT061815-15,BTC,2026-10-06T22:15:00Z,no,85605.76,85579.58,determined
2026-10-06T22:15:15.521643+00:00,KXDOGE15M-26OCT061815-15,DOGE,2026-10-06T22:15:00Z,yes,0.093504,0.0935096,finalized
2026-10-06T22:15:16.099234+00:00,KXSOL15M-26OCT061815-15,SOL,2026-10-06T22:15:00Z,yes,121.0087,121.2967,determined
2026-10-06T22:15:16.676525+00:00,KXXRP15M-26OCT061815-15,XRP,2026-10-06T22:15:00Z,yes,1.5003,1.5005,determined
2026-10-06T22:15:27.039936+00:00,KXWTI15M-26OCT061815-15,WTI,2026-10-06T22:15:00Z,yes,89.7,89.73,finalized
2026-10-06T22:30:05.364748+00:00,KXXRP15M-26OCT061830-30,XRP,2026-10-06T22:30:00Z,no,1.5005,1.4996,determined
2026-10-06T22:30:06.882282+00:00,KXSOL15M-26OCT061830-30,SOL,2026-10-06T22:30:00Z,no,121.2967,121.1442,determined
2026-10-06T22:30:15.249847+00:00,KXDOGE15M-26OCT061830-30,DOGE,2026-10-06T22:30:00Z,no,0.093509,0.0933953,finalized
2026-10-06T22:30:15.328654+00:00,KXETH15M-26OCT061830-30,ETH,2026-10-06T22:30:00Z,no,2697.12,2695.58,determined
2026-10-06T22:30:17.310128+00:00,KXBTC15M-26OCT061830-30,BTC,2026-10-06T22:30:00Z,no,85579.58,85492.63,finalized
2026-10-06T22:30:26.747226+00:00,KXCOPPER15M-26OCT061830-30,COPPER,2026-10-06T22:30:00Z,yes,6.6574,6.65793,finalized
2026-10-06T22:30:26.825253+00:00,KXPALLADIUM15M-26OCT061830-30,PALLADIUM,2026-10-06T22:30:00Z,yes,1170.9,1172.306,finalized
2026-10-06T22:30:26.986756+00:00,KXWTI15M-26OCT061830-30,WTI,2026-10-06T22:30:00Z,yes,89.73,89.81,finalized
2026-10-06T22:30:35.879577+00:00,KXSILVER15M-26OCT061830-30,SILVER,2026-10-06T22:30:00Z,no,61.399,61.382,finalized
2026-10-06T22:30:37.461331+00:00,KXGOLD15M-26OCT061830-30,GOLD,2026-10-06T22:30:00Z,no,4166.65,4166.10,finalized
2026-10-06T22:30:38.042595+00:00,KXPLATINUM15M-26OCT061830-30,PLATINUM,2026-10-06T22:30:00Z,no,1710.343,1710.336,finalized
2026-10-06T22:45:06.340371+00:00,KXXRP15M-26OCT061845-45,XRP,2026-10-06T22:45:00Z,yes,1.4996,1.5000,determined
2026-10-06T22:45:07.285175+00:00,KXBTC15M-26OCT061845-45,BTC,2026-10-06T22:45:00Z,yes,85492.63,85546.13,determined
2026-10-06T22:45:15.723380+00:00,KXETH15M-26OCT061845-45,ETH,2026-10-06T22:45:00Z,yes,2695.58,2696.43,finalized
2026-10-06T22:45:15.884281+00:00,KXDOGE15M-26OCT061845-45,DOGE,2026-10-06T22:45:00Z,no,0.093395,0.0933866,determined
2026-10-06T22:45:16.551683+00:00,KXSOL15M-26OCT061845-45,SOL,2026-10-06T22:45:00Z,no,121.1442,121.0848,finalized
2026-10-06T22:45:26.252893+00:00,KXWTI15M-26OCT061845-45,WTI,2026-10-06T22:45:00Z,no,89.81,89.75,determined
2026-10-06T22:45:26.831877+00:00,KXPLATINUM15M-26OCT061845-45,PLATINUM,2026-10-06T22:45:00Z,no,1710.336,1709.658,determined
2026-10-06T22:45:27.987501+00:00,KXGOLD15M-26OCT061845-45,GOLD,2026-10-06T22:45:00Z,no,4166.1,4163.37,determined
2026-10-06T22:45:28.063246+00:00,KXCOPPER15M-26OCT061845-45,COPPER,2026-10-06T22:45:00Z,no,6.65793,6.65495,determined
2026-10-06T22:45:36.398440+00:00,KXSILVER15M-26OCT061845-45,SILVER,2026-10-06T22:45:00Z,no,61.382,61.321,finalized
2026-10-06T22:45:37.479103+00:00,KXPALLADIUM15M-26OCT061845-45,PALLADIUM,2026-10-06T22:45:00Z,no,1172.306,1172.058,finalized
2026-10-06T23:00:05.276779+00:00,KXBTC15M-26OCT061900-00,BTC,2026-10-06T23:00:00Z,no,85546.13,85531.02,determined
2026-10-06T23:00:05.358644+00:00,KXXRP15M-26OCT061900-00,XRP,2026-10-06T23:00:00Z,no,1.5,1.4986,determined
2026-10-06T23:00:07.123670+00:00,KXETH15M-26OCT061900-00,ETH,2026-10-06T23:00:00Z,yes,2696.43,2696.57,determined
2026-10-06T23:00:16.635595+00:00,KXSOL15M-26OCT061900-00,SOL,2026-10-06T23:00:00Z,no,121.0848,120.8270,finalized
2026-10-06T23:00:16.714321+00:00,KXDOGE15M-26OCT061900-00,DOGE,2026-10-06T23:00:00Z,no,0.093386,0.0933251,finalized
2026-10-06T23:00:26.143614+00:00,KXGOLD15M-26OCT061900-00,GOLD,2026-10-06T23:00:00Z,yes,4163.37,4163.41,determined
2026-10-06T23:00:26.721676+00:00,KXWTI15M-26OCT061900-00,WTI,2026-10-06T23:00:00Z,yes,89.75,89.75,determined
2026-10-06T23:00:26.799813+00:00,KXSILVER15M-26OCT061900-00,SILVER,2026-10-06T23:00:00Z,no,61.321,61.304,determined
2026-10-06T23:00:27.981938+00:00,KXCOPPER15M-26OCT061900-00,COPPER,2026-10-06T23:00:00Z,no,6.65495,6.65457,determined
2026-10-06T23:00:28.063014+00:00,KXPALLADIUM15M-26OCT061900-00,PALLADIUM,2026-10-06T23:00:00Z,no,1172.058,1171.836,determined
2026-10-06T23:00:35.712979+00:00,KXPLATINUM15M-26OCT061900-00,PLATINUM,2026-10-06T23:00:00Z,no,1709.658,1709.467,determined
2026-10-06T23:15:05.138457+00:00,KXETH15M-26OCT061915-15,ETH,2026-10-06T23:15:00Z,yes,2696.57,2698.03,determined
2026-10-06T23:15:05.218183+00:00,KXSOL15M-26OCT061915-15,SOL,2026-10-06T23:15:00Z,no,120.827,120.7583,determined
2026-10-06T23:15:06.168176+00:00,KXBTC15M-26OCT061915-15,BTC,2026-10-06T23:15:00Z,no,85531.02,85495.40,determined
2026-10-06T23:15:07.099085+00:00,KXXRP15M-26OCT061915-15,XRP,2026-10-06T23:15:00Z,yes,1.4986,1.4988,determined
2026-10-06T23:15:16.737600+00:00,KXDOGE15M-26OCT061915-15,DOGE,2026-10-06T23:15:00Z,yes,0.093325,0.0934541,finalized
2026-10-06T23:15:17.320562+00:00,KXSILVER15M-26OCT061915-15,SILVER,2026-10-06T23:15:00Z,yes,61.304,61.331,determined
2026-10-06T23:15:26.089536+00:00,KXGOLD15M-26OCT061915-15,GOLD,2026-10-06T23:15:00Z,yes,4163.41,4165.25,finalized
2026-10-06T23:15:26.171785+00:00,KXWTI15M-26OCT061915-15,WTI,2026-10-06T23:15:00Z,yes,89.75,89.83,finalized
2026-10-06T23:15:26.865320+00:00,KXPLATINUM15M-26OCT061915-15,PLATINUM,2026-10-06T23:15:00Z,yes,1709.467,1710.573,finalized
2026-10-06T23:15:27.530975+00:00,KXCOPPER15M-26OCT061915-15,COPPER,2026-10-06T23:15:00Z,yes,6.65457,6.65615,finalized
2026-10-06T23:15:37.343752+00:00,KXPALLADIUM15M-26OCT061915-15,PALLADIUM,2026-10-06T23:15:00Z,yes,1171.836,1172.157,finalized
2026-10-06T23:30:05.620273+00:00,KXXRP15M-26OCT061930-30,XRP,2026-10-06T23:30:00Z,yes,1.4988,1.5003,determined
2026-10-06T23:30:06.280225+00:00,KXSOL15M-26OCT061930-30,SOL,2026-10-06T23:30:00Z,no,120.7583,120.7282,determined
2026-10-06T23:30:07.203243+00:00,KXBTC15M-26OCT061930-30,BTC,2026-10-06T23:30:00Z,no,85495.4,85481.41,determined
2026-10-06T23:30:16.169851+00:00,KXDOGE15M-26OCT061930-30,DOGE,2026-10-06T23:30:00Z,yes,0.093454,0.0935714,finalized
2026-10-06T23:30:16.829422+00:00,KXETH15M-26OCT061930-30,ETH,2026-10-06T23:30:00Z,no,2698.03,2697.63,finalized
2026-10-06T23:30:26.970983+00:00,KXSILVER15M-26OCT061930-30,SILVER,2026-10-06T23:30:00Z,yes,61.331,61.425,determined
2026-10-06T23:30:27.049264+00:00,KXPLATINUM15M-26OCT061930-30,PLATINUM,2026-10-06T23:30:00Z,yes,1710.573,1712.329,determined
2026-10-06T23:30:27.628164+00:00,KXPALLADIUM15M-26OCT061930-30,PALLADIUM,2026-10-06T23:30:00Z,yes,1172.157,1175.386,determined
2026-10-06T23:30:27.704671+00:00,KXCOPPER15M-26OCT061930-30,COPPER,2026-10-06T23:30:00Z,yes,6.65615,6.66152,determined
2026-10-06T23:30:36.436313+00:00,KXGOLD15M-26OCT061930-30,GOLD,2026-10-06T23:30:00Z,yes,4165.25,4169.40,finalized
2026-10-06T23:30:36.519928+00:00,KXWTI15M-26OCT061930-30,WTI,2026-10-06T23:30:00Z,yes,89.83,89.90,finalized
2026-10-06T23:45:15.767452+00:00,KXXRP15M-26OCT061945-45,XRP,2026-10-06T23:45:00Z,no,1.5003,1.4978,determined
2026-10-06T23:45:15.845012+00:00,KXDOGE15M-26OCT061945-45,DOGE,2026-10-06T23:45:00Z,yes,0.093571,0.0938039,finalized
2026-10-06T23:45:16.587716+00:00,KXETH15M-26OCT061945-45,ETH,2026-10-06T23:45:00Z,yes,2697.63,2699.00,finalized
2026-10-06T23:45:16.665172+00:00,KXSOL15M-26OCT061945-45,SOL,2026-10-06T23:45:00Z,yes,120.7282,120.7903,finalized
2026-10-06T23:45:16.745788+00:00,KXBTC15M-26OCT061945-45,BTC,2026-10-06T23:45:00Z,yes,85481.41,85556.64,finalized
2026-10-06T23:45:25.895413+00:00,KXSILVER15M-26OCT061945-45,SILVER,2026-10-06T23:45:00Z,no,61.425,61.387,determined
2026-10-06T23:45:27.641295+00:00,KXPLATINUM15M-26OCT061945-45,PLATINUM,2026-10-06T23:45:00Z,no,1712.329,1711.042,determined
2026-10-06T23:45:27.721086+00:00,KXGOLD15M-26OCT061945-45,GOLD,2026-10-06T23:45:00Z,no,4169.4,4166.63,determined
2026-10-06T23:45:27.801407+00:00,KXWTI15M-26OCT061945-45,WTI,2026-10-06T23:45:00Z,yes,89.9,89.94,determined
2026-10-06T23:45:36.585352+00:00,KXCOPPER15M-26OCT061945-45,COPPER,2026-10-06T23:45:00Z,no,6.66152,6.65631,finalized
2026-10-06T23:45:37.167437+00:00,KXPALLADIUM15M-26OCT061945-45,PALLADIUM,2026-10-06T23:45:00Z,no,1175.386,1173.646,finalized
2026-10-07T00:00:05.652081+00:00,KXDOGE15M-26OCT062000-00,DOGE,2026-10-07T00:00:00Z,no,0.093803,0.0937084,determined
2026-10-07T00:00:06.468976+00:00,KXSOL15M-26OCT062000-00,SOL,2026-10-07T00:00:00Z,no,120.7903,120.7385,determined
2026-10-07T00:00:06.548018+00:00,KXXRP15M-26OCT062000-00,XRP,2026-10-07T00:00:00Z,no,1.4978,1.4975,determined
2026-10-07T00:00:07.207440+00:00,KXETH15M-26OCT062000-00,ETH,2026-10-07T00:00:00Z,no,2699,2697.53,determined
2026-10-07T00:00:16.112583+00:00,KXBTC15M-26OCT062000-00,BTC,2026-10-07T00:00:00Z,no,85556.64,85549.85,finalized
2026-10-07T00:00:26.240732+00:00,KXWTI15M-26OCT062000-00,WTI,2026-10-07T00:00:00Z,yes,89.94,89.94,determined
2026-10-07T00:00:26.977915+00:00,KXSILVER15M-26OCT062000-00,SILVER,2026-10-07T00:00:00Z,no,61.387,61.337,determined
2026-10-07T00:00:27.557026+00:00,KXPLATINUM15M-26OCT062000-00,PLATINUM,2026-10-07T00:00:00Z,no,1711.042,1710.587,determined
2026-10-07T00:00:27.635178+00:00,KXGOLD15M-26OCT062000-00,GOLD,2026-10-07T00:00:00Z,no,4166.63,4166.03,determined
2026-10-07T00:00:36.425036+00:00,KXCOPPER15M-26OCT062000-00,COPPER,2026-10-07T00:00:00Z,no,6.65631,6.65344,finalized
2026-10-07T00:00:37.012893+00:00,KXPALLADIUM15M-26OCT062000-00,PALLADIUM,2026-10-07T00:00:00Z,yes,1173.646,1173.711,determined
2026-10-07T00:15:05.669157+00:00,KXXRP15M-26OCT062015-15,XRP,2026-10-07T00:15:00Z,yes,1.4975,1.4989,determined
2026-10-07T00:15:06.572920+00:00,KXSOL15M-26OCT062015-15,SOL,2026-10-07T00:15:00Z,no,120.7385,120.5842,determined
2026-10-07T00:15:15.716579+00:00,KXBTC15M-26OCT062015-15,BTC,2026-10-07T00:15:00Z,yes,85549.85,85573.48,finalized
2026-10-07T00:15:16.295670+00:00,KXDOGE15M-26OCT062015-15,DOGE,2026-10-07T00:15:00Z,yes,0.093708,0.0937920,finalized
2026-10-07T00:15:17.030694+00:00,KXETH15M-26OCT062015-15,ETH,2026-10-07T00:15:00Z,yes,2697.53,2698.67,determined
2026-10-07T00:15:26.062259+00:00,KXWTI15M-26OCT062015-15,WTI,2026-10-07T00:15:00Z,yes,89.94,89.98,determined
2026-10-07T00:15:27.145022+00:00,KXPLATINUM15M-26OCT062015-15,PLATINUM,2026-10-07T00:15:00Z,yes,1710.587,1713.006,finalized
2026-10-07T00:15:27.222825+00:00,KXPALLADIUM15M-26OCT062015-15,PALLADIUM,2026-10-07T00:15:00Z,yes,1173.711,1175.057,finalized
2026-10-07T00:15:27.803882+00:00,KXGOLD15M-26OCT062015-15,GOLD,2026-10-07T00:15:00Z,yes,4166.03,4168.94,finalized
2026-10-07T00:15:27.888885+00:00,KXSILVER15M-26OCT062015-15,SILVER,2026-10-07T00:15:00Z,yes,61.337,61.457,finalized
2026-10-07T00:15:27.967059+00:00,KXCOPPER15M-26OCT062015-15,COPPER,2026-10-07T00:15:00Z,yes,6.65344,6.65887,finalized
2026-10-07T00:30:06.188280+00:00,KXSOL15M-26OCT062030-30,SOL,2026-10-07T00:30:00Z,no,120.5842,120.3778,determined
2026-10-07T00:30:15.304958+00:00,KXXRP15M-26OCT062030-30,XRP,2026-10-07T00:30:00Z,no,1.4989,1.4964,finalized
2026-10-07T00:30:15.382633+00:00,KXBTC15M-26OCT062030-30,BTC,2026-10-07T00:30:00Z,no,85573.48,85433.01,finalized
2026-10-07T00:30:16.217320+00:00,KXETH15M-26OCT062030-30,ETH,2026-10-07T00:30:00Z,no,2698.67,2694.35,finalized
2026-10-07T00:30:16.794470+00:00,KXDOGE15M-26OCT062030-30,DOGE,2026-10-07T00:30:00Z,no,0.093792,0.0936071,finalized
2026-10-07T00:30:25.824567+00:00,KXCOPPER15M-26OCT062030-30,COPPER,2026-10-07T00:30:00Z,no,6.65887,6.65585,determined
2026-10-07T00:30:26.486530+00:00,KXPALLADIUM15M-26OCT062030-30,PALLADIUM,2026-10-07T00:30:00Z,no,1175.057,1172.816,determined
2026-10-07T00:30:27.567062+00:00,KXGOLD15M-26OCT062030-30,GOLD,2026-10-07T00:30:00Z,no,4168.94,4160.40,determined
2026-10-07T00:30:27.653627+00:00,KXWTI15M-26OCT062030-30,WTI,2026-10-07T00:30:00Z,yes,89.98,90.20,determined
2026-10-07T00:30:27.733568+00:00,KXSILVER15M-26OCT062030-30,SILVER,2026-10-07T00:30:00Z,no,61.457,61.317,determined
2026-10-07T00:30:36.475184+00:00,KXPLATINUM15M-26OCT062030-30,PLATINUM,2026-10-07T00:30:00Z,no,1713.006,1710.186,determined
2026-10-07T00:45:05.661945+00:00,KXBTC15M-26OCT062045-45,BTC,2026-10-07T00:45:00Z,yes,85433.01,85501.67,determined
2026-10-07T00:45:06.628515+00:00,KXXRP15M-26OCT062045-45,XRP,2026-10-07T00:45:00Z,yes,1.4964,1.4983,determined
2026-10-07T00:45:16.227686+00:00,KXSOL15M-26OCT062045-45,SOL,2026-10-07T00:45:00Z,yes,120.3778,120.5320,finalized
2026-10-07T00:45:17.731051+00:00,KXDOGE15M-26OCT062045-45,DOGE,2026-10-07T00:45:00Z,yes,0.093607,0.0937667,determined
2026-10-07T00:45:17.887429+00:00,KXETH15M-26OCT062045-45,ETH,2026-10-07T00:45:00Z,yes,2694.35,2697.25,finalized
2026-10-07T00:45:26.075066+00:00,KXWTI15M-26OCT062045-45,WTI,2026-10-07T00:45:00Z,no,90.2,89.93,determined
2026-10-07T00:45:27.492627+00:00,KXSILVER15M-26OCT062045-45,SILVER,2026-10-07T00:45:00Z,yes,61.317,61.427,determined
2026-10-07T00:45:28.076331+00:00,KXPALLADIUM15M-26OCT062045-45,PALLADIUM,2026-10-07T00:45:00Z,yes,1172.816,1174.547,determined
2026-10-07T00:45:36.769602+00:00,KXCOPPER15M-26OCT062045-45,COPPER,2026-10-07T00:45:00Z,yes,6.65585,6.66276,finalized
2026-10-07T00:45:37.993541+00:00,KXPLATINUM15M-26OCT062045-45,PLATINUM,2026-10-07T00:45:00Z,no,1710.186,1709.385,finalized
2026-10-07T00:45:38.074624+00:00,KXGOLD15M-26OCT062045-45,GOLD,2026-10-07T00:45:00Z,yes,4160.4,4162.38,finalized
2026-10-07T01:00:05.563579+00:00,KXSOL15M-26OCT062100-00,SOL,2026-10-07T01:00:00Z,yes,120.532,120.5758,determined
2026-10-07T01:00:05.641358+00:00,KXDOGE15M-26OCT062100-00,DOGE,2026-10-07T01:00:00Z,yes,0.093766,0.0938267,determined
2026-10-07T01:00:16.927835+00:00,KXBTC15M-26OCT062100-00,BTC,2026-10-07T01:00:00Z,yes,85501.67,85537.85,finalized
2026-10-07T01:00:17.095873+00:00,KXXRP15M-26OCT062100-00,XRP,2026-10-07T01:00:00Z,yes,1.4983,1.4985,finalized
2026-10-07T01:00:17.174504+00:00,KXETH15M-26OCT062100-00,ETH,2026-10-07T01:00:00Z,no,2697.25,2696.69,determined
2026-10-07T01:00:26.726335+00:00,KXCOPPER15M-26OCT062100-00,COPPER,2026-10-07T01:00:00Z,no,6.66276,6.65785,determined
2026-10-07T01:00:26.807722+00:00,KXPLATINUM15M-26OCT062100-00,PLATINUM,2026-10-07T01:00:00Z,no,1709.385,1706.329,determined
2026-10-07T01:00:27.389065+00:00,KXWTI15M-26OCT062100-00,WTI,2026-10-07T01:00:00Z,yes,89.93,90.10,determined
2026-10-07T01:00:28.055774+00:00,KXGOLD15M-26OCT062100-00,GOLD,2026-10-07T01:00:00Z,no,4162.38,4156.19,determined
2026-10-07T01:00:28.134812+00:00,KXSILVER15M-26OCT062100-00,SILVER,2026-10-07T01:00:00Z,no,61.427,61.238,determined
2026-10-07T01:00:38.433263+00:00,KXPALLADIUM15M-26OCT062100-00,PALLADIUM,2026-10-07T01:00:00Z,no,1174.547,1172.049,finalized
2026-10-07T01:15:06.215936+00:00,KXBTC15M-26OCT062115-15,BTC,2026-10-07T01:15:00Z,no,85537.85,85445.32,determined
2026-10-07T01:15:07.113638+00:00,KXXRP15M-26OCT062115-15,XRP,2026-10-07T01:15:00Z,no,1.4985,1.4957,determined
2026-10-07T01:15:15.488086+00:00,KXSOL15M-26OCT062115-15,SOL,2026-10-07T01:15:00Z,no,120.5758,120.3762,finalized
2026-10-07T01:15:15.743248+00:00,KXDOGE15M-26OCT062115-15,DOGE,2026-10-07T01:15:00Z,no,0.093826,0.0937493,finalized
2026-10-07T01:15:16.823889+00:00,KXETH15M-26OCT062115-15,ETH,2026-10-07T01:15:00Z,no,2696.69,2692.85,finalized
2026-10-07T01:15:25.925013+00:00,KXCOPPER15M-26OCT062115-15,COPPER,2026-10-07T01:15:00Z,yes,6.65785,6.66483,finalized
2026-10-07T01:15:26.007719+00:00,KXPALLADIUM15M-26OCT062115-15,PALLADIUM,2026-10-07T01:15:00Z,no,1172.049,1171.707,determined
2026-10-07T01:15:27.089997+00:00,KXSILVER15M-26OCT062115-15,SILVER,2026-10-07T01:15:00Z,no,61.238,61.195,finalized
2026-10-07T01:15:27.173747+00:00,KXGOLD15M-26OCT062115-15,GOLD,2026-10-07T01:15:00Z,no,4156.19,4152.49,finalized
2026-10-07T01:15:27.753383+00:00,KXWTI15M-26OCT062115-15,WTI,2026-10-07T01:15:00Z,yes,90.1,90.47,finalized
2026-10-07T01:15:38.171982+00:00,KXPLATINUM15M-26OCT062115-15,PLATINUM,2026-10-07T01:15:00Z,no,1706.329,1704.616,finalized
2026-10-07T01:30:05.436050+00:00,KXBTC15M-26OCT062130-30,BTC,2026-10-07T01:30:00Z,no,85445.32,85258.88,determined
2026-10-07T01:30:06.359239+00:00,KXETH15M-26OCT062130-30,ETH,2026-10-07T01:30:00Z,no,2692.85,2684.66,determined
2026-10-07T01:30:07.284133+00:00,KXDOGE15M-26OCT062130-30,DOGE,2026-10-07T01:30:00Z,no,0.093749,0.0934464,determined
2026-10-07T01:30:07.378055+00:00,KXSOL15M-26OCT062130-30,SOL,2026-10-07T01:30:00Z,no,120.3762,119.9263,determined
2026-10-07T01:30:17.023929+00:00,KXWTI15M-26OCT062130-30,WTI,2026-10-07T01:30:00Z,no,90.47,90.36,determined
2026-10-07T01:30:17.103063+00:00,KXXRP15M-26OCT062130-30,XRP,2026-10-07T01:30:00Z,no,1.4957,1.4932,finalized
2026-10-07T01:30:26.387923+00:00,KXSILVER15M-26OCT062130-30,SILVER,2026-10-07T01:30:00Z,no,61.195,61.152,finalized
2026-10-07T01:30:26.466319+00:00,KXCOPPER15M-26OCT062130-30,COPPER,2026-10-07T01:30:00Z,no,6.66483,6.65888,finalized
2026-10-07T01:30:26.545928+00:00,KXPALLADIUM15M-26OCT062130-30,PALLADIUM,2026-10-07T01:30:00Z,no,1171.707,1170.080,finalized
2026-10-07T01:30:27.124041+00:00,KXGOLD15M-26OCT062130-30,GOLD,2026-10-07T01:30:00Z,no,4152.49,4152.39,finalized
2026-10-07T01:30:27.804808+00:00,KXPLATINUM15M-26OCT062130-30,PLATINUM,2026-10-07T01:30:00Z,yes,1704.616,1705.240,finalized
2026-10-07T01:45:05.125038+00:00,KXBTC15M-26OCT062145-45,BTC,2026-10-07T01:45:00Z,yes,85258.88,85278.91,determined
2026-10-07T01:45:06.816395+00:00,KXDOGE15M-26OCT062145-45,DOGE,2026-10-07T01:45:00Z,no,0.093446,0.0934058,determined
2026-10-07T01:45:06.943982+00:00,KXSOL15M-26OCT062145-45,SOL,2026-10-07T01:45:00Z,yes,119.9263,119.9730,determined
2026-10-07T01:45:16.324178+00:00,KXETH15M-26OCT062145-45,ETH,2026-10-07T01:45:00Z,yes,2684.66,2687.58,finalized
2026-10-07T01:45:16.404237+00:00,KXXRP15M-26OCT062145-45,XRP,2026-10-07T01:45:00Z,yes,1.4932,1.4938,finalized
2026-10-07T01:45:25.727657+00:00,KXWTI15M-26OCT062145-45,WTI,2026-10-07T01:45:00Z,no,90.36,90.25,determined
2026-10-07T01:45:26.463868+00:00,KXPALLADIUM15M-26OCT062145-45,PALLADIUM,2026-10-07T01:45:00Z,yes,1170.08,1171.292,determined
2026-10-07T01:45:26.542536+00:00,KXGOLD15M-26OCT062145-45,GOLD,2026-10-07T01:45:00Z,no,4152.39,4150.93,determined
2026-10-07T01:45:35.903132+00:00,KXSILVER15M-26OCT062145-45,SILVER,2026-10-07T01:45:00Z,yes,61.152,61.165,finalized
2026-10-07T01:45:35.980798+00:00,KXCOPPER15M-26OCT062145-45,COPPER,2026-10-07T01:45:00Z,no,6.65888,6.65827,determined
2026-10-07T01:45:38.076056+00:00,KXPLATINUM15M-26OCT062145-45,PLATINUM,2026-10-07T01:45:00Z,yes,1705.24,1707.213,finalized
2026-10-07T02:00:05.253584+00:00,KXXRP15M-26OCT062200-00,XRP,2026-10-07T02:00:00Z,no,1.4938,1.4800,determined
2026-10-07T02:00:05.413786+00:00,KXDOGE15M-26OCT062200-00,DOGE,2026-10-07T02:00:00Z,no,0.093405,0.0920335,determined
2026-10-07T02:00:06.244103+00:00,KXSOL15M-26OCT062200-00,SOL,2026-10-07T02:00:00Z,no,119.973,119.1268,determined
2026-10-07T02:00:16.620622+00:00,KXETH15M-26OCT062200-00,ETH,2026-10-07T02:00:00Z,no,2687.58,2663.41,finalized
2026-10-07T02:00:17.286057+00:00,KXBTC15M-26OCT062200-00,BTC,2026-10-07T02:00:00Z,no,85278.91,84573.15,finalized
2026-10-07T02:00:25.666159+00:00,KXGOLD15M-26OCT062200-00,GOLD,2026-10-07T02:00:00Z,no,4150.93,4147.34,determined
2026-10-07T02:00:36.394931+00:00,KXCOPPER15M-26OCT062200-00,COPPER,2026-10-07T02:00:00Z,no,6.65827,6.64385,finalized
2026-10-07T02:00:36.974642+00:00,KXPLATINUM15M-26OCT062200-00,PLATINUM,2026-10-07T02:00:00Z,no,1707.213,1702.846,finalized
2026-10-07T02:00:37.058025+00:00,KXPALLADIUM15M-26OCT062200-00,PALLADIUM,2026-10-07T02:00:00Z,no,1171.292,1166.755,finalized
2026-10-07T02:00:37.649504+00:00,KXWTI15M-26OCT062200-00,WTI,2026-10-07T02:00:00Z,yes,90.25,90.36,finalized
2026-10-07T02:00:37.730758+00:00,KXSILVER15M-26OCT062200-00,SILVER,2026-10-07T02:00:00Z,no,61.165,60.965,finalized
2026-10-07T02:15:05.977059+00:00,KXXRP15M-26OCT062215-15,XRP,2026-10-07T02:15:00Z,no,1.48,1.4599,determined
2026-10-07T02:15:06.056406+00:00,KXDOGE15M-26OCT062215-15,DOGE,2026-10-07T02:15:00Z,no,0.092033,0.0902869,determined
2026-10-07T02:15:06.873292+00:00,KXETH15M-26OCT062215-15,ETH,2026-10-07T02:15:00Z,no,2663.41,2613.68,determined
2026-10-07T02:15:15.982842+00:00,KXSOL15M-26OCT062215-15,SOL,2026-10-07T02:15:00Z,no,119.1268,117.6793,determined
2026-10-07T02:15:17.146403+00:00,KXBTC15M-26OCT062215-15,BTC,2026-10-07T02:15:00Z,no,84573.15,83924.25,finalized
2026-10-07T02:15:25.533180+00:00,KXGOLD15M-26OCT062215-15,GOLD,2026-10-07T02:15:00Z,no,4147.34,4142.64,determined
2026-10-07T02:15:25.611155+00:00,KXSILVER15M-26OCT062215-15,SILVER,2026-10-07T02:15:00Z,no,60.965,60.846,determined
2026-10-07T02:15:25.690780+00:00,KXCOPPER15M-26OCT062215-15,COPPER,2026-10-07T02:15:00Z,no,6.64385,6.63250,determined
2026-10-07T02:15:25.768103+00:00,KXPALLADIUM15M-26OCT062215-15,PALLADIUM,2026-10-07T02:15:00Z,no,1166.755,1164.538,determined
2026-10-07T02:15:27.426500+00:00,KXWTI15M-26OCT062215-15,WTI,2026-10-07T02:15:00Z,no,90.36,90.26,determined
2026-10-07T02:15:37.230420+00:00,KXPLATINUM15M-26OCT062215-15,PLATINUM,2026-10-07T02:15:00Z,no,1702.846,1699.327,finalized
2026-10-07T02:31:40.054769+00:00,KXCOPPER15M-26OCT062230-30,COPPER,2026-10-07T02:30:00Z,no,6.6325,6.63078,determined
2026-10-07T02:31:40.136577+00:00,KXPLATINUM15M-26OCT062230-30,PLATINUM,2026-10-07T02:30:00Z,yes,1699.327,1700.103,determined
2026-10-07T02:31:40.219903+00:00,KXPALLADIUM15M-26OCT062230-30,PALLADIUM,2026-10-07T02:30:00Z,yes,1164.538,1166.037,determined
2026-10-07T02:31:40.303856+00:00,KXXRP15M-26OCT062230-30,XRP,2026-10-07T02:30:00Z,no,1.4599,1.4568,determined
2026-10-07T02:31:49.377729+00:00,KXSOL15M-26OCT062230-30,SOL,2026-10-07T02:30:00Z,yes,117.6793,117.8277,determined
2026-10-07T02:31:49.458090+00:00,KXDOGE15M-26OCT062230-30,DOGE,2026-10-07T02:30:00Z,no,0.090286,0.0901660,determined
2026-10-07T02:31:51.281220+00:00,KXBTC15M-26OCT062230-30,BTC,2026-10-07T02:30:00Z,no,83924.25,83818.84,determined
2026-10-07T02:31:59.747748+00:00,KXETH15M-26OCT062230-30,ETH,2026-10-07T02:30:00Z,no,2613.68,2612.35,finalized
2026-10-07T02:35:30.435594+00:00,KXGOLD15M-26OCT062230-30,GOLD,2026-10-07T02:30:00Z,yes,4142.64,4147.03,determined
2026-10-07T02:35:31.520301+00:00,KXSILVER15M-26OCT062230-30,SILVER,2026-10-07T02:30:00Z,yes,60.846,60.939,finalized
2026-10-07T02:35:39.822635+00:00,KXWTI15M-26OCT062230-30,WTI,2026-10-07T02:30:00Z,yes,90.26,90.26,finalized
2026-10-07T02:45:05.826167+00:00,KXBTC15M-26OCT062245-45,BTC,2026-10-07T02:45:00Z,no,83818.84,83792.85,determined
2026-10-07T02:45:07.349876+00:00,KXDOGE15M-26OCT062245-45,DOGE,2026-10-07T02:45:00Z,no,0.090166,0.0900858,determined
2026-10-07T02:45:16.982705+00:00,KXETH15M-26OCT062245-45,ETH,2026-10-07T02:45:00Z,yes,2612.35,2614.26,determined
2026-10-07T02:45:17.144137+00:00,KXXRP15M-26OCT062245-45,XRP,2026-10-07T02:45:00Z,yes,1.4568,1.4588,finalized
2026-10-07T02:45:17.905819+00:00,KXSOL15M-26OCT062245-45,SOL,2026-10-07T02:45:00Z,yes,117.8277,118.2250,finalized
2026-10-07T02:45:27.430894+00:00,KXWTI15M-26OCT062245-45,WTI,2026-10-07T02:45:00Z,no,90.26,90.16,determined
2026-10-07T02:45:36.850625+00:00,KXGOLD15M-26OCT062245-45,GOLD,2026-10-07T02:45:00Z,yes,4147.03,4147.47,finalized
2026-10-07T02:45:36.936142+00:00,KXPLATINUM15M-26OCT062245-45,PLATINUM,2026-10-07T02:45:00Z,yes,1700.103,1701.805,finalized
2026-10-07T02:45:37.018911+00:00,KXPALLADIUM15M-26OCT062245-45,PALLADIUM,2026-10-07T02:45:00Z,yes,1166.037,1167.097,finalized
2026-10-07T02:45:37.602562+00:00,KXCOPPER15M-26OCT062245-45,COPPER,2026-10-07T02:45:00Z,no,6.63078,6.63074,finalized
2026-10-07T02:45:38.885162+00:00,KXSILVER15M-26OCT062245-45,SILVER,2026-10-07T02:45:00Z,yes,60.939,60.949,finalized
2026-10-07T03:00:06.584284+00:00,KXDOGE15M-26OCT062300-00,DOGE,2026-10-07T03:00:00Z,yes,0.090085,0.0900975,determined
2026-10-07T03:00:07.419819+00:00,KXETH15M-26OCT062300-00,ETH,2026-10-07T03:00:00Z,no,2614.26,2612.17,determined
2026-10-07T03:00:15.823268+00:00,KXXRP15M-26OCT062300-00,XRP,2026-10-07T03:00:00Z,yes,1.4588,1.4615,determined
2026-10-07T03:00:16.646288+00:00,KXBTC15M-26OCT062300-00,BTC,2026-10-07T03:00:00Z,yes,83792.85,83852.84,finalized
2026-10-07T03:00:17.335524+00:00,KXSOL15M-26OCT062300-00,SOL,2026-10-07T03:00:00Z,yes,118.225,118.3063,finalized
2026-10-07T03:00:26.331770+00:00,KXCOPPER15M-26OCT062300-00,COPPER,2026-10-07T03:00:00Z,no,6.63074,6.62582,determined
2026-10-07T03:00:26.499617+00:00,KXGOLD15M-26OCT062300-00,GOLD,2026-10-07T03:00:00Z,no,4147.47,4142.50,determined
2026-10-07T03:00:28.167572+00:00,KXWTI15M-26OCT062300-00,WTI,2026-10-07T03:00:00Z,no,90.16,90.13,determined
2026-10-07T03:00:28.250403+00:00,KXSILVER15M-26OCT062300-00,SILVER,2026-10-07T03:00:00Z,no,60.949,60.772,determined
2026-10-07T03:00:36.549052+00:00,KXPALLADIUM15M-26OCT062300-00,PALLADIUM,2026-10-07T03:00:00Z,no,1167.097,1162.852,finalized
2026-10-07T03:00:38.133002+00:00,KXPLATINUM15M-26OCT062300-00,PLATINUM,2026-10-07T03:00:00Z,no,1701.805,1697.399,finalized
2026-10-07T03:15:05.091336+00:00,KXBTC15M-26OCT062315-15,BTC,2026-10-07T03:15:00Z,yes,83852.84,83934.62,determined
2026-10-07T03:15:05.171541+00:00,KXSOL15M-26OCT062315-15,SOL,2026-10-07T03:15:00Z,no,118.3063,118.1452,determined
2026-10-07T03:15:05.339793+00:00,KXDOGE15M-26OCT062315-15,DOGE,2026-10-07T03:15:00Z,no,0.090097,0.0900164,determined
2026-10-07T03:15:15.342581+00:00,KXXRP15M-26OCT062315-15,XRP,2026-10-07T03:15:00Z,yes,1.4615,1.4618,determined
2026-10-07T03:15:16.585221+00:00,KXETH15M-26OCT062315-15,ETH,2026-10-07T03:15:00Z,no,2612.17,2611.16,finalized
2026-10-07T03:15:26.727159+00:00,KXCOPPER15M-26OCT062315-15,COPPER,2026-10-07T03:15:00Z,no,6.62582,6.62482,finalized
2026-10-07T03:15:26.807110+00:00,KXPALLADIUM15M-26OCT062315-15,PALLADIUM,2026-10-07T03:15:00Z,no,1162.852,1162.321,finalized
2026-10-07T03:15:26.886887+00:00,KXSILVER15M-26OCT062315-15,SILVER,2026-10-07T03:15:00Z,no,60.772,60.731,determined
2026-10-07T03:15:27.469522+00:00,KXPLATINUM15M-26OCT062315-15,PLATINUM,2026-10-07T03:15:00Z,yes,1697.399,1697.704,finalized
2026-10-07T03:15:27.548426+00:00,KXGOLD15M-26OCT062315-15,GOLD,2026-10-07T03:15:00Z,no,4142.5,4139.91,finalized
2026-10-07T03:15:27.630053+00:00,KXWTI15M-26OCT062315-15,WTI,2026-10-07T03:15:00Z,yes,90.13,90.18,finalized
2026-10-07T03:30:05.973367+00:00,KXBTC15M-26OCT062330-30,BTC,2026-10-07T03:30:00Z,yes,83934.62,83957.39,determined
2026-10-07T03:30:15.294689+00:00,KXSOL15M-26OCT062330-30,SOL,2026-10-07T03:30:00Z,yes,118.1452,118.1668,finalized
2026-10-07T03:30:15.456642+00:00,KXETH15M-26OCT062330-30,ETH,2026-10-07T03:30:00Z,no,2611.16,2608.09,finalized
2026-10-07T03:30:15.534145+00:00,KXXRP15M-26OCT062330-30,XRP,2026-10-07T03:30:00Z,yes,1.4618,1.4624,determined
2026-10-07T03:30:17.548671+00:00,KXDOGE15M-26OCT062330-30,DOGE,2026-10-07T03:30:00Z,yes,0.090016,0.0901312,finalized
2026-10-07T03:30:17.627924+00:00,KXWTI15M-26OCT062330-30,WTI,2026-10-07T03:30:00Z,no,90.18,90.07,determined
2026-10-07T03:30:25.922847+00:00,KXCOPPER15M-26OCT062330-30,COPPER,2026-10-07T03:30:00Z,yes,6.62482,6.62603,finalized
2026-10-07T03:30:27.005177+00:00,KXGOLD15M-26OCT062330-30,GOLD,2026-10-07T03:30:00Z,yes,4139.91,4142.69,finalized
2026-10-07T03:30:27.086476+00:00,KXSILVER15M-26OCT062330-30,SILVER,2026-10-07T03:30:00Z,yes,60.731,60.796,finalized
2026-10-07T03:30:27.168374+00:00,KXPLATINUM15M-26OCT062330-30,PLATINUM,2026-10-07T03:30:00Z,yes,1697.704,1698.275,finalized
2026-10-07T03:30:27.843869+00:00,KXPALLADIUM15M-26OCT062330-30,PALLADIUM,2026-10-07T03:30:00Z,yes,1162.321,1162.926,finalized
2026-10-07T03:45:05.086274+00:00,KXDOGE15M-26OCT062345-45,DOGE,2026-10-07T03:45:00Z,yes,0.090131,0.0902566,determined
2026-10-07T03:45:06.920636+00:00,KXXRP15M-26OCT062345-45,XRP,2026-10-07T03:45:00Z,yes,1.4624,1.4656,determined
2026-10-07T03:45:15.305725+00:00,KXETH15M-26OCT062345-45,ETH,2026-10-07T03:45:00Z,yes,2608.09,2611.91,finalized
2026-10-07T03:45:15.464363+00:00,KXBTC15M-26OCT062345-45,BTC,2026-10-07T03:45:00Z,yes,83957.39,84121.82,finalized
2026-10-07T03:45:16.873698+00:00,KXSOL15M-26OCT062345-45,SOL,2026-10-07T03:45:00Z,yes,118.1668,118.2843,determined
2026-10-07T03:45:26.572585+00:00,KXWTI15M-26OCT062345-45,WTI,2026-10-07T03:45:00Z,yes,90.07,90.18,determined
2026-10-07T03:45:27.154548+00:00,KXSILVER15M-26OCT062345-45,SILVER,2026-10-07T03:45:00Z,yes,60.796,60.892,determined
2026-10-07T03:45:35.976908+00:00,KXGOLD15M-26OCT062345-45,GOLD,2026-10-07T03:45:00Z,yes,4142.69,4145.71,determined
2026-10-07T03:45:36.561691+00:00,KXCOPPER15M-26OCT062345-45,COPPER,2026-10-07T03:45:00Z,yes,6.62603,6.63270,finalized
2026-10-07T03:45:36.643155+00:00,KXPLATINUM15M-26OCT062345-45,PLATINUM,2026-10-07T03:45:00Z,yes,1698.275,1700.047,finalized
2026-10-07T03:45:36.723054+00:00,KXPALLADIUM15M-26OCT062345-45,PALLADIUM,2026-10-07T03:45:00Z,yes,1162.926,1163.590,determined
2026-10-07T04:00:05.255526+00:00,KXETH15M-26OCT070000-00,ETH,2026-10-07T04:00:00Z,no,2611.91,2610.44,determined
2026-10-07T04:00:05.422420+00:00,KXBTC15M-26OCT070000-00,BTC,2026-10-07T04:00:00Z,no,84121.82,84114.94,determined
2026-10-07T04:00:15.617685+00:00,KXSOL15M-26OCT070000-00,SOL,2026-10-07T04:00:00Z,no,118.2843,118.2075,finalized
2026-10-07T04:00:16.194042+00:00,KXDOGE15M-26OCT070000-00,DOGE,2026-10-07T04:00:00Z,no,0.090256,0.0901355,determined
2026-10-07T04:00:16.269530+00:00,KXXRP15M-26OCT070000-00,XRP,2026-10-07T04:00:00Z,no,1.4656,1.4650,finalized
2026-10-07T04:00:25.995799+00:00,KXPALLADIUM15M-26OCT070000-00,PALLADIUM,2026-10-07T04:00:00Z,yes,1163.59,1164.335,finalized
2026-10-07T04:00:26.608187+00:00,KXCOPPER15M-26OCT070000-00,COPPER,2026-10-07T04:00:00Z,no,6.6327,6.63103,finalized
2026-10-07T04:00:26.687900+00:00,KXPLATINUM15M-26OCT070000-00,PLATINUM,2026-10-07T04:00:00Z,no,1700.047,1699.487,finalized
2026-10-07T04:00:27.265746+00:00,KXWTI15M-26OCT070000-00,WTI,2026-10-07T04:00:00Z,yes,90.18,90.24,finalized
2026-10-07T04:00:27.347751+00:00,KXGOLD15M-26OCT070000-00,GOLD,2026-10-07T04:00:00Z,no,4145.71,4143.64,finalized
2026-10-07T04:00:27.926695+00:00,KXSILVER15M-26OCT070000-00,SILVER,2026-10-07T04:00:00Z,no,60.892,60.860,finalized
2026-10-07T04:15:15.456470+00:00,KXETH15M-26OCT070015-15,ETH,2026-10-07T04:15:00Z,yes,2610.44,2612.10,finalized
2026-10-07T04:15:15.535536+00:00,KXBTC15M-26OCT070015-15,BTC,2026-10-07T04:15:00Z,yes,84114.94,84117.35,finalized
2026-10-07T04:15:15.616821+00:00,KXSOL15M-26OCT070015-15,SOL,2026-10-07T04:15:00Z,yes,118.2075,118.3217,finalized
2026-10-07T04:15:15.703664+00:00,KXDOGE15M-26OCT070015-15,DOGE,2026-10-07T04:15:00Z,yes,0.090135,0.0901618,finalized
2026-10-07T04:15:16.448875+00:00,KXXRP15M-26OCT070015-15,XRP,2026-10-07T04:15:00Z,no,1.465,1.4640,finalized
2026-10-07T04:15:26.611751+00:00,KXPLATINUM15M-26OCT070015-15,PLATINUM,2026-10-07T04:15:00Z,yes,1699.487,1700.866,determined
2026-10-07T04:15:27.349631+00:00,KXSILVER15M-26OCT070015-15,SILVER,2026-10-07T04:15:00Z,yes,60.86,60.866,determined
2026-10-07T04:15:27.430635+00:00,KXCOPPER15M-26OCT070015-15,COPPER,2026-10-07T04:15:00Z,yes,6.63103,6.63348,determined
2026-10-07T04:15:27.508141+00:00,KXWTI15M-26OCT070015-15,WTI,2026-10-07T04:15:00Z,no,90.24,90.14,determined
2026-10-07T04:15:36.819489+00:00,KXPALLADIUM15M-26OCT070015-15,PALLADIUM,2026-10-07T04:15:00Z,yes,1164.335,1165.296,finalized
2026-10-07T04:15:36.903011+00:00,KXGOLD15M-26OCT070015-15,GOLD,2026-10-07T04:15:00Z,no,4143.64,4142.69,finalized
2026-10-07T04:30:06.482336+00:00,KXSOL15M-26OCT070030-30,SOL,2026-10-07T04:30:00Z,no,118.3217,118.2643,determined
2026-10-07T04:30:16.326060+00:00,KXBTC15M-26OCT070030-30,BTC,2026-10-07T04:30:00Z,yes,84117.35,84118.56,finalized
2026-10-07T04:30:16.981224+00:00,KXDOGE15M-26OCT070030-30,DOGE,2026-10-07T04:30:00Z,no,0.090161,0.0899461,finalized
2026-10-07T04:30:17.561949+00:00,KXXRP15M-26OCT070030-30,XRP,2026-10-07T04:30:00Z,yes,1.464,1.4641,finalized
2026-10-07T04:30:17.715697+00:00,KXETH15M-26OCT070030-30,ETH,2026-10-07T04:30:00Z,no,2612.1,2608.22,finalized
2026-10-07T04:30:26.029783+00:00,KXGOLD15M-26OCT070030-30,GOLD,2026-10-07T04:30:00Z,no,4142.69,4142.06,finalized
2026-10-07T04:30:26.187935+00:00,KXCOPPER15M-26OCT070030-30,COPPER,2026-10-07T04:30:00Z,yes,6.63348,6.63533,finalized
2026-10-07T04:30:26.266725+00:00,KXPALLADIUM15M-26OCT070030-30,PALLADIUM,2026-10-07T04:30:00Z,no,1165.296,1164.434,determined
2026-10-07T04:30:26.845047+00:00,KXWTI15M-26OCT070030-30,WTI,2026-10-07T04:30:00Z,yes,90.14,90.16,finalized
2026-10-07T04:30:27.924166+00:00,KXPLATINUM15M-26OCT070030-30,PLATINUM,2026-10-07T04:30:00Z,no,1700.866,1699.860,finalized
2026-10-07T04:30:36.235760+00:00,KXSILVER15M-26OCT070030-30,SILVER,2026-10-07T04:30:00Z,no,60.866,60.836,finalized
2026-10-07T04:45:05.280060+00:00,KXDOGE15M-26OCT070045-45,DOGE,2026-10-07T04:45:00Z,no,0.089946,0.0897847,determined
2026-10-07T04:45:06.261589+00:00,KXXRP15M-26OCT070045-45,XRP,2026-10-07T04:45:00Z,no,1.4641,1.4619,determined
2026-10-07T04:45:16.153478+00:00,KXETH15M-26OCT070045-45,ETH,2026-10-07T04:45:00Z,no,2608.22,2607.69,finalized
2026-10-07T04:45:16.813607+00:00,KXSOL15M-26OCT070045-45,SOL,2026-10-07T04:45:00Z,no,118.2643,118.0673,determined
2026-10-07T04:45:17.640804+00:00,KXBTC15M-26OCT070045-45,BTC,2026-10-07T04:45:00Z,no,84118.56,84043.54,finalized
2026-10-07T04:45:27.175453+00:00,KXWTI15M-26OCT070045-45,WTI,2026-10-07T04:45:00Z,yes,90.16,90.20,determined
2026-10-07T04:45:27.756552+00:00,KXGOLD15M-26OCT070045-45,GOLD,2026-10-07T04:45:00Z,no,4142.06,4137.16,determined
2026-10-07T04:45:36.624376+00:00,KXCOPPER15M-26OCT070045-45,COPPER,2026-10-07T04:45:00Z,no,6.63533,6.63383,finalized
2026-10-07T04:45:36.706010+00:00,KXPALLADIUM15M-26OCT070045-45,PALLADIUM,2026-10-07T04:45:00Z,no,1164.434,1163.565,finalized
2026-10-07T04:45:36.782754+00:00,KXPLATINUM15M-26OCT070045-45,PLATINUM,2026-10-07T04:45:00Z,no,1699.86,1697.479,finalized
2026-10-07T04:45:38.362847+00:00,KXSILVER15M-26OCT070045-45,SILVER,2026-10-07T04:45:00Z,no,60.836,60.757,finalized
2026-10-07T05:00:05.486676+00:00,KXXRP15M-26OCT070100-00,XRP,2026-10-07T05:00:00Z,yes,1.4619,1.4629,determined
2026-10-07T05:00:06.467820+00:00,KXSOL15M-26OCT070100-00,SOL,2026-10-07T05:00:00Z,no,118.0673,118.0655,determined
2026-10-07T05:00:07.127438+00:00,KXBTC15M-26OCT070100-00,BTC,2026-10-07T05:00:00Z,yes,84043.54,84078.57,determined
2026-10-07T05:00:15.607713+00:00,KXDOGE15M-26OCT070100-00,DOGE,2026-10-07T05:00:00Z,no,0.089784,0.0897805,finalized
2026-10-07T05:00:16.353909+00:00,KXETH15M-26OCT070100-00,ETH,2026-10-07T05:00:00Z,yes,2607.69,2610.22,finalized
2026-10-07T05:00:25.987361+00:00,KXCOPPER15M-26OCT070100-00,COPPER,2026-10-07T05:00:00Z,no,6.63383,6.62663,determined
2026-10-07T05:00:26.645657+00:00,KXGOLD15M-26OCT070100-00,GOLD,2026-10-07T05:00:00Z,no,4137.16,4135.20,determined
2026-10-07T05:00:26.725454+00:00,KXPALLADIUM15M-26OCT070100-00,PALLADIUM,2026-10-07T05:00:00Z,no,1163.565,1162.108,determined
2026-10-07T05:00:27.808100+00:00,KXWTI15M-26OCT070100-00,WTI,2026-10-07T05:00:00Z,no,90.2,90.01,determined
2026-10-07T05:00:27.887021+00:00,KXSILVER15M-26OCT070100-00,SILVER,2026-10-07T05:00:00Z,no,60.757,60.721,determined
2026-10-07T05:00:36.184873+00:00,KXPLATINUM15M-26OCT070100-00,PLATINUM,2026-10-07T05:00:00Z,no,1697.479,1693.374,finalized
2026-10-07T05:15:06.271978+00:00,KXSOL15M-26OCT070115-15,SOL,2026-10-07T05:15:00Z,yes,118.0655,118.3988,determined
2026-10-07T05:15:15.589460+00:00,KXXRP15M-26OCT070115-15,XRP,2026-10-07T05:15:00Z,yes,1.4629,1.4681,finalized
2026-10-07T05:15:15.758804+00:00,KXETH15M-26OCT070115-15,ETH,2026-10-07T05:15:00Z,yes,2610.22,2613.72,finalized
2026-10-07T05:15:17.089433+00:00,KXBTC15M-26OCT070115-15,BTC,2026-10-07T05:15:00Z,yes,84078.57,84158.01,finalized
2026-10-07T05:15:17.668127+00:00,KXDOGE15M-26OCT070115-15,DOGE,2026-10-07T05:15:00Z,yes,0.08978,0.0900595,finalized
2026-10-07T05:15:26.230419+00:00,KXSILVER15M-26OCT070115-15,SILVER,2026-10-07T05:15:00Z,no,60.721,60.689,determined
2026-10-07T05:15:27.388919+00:00,KXPALLADIUM15M-26OCT070115-15,PALLADIUM,2026-10-07T05:15:00Z,no,1162.108,1161.355,finalized
2026-10-07T05:15:27.968640+00:00,KXWTI15M-26OCT070115-15,WTI,2026-10-07T05:15:00Z,yes,90.01,90.09,finalized
2026-10-07T05:15:28.051188+00:00,KXGOLD15M-26OCT070115-15,GOLD,2026-10-07T05:15:00Z,no,4135.2,4134.42,finalized
2026-10-07T05:15:36.415033+00:00,KXCOPPER15M-26OCT070115-15,COPPER,2026-10-07T05:15:00Z,yes,6.62663,6.62905,finalized
2026-10-07T05:15:37.498336+00:00,KXPLATINUM15M-26OCT070115-15,PLATINUM,2026-10-07T05:15:00Z,no,1693.374,1691.830,finalized
2026-10-07T05:30:05.821642+00:00,KXDOGE15M-26OCT070130-30,DOGE,2026-10-07T05:30:00Z,yes,0.090059,0.0902658,determined
2026-10-07T05:30:15.870277+00:00,KXXRP15M-26OCT070130-30,XRP,2026-10-07T05:30:00Z,yes,1.4681,1.4697,finalized
2026-10-07T05:30:17.325751+00:00,KXBTC15M-26OCT070130-30,BTC,2026-10-07T05:30:00Z,yes,84158.01,84181.84,finalized
2026-10-07T05:30:17.908065+00:00,KXSOL15M-26OCT070130-30,SOL,2026-10-07T05:30:00Z,yes,118.3988,118.5725,finalized
2026-10-07T05:30:17.986030+00:00,KXETH15M-26OCT070130-30,ETH,2026-10-07T05:30:00Z,yes,2613.72,2615.35,finalized
2026-10-07T05:30:26.274341+00:00,KXSILVER15M-26OCT070130-30,SILVER,2026-10-07T05:30:00Z,yes,60.689,60.700,finalized
2026-10-07T05:30:26.853516+00:00,KXWTI15M-26OCT070130-30,WTI,2026-10-07T05:30:00Z,yes,90.09,90.13,finalized
2026-10-07T05:30:27.558289+00:00,KXCOPPER15M-26OCT070130-30,COPPER,2026-10-07T05:30:00Z,no,6.62905,6.62801,finalized
2026-10-07T05:30:27.636953+00:00,KXPLATINUM15M-26OCT070130-30,PLATINUM,2026-10-07T05:30:00Z,yes,1691.83,1692.546,finalized
2026-10-07T05:30:27.719007+00:00,KXPALLADIUM15M-26OCT070130-30,PALLADIUM,2026-10-07T05:30:00Z,no,1161.355,1160.141,finalized
2026-10-07T05:30:28.302658+00:00,KXGOLD15M-26OCT070130-30,GOLD,2026-10-07T05:30:00Z,no,4134.42,4133.83,finalized
2026-10-07T05:45:06.283504+00:00,KXDOGE15M-26OCT070145-45,DOGE,2026-10-07T05:45:00Z,no,0.090265,0.0902607,determined
2026-10-07T05:45:06.440644+00:00,KXSOL15M-26OCT070145-45,SOL,2026-10-07T05:45:00Z,yes,118.5725,118.6585,determined
2026-10-07T05:45:15.609505+00:00,KXXRP15M-26OCT070145-45,XRP,2026-10-07T05:45:00Z,yes,1.4697,1.4697,determined
2026-10-07T05:45:15.774019+00:00,KXBTC15M-26OCT070145-45,BTC,2026-10-07T05:45:00Z,yes,84181.84,84200.88,finalized
2026-10-07T05:45:15.866416+00:00,KXETH15M-26OCT070145-45,ETH,2026-10-07T05:45:00Z,yes,2615.35,2616.97,finalized
2026-10-07T05:45:26.164041+00:00,KXPLATINUM15M-26OCT070145-45,PLATINUM,2026-10-07T05:45:00Z,yes,1692.546,1694.440,finalized
2026-10-07T05:45:26.747725+00:00,KXWTI15M-26OCT070145-45,WTI,2026-10-07T05:45:00Z,no,90.13,90.03,finalized
2026-10-07T05:45:27.327744+00:00,KXGOLD15M-26OCT070145-45,GOLD,2026-10-07T05:45:00Z,yes,4133.83,4136.91,finalized
2026-10-07T05:45:27.908068+00:00,KXSILVER15M-26OCT070145-45,SILVER,2026-10-07T05:45:00Z,yes,60.7,60.723,finalized
2026-10-07T05:45:27.983652+00:00,KXCOPPER15M-26OCT070145-45,COPPER,2026-10-07T05:45:00Z,yes,6.62801,6.63111,finalized
2026-10-07T05:45:28.060291+00:00,KXPALLADIUM15M-26OCT070145-45,PALLADIUM,2026-10-07T05:45:00Z,yes,1160.141,1161.410,finalized
2026-10-07T06:00:06.533188+00:00,KXSOL15M-26OCT070200-00,SOL,2026-10-07T06:00:00Z,yes,118.6585,118.8575,determined
2026-10-07T06:00:07.271837+00:00,KXETH15M-26OCT070200-00,ETH,2026-10-07T06:00:00Z,yes,2616.97,2621.16,determined
2026-10-07T06:00:07.350950+00:00,KXXRP15M-26OCT070200-00,XRP,2026-10-07T06:00:00Z,yes,1.4697,1.4730,determined
2026-10-07T06:00:15.710701+00:00,KXDOGE15M-26OCT070200-00,DOGE,2026-10-07T06:00:00Z,yes,0.09026,0.0905733,determined
2026-10-07T06:00:16.368443+00:00,KXBTC15M-26OCT070200-00,BTC,2026-10-07T06:00:00Z,yes,84200.88,84309.00,finalized
2026-10-07T06:00:26.436964+00:00,KXWTI15M-26OCT070200-00,WTI,2026-10-07T06:00:00Z,yes,90.03,90.07,finalized
2026-10-07T06:00:27.017556+00:00,KXGOLD15M-26OCT070200-00,GOLD,2026-10-07T06:00:00Z,no,4136.91,4128.93,finalized
2026-10-07T06:00:27.600780+00:00,KXSILVER15M-26OCT070200-00,SILVER,2026-10-07T06:00:00Z,no,60.723,60.564,finalized
2026-10-07T06:00:27.681543+00:00,KXCOPPER15M-26OCT070200-00,COPPER,2026-10-07T06:00:00Z,no,6.63111,6.62396,finalized
2026-10-07T06:00:27.772673+00:00,KXPALLADIUM15M-26OCT070200-00,PALLADIUM,2026-10-07T06:00:00Z,no,1161.41,1158.418,finalized
2026-10-07T06:00:27.859078+00:00,KXPLATINUM15M-26OCT070200-00,PLATINUM,2026-10-07T06:00:00Z,no,1694.44,1688.665,finalized
2026-10-07T06:15:06.103111+00:00,KXSOL15M-26OCT070215-15,SOL,2026-10-07T06:15:00Z,no,118.8575,118.5608,determined
2026-10-07T06:15:15.365684+00:00,KXBTC15M-26OCT070215-15,BTC,2026-10-07T06:15:00Z,no,84309,84285.79,finalized
2026-10-07T06:15:15.444049+00:00,KXXRP15M-26OCT070215-15,XRP,2026-10-07T06:15:00Z,no,1.473,1.4728,determined
2026-10-07T06:15:15.525165+00:00,KXDOGE15M-26OCT070215-15,DOGE,2026-10-07T06:15:00Z,yes,0.090573,0.0906019,finalized
2026-10-07T06:15:17.498989+00:00,KXETH15M-26OCT070215-15,ETH,2026-10-07T06:15:00Z,no,2621.16,2619.55,determined
2026-10-07T06:15:25.888021+00:00,KXGOLD15M-26OCT070215-15,GOLD,2026-10-07T06:15:00Z,yes,4128.93,4134.31,determined
2026-10-07T06:15:27.064135+00:00,KXWTI15M-26OCT070215-15,WTI,2026-10-07T06:15:00Z,yes,90.07,90.31,determined
2026-10-07T06:15:27.140915+00:00,KXSILVER15M-26OCT070215-15,SILVER,2026-10-07T06:15:00Z,yes,60.564,60.676,determined
2026-10-07T06:15:27.717643+00:00,KXCOPPER15M-26OCT070215-15,COPPER,2026-10-07T06:15:00Z,yes,6.62396,6.63012,determined
2026-10-07T06:15:27.795470+00:00,KXPLATINUM15M-26OCT070215-15,PLATINUM,2026-10-07T06:15:00Z,yes,1688.665,1688.715,determined
2026-10-07T06:15:36.616271+00:00,KXPALLADIUM15M-26OCT070215-15,PALLADIUM,2026-10-07T06:15:00Z,yes,1158.418,1161.071,determined
2026-10-07T06:30:05.577965+00:00,KXDOGE15M-26OCT070230-30,DOGE,2026-10-07T06:30:00Z,yes,0.090601,0.0906861,determined
2026-10-07T06:30:07.175440+00:00,KXXRP15M-26OCT070230-30,XRP,2026-10-07T06:30:00Z,yes,1.4728,1.4740,determined
2026-10-07T06:30:16.303812+00:00,KXBTC15M-26OCT070230-30,BTC,2026-10-07T06:30:00Z,no,84285.79,84197.67,finalized
2026-10-07T06:30:16.384316+00:00,KXSOL15M-26OCT070230-30,SOL,2026-10-07T06:30:00Z,yes,118.5608,118.6522,finalized
2026-10-07T06:30:17.118377+00:00,KXETH15M-26OCT070230-30,ETH,2026-10-07T06:30:00Z,no,2619.55,2616.42,finalized
2026-10-07T06:30:26.101237+00:00,KXGOLD15M-26OCT070230-30,GOLD,2026-10-07T06:30:00Z,no,4134.31,4131.30,finalized
2026-10-07T06:30:26.182046+00:00,KXSILVER15M-26OCT070230-30,SILVER,2026-10-07T06:30:00Z,no,60.676,60.544,finalized
2026-10-07T06:30:26.261285+00:00,KXPALLADIUM15M-26OCT070230-30,PALLADIUM,2026-10-07T06:30:00Z,no,1161.071,1158.407,finalized
2026-10-07T06:30:26.841434+00:00,KXCOPPER15M-26OCT070230-30,COPPER,2026-10-07T06:30:00Z,no,6.63012,6.61658,determined
2026-10-07T06:30:26.917686+00:00,KXPLATINUM15M-26OCT070230-30,PLATINUM,2026-10-07T06:30:00Z,no,1688.715,1678.520,finalized
2026-10-07T06:30:27.498704+00:00,KXWTI15M-26OCT070230-30,WTI,2026-10-07T06:30:00Z,no,90.31,90.01,finalized
2026-10-07T06:45:06.265982+00:00,KXETH15M-26OCT070245-45,ETH,2026-10-07T06:45:00Z,yes,2616.42,2623.14,determined
2026-10-07T06:45:06.343834+00:00,KXDOGE15M-26OCT070245-45,DOGE,2026-10-07T06:45:00Z,yes,0.090686,0.0909704,determined
2026-10-07T06:45:07.083019+00:00,KXXRP15M-26OCT070245-45,XRP,2026-10-07T06:45:00Z,yes,1.474,1.4774,determined
2026-10-07T06:45:15.683179+00:00,KXBTC15M-26OCT070245-45,BTC,2026-10-07T06:45:00Z,yes,84197.67,84323.56,determined
2026-10-07T06:45:17.692933+00:00,KXSOL15M-26OCT070245-45,SOL,2026-10-07T06:45:00Z,yes,118.6522,119.0245,finalized
2026-10-07T06:45:25.900421+00:00,KXCOPPER15M-26OCT070245-45,COPPER,2026-10-07T06:45:00Z,no,6.61658,6.60589,finalized
2026-10-07T06:45:26.093927+00:00,KXPLATINUM15M-26OCT070245-45,PLATINUM,2026-10-07T06:45:00Z,no,1678.52,1673.906,finalized
2026-10-07T06:45:27.375118+00:00,KXGOLD15M-26OCT070245-45,GOLD,2026-10-07T06:45:00Z,yes,4131.3,4133.48,finalized
2026-10-07T06:45:27.456941+00:00,KXSILVER15M-26OCT070245-45,SILVER,2026-10-07T06:45:00Z,no,60.544,60.530,finalized
2026-10-07T06:45:28.037333+00:00,KXPALLADIUM15M-26OCT070245-45,PALLADIUM,2026-10-07T06:45:00Z,yes,1158.407,1158.547,finalized
2026-10-07T06:45:36.678591+00:00,KXWTI15M-26OCT070245-45,WTI,2026-10-07T06:45:00Z,yes,90.01,90.06,finalized
2026-10-07T07:00:05.428290+00:00,KXDOGE15M-26OCT070300-00,DOGE,2026-10-07T07:00:00Z,no,0.09097,0.0908257,determined
2026-10-07T07:00:06.407092+00:00,KXBTC15M-26OCT070300-00,BTC,2026-10-07T07:00:00Z,no,84323.56,84220.03,determined
2026-10-07T07:00:06.487615+00:00,KXXRP15M-26OCT070300-00,XRP,2026-10-07T07:00:00Z,no,1.4774,1.4752,determined
2026-10-07T07:00:16.156584+00:00,KXETH15M-26OCT070300-00,ETH,2026-10-07T07:00:00Z,no,2623.14,2618.17,finalized
2026-10-07T07:00:16.234355+00:00,KXSOL15M-26OCT070300-00,SOL,2026-10-07T07:00:00Z,no,119.0245,118.7847,finalized
2026-10-07T07:00:16.816407+00:00,KXGOLD15M-26OCT070300-00,GOLD,2026-10-07T07:00:00Z,no,4133.48,4130.76,determined
2026-10-07T07:00:26.445068+00:00,KXWTI15M-26OCT070300-00,WTI,2026-10-07T07:00:00Z,yes,90.06,90.16,finalized
2026-10-07T07:00:27.027615+00:00,KXSILVER15M-26OCT070300-00,SILVER,2026-10-07T07:00:00Z,no,60.53,60.469,finalized
2026-10-07T07:00:27.607433+00:00,KXCOPPER15M-26OCT070300-00,COPPER,2026-10-07T07:00:00Z,no,6.60589,6.60041,finalized
2026-10-07T07:00:27.787652+00:00,KXPLATINUM15M-26OCT070300-00,PLATINUM,2026-10-07T07:00:00Z,no,1673.906,1671.533,finalized
2026-10-07T07:00:38.089054+00:00,KXPALLADIUM15M-26OCT070300-00,PALLADIUM,2026-10-07T07:00:00Z,no,1158.547,1157.802,finalized
2026-10-07T07:15:05.713098+00:00,KXETH15M-26OCT070315-15,ETH,2026-10-07T07:15:00Z,no,2618.17,2618.14,determined
2026-10-07T07:15:05.794798+00:00,KXXRP15M-26OCT070315-15,XRP,2026-10-07T07:15:00Z,yes,1.4752,1.4762,determined
2026-10-07T07:15:06.452806+00:00,KXSOL15M-26OCT070315-15,SOL,2026-10-07T07:15:00Z,yes,118.7847,118.9620,determined
2026-10-07T07:15:15.649609+00:00,KXBTC15M-26OCT070315-15,BTC,2026-10-07T07:15:00Z,yes,84220.03,84233.95,finalized
2026-10-07T07:15:16.897667+00:00,KXDOGE15M-26OCT070315-15,DOGE,2026-10-07T07:15:00Z,yes,0.090825,0.0909484,finalized
2026-10-07T07:15:26.051906+00:00,KXWTI15M-26OCT070315-15,WTI,2026-10-07T07:15:00Z,no,90.16,89.75,determined
2026-10-07T07:15:27.215125+00:00,KXCOPPER15M-26OCT070315-15,COPPER,2026-10-07T07:15:00Z,yes,6.60041,6.62203,determined
2026-10-07T07:15:27.877931+00:00,KXSILVER15M-26OCT070315-15,SILVER,2026-10-07T07:15:00Z,yes,60.469,60.560,determined
2026-10-07T07:15:27.958387+00:00,KXPALLADIUM15M-26OCT070315-15,PALLADIUM,2026-10-07T07:15:00Z,no,1157.802,1157.392,determined
2026-10-07T07:15:37.288435+00:00,KXGOLD15M-26OCT070315-15,GOLD,2026-10-07T07:15:00Z,yes,4130.76,4131.80,finalized
2026-10-07T07:15:38.369830+00:00,KXPLATINUM15M-26OCT070315-15,PLATINUM,2026-10-07T07:15:00Z,yes,1671.533,1671.560,finalized
2026-10-07T07:30:05.098089+00:00,KXDOGE15M-26OCT070330-30,DOGE,2026-10-07T07:30:00Z,no,0.090948,0.0908719,determined
2026-10-07T07:30:16.032007+00:00,KXSOL15M-26OCT070330-30,SOL,2026-10-07T07:30:00Z,no,118.962,118.7180,finalized
2026-10-07T07:30:16.111078+00:00,KXXRP15M-26OCT070330-30,XRP,2026-10-07T07:30:00Z,no,1.4762,1.4729,determined
2026-10-07T07:30:16.266840+00:00,KXETH15M-26OCT070330-30,ETH,2026-10-07T07:30:00Z,no,2618.14,2617.10,finalized
2026-10-07T07:30:17.504231+00:00,KXBTC15M-26OCT070330-30,BTC,2026-10-07T07:30:00Z,no,84233.95,84199.35,finalized
2026-10-07T07:30:25.806431+00:00,KXCOPPER15M-26OCT070330-30,COPPER,2026-10-07T07:30:00Z,yes,6.62203,6.62879,determined
2026-10-07T07:30:25.970056+00:00,KXPALLADIUM15M-26OCT070330-30,PALLADIUM,2026-10-07T07:30:00Z,no,1157.392,1156.212,determined
2026-10-07T07:30:26.549348+00:00,KXWTI15M-26OCT070330-30,WTI,2026-10-07T07:30:00Z,yes,89.75,89.83,determined
2026-10-07T07:30:27.127812+00:00,KXGOLD15M-26OCT070330-30,GOLD,2026-10-07T07:30:00Z,yes,4131.8,4133.13,determined
2026-10-07T07:30:27.707180+00:00,KXSILVER15M-26OCT070330-30,SILVER,2026-10-07T07:30:00Z,yes,60.56,60.568,determined
2026-10-07T07:30:36.035536+00:00,KXPLATINUM15M-26OCT070330-30,PLATINUM,2026-10-07T07:30:00Z,yes,1671.56,1672.581,finalized
2026-10-07T07:45:15.408633+00:00,KXDOGE15M-26OCT070345-45,DOGE,2026-10-07T07:45:00Z,yes,0.090871,0.0910024,determined
2026-10-07T07:45:16.165844+00:00,KXXRP15M-26OCT070345-45,XRP,2026-10-07T07:45:00Z,yes,1.4729,1.4746,finalized
2026-10-07T07:45:16.398731+00:00,KXBTC15M-26OCT070345-45,BTC,2026-10-07T07:45:00Z,yes,84199.35,84274.88,finalized
2026-10-07T07:45:16.978476+00:00,KXSOL15M-26OCT070345-45,SOL,2026-10-07T07:45:00Z,yes,118.718,118.8750,finalized
2026-10-07T07:45:17.137235+00:00,KXETH15M-26OCT070345-45,ETH,2026-10-07T07:45:00Z,yes,2617.1,2620.42,finalized
2026-10-07T07:45:25.429635+00:00,KXWTI15M-26OCT070345-45,WTI,2026-10-07T07:45:00Z,no,89.83,89.77,finalized
2026-10-07T07:45:26.008923+00:00,KXSILVER15M-26OCT070345-45,SILVER,2026-10-07T07:45:00Z,yes,60.568,60.614,finalized
2026-10-07T07:45:26.091913+00:00,KXGOLD15M-26OCT070345-45,GOLD,2026-10-07T07:45:00Z,yes,4133.13,4137.46,determined
2026-10-07T07:45:26.675543+00:00,KXCOPPER15M-26OCT070345-45,COPPER,2026-10-07T07:45:00Z,yes,6.62879,6.63921,finalized
2026-10-07T07:45:26.753691+00:00,KXPLATINUM15M-26OCT070345-45,PLATINUM,2026-10-07T07:45:00Z,yes,1672.581,1674.410,finalized
2026-10-07T07:45:27.333018+00:00,KXPALLADIUM15M-26OCT070345-45,PALLADIUM,2026-10-07T07:45:00Z,yes,1156.212,1156.762,finalized
2026-10-07T08:00:05.693438+00:00,KXSOL15M-26OCT070400-00,SOL,2026-10-07T08:00:00Z,no,118.875,118.6002,determined
2026-10-07T08:00:06.548394+00:00,KXBTC15M-26OCT070400-00,BTC,2026-10-07T08:00:00Z,no,84274.88,84132.98,determined
2026-10-07T08:00:07.127513+00:00,KXETH15M-26OCT070400-00,ETH,2026-10-07T08:00:00Z,no,2620.42,2616.27,determined
2026-10-07T08:00:15.717503+00:00,KXDOGE15M-26OCT070400-00,DOGE,2026-10-07T08:00:00Z,no,0.091002,0.0909049,finalized
2026-10-07T08:00:16.875075+00:00,KXXRP15M-26OCT070400-00,XRP,2026-10-07T08:00:00Z,no,1.4746,1.4719,determined
2026-10-07T08:00:25.981416+00:00,KXSILVER15M-26OCT070400-00,SILVER,2026-10-07T08:00:00Z,no,60.614,60.508,determined
2026-10-07T08:00:27.136589+00:00,KXGOLD15M-26OCT070400-00,GOLD,2026-10-07T08:00:00Z,no,4137.46,4132.69,determined
2026-10-07T08:00:27.214011+00:00,KXPLATINUM15M-26OCT070400-00,PLATINUM,2026-10-07T08:00:00Z,no,1674.41,1673.655,determined
2026-10-07T08:00:27.794693+00:00,KXWTI15M-26OCT070400-00,WTI,2026-10-07T08:00:00Z,no,89.77,89.63,determined
2026-10-07T08:00:36.194429+00:00,KXPALLADIUM15M-26OCT070400-00,PALLADIUM,2026-10-07T08:00:00Z,yes,1156.762,1159.266,determined
2026-10-07T08:00:38.279562+00:00,KXCOPPER15M-26OCT070400-00,COPPER,2026-10-07T08:00:00Z,no,6.63921,6.63683,finalized
2026-10-07T08:15:07.152934+00:00,KXETH15M-26OCT070415-15,ETH,2026-10-07T08:15:00Z,no,2616.27,2614.14,determined
2026-10-07T08:15:07.231504+00:00,KXSOL15M-26OCT070415-15,SOL,2026-10-07T08:15:00Z,no,118.6002,118.4767,determined
2026-10-07T08:15:15.914459+00:00,KXDOGE15M-26OCT070415-15,DOGE,2026-10-07T08:15:00Z,no,0.090904,0.0908100,finalized
2026-10-07T08:15:16.070531+00:00,KXXRP15M-26OCT070415-15,XRP,2026-10-07T08:15:00Z,no,1.4719,1.4682,finalized
2026-10-07T08:15:16.916740+00:00,KXBTC15M-26OCT070415-15,BTC,2026-10-07T08:15:00Z,no,84132.98,84012.98,determined
2026-10-07T08:15:26.446686+00:00,KXPLATINUM15M-26OCT070415-15,PLATINUM,2026-10-07T08:15:00Z,no,1673.655,1670.334,determined
2026-10-07T08:15:27.355659+00:00,KXCOPPER15M-26OCT070415-15,COPPER,2026-10-07T08:15:00Z,yes,6.63683,6.64674,determined
2026-10-07T08:15:27.435435+00:00,KXSILVER15M-26OCT070415-15,SILVER,2026-10-07T08:15:00Z,yes,60.508,60.529,determined
2026-10-07T08:15:27.517836+00:00,KXWTI15M-26OCT070415-15,WTI,2026-10-07T08:15:00Z,no,89.63,89.53,determined
2026-10-07T08:15:28.099481+00:00,KXPALLADIUM15M-26OCT070415-15,PALLADIUM,2026-10-07T08:15:00Z,no,1159.266,1154.480,determined
2026-10-07T08:15:36.840513+00:00,KXGOLD15M-26OCT070415-15,GOLD,2026-10-07T08:15:00Z,no,4132.69,4132.27,finalized
2026-10-07T08:30:05.623833+00:00,KXETH15M-26OCT070430-30,ETH,2026-10-07T08:30:00Z,yes,2614.14,2615.23,determined
2026-10-07T08:30:06.283981+00:00,KXBTC15M-26OCT070430-30,BTC,2026-10-07T08:30:00Z,yes,84012.98,84018.70,determined
2026-10-07T08:30:06.363622+00:00,KXSOL15M-26OCT070430-30,SOL,2026-10-07T08:30:00Z,yes,118.4767,118.4910,determined
2026-10-07T08:30:06.441388+00:00,KXDOGE15M-26OCT070430-30,DOGE,2026-10-07T08:30:00Z,yes,0.09081,0.0908944,determined
2026-10-07T08:30:15.664415+00:00,KXXRP15M-26OCT070430-30,XRP,2026-10-07T08:30:00Z,no,1.4682,1.4662,finalized
2026-10-07T08:30:25.878656+00:00,KXGOLD15M-26OCT070430-30,GOLD,2026-10-07T08:30:00Z,no,4132.27,4126.66,determined
2026-10-07T08:30:27.033376+00:00,KXSILVER15M-26OCT070430-30,SILVER,2026-10-07T08:30:00Z,no,60.529,60.403,determined
2026-10-07T08:30:27.612428+00:00,KXCOPPER15M-26OCT070430-30,COPPER,2026-10-07T08:30:00Z,yes,6.64674,6.65860,determined
2026-10-07T08:30:27.689428+00:00,KXPLATINUM15M-26OCT070430-30,PLATINUM,2026-10-07T08:30:00Z,no,1670.334,1670.051,finalized
2026-10-07T08:30:36.598159+00:00,KXPALLADIUM15M-26OCT070430-30,PALLADIUM,2026-10-07T08:30:00Z,no,1154.48,1154.269,determined
2026-10-07T08:30:38.181972+00:00,KXWTI15M-26OCT070430-30,WTI,2026-10-07T08:30:00Z,yes,89.53,89.63,finalized
2026-10-07T08:45:05.467085+00:00,KXXRP15M-26OCT070445-45,XRP,2026-10-07T08:45:00Z,no,1.4662,1.4649,determined
2026-10-07T08:45:06.664381+00:00,KXETH15M-26OCT070445-45,ETH,2026-10-07T08:45:00Z,no,2615.23,2611.95,determined
2026-10-07T08:45:16.170170+00:00,KXBTC15M-26OCT070445-45,BTC,2026-10-07T08:45:00Z,no,84018.7,83968.07,finalized
2026-10-07T08:45:16.247967+00:00,KXSOL15M-26OCT070445-45,SOL,2026-10-07T08:45:00Z,no,118.491,118.3997,finalized
2026-10-07T08:45:16.324677+00:00,KXDOGE15M-26OCT070445-45,DOGE,2026-10-07T08:45:00Z,no,0.090894,0.0908623,finalized
2026-10-07T08:45:27.179513+00:00,KXWTI15M-26OCT070445-45,WTI,2026-10-07T08:45:00Z,no,89.63,89.44,determined
2026-10-07T08:45:28.125640+00:00,KXGOLD15M-26OCT070445-45,GOLD,2026-10-07T08:45:00Z,yes,4126.66,4126.89,determined
2026-10-07T08:45:37.433506+00:00,KXPALLADIUM15M-26OCT070445-45,PALLADIUM,2026-10-07T08:45:00Z,no,1154.269,1153.139,finalized
2026-10-07T08:45:37.512672+00:00,KXSILVER15M-26OCT070445-45,SILVER,2026-10-07T08:45:00Z,yes,60.403,60.426,finalized
2026-10-07T08:45:38.092112+00:00,KXCOPPER15M-26OCT070445-45,COPPER,2026-10-07T08:45:00Z,no,6.6586,6.65249,finalized
2026-10-07T08:45:38.222911+00:00,KXPLATINUM15M-26OCT070445-45,PLATINUM,2026-10-07T08:45:00Z,no,1670.051,1668.405,finalized
2026-10-07T09:00:05.427066+00:00,KXSOL15M-26OCT070500-00,SOL,2026-10-07T09:00:00Z,no,118.3997,118.1843,determined
2026-10-07T09:00:07.131345+00:00,KXDOGE15M-26OCT070500-00,DOGE,2026-10-07T09:00:00Z,no,0.090862,0.0904407,determined
2026-10-07T09:00:16.036182+00:00,KXETH15M-26OCT070500-00,ETH,2026-10-07T09:00:00Z,no,2611.95,2609.39,determined
2026-10-07T09:00:16.193161+00:00,KXXRP15M-26OCT070500-00,XRP,2026-10-07T09:00:00Z,no,1.4649,1.4622,determined
2026-10-07T09:00:17.592606+00:00,KXBTC15M-26OCT070500-00,BTC,2026-10-07T09:00:00Z,no,83968.07,83933.38,finalized
2026-10-07T09:00:26.480361+00:00,KXSILVER15M-26OCT070500-00,SILVER,2026-10-07T09:00:00Z,no,60.426,60.358,determined
2026-10-07T09:00:27.059356+00:00,KXPLATINUM15M-26OCT070500-00,PLATINUM,2026-10-07T09:00:00Z,no,1668.405,1655.903,determined
2026-10-07T09:00:27.213258+00:00,KXCOPPER15M-26OCT070500-00,COPPER,2026-10-07T09:00:00Z,no,6.65249,6.63900,determined
2026-10-07T09:00:27.288657+00:00,KXPALLADIUM15M-26OCT070500-00,PALLADIUM,2026-10-07T09:00:00Z,no,1153.139,1145.292,determined
2026-10-07T09:00:27.865605+00:00,KXGOLD15M-26OCT070500-00,GOLD,2026-10-07T09:00:00Z,no,4126.89,4123.93,determined
2026-10-07T09:00:37.265225+00:00,KXWTI15M-26OCT070500-00,WTI,2026-10-07T09:00:00Z,yes,89.44,89.55,determined
2026-10-07T09:15:06.110342+00:00,KXDOGE15M-26OCT070515-15,DOGE,2026-10-07T09:15:00Z,no,0.09044,0.0903227,determined
2026-10-07T09:15:06.265217+00:00,KXETH15M-26OCT070515-15,ETH,2026-10-07T09:15:00Z,no,2609.39,2608.52,determined
2026-10-07T09:15:06.341963+00:00,KXSOL15M-26OCT070515-15,SOL,2026-10-07T09:15:00Z,no,118.1843,118.1690,determined
2026-10-07T09:15:07.106102+00:00,KXXRP15M-26OCT070515-15,XRP,2026-10-07T09:15:00Z,no,1.4622,1.4598,determined
2026-10-07T09:15:07.184400+00:00,KXBTC15M-26OCT070515-15,BTC,2026-10-07T09:15:00Z,no,83933.38,83913.32,determined
2026-10-07T09:15:25.686915+00:00,KXPALLADIUM15M-26OCT070515-15,PALLADIUM,2026-10-07T09:15:00Z,no,1145.292,1143.366,determined
2026-10-07T09:15:25.842588+00:00,KXCOPPER15M-26OCT070515-15,COPPER,2026-10-07T09:15:00Z,no,6.639,6.63776,determined
2026-10-07T09:15:25.920003+00:00,KXWTI15M-26OCT070515-15,WTI,2026-10-07T09:15:00Z,yes,89.55,89.88,determined
2026-10-07T09:15:26.499183+00:00,KXPLATINUM15M-26OCT070515-15,PLATINUM,2026-10-07T09:15:00Z,no,1655.903,1651.594,determined
2026-10-07T09:15:35.879542+00:00,KXGOLD15M-26OCT070515-15,GOLD,2026-10-07T09:15:00Z,no,4123.93,4123.74,determined
2026-10-07T09:15:38.055926+00:00,KXSILVER15M-26OCT070515-15,SILVER,2026-10-07T09:15:00Z,no,60.358,60.323,finalized
2026-10-07T09:30:06.102790+00:00,KXXRP15M-26OCT070530-30,XRP,2026-10-07T09:30:00Z,no,1.4598,1.4590,determined
2026-10-07T09:30:15.728604+00:00,KXETH15M-26OCT070530-30,ETH,2026-10-07T09:30:00Z,no,2608.52,2605.49,finalized
2026-10-07T09:30:16.471538+00:00,KXSOL15M-26OCT070530-30,SOL,2026-10-07T09:30:00Z,no,118.169,118.0867,finalized
2026-10-07T09:30:17.049978+00:00,KXDOGE15M-26OCT070530-30,DOGE,2026-10-07T09:30:00Z,no,0.090322,0.0899523,finalized
2026-10-07T09:30:17.129180+00:00,KXBTC15M-26OCT070530-30,BTC,2026-10-07T09:30:00Z,no,83913.32,83802.62,finalized
2026-10-07T09:30:25.504436+00:00,KXWTI15M-26OCT070530-30,WTI,2026-10-07T09:30:00Z,no,89.88,89.74,finalized
2026-10-07T09:30:25.580927+00:00,KXCOPPER15M-26OCT070530-30,COPPER,2026-10-07T09:30:00Z,no,6.63776,6.63343,finalized
2026-10-07T09:30:25.660016+00:00,KXPALLADIUM15M-26OCT070530-30,PALLADIUM,2026-10-07T09:30:00Z,no,1143.366,1140.362,finalized
2026-10-07T09:30:26.738854+00:00,KXSILVER15M-26OCT070530-30,SILVER,2026-10-07T09:30:00Z,no,60.323,60.220,finalized
2026-10-07T09:30:26.919861+00:00,KXPLATINUM15M-26OCT070530-30,PLATINUM,2026-10-07T09:30:00Z,no,1651.594,1645.605,finalized
2026-10-07T09:30:27.499104+00:00,KXGOLD15M-26OCT070530-30,GOLD,2026-10-07T09:30:00Z,no,4123.74,4120.60,finalized
2026-10-07T09:45:05.768486+00:00,KXXRP15M-26OCT070545-45,XRP,2026-10-07T09:45:00Z,no,1.459,1.4519,determined
2026-10-07T09:45:06.348853+00:00,KXBTC15M-26OCT070545-45,BTC,2026-10-07T09:45:00Z,no,83802.62,83762.63,determined
2026-10-07T09:45:15.738505+00:00,KXDOGE15M-26OCT070545-45,DOGE,2026-10-07T09:45:00Z,no,0.089952,0.0896072,finalized
2026-10-07T09:45:16.972033+00:00,KXETH15M-26OCT070545-45,ETH,2026-10-07T09:45:00Z,no,2605.49,2598.19,finalized
2026-10-07T09:45:17.051012+00:00,KXSOL15M-26OCT070545-45,SOL,2026-10-07T09:45:00Z,no,118.0867,117.7782,finalized
2026-10-07T09:45:26.234243+00:00,KXCOPPER15M-26OCT070545-45,COPPER,2026-10-07T09:45:00Z,no,6.63343,6.62999,finalized
2026-10-07T09:45:26.313010+00:00,KXWTI15M-26OCT070545-45,WTI,2026-10-07T09:45:00Z,no,89.74,89.72,finalized
2026-10-07T09:45:27.391991+00:00,KXSILVER15M-26OCT070545-45,SILVER,2026-10-07T09:45:00Z,no,60.22,60.191,finalized
2026-10-07T09:45:27.977066+00:00,KXPLATINUM15M-26OCT070545-45,PLATINUM,2026-10-07T09:45:00Z,no,1645.605,1643.952,finalized
2026-10-07T09:45:28.055268+00:00,KXGOLD15M-26OCT070545-45,GOLD,2026-10-07T09:45:00Z,no,4120.6,4119.84,finalized
2026-10-07T09:45:28.132611+00:00,KXPALLADIUM15M-26OCT070545-45,PALLADIUM,2026-10-07T09:45:00Z,no,1140.362,1138.582,finalized
2026-10-07T20:00:05.485114+00:00,KXBTC15M-26OCT071600-00,BTC,2026-10-07T20:00:00Z,no,83411.94,83382.33,determined
2026-10-07T20:00:05.848082+00:00,KXETH15M-26OCT071600-00,ETH,2026-10-07T20:00:00Z,yes,2568.17,2568.49,determined
2026-10-07T20:00:05.897630+00:00,KXSOL15M-26OCT071600-00,SOL,2026-10-07T20:00:00Z,no,115.9205,115.7275,determined
2026-10-07T20:00:06.496672+00:00,KXDOGE15M-26OCT071600-00,DOGE,2026-10-07T20:00:00Z,no,0.088622,0.0884615,determined
2026-10-07T20:00:16.483475+00:00,KXXRP15M-26OCT071600-00,XRP,2026-10-07T20:00:00Z,no,1.4238,1.4165,finalized
2026-10-07T20:00:27.485493+00:00,KXGOLD15M-26OCT071600-00,GOLD,2026-10-07T20:00:00Z,no,4104.51,4100.91,finalized
2026-10-07T20:00:27.531772+00:00,KXSILVER15M-26OCT071600-00,SILVER,2026-10-07T20:00:00Z,no,59.639,59.630,finalized
2026-10-07T20:00:27.577021+00:00,KXWTI15M-26OCT071600-00,WTI,2026-10-07T20:00:00Z,no,88.96,88.94,finalized
2026-10-07T20:00:28.125067+00:00,KXCOPPER15M-26OCT071600-00,COPPER,2026-10-07T20:00:00Z,no,6.63154,6.62630,finalized
2026-10-07T20:00:28.172729+00:00,KXPLATINUM15M-26OCT071600-00,PLATINUM,2026-10-07T20:00:00Z,yes,1630.163,1632.675,finalized
2026-10-07T20:00:28.223695+00:00,KXPALLADIUM15M-26OCT071600-00,PALLADIUM,2026-10-07T20:00:00Z,no,1124.568,1121.812,finalized
2026-10-07T20:15:05.318969+00:00,KXBTC15M-26OCT071615-15,BTC,2026-10-07T20:15:00Z,yes,83382.33,83506.46,determined
2026-10-07T20:15:06.669586+00:00,KXETH15M-26OCT071615-15,ETH,2026-10-07T20:15:00Z,yes,2568.49,2574.26,determined
2026-10-07T20:15:06.768509+00:00,KXXRP15M-26OCT071615-15,XRP,2026-10-07T20:15:00Z,yes,1.4165,1.4216,determined
2026-10-07T20:15:15.449563+00:00,KXSOL15M-26OCT071615-15,SOL,2026-10-07T20:15:00Z,yes,115.7275,116.1922,determined
2026-10-07T20:15:16.090908+00:00,KXDOGE15M-26OCT071615-15,DOGE,2026-10-07T20:15:00Z,yes,0.088461,0.0887443,finalized
2026-10-07T20:15:26.544726+00:00,KXGOLD15M-26OCT071615-15,GOLD,2026-10-07T20:15:00Z,yes,4100.91,4106.44,determined
2026-10-07T20:15:26.593489+00:00,KXWTI15M-26OCT071615-15,WTI,2026-10-07T20:15:00Z,yes,88.94,89.04,determined
2026-10-07T20:15:27.188761+00:00,KXCOPPER15M-26OCT071615-15,COPPER,2026-10-07T20:15:00Z,yes,6.6263,6.63451,determined
2026-10-07T20:15:36.407187+00:00,KXSILVER15M-26OCT071615-15,SILVER,2026-10-07T20:15:00Z,yes,59.63,59.712,finalized
2026-10-07T20:15:36.453835+00:00,KXPALLADIUM15M-26OCT071615-15,PALLADIUM,2026-10-07T20:15:00Z,yes,1121.812,1122.131,finalized
2026-10-07T20:15:37.001142+00:00,KXPLATINUM15M-26OCT071615-15,PLATINUM,2026-10-07T20:15:00Z,yes,1632.675,1634.582,determined
2026-10-07T20:30:05.847852+00:00,KXBTC15M-26OCT071630-30,BTC,2026-10-07T20:30:00Z,yes,83506.46,83518.14,determined
2026-10-07T20:30:06.496143+00:00,KXSOL15M-26OCT071630-30,SOL,2026-10-07T20:30:00Z,yes,116.1922,116.2700,determined
2026-10-07T20:30:06.542612+00:00,KXXRP15M-26OCT071630-30,XRP,2026-10-07T20:30:00Z,no,1.4216,1.4212,determined
2026-10-07T20:30:06.587611+00:00,KXETH15M-26OCT071630-30,ETH,2026-10-07T20:30:00Z,yes,2574.26,2575.76,determined
2026-10-07T20:30:15.413605+00:00,KXDOGE15M-26OCT071630-30,DOGE,2026-10-07T20:30:00Z,yes,0.088744,0.0888606,finalized
2026-10-07T20:30:25.766992+00:00,KXGOLD15M-26OCT071630-30,GOLD,2026-10-07T20:30:00Z,yes,4106.44,4112.46,finalized
2026-10-07T20:30:25.815176+00:00,KXWTI15M-26OCT071630-30,WTI,2026-10-07T20:30:00Z,yes,89.04,89.19,determined
2026-10-07T20:30:25.864227+00:00,KXPLATINUM15M-26OCT071630-30,PLATINUM,2026-10-07T20:30:00Z,yes,1634.582,1635.629,finalized
2026-10-07T20:30:26.411647+00:00,KXCOPPER15M-26OCT071630-30,COPPER,2026-10-07T20:30:00Z,yes,6.63451,6.63997,finalized
2026-10-07T20:30:26.459811+00:00,KXSILVER15M-26OCT071630-30,SILVER,2026-10-07T20:30:00Z,yes,59.712,59.844,finalized
2026-10-07T20:30:26.506676+00:00,KXPALLADIUM15M-26OCT071630-30,PALLADIUM,2026-10-07T20:30:00Z,no,1122.131,1121.526,finalized
2026-10-07T20:45:05.478276+00:00,KXBTC15M-26OCT071645-45,BTC,2026-10-07T20:45:00Z,no,83518.14,83349.21,determined
2026-10-07T20:45:06.120717+00:00,KXSOL15M-26OCT071645-45,SOL,2026-10-07T20:45:00Z,no,116.27,115.9632,determined
2026-10-07T20:45:15.634573+00:00,KXDOGE15M-26OCT071645-45,DOGE,2026-10-07T20:45:00Z,no,0.08886,0.0886718,finalized
2026-10-07T20:45:16.227886+00:00,KXETH15M-26OCT071645-45,ETH,2026-10-07T20:45:00Z,no,2575.76,2568.99,finalized
2026-10-07T20:45:16.319646+00:00,KXXRP15M-26OCT071645-45,XRP,2026-10-07T20:45:00Z,no,1.4212,1.4199,finalized
2026-10-07T20:45:25.746286+00:00,KXWTI15M-26OCT071645-45,WTI,2026-10-07T20:45:00Z,no,89.19,88.99,determined
2026-10-07T20:45:27.339444+00:00,KXPALLADIUM15M-26OCT071645-45,PALLADIUM,2026-10-07T20:45:00Z,yes,1121.526,1121.800,determined
2026-10-07T20:45:27.387276+00:00,KXSILVER15M-26OCT071645-45,SILVER,2026-10-07T20:45:00Z,no,59.844,59.775,determined
2026-10-07T20:45:36.183069+00:00,KXCOPPER15M-26OCT071645-45,COPPER,2026-10-07T20:45:00Z,no,6.63997,6.63878,determined
2026-10-07T20:45:37.255646+00:00,KXGOLD15M-26OCT071645-45,GOLD,2026-10-07T20:45:00Z,no,4112.46,4109.01,finalized
2026-10-07T20:45:37.806678+00:00,KXPLATINUM15M-26OCT071645-45,PLATINUM,2026-10-07T20:45:00Z,no,1635.629,1634.401,finalized
2026-10-07T21:00:06.026834+00:00,KXSOL15M-26OCT071700-00,SOL,2026-10-07T21:00:00Z,yes,115.9632,116.1417,determined
2026-10-07T21:00:06.098756+00:00,KXXRP15M-26OCT071700-00,XRP,2026-10-07T21:00:00Z,yes,1.4199,1.4212,determined
2026-10-07T21:00:15.545537+00:00,KXETH15M-26OCT071700-00,ETH,2026-10-07T21:00:00Z,yes,2568.99,2572.46,finalized
2026-10-07T21:00:15.638880+00:00,KXBTC15M-26OCT071700-00,BTC,2026-10-07T21:00:00Z,yes,83349.21,83392.87,finalized
2026-10-07T21:00:16.277894+00:00,KXDOGE15M-26OCT071700-00,DOGE,2026-10-07T21:00:00Z,yes,0.088671,0.0888736,finalized
2026-10-07T21:00:26.119943+00:00,KXPALLADIUM15M-26OCT071700-00,PALLADIUM,2026-10-07T21:00:00Z,no,1121.8,1120.200,determined
2026-10-07T21:00:26.167414+00:00,KXGOLD15M-26OCT071700-00,GOLD,2026-10-07T21:00:00Z,yes,4109.01,4110.89,determined
2026-10-07T21:00:26.713942+00:00,KXSILVER15M-26OCT071700-00,SILVER,2026-10-07T21:00:00Z,yes,59.775,59.791,determined
2026-10-07T21:00:27.262024+00:00,KXCOPPER15M-26OCT071700-00,COPPER,2026-10-07T21:00:00Z,yes,6.63878,6.64438,determined
2026-10-07T21:00:27.307241+00:00,KXWTI15M-26OCT071700-00,WTI,2026-10-07T21:00:00Z,no,88.99,88.88,determined
2026-10-07T21:00:27.353642+00:00,KXPLATINUM15M-26OCT071700-00,PLATINUM,2026-10-07T21:00:00Z,no,1634.401,1633.196,determined
2026-10-07T21:15:05.462277+00:00,KXETH15M-26OCT071715-15,ETH,2026-10-07T21:15:00Z,no,2572.46,2570.55,determined
2026-10-07T21:15:15.823152+00:00,KXXRP15M-26OCT071715-15,XRP,2026-10-07T21:15:00Z,no,1.4212,1.4193,determined
2026-10-07T21:15:15.868871+00:00,KXSOL15M-26OCT071715-15,SOL,2026-10-07T21:15:00Z,no,116.1417,116.0438,finalized
2026-10-07T21:15:16.463184+00:00,KXBTC15M-26OCT071715-15,BTC,2026-10-07T21:15:00Z,no,83392.87,83317.42,finalized
2026-10-07T21:15:16.510977+00:00,KXDOGE15M-26OCT071715-15,DOGE,2026-10-07T21:15:00Z,no,0.088873,0.0887571,finalized
2026-10-07T21:15:36.414804+00:00,KXWTI15M-26OCT071715-15,WTI,2026-10-07T21:15:00Z,no,88.88,88.74,finalized
2026-10-07T21:30:05.309170+00:00,KXETH15M-26OCT071730-30,ETH,2026-10-07T21:30:00Z,no,2570.55,2568.35,determined
2026-10-07T21:30:05.355271+00:00,KXXRP15M-26OCT071730-30,XRP,2026-10-07T21:30:00Z,no,1.4193,1.4183,determined
2026-10-07T21:30:05.453891+00:00,KXSOL15M-26OCT071730-30,SOL,2026-10-07T21:30:00Z,no,116.0438,115.8815,determined
2026-10-07T21:30:06.077017+00:00,KXBTC15M-26OCT071730-30,BTC,2026-10-07T21:30:00Z,no,83317.42,83293.61,determined
2026-10-07T21:30:16.346853+00:00,KXDOGE15M-26OCT071730-30,DOGE,2026-10-07T21:30:00Z,no,0.088757,0.0886148,finalized
2026-10-07T21:30:26.049902+00:00,KXWTI15M-26OCT071730-30,WTI,2026-10-07T21:30:00Z,no,88.74,88.67,determined
2026-10-07T21:45:05.562704+00:00,KXXRP15M-26OCT071745-45,XRP,2026-10-07T21:45:00Z,no,1.4183,1.4124,determined
2026-10-07T21:45:05.623583+00:00,KXSOL15M-26OCT071745-45,SOL,2026-10-07T21:45:00Z,no,115.8815,115.3405,determined
2026-10-07T21:45:05.751448+00:00,KXETH15M-26OCT071745-45,ETH,2026-10-07T21:45:00Z,no,2568.35,2565.00,determined
2026-10-07T21:45:06.312549+00:00,KXDOGE15M-26OCT071745-45,DOGE,2026-10-07T21:45:00Z,no,0.088614,0.0882715,determined
2026-10-07T21:45:06.373455+00:00,KXBTC15M-26OCT071745-45,BTC,2026-10-07T21:45:00Z,no,83293.61,83177.69,determined
2026-10-07T21:45:36.513916+00:00,KXWTI15M-26OCT071745-45,WTI,2026-10-07T21:45:00Z,yes,88.67,88.68,finalized
2026-10-07T22:00:05.590286+00:00,KXBTC15M-26OCT071800-00,BTC,2026-10-07T22:00:00Z,no,83177.69,83120.05,determined
2026-10-07T22:00:05.655330+00:00,KXXRP15M-26OCT071800-00,XRP,2026-10-07T22:00:00Z,yes,1.4124,1.4138,determined
2026-10-07T22:00:15.976069+00:00,KXETH15M-26OCT071800-00,ETH,2026-10-07T22:00:00Z,yes,2565,2566.00,determined
2026-10-07T22:00:16.021701+00:00,KXSOL15M-26OCT071800-00,SOL,2026-10-07T22:00:00Z,yes,115.3405,115.4830,determined
2026-10-07T22:00:16.569473+00:00,KXDOGE15M-26OCT071800-00,DOGE,2026-10-07T22:00:00Z,yes,0.088271,0.0884634,finalized
2026-10-07T22:00:37.055792+00:00,KXWTI15M-26OCT071800-00,WTI,2026-10-07T22:00:00Z,yes,88.68,88.70,finalized
2026-10-07T22:15:05.321668+00:00,KXETH15M-26OCT071815-15,ETH,2026-10-07T22:15:00Z,yes,2566,2566.15,determined
2026-10-07T22:15:05.370253+00:00,KXXRP15M-26OCT071815-15,XRP,2026-10-07T22:15:00Z,yes,1.4138,1.4159,determined
2026-10-07T22:15:05.970050+00:00,KXDOGE15M-26OCT071815-15,DOGE,2026-10-07T22:15:00Z,yes,0.088463,0.0886461,determined
2026-10-07T22:15:15.678953+00:00,KXBTC15M-26OCT071815-15,BTC,2026-10-07T22:15:00Z,yes,83120.05,83195.63,finalized
2026-10-07T22:15:15.729482+00:00,KXSOL15M-26OCT071815-15,SOL,2026-10-07T22:15:00Z,yes,115.483,115.6820,finalized
2026-10-07T22:15:26.477346+00:00,KXWTI15M-26OCT071815-15,WTI,2026-10-07T22:15:00Z,yes,88.7,88.75,finalized
2026-10-07T22:30:06.261610+00:00,KXBTC15M-26OCT071830-30,BTC,2026-10-07T22:30:00Z,yes,83195.63,83271.96,determined
2026-10-07T22:30:15.698395+00:00,KXETH15M-26OCT071830-30,ETH,2026-10-07T22:30:00Z,yes,2566.15,2568.24,finalized
2026-10-07T22:30:15.745580+00:00,KXDOGE15M-26OCT071830-30,DOGE,2026-10-07T22:30:00Z,yes,0.088646,0.0887627,finalized
2026-10-07T22:30:16.452069+00:00,KXXRP15M-26OCT071830-30,XRP,2026-10-07T22:30:00Z,yes,1.4159,1.4181,finalized
2026-10-07T22:30:17.153908+00:00,KXSOL15M-26OCT071830-30,SOL,2026-10-07T22:30:00Z,yes,115.682,115.9060,finalized
2026-10-07T22:30:25.907733+00:00,KXCOPPER15M-26OCT071830-30,COPPER,2026-10-07T22:30:00Z,no,6.66092,6.66083,finalized
2026-10-07T22:30:25.952367+00:00,KXWTI15M-26OCT071830-30,WTI,2026-10-07T22:30:00Z,yes,88.75,88.78,finalized
2026-10-07T22:30:26.500913+00:00,KXPLATINUM15M-26OCT071830-30,PLATINUM,2026-10-07T22:30:00Z,yes,1632.111,1633.126,finalized
2026-10-07T22:30:27.046887+00:00,KXGOLD15M-26OCT071830-30,GOLD,2026-10-07T22:30:00Z,no,4108.18,4105.77,finalized
2026-10-07T22:30:27.595136+00:00,KXPALLADIUM15M-26OCT071830-30,PALLADIUM,2026-10-07T22:30:00Z,yes,1122.357,1122.612,determined
2026-10-07T22:30:27.640278+00:00,KXSILVER15M-26OCT071830-30,SILVER,2026-10-07T22:30:00Z,no,59.789,59.759,finalized
2026-10-07T22:45:05.776396+00:00,KXDOGE15M-26OCT071845-45,DOGE,2026-10-07T22:45:00Z,yes,0.088762,0.0887767,determined
2026-10-07T22:45:15.267928+00:00,KXSOL15M-26OCT071845-45,SOL,2026-10-07T22:45:00Z,yes,115.906,115.9710,finalized
2026-10-07T22:45:15.316838+00:00,KXETH15M-26OCT071845-45,ETH,2026-10-07T22:45:00Z,yes,2568.24,2568.96,finalized
2026-10-07T22:45:15.364198+00:00,KXBTC15M-26OCT071845-45,BTC,2026-10-07T22:45:00Z,no,83271.96,83267.54,finalized
2026-10-07T22:45:16.049764+00:00,KXXRP15M-26OCT071845-45,XRP,2026-10-07T22:45:00Z,yes,1.4181,1.4196,finalized
2026-10-07T22:45:25.872740+00:00,KXCOPPER15M-26OCT071845-45,COPPER,2026-10-07T22:45:00Z,no,6.66083,6.65902,determined
2026-10-07T22:45:26.421200+00:00,KXGOLD15M-26OCT071845-45,GOLD,2026-10-07T22:45:00Z,no,4105.77,4105.07,determined
2026-10-07T22:45:26.467726+00:00,KXPLATINUM15M-26OCT071845-45,PLATINUM,2026-10-07T22:45:00Z,no,1633.126,1632.326,determined
2026-10-07T22:45:27.014456+00:00,KXWTI15M-26OCT071845-45,WTI,2026-10-07T22:45:00Z,yes,88.78,88.83,determined
2026-10-07T22:45:27.110297+00:00,KXPALLADIUM15M-26OCT071845-45,PALLADIUM,2026-10-07T22:45:00Z,no,1122.612,1122.067,determined
2026-10-07T22:45:27.155811+00:00,KXSILVER15M-26OCT071845-45,SILVER,2026-10-07T22:45:00Z,no,59.759,59.753,determined
2026-10-07T23:00:05.745730+00:00,KXETH15M-26OCT071900-00,ETH,2026-10-07T23:00:00Z,no,2568.96,2568.37,determined
2026-10-07T23:00:15.281407+00:00,KXXRP15M-26OCT071900-00,XRP,2026-10-07T23:00:00Z,no,1.4196,1.4171,determined
2026-10-07T23:00:15.331170+00:00,KXDOGE15M-26OCT071900-00,DOGE,2026-10-07T23:00:00Z,no,0.088776,0.0887231,finalized
2026-10-07T23:00:16.023266+00:00,KXBTC15M-26OCT071900-00,BTC,2026-10-07T23:00:00Z,no,83267.54,83205.15,finalized
2026-10-07T23:00:16.672238+00:00,KXSOL15M-26OCT071900-00,SOL,2026-10-07T23:00:00Z,no,115.971,115.9397,finalized
2026-10-07T23:00:35.509613+00:00,KXPALLADIUM15M-26OCT071900-00,PALLADIUM,2026-10-07T23:00:00Z,yes,1122.067,1123.002,finalized
2026-10-07T23:00:36.058959+00:00,KXPLATINUM15M-26OCT071900-00,PLATINUM,2026-10-07T23:00:00Z,yes,1632.326,1633.156,determined
2026-10-07T23:00:36.608377+00:00,KXWTI15M-26OCT071900-00,WTI,2026-10-07T23:00:00Z,no,88.83,88.71,finalized
2026-10-07T23:00:37.154814+00:00,KXSILVER15M-26OCT071900-00,SILVER,2026-10-07T23:00:00Z,yes,59.753,59.773,finalized
2026-10-07T23:00:37.701966+00:00,KXGOLD15M-26OCT071900-00,GOLD,2026-10-07T23:00:00Z,yes,4105.07,4106.58,finalized
2026-10-07T23:00:37.748904+00:00,KXCOPPER15M-26OCT071900-00,COPPER,2026-10-07T23:00:00Z,yes,6.65902,6.65946,finalized
2026-10-07T23:20:42.030112+00:00,KXCOPPER15M-26OCT071915-15,COPPER,2026-10-07T23:15:00Z,yes,6.65946,6.66204,determined
2026-10-07T23:20:42.818291+00:00,KXPLATINUM15M-26OCT071915-15,PLATINUM,2026-10-07T23:15:00Z,yes,1633.156,1634.427,determined
2026-10-07T23:20:42.869012+00:00,KXWTI15M-26OCT071915-15,WTI,2026-10-07T23:15:00Z,no,88.71,88.63,determined
2026-10-07T23:20:43.517017+00:00,KXPALLADIUM15M-26OCT071915-15,PALLADIUM,2026-10-07T23:15:00Z,yes,1123.002,1123.056,determined
2026-10-07T23:20:52.345851+00:00,KXGOLD15M-26OCT071915-15,GOLD,2026-10-07T23:15:00Z,yes,4106.58,4109.59,determined
2026-10-07T23:20:53.546128+00:00,KXSILVER15M-26OCT071915-15,SILVER,2026-10-07T23:15:00Z,yes,59.773,59.853,determined
2026-10-07T23:21:02.719374+00:00,KXDOGE15M-26OCT071915-15,DOGE,2026-10-07T23:15:00Z,no,0.088723,0.0886311,determined
2026-10-07T23:21:02.767959+00:00,KXBTC15M-26OCT071915-15,BTC,2026-10-07T23:15:00Z,no,83205.15,83143.95,finalized
2026-10-07T23:21:03.314831+00:00,KXETH15M-26OCT071915-15,ETH,2026-10-07T23:15:00Z,no,2568.37,2567.16,finalized
2026-10-07T23:21:03.362102+00:00,KXSOL15M-26OCT071915-15,SOL,2026-10-07T23:15:00Z,yes,115.9397,116.0378,determined
2026-10-07T23:21:03.931474+00:00,KXXRP15M-26OCT071915-15,XRP,2026-10-07T23:15:00Z,no,1.4171,1.4166,finalized
2026-10-07T23:30:25.943606+00:00,KXPALLADIUM15M-26OCT071930-30,PALLADIUM,2026-10-07T23:30:00Z,yes,1123.056,1123.492,finalized
2026-10-07T23:30:26.634643+00:00,KXSILVER15M-26OCT071930-30,SILVER,2026-10-07T23:30:00Z,no,59.853,59.821,finalized
2026-10-07T23:30:26.679634+00:00,KXWTI15M-26OCT071930-30,WTI,2026-10-07T23:30:00Z,yes,88.63,88.65,finalized
2026-10-07T23:30:27.276161+00:00,KXCOPPER15M-26OCT071930-30,COPPER,2026-10-07T23:30:00Z,no,6.66204,6.66137,finalized
2026-10-07T23:30:27.381006+00:00,KXPLATINUM15M-26OCT071930-30,PLATINUM,2026-10-07T23:30:00Z,yes,1634.427,1634.668,finalized
2026-10-07T23:30:36.109390+00:00,KXGOLD15M-26OCT071930-30,GOLD,2026-10-07T23:30:00Z,no,4109.59,4108.66,finalized
2026-10-07T23:35:37.784645+00:00,KXETH15M-26OCT071930-30,ETH,2026-10-07T23:30:00Z,yes,2567.16,2573.93,determined
2026-10-07T23:35:38.372129+00:00,KXDOGE15M-26OCT071930-30,DOGE,2026-10-07T23:30:00Z,yes,0.088631,0.0887869,determined
2026-10-07T23:35:48.159846+00:00,KXSOL15M-26OCT071930-30,SOL,2026-10-07T23:30:00Z,yes,116.0378,116.2803,finalized
2026-10-07T23:35:48.710918+00:00,KXBTC15M-26OCT071930-30,BTC,2026-10-07T23:30:00Z,yes,83143.95,83296.37,finalized
2026-10-07T23:35:49.259535+00:00,KXXRP15M-26OCT071930-30,XRP,2026-10-07T23:30:00Z,yes,1.4166,1.4209,finalized
2026-10-07T23:45:05.897930+00:00,KXXRP15M-26OCT071945-45,XRP,2026-10-07T23:45:00Z,yes,1.4209,1.4218,determined
2026-10-07T23:45:15.599558+00:00,KXETH15M-26OCT071945-45,ETH,2026-10-07T23:45:00Z,no,2573.93,2573.49,finalized
2026-10-07T23:45:15.646080+00:00,KXDOGE15M-26OCT071945-45,DOGE,2026-10-07T23:45:00Z,yes,0.088786,0.0888754,finalized
2026-10-07T23:45:15.739805+00:00,KXBTC15M-26OCT071945-45,BTC,2026-10-07T23:45:00Z,yes,83296.37,83300.39,finalized
2026-10-07T23:45:16.338907+00:00,KXSOL15M-26OCT071945-45,SOL,2026-10-07T23:45:00Z,no,116.2803,116.2140,determined
2026-10-07T23:45:26.229517+00:00,KXCOPPER15M-26OCT071945-45,COPPER,2026-10-07T23:45:00Z,yes,6.66137,6.66337,finalized
2026-10-07T23:45:26.824691+00:00,KXPALLADIUM15M-26OCT071945-45,PALLADIUM,2026-10-07T23:45:00Z,yes,1123.492,1124.290,finalized
2026-10-07T23:45:27.477104+00:00,KXWTI15M-26OCT071945-45,WTI,2026-10-07T23:45:00Z,no,88.65,88.63,finalized
2026-10-07T23:45:27.525157+00:00,KXPLATINUM15M-26OCT071945-45,PLATINUM,2026-10-07T23:45:00Z,yes,1634.668,1635.238,finalized
2026-10-07T23:45:27.571862+00:00,KXGOLD15M-26OCT071945-45,GOLD,2026-10-07T23:45:00Z,yes,4108.66,4112.09,finalized
2026-10-07T23:45:37.183658+00:00,KXSILVER15M-26OCT071945-45,SILVER,2026-10-07T23:45:00Z,yes,59.821,59.857,finalized
2026-10-08T00:00:05.511211+00:00,KXDOGE15M-26OCT072000-00,DOGE,2026-10-08T00:00:00Z,yes,0.088875,0.0889874,determined
2026-10-08T00:00:05.559904+00:00,KXBTC15M-26OCT072000-00,BTC,2026-10-08T00:00:00Z,no,83300.39,83287.07,determined
2026-10-08T00:00:06.209010+00:00,KXSOL15M-26OCT072000-00,SOL,2026-10-08T00:00:00Z,yes,116.214,116.2498,determined
2026-10-08T00:00:06.896550+00:00,KXETH15M-26OCT072000-00,ETH,2026-10-08T00:00:00Z,no,2573.49,2572.89,determined
2026-10-08T00:00:16.174231+00:00,KXXRP15M-26OCT072000-00,XRP,2026-10-08T00:00:00Z,no,1.4218,1.4214,finalized
2026-10-08T00:00:26.033027+00:00,KXWTI15M-26OCT072000-00,WTI,2026-10-08T00:00:00Z,yes,88.63,88.81,finalized
2026-10-08T00:00:26.083134+00:00,KXCOPPER15M-26OCT072000-00,COPPER,2026-10-08T00:00:00Z,no,6.66337,6.65986,finalized
2026-10-08T00:00:27.192096+00:00,KXPLATINUM15M-26OCT072000-00,PLATINUM,2026-10-08T00:00:00Z,no,1635.238,1634.066,finalized
2026-10-08T00:00:27.740576+00:00,KXPALLADIUM15M-26OCT072000-00,PALLADIUM,2026-10-08T00:00:00Z,no,1124.29,1123.252,finalized
2026-10-08T00:00:27.788057+00:00,KXGOLD15M-26OCT072000-00,GOLD,2026-10-08T00:00:00Z,no,4112.09,4108.44,finalized
2026-10-08T00:00:37.006662+00:00,KXSILVER15M-26OCT072000-00,SILVER,2026-10-08T00:00:00Z,no,59.857,59.782,finalized
2026-10-08T00:15:05.260978+00:00,KXETH15M-26OCT072015-15,ETH,2026-10-08T00:15:00Z,no,2572.89,2570.17,determined
2026-10-08T00:15:05.315043+00:00,KXBTC15M-26OCT072015-15,BTC,2026-10-08T00:15:00Z,no,83287.07,83220.82,determined
2026-10-08T00:15:05.918983+00:00,KXSOL15M-26OCT072015-15,SOL,2026-10-08T00:15:00Z,no,116.2498,116.2482,determined
2026-10-08T00:15:15.496391+00:00,KXXRP15M-26OCT072015-15,XRP,2026-10-08T00:15:00Z,no,1.4214,1.4210,finalized
2026-10-08T00:15:17.284424+00:00,KXDOGE15M-26OCT072015-15,DOGE,2026-10-08T00:15:00Z,yes,0.088987,0.0890235,finalized
2026-10-08T00:15:26.496522+00:00,KXPLATINUM15M-26OCT072015-15,PLATINUM,2026-10-08T00:15:00Z,no,1634.066,1633.402,finalized
2026-10-08T00:15:27.045644+00:00,KXWTI15M-26OCT072015-15,WTI,2026-10-08T00:15:00Z,yes,88.81,88.83,finalized
2026-10-08T00:15:27.094905+00:00,KXCOPPER15M-26OCT072015-15,COPPER,2026-10-08T00:15:00Z,yes,6.65986,6.67343,finalized
2026-10-08T00:15:27.643215+00:00,KXPALLADIUM15M-26OCT072015-15,PALLADIUM,2026-10-08T00:15:00Z,yes,1123.252,1124.051,finalized
2026-10-08T00:15:27.690141+00:00,KXGOLD15M-26OCT072015-15,GOLD,2026-10-08T00:15:00Z,yes,4108.44,4110.57,finalized
2026-10-08T00:15:36.404808+00:00,KXSILVER15M-26OCT072015-15,SILVER,2026-10-08T00:15:00Z,yes,59.782,59.842,finalized
2026-10-08T00:30:06.703978+00:00,KXETH15M-26OCT072030-30,ETH,2026-10-08T00:30:00Z,yes,2570.17,2570.97,determined
2026-10-08T00:30:06.801290+00:00,KXSOL15M-26OCT072030-30,SOL,2026-10-08T00:30:00Z,yes,116.2482,116.2773,determined
2026-10-08T00:30:15.649374+00:00,KXDOGE15M-26OCT072030-30,DOGE,2026-10-08T00:30:00Z,yes,0.089023,0.0892353,finalized
2026-10-08T00:30:16.243639+00:00,KXXRP15M-26OCT072030-30,XRP,2026-10-08T00:30:00Z,yes,1.421,1.4214,determined
2026-10-08T00:30:16.342611+00:00,KXBTC15M-26OCT072030-30,BTC,2026-10-08T00:30:00Z,yes,83220.82,83227.31,finalized
2026-10-08T00:30:25.574933+00:00,KXCOPPER15M-26OCT072030-30,COPPER,2026-10-08T00:30:00Z,no,6.67343,6.66792,finalized
2026-10-08T00:30:25.622744+00:00,KXPLATINUM15M-26OCT072030-30,PLATINUM,2026-10-08T00:30:00Z,no,1633.402,1629.810,finalized
2026-10-08T00:30:25.670909+00:00,KXPALLADIUM15M-26OCT072030-30,PALLADIUM,2026-10-08T00:30:00Z,no,1124.051,1123.402,finalized
2026-10-08T00:30:26.765662+00:00,KXGOLD15M-26OCT072030-30,GOLD,2026-10-08T00:30:00Z,no,4110.57,4107.57,finalized
2026-10-08T00:30:27.316342+00:00,KXWTI15M-26OCT072030-30,WTI,2026-10-08T00:30:00Z,yes,88.83,88.91,finalized
2026-10-08T00:30:36.986007+00:00,KXSILVER15M-26OCT072030-30,SILVER,2026-10-08T00:30:00Z,no,59.842,59.723,finalized
2026-10-08T00:45:05.386541+00:00,KXXRP15M-26OCT072045-45,XRP,2026-10-08T00:45:00Z,no,1.4214,1.4207,determined
2026-10-08T00:45:06.085122+00:00,KXETH15M-26OCT072045-45,ETH,2026-10-08T00:45:00Z,yes,2570.97,2571.00,determined
2026-10-08T00:45:15.437159+00:00,KXSOL15M-26OCT072045-45,SOL,2026-10-08T00:45:00Z,no,116.2773,116.1800,finalized
2026-10-08T00:45:16.145200+00:00,KXBTC15M-26OCT072045-45,BTC,2026-10-08T00:45:00Z,yes,83227.31,83235.53,finalized
2026-10-08T00:45:16.194738+00:00,KXDOGE15M-26OCT072045-45,DOGE,2026-10-08T00:45:00Z,no,0.089235,0.0891517,finalized
2026-10-08T00:45:26.022957+00:00,KXSILVER15M-26OCT072045-45,SILVER,2026-10-08T00:45:00Z,no,59.723,59.702,determined
2026-10-08T00:45:26.070436+00:00,KXWTI15M-26OCT072045-45,WTI,2026-10-08T00:45:00Z,yes,88.91,89.05,determined
2026-10-08T00:45:27.163435+00:00,KXCOPPER15M-26OCT072045-45,COPPER,2026-10-08T00:45:00Z,no,6.66792,6.66002,determined
2026-10-08T00:45:27.213349+00:00,KXPALLADIUM15M-26OCT072045-45,PALLADIUM,2026-10-08T00:45:00Z,no,1123.402,1123.213,determined
2026-10-08T00:45:36.944461+00:00,KXGOLD15M-26OCT072045-45,GOLD,2026-10-08T00:45:00Z,no,4107.57,4106.32,finalized
2026-10-08T00:45:37.497687+00:00,KXPLATINUM15M-26OCT072045-45,PLATINUM,2026-10-08T00:45:00Z,no,1629.81,1627.377,finalized
2026-10-08T01:00:05.497581+00:00,KXETH15M-26OCT072100-00,ETH,2026-10-08T01:00:00Z,yes,2571,2575.05,determined
2026-10-08T01:00:16.464385+00:00,KXBTC15M-26OCT072100-00,BTC,2026-10-08T01:00:00Z,yes,83235.53,83334.64,finalized
2026-10-08T01:00:16.510907+00:00,KXDOGE15M-26OCT072100-00,DOGE,2026-10-08T01:00:00Z,yes,0.089151,0.0893624,finalized
2026-10-08T01:00:17.113286+00:00,KXXRP15M-26OCT072100-00,XRP,2026-10-08T01:00:00Z,yes,1.4207,1.4238,finalized
2026-10-08T01:00:17.205932+00:00,KXSOL15M-26OCT072100-00,SOL,2026-10-08T01:00:00Z,yes,116.18,116.3710,finalized
2026-10-08T01:00:25.893407+00:00,KXSILVER15M-26OCT072100-00,SILVER,2026-10-08T01:00:00Z,yes,59.702,59.982,finalized
2026-10-08T01:00:25.941600+00:00,KXWTI15M-26OCT072100-00,WTI,2026-10-08T01:00:00Z,no,89.05,88.94,finalized
2026-10-08T01:00:25.988257+00:00,KXGOLD15M-26OCT072100-00,GOLD,2026-10-08T01:00:00Z,yes,4106.32,4117.43,finalized
2026-10-08T01:00:26.535952+00:00,KXCOPPER15M-26OCT072100-00,COPPER,2026-10-08T01:00:00Z,yes,6.66002,6.67412,finalized
2026-10-08T01:00:27.088037+00:00,KXPLATINUM15M-26OCT072100-00,PLATINUM,2026-10-08T01:00:00Z,yes,1627.377,1636.963,finalized
2026-10-08T01:00:27.669802+00:00,KXPALLADIUM15M-26OCT072100-00,PALLADIUM,2026-10-08T01:00:00Z,yes,1123.213,1130.060,finalized
2026-10-08T01:15:05.236428+00:00,KXBTC15M-26OCT072115-15,BTC,2026-10-08T01:15:00Z,no,83334.64,83324.60,determined
2026-10-08T01:15:06.019608+00:00,KXSOL15M-26OCT072115-15,SOL,2026-10-08T01:15:00Z,yes,116.371,116.5838,determined
2026-10-08T01:15:06.093227+00:00,KXETH15M-26OCT072115-15,ETH,2026-10-08T01:15:00Z,yes,2575.05,2580.00,determined
2026-10-08T01:15:06.145334+00:00,KXXRP15M-26OCT072115-15,XRP,2026-10-08T01:15:00Z,yes,1.4238,1.4268,determined
2026-10-08T01:15:15.482419+00:00,KXDOGE15M-26OCT072115-15,DOGE,2026-10-08T01:15:00Z,yes,0.089362,0.0895020,determined
2026-10-08T01:15:25.945539+00:00,KXGOLD15M-26OCT072115-15,GOLD,2026-10-08T01:15:00Z,yes,4117.43,4121.58,finalized
2026-10-08T01:15:25.992482+00:00,KXCOPPER15M-26OCT072115-15,COPPER,2026-10-08T01:15:00Z,yes,6.67412,6.72754,finalized
2026-10-08T01:15:26.568444+00:00,KXPLATINUM15M-26OCT072115-15,PLATINUM,2026-10-08T01:15:00Z,yes,1636.963,1651.225,determined
2026-10-08T01:15:27.616339+00:00,KXWTI15M-26OCT072115-15,WTI,2026-10-08T01:15:00Z,yes,88.94,89.23,finalized
2026-10-08T01:15:27.662646+00:00,KXPALLADIUM15M-26OCT072115-15,PALLADIUM,2026-10-08T01:15:00Z,yes,1130.06,1137.612,finalized
2026-10-08T01:15:27.708402+00:00,KXSILVER15M-26OCT072115-15,SILVER,2026-10-08T01:15:00Z,yes,59.982,60.141,finalized
2026-10-08T01:30:05.453029+00:00,KXSOL15M-26OCT072130-30,SOL,2026-10-08T01:30:00Z,no,116.5838,116.3668,determined
2026-10-08T01:30:05.591181+00:00,KXETH15M-26OCT072130-30,ETH,2026-10-08T01:30:00Z,no,2580,2579.45,determined
2026-10-08T01:30:06.909226+00:00,KXDOGE15M-26OCT072130-30,DOGE,2026-10-08T01:30:00Z,no,0.089502,0.0892655,determined
2026-10-08T01:30:16.342270+00:00,KXBTC15M-26OCT072130-30,BTC,2026-10-08T01:30:00Z,no,83324.6,83236.90,finalized
2026-10-08T01:30:16.390098+00:00,KXXRP15M-26OCT072130-30,XRP,2026-10-08T01:30:00Z,no,1.4268,1.4256,finalized
2026-10-08T01:30:26.219177+00:00,KXSILVER15M-26OCT072130-30,SILVER,2026-10-08T01:30:00Z,yes,60.141,60.316,determined
2026-10-08T01:30:27.409472+00:00,KXPALLADIUM15M-26OCT072130-30,PALLADIUM,2026-10-08T01:30:00Z,yes,1137.612,1142.181,determined
2026-10-08T01:30:27.457727+00:00,KXGOLD15M-26OCT072130-30,GOLD,2026-10-08T01:30:00Z,yes,4121.58,4128.84,determined
2026-10-08T01:30:36.676242+00:00,KXCOPPER15M-26OCT072130-30,COPPER,2026-10-08T01:30:00Z,yes,6.72754,6.75374,finalized
2026-10-08T01:30:37.227640+00:00,KXPLATINUM15M-26OCT072130-30,PLATINUM,2026-10-08T01:30:00Z,yes,1651.225,1657.846,finalized
2026-10-08T01:30:37.280239+00:00,KXWTI15M-26OCT072130-30,WTI,2026-10-08T01:30:00Z,no,89.23,89.13,finalized
2026-10-08T01:45:05.590761+00:00,KXBTC15M-26OCT072145-45,BTC,2026-10-08T01:45:00Z,no,83236.9,83217.57,determined
2026-10-08T01:45:06.225410+00:00,KXDOGE15M-26OCT072145-45,DOGE,2026-10-08T01:45:00Z,no,0.089265,0.0891179,determined
2026-10-08T01:45:07.068431+00:00,KXETH15M-26OCT072145-45,ETH,2026-10-08T01:45:00Z,yes,2579.45,2581.23,determined
2026-10-08T01:45:15.926621+00:00,KXXRP15M-26OCT072145-45,XRP,2026-10-08T01:45:00Z,yes,1.4256,1.4257,finalized
2026-10-08T01:45:16.568498+00:00,KXSOL15M-26OCT072145-45,SOL,2026-10-08T01:45:00Z,no,116.3668,116.2707,determined
2026-10-08T01:45:25.886865+00:00,KXPALLADIUM15M-26OCT072145-45,PALLADIUM,2026-10-08T01:45:00Z,yes,1142.181,1143.865,determined
2026-10-08T01:45:25.951122+00:00,KXSILVER15M-26OCT072145-45,SILVER,2026-10-08T01:45:00Z,no,60.316,60.287,determined
2026-10-08T01:45:26.998064+00:00,KXGOLD15M-26OCT072145-45,GOLD,2026-10-08T01:45:00Z,yes,4128.84,4132.20,determined
2026-10-08T01:45:27.594583+00:00,KXCOPPER15M-26OCT072145-45,COPPER,2026-10-08T01:45:00Z,yes,6.75374,6.77498,determined
2026-10-08T01:45:28.143084+00:00,KXPLATINUM15M-26OCT072145-45,PLATINUM,2026-10-08T01:45:00Z,yes,1657.846,1659.410,determined
2026-10-08T01:45:37.447087+00:00,KXWTI15M-26OCT072145-45,WTI,2026-10-08T01:45:00Z,yes,89.13,89.27,finalized
2026-10-08T02:00:05.594720+00:00,KXXRP15M-26OCT072200-00,XRP,2026-10-08T02:00:00Z,no,1.4257,1.4224,determined
2026-10-08T02:00:06.308640+00:00,KXETH15M-26OCT072200-00,ETH,2026-10-08T02:00:00Z,no,2581.23,2575.97,determined
2026-10-08T02:00:15.912223+00:00,KXBTC15M-26OCT072200-00,BTC,2026-10-08T02:00:00Z,no,83217.57,83050.75,finalized
2026-10-08T02:00:16.654947+00:00,KXSOL15M-26OCT072200-00,SOL,2026-10-08T02:00:00Z,no,116.2707,116.0092,finalized
2026-10-08T02:00:16.716716+00:00,KXDOGE15M-26OCT072200-00,DOGE,2026-10-08T02:00:00Z,no,0.089117,0.0889318,finalized
2026-10-08T02:00:26.227413+00:00,KXPLATINUM15M-26OCT072200-00,PLATINUM,2026-10-08T02:00:00Z,no,1659.41,1658.463,finalized
2026-10-08T02:00:26.273546+00:00,KXCOPPER15M-26OCT072200-00,COPPER,2026-10-08T02:00:00Z,no,6.77498,6.77090,finalized
2026-10-08T02:00:26.819279+00:00,KXPALLADIUM15M-26OCT072200-00,PALLADIUM,2026-10-08T02:00:00Z,yes,1143.865,1144.149,finalized
2026-10-08T02:00:27.366435+00:00,KXGOLD15M-26OCT072200-00,GOLD,2026-10-08T02:00:00Z,yes,4132.2,4132.94,finalized
2026-10-08T02:00:27.913773+00:00,KXSILVER15M-26OCT072200-00,SILVER,2026-10-08T02:00:00Z,no,60.287,60.281,finalized
2026-10-08T02:00:27.985503+00:00,KXWTI15M-26OCT072200-00,WTI,2026-10-08T02:00:00Z,yes,89.27,89.43,finalized
2026-10-08T02:15:06.032731+00:00,KXSOL15M-26OCT072215-15,SOL,2026-10-08T02:15:00Z,yes,116.0092,116.1355,determined
2026-10-08T02:15:06.098517+00:00,KXETH15M-26OCT072215-15,ETH,2026-10-08T02:15:00Z,no,2575.97,2575.90,determined
2026-10-08T02:15:15.606906+00:00,KXDOGE15M-26OCT072215-15,DOGE,2026-10-08T02:15:00Z,yes,0.088931,0.0889483,finalized
2026-10-08T02:15:15.751268+00:00,KXBTC15M-26OCT072215-15,BTC,2026-10-08T02:15:00Z,no,83050.75,83037.75,finalized
2026-10-08T02:15:16.948924+00:00,KXXRP15M-26OCT072215-15,XRP,2026-10-08T02:15:00Z,no,1.4224,1.4220,finalized
2026-10-08T02:15:26.407289+00:00,KXGOLD15M-26OCT072215-15,GOLD,2026-10-08T02:15:00Z,yes,4132.94,4138.53,determined
2026-10-08T02:15:27.060641+00:00,KXPLATINUM15M-26OCT072215-15,PLATINUM,2026-10-08T02:15:00Z,yes,1658.463,1661.004,determined
2026-10-08T02:15:27.624987+00:00,KXWTI15M-26OCT072215-15,WTI,2026-10-08T02:15:00Z,no,89.43,89.42,determined
2026-10-08T02:15:36.326173+00:00,KXCOPPER15M-26OCT072215-15,COPPER,2026-10-08T02:15:00Z,no,6.7709,6.76881,finalized
2026-10-08T02:15:36.370810+00:00,KXPALLADIUM15M-26OCT072215-15,PALLADIUM,2026-10-08T02:15:00Z,yes,1144.149,1147.063,finalized
2026-10-08T02:15:36.918919+00:00,KXSILVER15M-26OCT072215-15,SILVER,2026-10-08T02:15:00Z,yes,60.281,60.365,finalized
2026-10-08T02:30:05.251226+00:00,KXETH15M-26OCT072230-30,ETH,2026-10-08T02:30:00Z,yes,2575.9,2576.69,determined
2026-10-08T02:30:05.912506+00:00,KXBTC15M-26OCT072230-30,BTC,2026-10-08T02:30:00Z,yes,83037.75,83099.61,determined
2026-10-08T02:30:05.974710+00:00,KXXRP15M-26OCT072230-30,XRP,2026-10-08T02:30:00Z,yes,1.422,1.4237,determined
2026-10-08T02:30:15.427960+00:00,KXDOGE15M-26OCT072230-30,DOGE,2026-10-08T02:30:00Z,yes,0.088948,0.0890740,finalized
2026-10-08T02:30:15.489190+00:00,KXSOL15M-26OCT072230-30,SOL,2026-10-08T02:30:00Z,yes,116.1355,116.3838,finalized
2026-10-08T02:30:26.463664+00:00,KXWTI15M-26OCT072230-30,WTI,2026-10-08T02:30:00Z,yes,89.42,89.44,determined
2026-10-08T02:30:26.509254+00:00,KXGOLD15M-26OCT072230-30,GOLD,2026-10-08T02:30:00Z,no,4138.53,4137.46,determined
2026-10-08T02:30:27.138840+00:00,KXSILVER15M-26OCT072230-30,SILVER,2026-10-08T02:30:00Z,no,60.365,60.360,determined
2026-10-08T02:30:35.873217+00:00,KXPLATINUM15M-26OCT072230-30,PLATINUM,2026-10-08T02:30:00Z,yes,1661.004,1663.144,finalized
2026-10-08T02:30:37.518495+00:00,KXCOPPER15M-26OCT072230-30,COPPER,2026-10-08T02:30:00Z,no,6.76881,6.76769,finalized
2026-10-08T02:30:37.581184+00:00,KXPALLADIUM15M-26OCT072230-30,PALLADIUM,2026-10-08T02:30:00Z,no,1147.063,1146.522,finalized
2026-10-08T02:45:06.466025+00:00,KXETH15M-26OCT072245-45,ETH,2026-10-08T02:45:00Z,yes,2576.69,2582.08,determined
2026-10-08T02:45:07.105467+00:00,KXXRP15M-26OCT072245-45,XRP,2026-10-08T02:45:00Z,yes,1.4237,1.4261,determined
2026-10-08T02:45:16.043823+00:00,KXBTC15M-26OCT072245-45,BTC,2026-10-08T02:45:00Z,yes,83099.61,83199.33,determined
2026-10-08T02:45:17.358188+00:00,KXDOGE15M-26OCT072245-45,DOGE,2026-10-08T02:45:00Z,yes,0.089074,0.0891880,finalized
2026-10-08T02:45:17.419571+00:00,KXSOL15M-26OCT072245-45,SOL,2026-10-08T02:45:00Z,yes,116.3838,116.5213,finalized
2026-10-08T02:45:26.104975+00:00,KXPALLADIUM15M-26OCT072245-45,PALLADIUM,2026-10-08T02:45:00Z,yes,1146.522,1147.347,determined
2026-10-08T02:45:26.170446+00:00,KXCOPPER15M-26OCT072245-45,COPPER,2026-10-08T02:45:00Z,no,6.76769,6.76599,determined
2026-10-08T02:45:26.232045+00:00,KXGOLD15M-26OCT072245-45,GOLD,2026-10-08T02:45:00Z,yes,4137.46,4143.09,determined
2026-10-08T02:45:26.924284+00:00,KXSILVER15M-26OCT072245-45,SILVER,2026-10-08T02:45:00Z,yes,60.36,60.447,determined
2026-10-08T02:45:37.142085+00:00,KXWTI15M-26OCT072245-45,WTI,2026-10-08T02:45:00Z,yes,89.44,89.50,determined
2026-10-08T02:45:37.191801+00:00,KXPLATINUM15M-26OCT072245-45,PLATINUM,2026-10-08T02:45:00Z,yes,1663.144,1665.836,finalized
2026-10-08T03:00:05.915490+00:00,KXSOL15M-26OCT072300-00,SOL,2026-10-08T03:00:00Z,no,116.5213,116.4028,determined
2026-10-08T03:00:06.617254+00:00,KXXRP15M-26OCT072300-00,XRP,2026-10-08T03:00:00Z,no,1.4261,1.4251,determined
2026-10-08T03:00:15.487789+00:00,KXETH15M-26OCT072300-00,ETH,2026-10-08T03:00:00Z,no,2582.08,2578.55,finalized
2026-10-08T03:00:16.135678+00:00,KXBTC15M-26OCT072300-00,BTC,2026-10-08T03:00:00Z,no,83199.33,83116.95,determined
2026-10-08T03:00:16.780183+00:00,KXDOGE15M-26OCT072300-00,DOGE,2026-10-08T03:00:00Z,no,0.089188,0.0890134,finalized
2026-10-08T03:00:25.507906+00:00,KXGOLD15M-26OCT072300-00,GOLD,2026-10-08T03:00:00Z,no,4143.09,4133.38,determined
2026-10-08T03:00:25.573711+00:00,KXPLATINUM15M-26OCT072300-00,PLATINUM,2026-10-08T03:00:00Z,no,1665.836,1664.474,determined
2026-10-08T03:00:25.639945+00:00,KXCOPPER15M-26OCT072300-00,COPPER,2026-10-08T03:00:00Z,no,6.76599,6.75863,determined
2026-10-08T03:00:26.203843+00:00,KXWTI15M-26OCT072300-00,WTI,2026-10-08T03:00:00Z,yes,89.5,89.63,determined
2026-10-08T03:00:36.569484+00:00,KXPALLADIUM15M-26OCT072300-00,PALLADIUM,2026-10-08T03:00:00Z,no,1147.347,1147.147,finalized
2026-10-08T03:00:37.137395+00:00,KXSILVER15M-26OCT072300-00,SILVER,2026-10-08T03:00:00Z,no,60.447,60.144,finalized
2026-10-08T13:30:05.248155+00:00,KXSOL15M-26OCT080930-30,SOL,2026-10-08T13:30:00Z,no,112.5205,112.3168,finalized
2026-10-08T13:30:05.610424+00:00,KXXRP15M-26OCT080930-30,XRP,2026-10-08T13:30:00Z,no,1.3993,1.3991,determined
2026-10-08T13:30:06.228756+00:00,KXDOGE15M-26OCT080930-30,DOGE,2026-10-08T13:30:00Z,yes,0.086815,0.0868825,determined
2026-10-08T13:30:15.629390+00:00,KXBTC15M-26OCT080930-30,BTC,2026-10-08T13:30:00Z,no,82420.2,82343.04,finalized
2026-10-08T13:30:15.675722+00:00,KXETH15M-26OCT080930-30,ETH,2026-10-08T13:30:00Z,no,2534.66,2533.25,finalized
2026-10-08T13:30:27.181654+00:00,KXGOLD15M-26OCT080930-30,GOLD,2026-10-08T13:30:00Z,no,4126.41,4123.50,finalized
2026-10-08T13:30:27.276434+00:00,KXWTI15M-26OCT080930-30,WTI,2026-10-08T13:30:00Z,no,91.76,91.52,finalized
2026-10-08T13:30:27.823204+00:00,KXCOPPER15M-26OCT080930-30,COPPER,2026-10-08T13:30:00Z,no,6.63236,6.62220,determined
2026-10-08T13:30:27.870810+00:00,KXPLATINUM15M-26OCT080930-30,PLATINUM,2026-10-08T13:30:00Z,no,1640.361,1637.783,finalized
2026-10-08T13:30:37.589432+00:00,KXSILVER15M-26OCT080930-30,SILVER,2026-10-08T13:30:00Z,yes,59.017,59.076,finalized
2026-10-08T13:30:38.136544+00:00,KXPALLADIUM15M-26OCT080930-30,PALLADIUM,2026-10-08T13:30:00Z,no,1124.162,1123.282,finalized
2026-10-08T13:45:06.626817+00:00,KXBTC15M-26OCT080945-45,BTC,2026-10-08T13:45:00Z,no,82343.04,81993.37,determined
2026-10-08T13:45:15.419278+00:00,KXETH15M-26OCT080945-45,ETH,2026-10-08T13:45:00Z,no,2533.25,2514.40,finalized
2026-10-08T13:45:15.465089+00:00,KXSOL15M-26OCT080945-45,SOL,2026-10-08T13:45:00Z,no,112.3168,111.6333,finalized
2026-10-08T13:45:15.514991+00:00,KXXRP15M-26OCT080945-45,XRP,2026-10-08T13:45:00Z,no,1.3991,1.3944,finalized
2026-10-08T13:45:15.567158+00:00,KXDOGE15M-26OCT080945-45,DOGE,2026-10-08T13:45:00Z,no,0.086882,0.0865766,finalized
2026-10-08T13:45:26.574098+00:00,KXPLATINUM15M-26OCT080945-45,PLATINUM,2026-10-08T13:45:00Z,yes,1637.783,1640.925,determined
2026-10-08T13:45:26.622213+00:00,KXSILVER15M-26OCT080945-45,SILVER,2026-10-08T13:45:00Z,yes,59.076,59.222,determined
2026-10-08T13:45:26.671352+00:00,KXWTI15M-26OCT080945-45,WTI,2026-10-08T13:45:00Z,yes,91.52,91.99,determined
2026-10-08T13:45:26.717332+00:00,KXPALLADIUM15M-26OCT080945-45,PALLADIUM,2026-10-08T13:45:00Z,yes,1123.282,1124.356,finalized
2026-10-08T13:45:27.266043+00:00,KXGOLD15M-26OCT080945-45,GOLD,2026-10-08T13:45:00Z,yes,4123.5,4125.77,finalized
2026-10-08T13:45:27.314938+00:00,KXCOPPER15M-26OCT080945-45,COPPER,2026-10-08T13:45:00Z,no,6.6222,6.61840,finalized
2026-10-08T14:00:05.242954+00:00,KXXRP15M-26OCT081000-00,XRP,2026-10-08T14:00:00Z,yes,1.3944,1.3992,finalized
2026-10-08T14:00:05.345753+00:00,KXETH15M-26OCT081000-00,ETH,2026-10-08T14:00:00Z,yes,2514.4,2520.30,determined
2026-10-08T14:00:05.392049+00:00,KXSOL15M-26OCT081000-00,SOL,2026-10-08T14:00:00Z,yes,111.6333,112.2032,finalized
2026-10-08T14:00:06.666168+00:00,KXDOGE15M-26OCT081000-00,DOGE,2026-10-08T14:00:00Z,yes,0.086576,0.0869612,finalized
2026-10-08T14:00:16.096763+00:00,KXBTC15M-26OCT081000-00,BTC,2026-10-08T14:00:00Z,yes,81993.37,82127.78,finalized
2026-10-08T14:00:25.937341+00:00,KXPALLADIUM15M-26OCT081000-00,PALLADIUM,2026-10-08T14:00:00Z,no,1124.356,1123.727,finalized
2026-10-08T14:00:26.484503+00:00,KXPLATINUM15M-26OCT081000-00,PLATINUM,2026-10-08T14:00:00Z,yes,1640.925,1644.050,finalized
2026-10-08T14:00:26.531064+00:00,KXGOLD15M-26OCT081000-00,GOLD,2026-10-08T14:00:00Z,yes,4125.77,4130.11,determined
2026-10-08T14:00:26.578448+00:00,KXWTI15M-26OCT081000-00,WTI,2026-10-08T14:00:00Z,no,91.99,91.90,finalized
2026-10-08T14:00:27.629364+00:00,KXCOPPER15M-26OCT081000-00,COPPER,2026-10-08T14:00:00Z,yes,6.6184,6.62487,finalized
2026-10-08T14:00:27.675447+00:00,KXSILVER15M-26OCT081000-00,SILVER,2026-10-08T14:00:00Z,yes,59.222,59.265,finalized
2026-10-08T14:15:15.419443+00:00,KXETH15M-26OCT081015-15,ETH,2026-10-08T14:15:00Z,yes,2520.3,2530.50,finalized
2026-10-08T14:15:16.107633+00:00,KXBTC15M-26OCT081015-15,BTC,2026-10-08T14:15:00Z,yes,82127.78,82477.28,finalized
2026-10-08T14:15:16.202413+00:00,KXXRP15M-26OCT081015-15,XRP,2026-10-08T14:15:00Z,yes,1.3992,1.4025,finalized
2026-10-08T14:15:16.251016+00:00,KXDOGE15M-26OCT081015-15,DOGE,2026-10-08T14:15:00Z,yes,0.086961,0.0873362,finalized
2026-10-08T14:15:16.920494+00:00,KXSOL15M-26OCT081015-15,SOL,2026-10-08T14:15:00Z,yes,112.2032,112.5003,finalized
2026-10-08T14:15:25.601260+00:00,KXCOPPER15M-26OCT081015-15,COPPER,2026-10-08T14:15:00Z,yes,6.62487,6.63317,finalized
2026-10-08T14:15:25.648390+00:00,KXGOLD15M-26OCT081015-15,GOLD,2026-10-08T14:15:00Z,no,4130.11,4123.21,finalized
2026-10-08T14:15:26.240957+00:00,KXWTI15M-26OCT081015-15,WTI,2026-10-08T14:15:00Z,yes,91.9,92.01,finalized
2026-10-08T14:15:27.292853+00:00,KXSILVER15M-26OCT081015-15,SILVER,2026-10-08T14:15:00Z,no,59.265,59.105,determined
2026-10-08T14:15:27.342393+00:00,KXPALLADIUM15M-26OCT081015-15,PALLADIUM,2026-10-08T14:15:00Z,no,1123.727,1123.002,finalized
2026-10-08T14:15:36.025845+00:00,KXPLATINUM15M-26OCT081015-15,PLATINUM,2026-10-08T14:15:00Z,no,1644.05,1639.546,finalized
2026-10-08T14:30:05.579293+00:00,KXETH15M-26OCT081030-30,ETH,2026-10-08T14:30:00Z,yes,2530.5,2532.80,determined
2026-10-08T14:30:06.919054+00:00,KXXRP15M-26OCT081030-30,XRP,2026-10-08T14:30:00Z,yes,1.4025,1.4056,finalized
2026-10-08T14:30:15.651085+00:00,KXBTC15M-26OCT081030-30,BTC,2026-10-08T14:30:00Z,yes,82477.28,82676.42,finalized
2026-10-08T14:30:16.289392+00:00,KXSOL15M-26OCT081030-30,SOL,2026-10-08T14:30:00Z,yes,112.5003,112.5355,finalized
2026-10-08T14:30:17.087089+00:00,KXDOGE15M-26OCT081030-30,DOGE,2026-10-08T14:30:00Z,yes,0.087336,0.0873506,finalized
2026-10-08T14:30:25.757830+00:00,KXWTI15M-26OCT081030-30,WTI,2026-10-08T14:30:00Z,no,92.01,91.62,determined
2026-10-08T14:30:25.804773+00:00,KXCOPPER15M-26OCT081030-30,COPPER,2026-10-08T14:30:00Z,yes,6.63317,6.64552,determined
2026-10-08T14:30:26.853430+00:00,KXGOLD15M-26OCT081030-30,GOLD,2026-10-08T14:30:00Z,yes,4123.21,4137.28,determined
2026-10-08T14:30:27.549500+00:00,KXPALLADIUM15M-26OCT081030-30,PALLADIUM,2026-10-08T14:30:00Z,yes,1123.002,1127.370,finalized
2026-10-08T14:30:37.177376+00:00,KXPLATINUM15M-26OCT081030-30,PLATINUM,2026-10-08T14:30:00Z,yes,1639.546,1646.323,finalized
2026-10-08T14:30:37.224993+00:00,KXSILVER15M-26OCT081030-30,SILVER,2026-10-08T14:30:00Z,yes,59.105,59.414,finalized
2026-10-08T14:45:05.612006+00:00,KXBTC15M-26OCT081045-45,BTC,2026-10-08T14:45:00Z,no,82676.42,82501.30,determined
2026-10-08T14:45:06.163458+00:00,KXDOGE15M-26OCT081045-45,DOGE,2026-10-08T14:45:00Z,no,0.08735,0.0869424,finalized
2026-10-08T14:45:06.851666+00:00,KXSOL15M-26OCT081045-45,SOL,2026-10-08T14:45:00Z,no,112.5355,112.1713,finalized
2026-10-08T14:45:15.607062+00:00,KXETH15M-26OCT081045-45,ETH,2026-10-08T14:45:00Z,no,2532.8,2526.00,finalized
2026-10-08T14:45:17.404011+00:00,KXXRP15M-26OCT081045-45,XRP,2026-10-08T14:45:00Z,no,1.4056,1.4010,finalized
2026-10-08T14:45:26.136215+00:00,KXSILVER15M-26OCT081045-45,SILVER,2026-10-08T14:45:00Z,no,59.414,59.053,finalized
2026-10-08T14:45:27.278748+00:00,KXCOPPER15M-26OCT081045-45,COPPER,2026-10-08T14:45:00Z,no,6.64552,6.63331,finalized
2026-10-08T14:45:27.325386+00:00,KXPLATINUM15M-26OCT081045-45,PLATINUM,2026-10-08T14:45:00Z,no,1646.323,1637.400,determined
2026-10-08T14:45:27.873060+00:00,KXPALLADIUM15M-26OCT081045-45,PALLADIUM,2026-10-08T14:45:00Z,no,1127.37,1122.165,determined
2026-10-08T14:45:36.578492+00:00,KXWTI15M-26OCT081045-45,WTI,2026-10-08T14:45:00Z,yes,91.62,92.18,finalized
2026-10-08T14:45:37.629403+00:00,KXGOLD15M-26OCT081045-45,GOLD,2026-10-08T14:45:00Z,no,4137.28,4126.37,finalized
2026-10-08T15:00:06.714984+00:00,KXBTC15M-26OCT081100-00,BTC,2026-10-08T15:00:00Z,yes,82501.3,82668.86,determined
2026-10-08T15:00:15.402903+00:00,KXXRP15M-26OCT081100-00,XRP,2026-10-08T15:00:00Z,yes,1.401,1.4046,finalized
2026-10-08T15:00:15.561011+00:00,KXETH15M-26OCT081100-00,ETH,2026-10-08T15:00:00Z,yes,2526,2530.71,finalized
2026-10-08T15:00:16.155435+00:00,KXSOL15M-26OCT081100-00,SOL,2026-10-08T15:00:00Z,yes,112.1713,112.4975,finalized
2026-10-08T15:00:16.203011+00:00,KXDOGE15M-26OCT081100-00,DOGE,2026-10-08T15:00:00Z,yes,0.086942,0.0871160,finalized
2026-10-08T15:00:25.596272+00:00,KXWTI15M-26OCT081100-00,WTI,2026-10-08T15:00:00Z,yes,92.18,92.51,finalized
2026-10-08T15:00:25.644540+00:00,KXPLATINUM15M-26OCT081100-00,PLATINUM,2026-10-08T15:00:00Z,yes,1637.4,1638.831,finalized
2026-10-08T15:00:26.196857+00:00,KXSILVER15M-26OCT081100-00,SILVER,2026-10-08T15:00:00Z,no,59.053,58.985,finalized
2026-10-08T15:00:26.744334+00:00,KXPALLADIUM15M-26OCT081100-00,PALLADIUM,2026-10-08T15:00:00Z,yes,1122.165,1123.752,finalized
2026-10-08T15:00:27.292741+00:00,KXGOLD15M-26OCT081100-00,GOLD,2026-10-08T15:00:00Z,no,4126.37,4124.51,determined
2026-10-08T15:00:27.339707+00:00,KXCOPPER15M-26OCT081100-00,COPPER,2026-10-08T15:00:00Z,no,6.63331,6.62197,determined
2026-10-08T15:15:05.385078+00:00,KXDOGE15M-26OCT081115-15,DOGE,2026-10-08T15:15:00Z,no,0.087116,0.0860377,finalized
2026-10-08T15:15:05.433150+00:00,KXETH15M-26OCT081115-15,ETH,2026-10-08T15:15:00Z,no,2530.71,2510.08,finalized
2026-10-08T15:15:06.028113+00:00,KXSOL15M-26OCT081115-15,SOL,2026-10-08T15:15:00Z,no,112.4975,111.0838,finalized
2026-10-08T15:15:15.594404+00:00,KXBTC15M-26OCT081115-15,BTC,2026-10-08T15:15:00Z,no,82668.86,82166.73,finalized
2026-10-08T15:15:16.278626+00:00,KXXRP15M-26OCT081115-15,XRP,2026-10-08T15:15:00Z,no,1.4046,1.3851,finalized
2026-10-08T15:15:16.922332+00:00,KXSILVER15M-26OCT081115-15,SILVER,2026-10-08T15:15:00Z,no,58.985,58.848,determined
2026-10-08T15:15:26.136466+00:00,KXCOPPER15M-26OCT081115-15,COPPER,2026-10-08T15:15:00Z,no,6.62197,6.60697,finalized
2026-10-08T15:15:26.685958+00:00,KXWTI15M-26OCT081115-15,WTI,2026-10-08T15:15:00Z,yes,92.51,92.71,finalized
2026-10-08T15:15:26.731057+00:00,KXPLATINUM15M-26OCT081115-15,PLATINUM,2026-10-08T15:15:00Z,no,1638.831,1632.556,finalized
2026-10-08T15:15:27.280753+00:00,KXGOLD15M-26OCT081115-15,GOLD,2026-10-08T15:15:00Z,no,4124.51,4115.74,determined
2026-10-08T15:15:27.327958+00:00,KXPALLADIUM15M-26OCT081115-15,PALLADIUM,2026-10-08T15:15:00Z,no,1123.752,1123.746,determined
2026-10-08T15:30:05.606134+00:00,KXSOL15M-26OCT081130-30,SOL,2026-10-08T15:30:00Z,no,111.0838,108.9025,determined
2026-10-08T15:30:06.158552+00:00,KXDOGE15M-26OCT081130-30,DOGE,2026-10-08T15:30:00Z,no,0.086037,0.0836100,finalized
2026-10-08T15:30:06.296976+00:00,KXETH15M-26OCT081130-30,ETH,2026-10-08T15:30:00Z,no,2510.08,2462.65,determined
2026-10-08T15:30:15.748923+00:00,KXBTC15M-26OCT081130-30,BTC,2026-10-08T15:30:00Z,no,82166.73,81292.75,finalized
2026-10-08T15:30:16.980778+00:00,KXXRP15M-26OCT081130-30,XRP,2026-10-08T15:30:00Z,no,1.3851,1.3544,finalized
2026-10-08T15:30:26.249519+00:00,KXPALLADIUM15M-26OCT081130-30,PALLADIUM,2026-10-08T15:30:00Z,yes,1123.746,1126.626,finalized
2026-10-08T15:30:26.797787+00:00,KXGOLD15M-26OCT081130-30,GOLD,2026-10-08T15:30:00Z,yes,4115.74,4116.32,determined
2026-10-08T15:30:26.849173+00:00,KXPLATINUM15M-26OCT081130-30,PLATINUM,2026-10-08T15:30:00Z,no,1632.556,1631.465,determined
2026-10-08T15:30:27.399001+00:00,KXSILVER15M-26OCT081130-30,SILVER,2026-10-08T15:30:00Z,yes,58.848,58.899,finalized
2026-10-08T15:30:27.449001+00:00,KXWTI15M-26OCT081130-30,WTI,2026-10-08T15:30:00Z,no,92.71,92.50,finalized
2026-10-08T15:30:36.667041+00:00,KXCOPPER15M-26OCT081130-30,COPPER,2026-10-08T15:30:00Z,no,6.60697,6.60470,finalized
2026-10-08T15:45:05.569287+00:00,KXBTC15M-26OCT081145-45,BTC,2026-10-08T15:45:00Z,no,81292.75,81164.11,determined
2026-10-08T15:45:06.942330+00:00,KXXRP15M-26OCT081145-45,XRP,2026-10-08T15:45:00Z,no,1.3544,1.3521,determined
2026-10-08T15:45:07.006781+00:00,KXDOGE15M-26OCT081145-45,DOGE,2026-10-08T15:45:00Z,no,0.08361,0.0833095,determined
2026-10-08T15:45:15.748754+00:00,KXETH15M-26OCT081145-45,ETH,2026-10-08T15:45:00Z,no,2462.65,2450.29,finalized
2026-10-08T15:45:16.343835+00:00,KXSOL15M-26OCT081145-45,SOL,2026-10-08T15:45:00Z,yes,108.9025,109.0515,finalized
2026-10-08T15:45:26.196666+00:00,KXGOLD15M-26OCT081145-45,GOLD,2026-10-08T15:45:00Z,yes,4116.32,4116.48,finalized
2026-10-08T15:45:26.249407+00:00,KXWTI15M-26OCT081145-45,WTI,2026-10-08T15:45:00Z,yes,92.5,92.67,determined
2026-10-08T15:45:26.796776+00:00,KXSILVER15M-26OCT081145-45,SILVER,2026-10-08T15:45:00Z,no,58.899,58.828,determined
2026-10-08T15:45:27.483185+00:00,KXPALLADIUM15M-26OCT081145-45,PALLADIUM,2026-10-08T15:45:00Z,no,1126.626,1121.747,finalized
2026-10-08T15:45:37.157805+00:00,KXCOPPER15M-26OCT081145-45,COPPER,2026-10-08T15:45:00Z,no,6.6047,6.58967,finalized
2026-10-08T15:45:37.204530+00:00,KXPLATINUM15M-26OCT081145-45,PLATINUM,2026-10-08T15:45:00Z,no,1631.465,1628.931,finalized
2026-10-08T16:00:06.647194+00:00,KXBTC15M-26OCT081200-00,BTC,2026-10-08T16:00:00Z,no,81164.11,80963.01,finalized
2026-10-08T16:00:06.741605+00:00,KXSOL15M-26OCT081200-00,SOL,2026-10-08T16:00:00Z,no,109.0515,108.4555,finalized
2026-10-08T16:00:15.493309+00:00,KXDOGE15M-26OCT081200-00,DOGE,2026-10-08T16:00:00Z,no,0.083309,0.0826427,finalized
2026-10-08T16:00:15.635751+00:00,KXXRP15M-26OCT081200-00,XRP,2026-10-08T16:00:00Z,no,1.3521,1.3445,finalized
2026-10-08T16:00:16.232426+00:00,KXETH15M-26OCT081200-00,ETH,2026-10-08T16:00:00Z,no,2450.29,2432.26,finalized
2026-10-08T16:00:25.590420+00:00,KXCOPPER15M-26OCT081200-00,COPPER,2026-10-08T16:00:00Z,yes,6.58967,6.59136,finalized
2026-10-08T16:00:25.635749+00:00,KXPALLADIUM15M-26OCT081200-00,PALLADIUM,2026-10-08T16:00:00Z,yes,1121.747,1122.292,finalized
2026-10-08T16:00:26.686805+00:00,KXSILVER15M-26OCT081200-00,SILVER,2026-10-08T16:00:00Z,no,58.828,58.753,finalized
2026-10-08T16:00:26.735802+00:00,KXWTI15M-26OCT081200-00,WTI,2026-10-08T16:00:00Z,no,92.67,92.48,determined
2026-10-08T16:00:26.783819+00:00,KXPLATINUM15M-26OCT081200-00,PLATINUM,2026-10-08T16:00:00Z,yes,1628.931,1629.380,finalized
2026-10-08T16:00:27.331679+00:00,KXGOLD15M-26OCT081200-00,GOLD,2026-10-08T16:00:00Z,no,4116.48,4111.92,finalized
2026-10-08T16:15:05.228027+00:00,KXSOL15M-26OCT081215-15,SOL,2026-10-08T16:15:00Z,no,108.4555,108.2377,determined
2026-10-08T16:15:06.662835+00:00,KXXRP15M-26OCT081215-15,XRP,2026-10-08T16:15:00Z,yes,1.3445,1.3477,determined
2026-10-08T16:15:15.422260+00:00,KXBTC15M-26OCT081215-15,BTC,2026-10-08T16:15:00Z,yes,80963.01,80971.78,finalized
2026-10-08T16:15:15.470422+00:00,KXETH15M-26OCT081215-15,ETH,2026-10-08T16:15:00Z,no,2432.26,2424.32,finalized
2026-10-08T16:15:16.200627+00:00,KXDOGE15M-26OCT081215-15,DOGE,2026-10-08T16:15:00Z,yes,0.082642,0.0828867,finalized
2026-10-08T16:15:26.004103+00:00,KXSILVER15M-26OCT081215-15,SILVER,2026-10-08T16:15:00Z,no,58.753,58.712,finalized
2026-10-08T16:15:26.553088+00:00,KXPLATINUM15M-26OCT081215-15,PLATINUM,2026-10-08T16:15:00Z,no,1629.38,1628.050,finalized
2026-10-08T16:15:26.598422+00:00,KXPALLADIUM15M-26OCT081215-15,PALLADIUM,2026-10-08T16:15:00Z,yes,1122.292,1122.790,finalized
2026-10-08T16:15:26.643247+00:00,KXGOLD15M-26OCT081215-15,GOLD,2026-10-08T16:15:00Z,yes,4111.92,4112.02,finalized
2026-10-08T16:15:27.189987+00:00,KXCOPPER15M-26OCT081215-15,COPPER,2026-10-08T16:15:00Z,yes,6.59136,6.59307,finalized
2026-10-08T16:15:27.237456+00:00,KXWTI15M-26OCT081215-15,WTI,2026-10-08T16:15:00Z,no,92.48,92.26,finalized
2026-10-08T16:30:05.900697+00:00,KXETH15M-26OCT081230-30,ETH,2026-10-08T16:30:00Z,yes,2424.32,2428.99,determined
2026-10-08T16:30:06.553497+00:00,KXXRP15M-26OCT081230-30,XRP,2026-10-08T16:30:00Z,yes,1.3477,1.3551,finalized
2026-10-08T16:30:15.281983+00:00,KXBTC15M-26OCT081230-30,BTC,2026-10-08T16:30:00Z,yes,80971.78,81264.04,finalized
2026-10-08T16:30:16.012077+00:00,KXDOGE15M-26OCT081230-30,DOGE,2026-10-08T16:30:00Z,yes,0.082886,0.0831902,finalized
2026-10-08T16:30:16.056388+00:00,KXSOL15M-26OCT081230-30,SOL,2026-10-08T16:30:00Z,yes,108.2377,108.7312,finalized
2026-10-08T16:30:25.825872+00:00,KXGOLD15M-26OCT081230-30,GOLD,2026-10-08T16:30:00Z,yes,4112.02,4117.79,determined
2026-10-08T16:30:25.872457+00:00,KXCOPPER15M-26OCT081230-30,COPPER,2026-10-08T16:30:00Z,yes,6.59307,6.59984,finalized
2026-10-08T16:30:25.918912+00:00,KXPLATINUM15M-26OCT081230-30,PLATINUM,2026-10-08T16:30:00Z,yes,1628.05,1632.415,determined
2026-10-08T16:30:26.465822+00:00,KXWTI15M-26OCT081230-30,WTI,2026-10-08T16:30:00Z,no,92.26,90.83,determined
2026-10-08T16:30:27.578542+00:00,KXSILVER15M-26OCT081230-30,SILVER,2026-10-08T16:30:00Z,yes,58.712,58.927,determined
2026-10-08T16:30:27.625025+00:00,KXPALLADIUM15M-26OCT081230-30,PALLADIUM,2026-10-08T16:30:00Z,yes,1122.79,1125.362,finalized
2026-10-08T16:45:05.374737+00:00,KXDOGE15M-26OCT081245-45,DOGE,2026-10-08T16:45:00Z,no,0.08319,0.0829604,finalized
2026-10-08T16:45:06.678278+00:00,KXETH15M-26OCT081245-45,ETH,2026-10-08T16:45:00Z,no,2428.99,2427.90,determined
2026-10-08T16:45:16.165096+00:00,KXXRP15M-26OCT081245-45,XRP,2026-10-08T16:45:00Z,yes,1.3551,1.3552,finalized
2026-10-08T16:45:16.804638+00:00,KXBTC15M-26OCT081245-45,BTC,2026-10-08T16:45:00Z,no,81264.04,81208.12,finalized
2026-10-08T16:45:16.851901+00:00,KXSOL15M-26OCT081245-45,SOL,2026-10-08T16:45:00Z,no,108.7312,108.5347,finalized
2026-10-08T16:45:25.610171+00:00,KXCOPPER15M-26OCT081245-45,COPPER,2026-10-08T16:45:00Z,no,6.59984,6.59852,finalized
2026-10-08T16:45:25.657267+00:00,KXPLATINUM15M-26OCT081245-45,PLATINUM,2026-10-08T16:45:00Z,yes,1632.415,1633.687,finalized
2026-10-08T16:45:26.205391+00:00,KXPALLADIUM15M-26OCT081245-45,PALLADIUM,2026-10-08T16:45:00Z,yes,1125.362,1128.784,finalized
2026-10-08T16:45:26.750659+00:00,KXSILVER15M-26OCT081245-45,SILVER,2026-10-08T16:45:00Z,yes,58.927,58.931,finalized
2026-10-08T16:45:26.795556+00:00,KXWTI15M-26OCT081245-45,WTI,2026-10-08T16:45:00Z,yes,90.83,90.83,finalized
2026-10-08T16:45:35.991418+00:00,KXGOLD15M-26OCT081245-45,GOLD,2026-10-08T16:45:00Z,yes,4117.79,4119.29,finalized
2026-10-08T17:00:05.523650+00:00,KXSOL15M-26OCT081300-00,SOL,2026-10-08T17:00:00Z,no,108.5347,107.6622,determined
2026-10-08T17:00:06.328926+00:00,KXDOGE15M-26OCT081300-00,DOGE,2026-10-08T17:00:00Z,no,0.08296,0.0822002,finalized
2026-10-08T17:00:06.379173+00:00,KXBTC15M-26OCT081300-00,BTC,2026-10-08T17:00:00Z,no,81208.12,80880.36,finalized
2026-10-08T17:00:15.773763+00:00,KXETH15M-26OCT081300-00,ETH,2026-10-08T17:00:00Z,no,2427.9,2414.37,finalized
2026-10-08T17:00:17.012771+00:00,KXXRP15M-26OCT081300-00,XRP,2026-10-08T17:00:00Z,no,1.3552,1.3437,finalized
2026-10-08T17:00:26.323338+00:00,KXCOPPER15M-26OCT081300-00,COPPER,2026-10-08T17:00:00Z,no,6.59852,6.58355,determined
2026-10-08T17:00:26.383442+00:00,KXSILVER15M-26OCT081300-00,SILVER,2026-10-08T17:00:00Z,no,58.931,58.881,finalized
2026-10-08T17:00:26.986142+00:00,KXPALLADIUM15M-26OCT081300-00,PALLADIUM,2026-10-08T17:00:00Z,no,1128.784,1127.071,finalized
2026-10-08T17:00:27.532698+00:00,KXGOLD15M-26OCT081300-00,GOLD,2026-10-08T17:00:00Z,yes,4119.29,4123.85,finalized
2026-10-08T17:00:28.080375+00:00,KXWTI15M-26OCT081300-00,WTI,2026-10-08T17:00:00Z,no,90.83,90.78,determined
2026-10-08T17:00:37.333069+00:00,KXPLATINUM15M-26OCT081300-00,PLATINUM,2026-10-08T17:00:00Z,no,1633.687,1632.540,finalized
2026-10-08T17:15:05.259427+00:00,KXBTC15M-26OCT081315-15,BTC,2026-10-08T17:15:00Z,no,80880.36,80871.81,determined
2026-10-08T17:15:06.037714+00:00,KXSOL15M-26OCT081315-15,SOL,2026-10-08T17:15:00Z,yes,107.6622,107.6690,finalized
2026-10-08T17:15:15.536987+00:00,KXXRP15M-26OCT081315-15,XRP,2026-10-08T17:15:00Z,no,1.3437,1.3422,finalized
2026-10-08T17:15:15.585303+00:00,KXDOGE15M-26OCT081315-15,DOGE,2026-10-08T17:15:00Z,yes,0.0822,0.0822846,finalized
2026-10-08T17:15:16.135104+00:00,KXETH15M-26OCT081315-15,ETH,2026-10-08T17:15:00Z,yes,2414.37,2424.12,finalized
2026-10-08T17:15:26.668554+00:00,KXGOLD15M-26OCT081315-15,GOLD,2026-10-08T17:15:00Z,yes,4123.85,4132.12,determined
2026-10-08T17:15:27.213841+00:00,KXWTI15M-26OCT081315-15,WTI,2026-10-08T17:15:00Z,yes,90.78,90.79,finalized
2026-10-08T17:15:27.260409+00:00,KXPLATINUM15M-26OCT081315-15,PLATINUM,2026-10-08T17:15:00Z,yes,1632.54,1640.747,determined
2026-10-08T17:15:27.308907+00:00,KXSILVER15M-26OCT081315-15,SILVER,2026-10-08T17:15:00Z,yes,58.881,59.089,finalized
2026-10-08T17:15:36.033452+00:00,KXCOPPER15M-26OCT081315-15,COPPER,2026-10-08T17:15:00Z,yes,6.58355,6.58971,finalized
2026-10-08T17:15:37.082636+00:00,KXPALLADIUM15M-26OCT081315-15,PALLADIUM,2026-10-08T17:15:00Z,yes,1127.071,1132.192,finalized
2026-10-08T17:30:06.293532+00:00,KXBTC15M-26OCT081330-30,BTC,2026-10-08T17:30:00Z,no,80871.81,80654.83,finalized
2026-10-08T17:30:06.890301+00:00,KXSOL15M-26OCT081330-30,SOL,2026-10-08T17:30:00Z,no,107.669,106.5020,finalized
2026-10-08T17:30:07.030307+00:00,KXETH15M-26OCT081330-30,ETH,2026-10-08T17:30:00Z,no,2424.12,2417.73,determined
2026-10-08T17:30:15.787474+00:00,KXXRP15M-26OCT081330-30,XRP,2026-10-08T17:30:00Z,no,1.3422,1.3305,finalized
2026-10-08T17:30:15.925827+00:00,KXDOGE15M-26OCT081330-30,DOGE,2026-10-08T17:30:00Z,no,0.082284,0.0818675,finalized
2026-10-08T17:30:26.344619+00:00,KXGOLD15M-26OCT081330-30,GOLD,2026-10-08T17:30:00Z,no,4132.12,4131.09,determined
2026-10-08T17:30:26.394141+00:00,KXCOPPER15M-26OCT081330-30,COPPER,2026-10-08T17:30:00Z,no,6.58971,6.58543,finalized
2026-10-08T17:30:26.941924+00:00,KXWTI15M-26OCT081330-30,WTI,2026-10-08T17:30:00Z,yes,90.79,91.10,finalized
2026-10-08T17:30:26.989877+00:00,KXPLATINUM15M-26OCT081330-30,PLATINUM,2026-10-08T17:30:00Z,yes,1640.747,1643.410,finalized
2026-10-08T17:30:27.038987+00:00,KXPALLADIUM15M-26OCT081330-30,PALLADIUM,2026-10-08T17:30:00Z,no,1132.192,1130.304,finalized
2026-10-08T17:30:27.586769+00:00,KXSILVER15M-26OCT081330-30,SILVER,2026-10-08T17:30:00Z,yes,59.089,59.177,finalized
2026-10-08T17:45:06.324440+00:00,KXSOL15M-26OCT081345-45,SOL,2026-10-08T17:45:00Z,yes,106.502,106.6017,finalized
2026-10-08T17:45:06.873052+00:00,KXXRP15M-26OCT081345-45,XRP,2026-10-08T17:45:00Z,no,1.3305,1.3266,determined
2026-10-08T17:45:06.968341+00:00,KXETH15M-26OCT081345-45,ETH,2026-10-08T17:45:00Z,yes,2417.73,2420.90,finalized
2026-10-08T17:45:15.654005+00:00,KXBTC15M-26OCT081345-45,BTC,2026-10-08T17:45:00Z,yes,80654.83,80776.47,finalized
2026-10-08T17:45:15.713503+00:00,KXDOGE15M-26OCT081345-45,DOGE,2026-10-08T17:45:00Z,no,0.081867,0.0818281,finalized
2026-10-08T17:45:25.701815+00:00,KXCOPPER15M-26OCT081345-45,COPPER,2026-10-08T17:45:00Z,no,6.58543,6.58429,finalized
2026-10-08T17:45:26.249761+00:00,KXGOLD15M-26OCT081345-45,GOLD,2026-10-08T17:45:00Z,no,4131.09,4131.08,finalized
2026-10-08T17:45:26.797542+00:00,KXSILVER15M-26OCT081345-45,SILVER,2026-10-08T17:45:00Z,no,59.177,59.043,finalized
2026-10-08T17:45:26.846262+00:00,KXWTI15M-26OCT081345-45,WTI,2026-10-08T17:45:00Z,yes,91.1,91.43,finalized
2026-10-08T17:45:26.897359+00:00,KXPLATINUM15M-26OCT081345-45,PLATINUM,2026-10-08T17:45:00Z,no,1643.41,1641.265,finalized
2026-10-08T17:45:27.545263+00:00,KXPALLADIUM15M-26OCT081345-45,PALLADIUM,2026-10-08T17:45:00Z,no,1130.304,1130.082,finalized
2026-10-08T18:00:05.548029+00:00,KXDOGE15M-26OCT081400-00,DOGE,2026-10-08T18:00:00Z,no,0.081828,0.0813612,finalized
2026-10-08T18:00:15.688001+00:00,KXBTC15M-26OCT081400-00,BTC,2026-10-08T18:00:00Z,no,80776.47,80649.06,finalized
2026-10-08T18:00:15.738085+00:00,KXSOL15M-26OCT081400-00,SOL,2026-10-08T18:00:00Z,no,106.6017,106.1738,finalized
2026-10-08T18:00:16.422838+00:00,KXXRP15M-26OCT081400-00,XRP,2026-10-08T18:00:00Z,no,1.3266,1.3245,finalized
2026-10-08T18:00:17.074690+00:00,KXETH15M-26OCT081400-00,ETH,2026-10-08T18:00:00Z,no,2420.9,2415.52,finalized
2026-10-08T18:00:26.298475+00:00,KXSILVER15M-26OCT081400-00,SILVER,2026-10-08T18:00:00Z,yes,59.043,59.067,finalized
2026-10-08T18:00:26.846778+00:00,KXPLATINUM15M-26OCT081400-00,PLATINUM,2026-10-08T18:00:00Z,yes,1641.265,1641.450,finalized
2026-10-08T18:00:26.894156+00:00,KXGOLD15M-26OCT081400-00,GOLD,2026-10-08T18:00:00Z,yes,4131.08,4132.99,finalized
2026-10-08T18:00:26.939134+00:00,KXPALLADIUM15M-26OCT081400-00,PALLADIUM,2026-10-08T18:00:00Z,yes,1130.082,1131.320,finalized
2026-10-08T18:00:27.484813+00:00,KXWTI15M-26OCT081400-00,WTI,2026-10-08T18:00:00Z,no,91.43,91.38,finalized
2026-10-08T18:00:27.530885+00:00,KXCOPPER15M-26OCT081400-00,COPPER,2026-10-08T18:00:00Z,yes,6.58429,6.58585,determined
2026-10-08T18:15:06.284408+00:00,KXBTC15M-26OCT081415-15,BTC,2026-10-08T18:15:00Z,no,80649.06,80639.88,determined
2026-10-08T18:15:06.330467+00:00,KXSOL15M-26OCT081415-15,SOL,2026-10-08T18:15:00Z,yes,106.1738,106.3205,finalized
2026-10-08T18:15:06.375196+00:00,KXXRP15M-26OCT081415-15,XRP,2026-10-08T18:15:00Z,yes,1.3245,1.3322,determined
2026-10-08T18:15:15.642386+00:00,KXDOGE15M-26OCT081415-15,DOGE,2026-10-08T18:15:00Z,yes,0.081361,0.0818542,finalized
2026-10-08T18:15:15.692132+00:00,KXETH15M-26OCT081415-15,ETH,2026-10-08T18:15:00Z,no,2415.52,2414.03,finalized
2026-10-08T18:15:26.327250+00:00,KXPLATINUM15M-26OCT081415-15,PLATINUM,2026-10-08T18:15:00Z,no,1641.45,1639.440,determined
2026-10-08T18:15:26.874454+00:00,KXGOLD15M-26OCT081415-15,GOLD,2026-10-08T18:15:00Z,no,4132.99,4127.85,determined
2026-10-08T18:15:27.565779+00:00,KXCOPPER15M-26OCT081415-15,COPPER,2026-10-08T18:15:00Z,yes,6.58585,6.58924,determined
2026-10-08T18:15:27.619814+00:00,KXPALLADIUM15M-26OCT081415-15,PALLADIUM,2026-10-08T18:15:00Z,yes,1131.32,1132.263,finalized
2026-10-08T18:15:36.757282+00:00,KXSILVER15M-26OCT081415-15,SILVER,2026-10-08T18:15:00Z,no,59.067,59.026,finalized
2026-10-08T18:15:37.868421+00:00,KXWTI15M-26OCT081415-15,WTI,2026-10-08T18:15:00Z,yes,91.38,91.61,finalized
2026-10-08T18:30:05.386343+00:00,KXETH15M-26OCT081430-30,ETH,2026-10-08T18:30:00Z,yes,2414.03,2438.38,determined
2026-10-08T18:30:15.399815+00:00,KXBTC15M-26OCT081430-30,BTC,2026-10-08T18:30:00Z,yes,80639.88,81380.14,finalized
2026-10-08T18:30:16.091827+00:00,KXDOGE15M-26OCT081430-30,DOGE,2026-10-08T18:30:00Z,yes,0.081854,0.0828012,finalized
2026-10-08T18:30:16.833927+00:00,KXSOL15M-26OCT081430-30,SOL,2026-10-08T18:30:00Z,yes,106.3205,107.8192,finalized
2026-10-08T18:30:16.878197+00:00,KXXRP15M-26OCT081430-30,XRP,2026-10-08T18:30:00Z,yes,1.3322,1.3526,finalized
2026-10-08T18:30:25.657108+00:00,KXCOPPER15M-26OCT081430-30,COPPER,2026-10-08T18:30:00Z,yes,6.58924,6.58941,finalized
2026-10-08T18:30:26.755613+00:00,KXSILVER15M-26OCT081430-30,SILVER,2026-10-08T18:30:00Z,yes,59.026,59.053,determined
2026-10-08T18:30:26.805152+00:00,KXWTI15M-26OCT081430-30,WTI,2026-10-08T18:30:00Z,no,91.61,91.27,finalized
2026-10-08T18:30:27.353268+00:00,KXPLATINUM15M-26OCT081430-30,PLATINUM,2026-10-08T18:30:00Z,no,1639.44,1639.265,determined
2026-10-08T18:30:36.033322+00:00,KXPALLADIUM15M-26OCT081430-30,PALLADIUM,2026-10-08T18:30:00Z,yes,1132.263,1132.896,finalized
2026-10-08T18:30:37.087313+00:00,KXGOLD15M-26OCT081430-30,GOLD,2026-10-08T18:30:00Z,no,4127.85,4125.82,finalized
2026-10-08T18:45:06.616213+00:00,KXSOL15M-26OCT081445-45,SOL,2026-10-08T18:45:00Z,yes,107.8192,107.8985,determined
2026-10-08T18:45:15.521891+00:00,KXETH15M-26OCT081445-45,ETH,2026-10-08T18:45:00Z,yes,2438.38,2446.88,finalized
2026-10-08T18:45:15.566885+00:00,KXBTC15M-26OCT081445-45,BTC,2026-10-08T18:45:00Z,yes,81380.14,81464.86,finalized
2026-10-08T18:45:16.114284+00:00,KXXRP15M-26OCT081445-45,XRP,2026-10-08T18:45:00Z,yes,1.3526,1.3623,finalized
2026-10-08T18:45:16.161497+00:00,KXDOGE15M-26OCT081445-45,DOGE,2026-10-08T18:45:00Z,yes,0.082801,0.0829890,finalized
2026-10-08T18:45:25.572881+00:00,KXGOLD15M-26OCT081445-45,GOLD,2026-10-08T18:45:00Z,no,4125.82,4125.19,finalized
2026-10-08T18:45:26.671807+00:00,KXCOPPER15M-26OCT081445-45,COPPER,2026-10-08T18:45:00Z,no,6.58941,6.58108,finalized
2026-10-08T18:45:26.720727+00:00,KXPALLADIUM15M-26OCT081445-45,PALLADIUM,2026-10-08T18:45:00Z,no,1132.896,1131.630,finalized
2026-10-08T18:45:27.325760+00:00,KXPLATINUM15M-26OCT081445-45,PLATINUM,2026-10-08T18:45:00Z,yes,1639.265,1640.315,finalized
2026-10-08T18:45:36.051658+00:00,KXSILVER15M-26OCT081445-45,SILVER,2026-10-08T18:45:00Z,yes,59.053,59.060,finalized
2026-10-08T18:45:37.603656+00:00,KXWTI15M-26OCT081445-45,WTI,2026-10-08T18:45:00Z,yes,91.27,91.30,finalized
2026-10-08T19:00:05.544997+00:00,KXBTC15M-26OCT081500-00,BTC,2026-10-08T19:00:00Z,no,81464.86,81434.78,determined
2026-10-08T19:00:06.185981+00:00,KXXRP15M-26OCT081500-00,XRP,2026-10-08T19:00:00Z,no,1.3623,1.3597,finalized
2026-10-08T19:00:06.243748+00:00,KXDOGE15M-26OCT081500-00,DOGE,2026-10-08T19:00:00Z,yes,0.082989,0.0830601,finalized
2026-10-08T19:00:15.768756+00:00,KXETH15M-26OCT081500-00,ETH,2026-10-08T19:00:00Z,no,2446.88,2446.34,finalized
2026-10-08T19:00:17.029847+00:00,KXSOL15M-26OCT081500-00,SOL,2026-10-08T19:00:00Z,yes,107.8985,108.0095,finalized
2026-10-08T19:00:26.327166+00:00,KXPALLADIUM15M-26OCT081500-00,PALLADIUM,2026-10-08T19:00:00Z,yes,1131.63,1131.905,finalized
2026-10-08T19:00:26.372709+00:00,KXWTI15M-26OCT081500-00,WTI,2026-10-08T19:00:00Z,yes,91.3,91.31,finalized
2026-10-08T19:00:26.922236+00:00,KXPLATINUM15M-26OCT081500-00,PLATINUM,2026-10-08T19:00:00Z,yes,1640.315,1641.523,determined
2026-10-08T19:00:26.967745+00:00,KXSILVER15M-26OCT081500-00,SILVER,2026-10-08T19:00:00Z,yes,59.06,59.076,determined
2026-10-08T19:00:27.522867+00:00,KXGOLD15M-26OCT081500-00,GOLD,2026-10-08T19:00:00Z,yes,4125.19,4127.12,finalized
2026-10-08T19:00:27.569368+00:00,KXCOPPER15M-26OCT081500-00,COPPER,2026-10-08T19:00:00Z,no,6.58108,6.58055,finalized
2026-10-08T19:15:05.370496+00:00,KXDOGE15M-26OCT081515-15,DOGE,2026-10-08T19:15:00Z,yes,0.08306,0.0832671,finalized
2026-10-08T19:15:06.314723+00:00,KXSOL15M-26OCT081515-15,SOL,2026-10-08T19:15:00Z,yes,108.0095,108.5480,determined
2026-10-08T19:15:06.908579+00:00,KXXRP15M-26OCT081515-15,XRP,2026-10-08T19:15:00Z,yes,1.3597,1.3632,determined
2026-10-08T19:15:15.766439+00:00,KXBTC15M-26OCT081515-15,BTC,2026-10-08T19:15:00Z,yes,81434.78,81443.34,finalized
2026-10-08T19:15:16.363767+00:00,KXETH15M-26OCT081515-15,ETH,2026-10-08T19:15:00Z,yes,2446.34,2450.07,finalized
2026-10-08T19:15:25.755550+00:00,KXPALLADIUM15M-26OCT081515-15,PALLADIUM,2026-10-08T19:15:00Z,yes,1131.905,1132.292,finalized
2026-10-08T19:15:26.852524+00:00,KXGOLD15M-26OCT081515-15,GOLD,2026-10-08T19:15:00Z,yes,4127.12,4130.06,determined
2026-10-08T19:15:26.900718+00:00,KXPLATINUM15M-26OCT081515-15,PLATINUM,2026-10-08T19:15:00Z,yes,1641.523,1642.114,determined
2026-10-08T19:15:27.549120+00:00,KXSILVER15M-26OCT081515-15,SILVER,2026-10-08T19:15:00Z,yes,59.076,59.159,determined
2026-10-08T19:15:27.597636+00:00,KXWTI15M-26OCT081515-15,WTI,2026-10-08T19:15:00Z,no,91.31,91.27,finalized
2026-10-08T19:15:36.239938+00:00,KXCOPPER15M-26OCT081515-15,COPPER,2026-10-08T19:15:00Z,no,6.58055,6.57856,finalized
2026-10-08T19:30:05.197966+00:00,KXETH15M-26OCT081530-30,ETH,2026-10-08T19:30:00Z,yes,2450.07,2454.78,determined
2026-10-08T19:30:06.653982+00:00,KXDOGE15M-26OCT081530-30,DOGE,2026-10-08T19:30:00Z,yes,0.083267,0.0834811,determined
2026-10-08T19:30:06.701695+00:00,KXBTC15M-26OCT081530-30,BTC,2026-10-08T19:30:00Z,yes,81443.34,81637.52,finalized
2026-10-08T19:30:15.387392+00:00,KXSOL15M-26OCT081530-30,SOL,2026-10-08T19:30:00Z,yes,108.548,108.8740,finalized
2026-10-08T19:30:16.172395+00:00,KXXRP15M-26OCT081530-30,XRP,2026-10-08T19:30:00Z,yes,1.3632,1.3672,finalized
2026-10-08T19:30:25.935855+00:00,KXPALLADIUM15M-26OCT081530-30,PALLADIUM,2026-10-08T19:30:00Z,no,1132.292,1131.517,determined
2026-10-08T19:30:27.173305+00:00,KXCOPPER15M-26OCT081530-30,COPPER,2026-10-08T19:30:00Z,yes,6.57856,6.58240,determined
2026-10-08T19:30:36.372928+00:00,KXGOLD15M-26OCT081530-30,GOLD,2026-10-08T19:30:00Z,yes,4130.06,4130.16,finalized
2026-10-08T19:30:36.918929+00:00,KXSILVER15M-26OCT081530-30,SILVER,2026-10-08T19:30:00Z,yes,59.159,59.165,finalized
2026-10-08T19:30:36.963888+00:00,KXPLATINUM15M-26OCT081530-30,PLATINUM,2026-10-08T19:30:00Z,no,1642.114,1640.095,finalized
2026-10-08T19:30:37.012508+00:00,KXWTI15M-26OCT081530-30,WTI,2026-10-08T19:30:00Z,no,91.27,91.09,finalized
2026-10-08T19:45:06.030492+00:00,KXDOGE15M-26OCT081545-45,DOGE,2026-10-08T19:45:00Z,yes,0.083481,0.0837708,finalized
2026-10-08T19:45:15.359272+00:00,KXSOL15M-26OCT081545-45,SOL,2026-10-08T19:45:00Z,yes,108.874,109.0058,finalized
2026-10-08T19:45:16.055133+00:00,KXXRP15M-26OCT081545-45,XRP,2026-10-08T19:45:00Z,yes,1.3672,1.3732,finalized
2026-10-08T19:45:16.152726+00:00,KXBTC15M-26OCT081545-45,BTC,2026-10-08T19:45:00Z,yes,81637.52,81678.13,finalized
2026-10-08T19:45:16.798551+00:00,KXETH15M-26OCT081545-45,ETH,2026-10-08T19:45:00Z,yes,2454.78,2460.89,finalized
2026-10-08T19:45:25.554762+00:00,KXWTI15M-26OCT081545-45,WTI,2026-10-08T19:45:00Z,no,91.09,91.06,finalized
2026-10-08T19:45:25.602429+00:00,KXSILVER15M-26OCT081545-45,SILVER,2026-10-08T19:45:00Z,no,59.165,59.151,determined
2026-10-08T19:45:25.677034+00:00,KXCOPPER15M-26OCT081545-45,COPPER,2026-10-08T19:45:00Z,no,6.5824,6.58239,finalized
2026-10-08T19:45:26.224775+00:00,KXPLATINUM15M-26OCT081545-45,PLATINUM,2026-10-08T19:45:00Z,yes,1640.095,1640.289,finalized
2026-10-08T19:45:26.773291+00:00,KXGOLD15M-26OCT081545-45,GOLD,2026-10-08T19:45:00Z,yes,4130.16,4130.75,finalized
2026-10-08T19:45:26.819721+00:00,KXPALLADIUM15M-26OCT081545-45,PALLADIUM,2026-10-08T19:45:00Z,no,1131.517,1130.332,finalized
2026-10-08T20:00:05.127928+00:00,KXBTC15M-26OCT081600-00,BTC,2026-10-08T20:00:00Z,yes,81678.13,81712.22,determined
2026-10-08T20:00:05.235777+00:00,KXXRP15M-26OCT081600-00,XRP,2026-10-08T20:00:00Z,no,1.3732,1.3726,determined
2026-10-08T20:00:06.053943+00:00,KXSOL15M-26OCT081600-00,SOL,2026-10-08T20:00:00Z,yes,109.0058,109.1262,determined
2026-10-08T20:00:06.126496+00:00,KXETH15M-26OCT081600-00,ETH,2026-10-08T20:00:00Z,yes,2460.89,2463.23,determined
2026-10-08T20:00:15.526863+00:00,KXDOGE15M-26OCT081600-00,DOGE,2026-10-08T20:00:00Z,no,0.08377,0.0837156,finalized
2026-10-08T20:00:27.306132+00:00,KXCOPPER15M-26OCT081600-00,COPPER,2026-10-08T20:00:00Z,no,6.58239,6.58141,determined
2026-10-08T20:00:27.351818+00:00,KXPALLADIUM15M-26OCT081600-00,PALLADIUM,2026-10-08T20:00:00Z,yes,1130.332,1133.022,finalized
2026-10-08T20:00:36.478533+00:00,KXGOLD15M-26OCT081600-00,GOLD,2026-10-08T20:00:00Z,yes,4130.75,4133.20,finalized
2026-10-08T20:00:37.132826+00:00,KXPLATINUM15M-26OCT081600-00,PLATINUM,2026-10-08T20:00:00Z,yes,1640.289,1641.045,finalized
2026-10-08T20:00:37.191798+00:00,KXSILVER15M-26OCT081600-00,SILVER,2026-10-08T20:00:00Z,yes,59.151,59.223,finalized
2026-10-08T20:00:37.742877+00:00,KXWTI15M-26OCT081600-00,WTI,2026-10-08T20:00:00Z,no,91.06,90.91,finalized
2026-10-08T20:15:05.968987+00:00,KXETH15M-26OCT081615-15,ETH,2026-10-08T20:15:00Z,yes,2463.23,2469.98,determined
2026-10-08T20:15:06.575025+00:00,KXXRP15M-26OCT081615-15,XRP,2026-10-08T20:15:00Z,yes,1.3726,1.3765,determined
2026-10-08T20:15:15.441468+00:00,KXBTC15M-26OCT081615-15,BTC,2026-10-08T20:15:00Z,yes,81712.22,81822.76,finalized
2026-10-08T20:15:15.492807+00:00,KXSOL15M-26OCT081615-15,SOL,2026-10-08T20:15:00Z,yes,109.1262,109.4233,finalized
2026-10-08T20:15:16.835605+00:00,KXDOGE15M-26OCT081615-15,DOGE,2026-10-08T20:15:00Z,yes,0.083715,0.0840208,finalized
2026-10-08T20:15:25.664655+00:00,KXPLATINUM15M-26OCT081615-15,PLATINUM,2026-10-08T20:15:00Z,yes,1641.045,1641.350,finalized
2026-10-08T20:15:25.712909+00:00,KXPALLADIUM15M-26OCT081615-15,PALLADIUM,2026-10-08T20:15:00Z,yes,1133.022,1133.675,finalized
2026-10-08T20:15:26.258914+00:00,KXGOLD15M-26OCT081615-15,GOLD,2026-10-08T20:15:00Z,yes,4133.2,4134.57,finalized
2026-10-08T20:15:26.353307+00:00,KXSILVER15M-26OCT081615-15,SILVER,2026-10-08T20:15:00Z,no,59.223,59.204,finalized
2026-10-08T20:15:27.406733+00:00,KXWTI15M-26OCT081615-15,WTI,2026-10-08T20:15:00Z,no,90.91,90.56,determined
2026-10-08T20:15:36.583994+00:00,KXCOPPER15M-26OCT081615-15,COPPER,2026-10-08T20:15:00Z,no,6.58141,6.57918,finalized
2026-10-08T20:30:15.430525+00:00,KXXRP15M-26OCT081630-30,XRP,2026-10-08T20:30:00Z,yes,1.3765,1.3776,finalized
2026-10-08T20:30:15.523367+00:00,KXDOGE15M-26OCT081630-30,DOGE,2026-10-08T20:30:00Z,yes,0.08402,0.0842445,finalized
2026-10-08T20:30:15.570349+00:00,KXETH15M-26OCT081630-30,ETH,2026-10-08T20:30:00Z,no,2469.98,2468.20,finalized
2026-10-08T20:30:16.262384+00:00,KXBTC15M-26OCT081630-30,BTC,2026-10-08T20:30:00Z,no,81822.76,81718.45,finalized
2026-10-08T20:30:16.810996+00:00,KXSOL15M-26OCT081630-30,SOL,2026-10-08T20:30:00Z,no,109.4233,109.4112,finalized
2026-10-08T20:30:25.620966+00:00,KXPALLADIUM15M-26OCT081630-30,PALLADIUM,2026-10-08T20:30:00Z,no,1133.675,1131.385,finalized
2026-10-08T20:30:26.167033+00:00,KXSILVER15M-26OCT081630-30,SILVER,2026-10-08T20:30:00Z,no,59.204,59.176,finalized
2026-10-08T20:30:26.760273+00:00,KXPLATINUM15M-26OCT081630-30,PLATINUM,2026-10-08T20:30:00Z,yes,1641.35,1641.915,finalized
2026-10-08T20:30:27.310139+00:00,KXGOLD15M-26OCT081630-30,GOLD,2026-10-08T20:30:00Z,no,4134.57,4134.25,determined
2026-10-08T20:30:27.355040+00:00,KXWTI15M-26OCT081630-30,WTI,2026-10-08T20:30:00Z,yes,90.56,90.70,finalized
2026-10-08T20:30:36.585310+00:00,KXCOPPER15M-26OCT081630-30,COPPER,2026-10-08T20:30:00Z,no,6.57918,6.57866,finalized
2026-10-08T20:45:06.265646+00:00,KXBTC15M-26OCT081645-45,BTC,2026-10-08T20:45:00Z,yes,81718.45,81768.34,determined
2026-10-08T20:45:06.814998+00:00,KXETH15M-26OCT081645-45,ETH,2026-10-08T20:45:00Z,yes,2468.2,2470.80,finalized
2026-10-08T20:45:06.862629+00:00,KXSOL15M-26OCT081645-45,SOL,2026-10-08T20:45:00Z,yes,109.4112,109.6353,finalized
2026-10-08T20:45:15.760555+00:00,KXXRP15M-26OCT081645-45,XRP,2026-10-08T20:45:00Z,yes,1.3776,1.3777,finalized
2026-10-08T20:45:15.901174+00:00,KXDOGE15M-26OCT081645-45,DOGE,2026-10-08T20:45:00Z,yes,0.084244,0.0843223,finalized
2026-10-08T20:45:26.277790+00:00,KXGOLD15M-26OCT081645-45,GOLD,2026-10-08T20:45:00Z,no,4134.25,4133.47,determined
2026-10-08T20:45:26.326411+00:00,KXPLATINUM15M-26OCT081645-45,PLATINUM,2026-10-08T20:45:00Z,no,1641.915,1641.307,finalized
2026-10-08T20:45:26.877389+00:00,KXSILVER15M-26OCT081645-45,SILVER,2026-10-08T20:45:00Z,no,59.176,59.152,finalized
2026-10-08T20:45:26.929487+00:00,KXWTI15M-26OCT081645-45,WTI,2026-10-08T20:45:00Z,yes,90.7,90.80,finalized
2026-10-08T20:45:26.978048+00:00,KXCOPPER15M-26OCT081645-45,COPPER,2026-10-08T20:45:00Z,no,6.57866,6.57612,determined
2026-10-08T20:45:27.526693+00:00,KXPALLADIUM15M-26OCT081645-45,PALLADIUM,2026-10-08T20:45:00Z,no,1131.385,1128.925,finalized
2026-10-08T21:00:06.165505+00:00,KXSOL15M-26OCT081700-00,SOL,2026-10-08T21:00:00Z,yes,109.6353,109.8558,determined
2026-10-08T21:00:15.487107+00:00,KXETH15M-26OCT081700-00,ETH,2026-10-08T21:00:00Z,yes,2470.8,2473.81,finalized
2026-10-08T21:00:15.534481+00:00,KXXRP15M-26OCT081700-00,XRP,2026-10-08T21:00:00Z,yes,1.3777,1.3783,finalized
2026-10-08T21:00:16.179491+00:00,KXBTC15M-26OCT081700-00,BTC,2026-10-08T21:00:00Z,no,81768.34,81758.15,finalized
2026-10-08T21:00:16.971722+00:00,KXDOGE15M-26OCT081700-00,DOGE,2026-10-08T21:00:00Z,no,0.084322,0.0842433,finalized
2026-10-08T21:00:25.705043+00:00,KXWTI15M-26OCT081700-00,WTI,2026-10-08T21:00:00Z,yes,90.8,90.98,finalized
2026-10-08T21:00:25.754309+00:00,KXCOPPER15M-26OCT081700-00,COPPER,2026-10-08T21:00:00Z,no,6.57612,6.56936,finalized
2026-10-08T21:00:26.301184+00:00,KXSILVER15M-26OCT081700-00,SILVER,2026-10-08T21:00:00Z,yes,59.152,59.185,finalized
2026-10-08T21:00:26.348271+00:00,KXPALLADIUM15M-26OCT081700-00,PALLADIUM,2026-10-08T21:00:00Z,no,1128.925,1127.825,finalized
2026-10-08T21:00:27.485717+00:00,KXPLATINUM15M-26OCT081700-00,PLATINUM,2026-10-08T21:00:00Z,yes,1641.307,1644.541,finalized
2026-10-08T21:00:27.533848+00:00,KXGOLD15M-26OCT081700-00,GOLD,2026-10-08T21:00:00Z,yes,4133.47,4133.48,finalized
2026-10-08T21:15:06.280373+00:00,KXSOL15M-26OCT081715-15,SOL,2026-10-08T21:15:00Z,yes,109.8558,109.9170,finalized
2026-10-08T21:15:16.019728+00:00,KXXRP15M-26OCT081715-15,XRP,2026-10-08T21:15:00Z,no,1.3783,1.3780,finalized
2026-10-08T21:15:16.117073+00:00,KXDOGE15M-26OCT081715-15,DOGE,2026-10-08T21:15:00Z,no,0.084243,0.0842079,finalized
2026-10-08T21:15:16.165265+00:00,KXBTC15M-26OCT081715-15,BTC,2026-10-08T21:15:00Z,no,81758.15,81699.81,finalized
2026-10-08T21:15:16.714693+00:00,KXETH15M-26OCT081715-15,ETH,2026-10-08T21:15:00Z,no,2473.81,2471.99,finalized
2026-10-08T21:15:36.606124+00:00,KXWTI15M-26OCT081715-15,WTI,2026-10-08T21:15:00Z,yes,90.98,91.17,finalized
2026-10-08T21:30:05.608491+00:00,KXBTC15M-26OCT081730-30,BTC,2026-10-08T21:30:00Z,no,81699.81,81623.15,determined
2026-10-08T21:30:06.205748+00:00,KXSOL15M-26OCT081730-30,SOL,2026-10-08T21:30:00Z,yes,109.917,109.9658,finalized
2026-10-08T21:30:16.004278+00:00,KXXRP15M-26OCT081730-30,XRP,2026-10-08T21:30:00Z,yes,1.378,1.3786,finalized
2026-10-08T21:30:16.070396+00:00,KXDOGE15M-26OCT081730-30,DOGE,2026-10-08T21:30:00Z,no,0.084207,0.0841819,finalized
2026-10-08T21:30:16.123138+00:00,KXETH15M-26OCT081730-30,ETH,2026-10-08T21:30:00Z,yes,2471.99,2474.15,finalized
2026-10-08T21:30:26.838661+00:00,KXWTI15M-26OCT081730-30,WTI,2026-10-08T21:30:00Z,no,91.17,91.01,finalized
2026-10-08T21:45:05.541047+00:00,KXETH15M-26OCT081745-45,ETH,2026-10-08T21:45:00Z,yes,2474.15,2474.42,determined
2026-10-08T21:45:05.593668+00:00,KXBTC15M-26OCT081745-45,BTC,2026-10-08T21:45:00Z,yes,81623.15,81637.42,finalized
2026-10-08T21:45:16.118717+00:00,KXSOL15M-26OCT081745-45,SOL,2026-10-08T21:45:00Z,yes,109.9658,110.0185,finalized
2026-10-08T21:45:16.172044+00:00,KXXRP15M-26OCT081745-45,XRP,2026-10-08T21:45:00Z,no,1.3786,1.3757,finalized
2026-10-08T21:45:16.720410+00:00,KXDOGE15M-26OCT081745-45,DOGE,2026-10-08T21:45:00Z,no,0.084181,0.0841363,finalized
2026-10-08T21:45:37.218765+00:00,KXWTI15M-26OCT081745-45,WTI,2026-10-08T21:45:00Z,no,91.01,90.71,finalized
2026-10-08T22:00:05.632768+00:00,KXETH15M-26OCT081800-00,ETH,2026-10-08T22:00:00Z,yes,2474.42,2477.07,determined
2026-10-08T22:00:06.295848+00:00,KXBTC15M-26OCT081800-00,BTC,2026-10-08T22:00:00Z,no,81637.42,81615.45,determined
2026-10-08T22:00:15.998107+00:00,KXSOL15M-26OCT081800-00,SOL,2026-10-08T22:00:00Z,yes,110.0185,110.5517,finalized
2026-10-08T22:00:16.093375+00:00,KXDOGE15M-26OCT081800-00,DOGE,2026-10-08T22:00:00Z,yes,0.084136,0.0842632,finalized
2026-10-08T22:00:16.640981+00:00,KXXRP15M-26OCT081800-00,XRP,2026-10-08T22:00:00Z,yes,1.3757,1.3759,finalized
2026-10-08T22:00:36.541192+00:00,KXWTI15M-26OCT081800-00,WTI,2026-10-08T22:00:00Z,yes,90.71,90.84,finalized
2026-10-08T22:15:05.273365+00:00,KXDOGE15M-26OCT081815-15,DOGE,2026-10-08T22:15:00Z,yes,0.084263,0.0844350,finalized
2026-10-08T22:15:05.322177+00:00,KXSOL15M-26OCT081815-15,SOL,2026-10-08T22:15:00Z,no,110.5517,110.4948,determined
2026-10-08T22:15:05.368335+00:00,KXXRP15M-26OCT081815-15,XRP,2026-10-08T22:15:00Z,yes,1.3759,1.3805,determined
2026-10-08T22:15:16.406382+00:00,KXBTC15M-26OCT081815-15,BTC,2026-10-08T22:15:00Z,yes,81615.45,81774.34,finalized
2026-10-08T22:15:16.455033+00:00,KXETH15M-26OCT081815-15,ETH,2026-10-08T22:15:00Z,yes,2477.07,2478.27,finalized
2026-10-08T22:15:26.138740+00:00,KXWTI15M-26OCT081815-15,WTI,2026-10-08T22:15:00Z,no,90.84,90.64,determined
2026-10-08T22:30:05.287451+00:00,KXBTC15M-26OCT081830-30,BTC,2026-10-08T22:30:00Z,no,81774.34,81745.50,determined
2026-10-08T22:30:06.091071+00:00,KXETH15M-26OCT081830-30,ETH,2026-10-08T22:30:00Z,no,2478.27,2472.95,determined
2026-10-08T22:30:06.786847+00:00,KXXRP15M-26OCT081830-30,XRP,2026-10-08T22:30:00Z,no,1.3805,1.3798,determined
2026-10-08T22:30:15.527815+00:00,KXDOGE15M-26OCT081830-30,DOGE,2026-10-08T22:30:00Z,no,0.084435,0.0843024,finalized
2026-10-08T22:30:16.827426+00:00,KXSOL15M-26OCT081830-30,SOL,2026-10-08T22:30:00Z,no,110.4948,110.1527,finalized
2026-10-08T22:30:25.529027+00:00,KXSILVER15M-26OCT081830-30,SILVER,2026-10-08T22:30:00Z,yes,59.294,59.387,determined
2026-10-08T22:30:26.076277+00:00,KXWTI15M-26OCT081830-30,WTI,2026-10-08T22:30:00Z,yes,90.64,90.66,determined
2026-10-08T22:30:26.626062+00:00,KXPALLADIUM15M-26OCT081830-30,PALLADIUM,2026-10-08T22:30:00Z,yes,1129.975,1131.057,finalized
2026-10-08T22:30:27.259015+00:00,KXGOLD15M-26OCT081830-30,GOLD,2026-10-08T22:30:00Z,yes,4133.38,4136.82,finalized
2026-10-08T22:30:27.309305+00:00,KXCOPPER15M-26OCT081830-30,COPPER,2026-10-08T22:30:00Z,yes,6.59146,6.59543,finalized
2026-10-08T22:30:27.858047+00:00,KXPLATINUM15M-26OCT081830-30,PLATINUM,2026-10-08T22:30:00Z,yes,1646.482,1648.382,finalized
2026-10-08T22:45:06.662200+00:00,KXDOGE15M-26OCT081845-45,DOGE,2026-10-08T22:45:00Z,yes,0.084302,0.0844410,determined
2026-10-08T22:45:15.403403+00:00,KXETH15M-26OCT081845-45,ETH,2026-10-08T22:45:00Z,yes,2472.95,2474.08,finalized
2026-10-08T22:45:16.186961+00:00,KXBTC15M-26OCT081845-45,BTC,2026-10-08T22:45:00Z,yes,81745.5,81849.54,finalized
2026-10-08T22:45:16.237277+00:00,KXSOL15M-26OCT081845-45,SOL,2026-10-08T22:45:00Z,yes,110.1527,110.4050,finalized
2026-10-08T22:45:16.785734+00:00,KXXRP15M-26OCT081845-45,XRP,2026-10-08T22:45:00Z,yes,1.3798,1.3821,finalized
2026-10-08T22:45:25.645474+00:00,KXCOPPER15M-26OCT081845-45,COPPER,2026-10-08T22:45:00Z,yes,6.59543,6.59644,finalized
2026-10-08T22:45:26.240438+00:00,KXSILVER15M-26OCT081845-45,SILVER,2026-10-08T22:45:00Z,yes,59.387,59.422,finalized
2026-10-08T22:45:26.286790+00:00,KXWTI15M-26OCT081845-45,WTI,2026-10-08T22:45:00Z,yes,90.66,90.74,finalized
2026-10-08T22:45:27.333477+00:00,KXPLATINUM15M-26OCT081845-45,PLATINUM,2026-10-08T22:45:00Z,no,1648.382,1648.322,determined
2026-10-08T22:45:36.083552+00:00,KXPALLADIUM15M-26OCT081845-45,PALLADIUM,2026-10-08T22:45:00Z,yes,1131.057,1131.731,finalized
2026-10-08T22:45:36.134552+00:00,KXGOLD15M-26OCT081845-45,GOLD,2026-10-08T22:45:00Z,yes,4136.82,4139.54,finalized
2026-10-08T23:00:06.215466+00:00,KXBTC15M-26OCT081900-00,BTC,2026-10-08T23:00:00Z,no,81849.54,81818.80,finalized
2026-10-08T23:00:06.311445+00:00,KXXRP15M-26OCT081900-00,XRP,2026-10-08T23:00:00Z,no,1.3821,1.3817,finalized
2026-10-08T23:00:15.829977+00:00,KXETH15M-26OCT081900-00,ETH,2026-10-08T23:00:00Z,no,2474.08,2473.68,finalized
2026-10-08T23:00:16.470148+00:00,KXSOL15M-26OCT081900-00,SOL,2026-10-08T23:00:00Z,no,110.405,110.2237,finalized
2026-10-08T23:00:16.520938+00:00,KXDOGE15M-26OCT081900-00,DOGE,2026-10-08T23:00:00Z,no,0.084441,0.0844094,finalized
2026-10-08T23:00:25.896058+00:00,KXPLATINUM15M-26OCT081900-00,PLATINUM,2026-10-08T23:00:00Z,no,1648.322,1648.180,determined
2026-10-08T23:00:25.944632+00:00,KXGOLD15M-26OCT081900-00,GOLD,2026-10-08T23:00:00Z,no,4139.54,4138.29,finalized
2026-10-08T23:00:27.591767+00:00,KXSILVER15M-26OCT081900-00,SILVER,2026-10-08T23:00:00Z,no,59.422,59.380,finalized
2026-10-08T23:00:27.639189+00:00,KXWTI15M-26OCT081900-00,WTI,2026-10-08T23:00:00Z,no,90.74,90.73,finalized
2026-10-08T23:00:36.339146+00:00,KXCOPPER15M-26OCT081900-00,COPPER,2026-10-08T23:00:00Z,no,6.59644,6.59629,finalized
2026-10-08T23:00:37.897091+00:00,KXPALLADIUM15M-26OCT081900-00,PALLADIUM,2026-10-08T23:00:00Z,yes,1131.731,1132.229,finalized
2026-10-08T23:15:05.252431+00:00,KXDOGE15M-26OCT081915-15,DOGE,2026-10-08T23:15:00Z,yes,0.084409,0.0844935,determined
2026-10-08T23:15:06.065277+00:00,KXBTC15M-26OCT081915-15,BTC,2026-10-08T23:15:00Z,no,81818.8,81780.83,finalized
2026-10-08T23:15:06.716709+00:00,KXSOL15M-26OCT081915-15,SOL,2026-10-08T23:15:00Z,no,110.2237,110.2140,finalized
2026-10-08T23:15:15.574663+00:00,KXXRP15M-26OCT081915-15,XRP,2026-10-08T23:15:00Z,yes,1.3817,1.3835,finalized
2026-10-08T23:15:16.169422+00:00,KXETH15M-26OCT081915-15,ETH,2026-10-08T23:15:00Z,yes,2473.68,2474.31,finalized
2026-10-08T23:15:25.581700+00:00,KXCOPPER15M-26OCT081915-15,COPPER,2026-10-08T23:15:00Z,yes,6.59629,6.59631,determined
2026-10-08T23:15:26.129754+00:00,KXSILVER15M-26OCT081915-15,SILVER,2026-10-08T23:15:00Z,yes,59.38,59.400,finalized
2026-10-08T23:15:26.676543+00:00,KXWTI15M-26OCT081915-15,WTI,2026-10-08T23:15:00Z,no,90.73,90.72,finalized
2026-10-08T23:15:26.724464+00:00,KXGOLD15M-26OCT081915-15,GOLD,2026-10-08T23:15:00Z,yes,4138.29,4140.45,finalized
2026-10-08T23:15:27.274399+00:00,KXPLATINUM15M-26OCT081915-15,PLATINUM,2026-10-08T23:15:00Z,yes,1648.18,1648.925,determined
2026-10-08T23:15:27.324539+00:00,KXPALLADIUM15M-26OCT081915-15,PALLADIUM,2026-10-08T23:15:00Z,no,1132.229,1132.010,determined
2026-10-08T23:30:06.255046+00:00,KXBTC15M-26OCT081930-30,BTC,2026-10-08T23:30:00Z,no,81780.83,81777.99,determined
2026-10-08T23:30:15.664705+00:00,KXXRP15M-26OCT081930-30,XRP,2026-10-08T23:30:00Z,yes,1.3835,1.3861,finalized
2026-10-08T23:30:15.714277+00:00,KXETH15M-26OCT081930-30,ETH,2026-10-08T23:30:00Z,yes,2474.31,2476.34,finalized
2026-10-08T23:30:16.372011+00:00,KXSOL15M-26OCT081930-30,SOL,2026-10-08T23:30:00Z,yes,110.214,110.2962,finalized
2026-10-08T23:30:16.420971+00:00,KXDOGE15M-26OCT081930-30,DOGE,2026-10-08T23:30:00Z,no,0.084493,0.0844810,finalized
2026-10-08T23:30:26.963766+00:00,KXSILVER15M-26OCT081930-30,SILVER,2026-10-08T23:30:00Z,yes,59.4,59.493,determined
2026-10-08T23:30:27.561596+00:00,KXPALLADIUM15M-26OCT081930-30,PALLADIUM,2026-10-08T23:30:00Z,yes,1132.01,1133.674,finalized
2026-10-08T23:30:36.337057+00:00,KXWTI15M-26OCT081930-30,WTI,2026-10-08T23:30:00Z,yes,90.72,90.81,finalized
2026-10-08T23:30:36.384296+00:00,KXCOPPER15M-26OCT081930-30,COPPER,2026-10-08T23:30:00Z,yes,6.59631,6.59865,finalized
2026-10-08T23:30:37.935237+00:00,KXGOLD15M-26OCT081930-30,GOLD,2026-10-08T23:30:00Z,yes,4140.45,4141.55,finalized
2026-10-08T23:30:37.985389+00:00,KXPLATINUM15M-26OCT081930-30,PLATINUM,2026-10-08T23:30:00Z,yes,1648.925,1650.792,finalized
2026-10-08T23:45:05.554656+00:00,KXXRP15M-26OCT081945-45,XRP,2026-10-08T23:45:00Z,no,1.3861,1.3842,finalized
2026-10-08T23:45:06.236612+00:00,KXETH15M-26OCT081945-45,ETH,2026-10-08T23:45:00Z,no,2476.34,2473.96,determined
2026-10-08T23:45:07.060775+00:00,KXBTC15M-26OCT081945-45,BTC,2026-10-08T23:45:00Z,no,81777.99,81747.08,determined
2026-10-08T23:45:15.751396+00:00,KXSOL15M-26OCT081945-45,SOL,2026-10-08T23:45:00Z,no,110.2962,109.9825,finalized
2026-10-08T23:45:16.362711+00:00,KXDOGE15M-26OCT081945-45,DOGE,2026-10-08T23:45:00Z,no,0.084481,0.0844408,finalized
2026-10-08T23:45:25.855908+00:00,KXWTI15M-26OCT081945-45,WTI,2026-10-08T23:45:00Z,no,90.81,90.80,finalized
2026-10-08T23:45:25.904436+00:00,KXSILVER15M-26OCT081945-45,SILVER,2026-10-08T23:45:00Z,yes,59.493,59.512,finalized
2026-10-08T23:45:26.955798+00:00,KXPALLADIUM15M-26OCT081945-45,PALLADIUM,2026-10-08T23:45:00Z,yes,1133.674,1134.287,finalized
2026-10-08T23:45:27.007415+00:00,KXGOLD15M-26OCT081945-45,GOLD,2026-10-08T23:45:00Z,no,4141.55,4141.05,finalized
2026-10-08T23:45:27.554414+00:00,KXCOPPER15M-26OCT081945-45,COPPER,2026-10-08T23:45:00Z,yes,6.59865,6.59908,finalized
2026-10-08T23:45:28.199178+00:00,KXPLATINUM15M-26OCT081945-45,PLATINUM,2026-10-08T23:45:00Z,yes,1650.792,1652.115,finalized
2026-10-09T00:00:05.934719+00:00,KXSOL15M-26OCT082000-00,SOL,2026-10-09T00:00:00Z,no,109.9825,109.4882,finalized
2026-10-09T00:00:06.679246+00:00,KXDOGE15M-26OCT082000-00,DOGE,2026-10-09T00:00:00Z,no,0.08444,0.0839779,determined
2026-10-09T00:00:15.465013+00:00,KXBTC15M-26OCT082000-00,BTC,2026-10-09T00:00:00Z,no,81747.08,81677.16,finalized
2026-10-09T00:00:15.559744+00:00,KXETH15M-26OCT082000-00,ETH,2026-10-09T00:00:00Z,no,2473.96,2472.19,finalized
2026-10-09T00:00:15.608545+00:00,KXXRP15M-26OCT082000-00,XRP,2026-10-09T00:00:00Z,no,1.3842,1.3792,finalized
2026-10-09T00:00:26.049064+00:00,KXGOLD15M-26OCT082000-00,GOLD,2026-10-09T00:00:00Z,yes,4141.05,4144.76,finalized
2026-10-09T00:00:26.595689+00:00,KXSILVER15M-26OCT082000-00,SILVER,2026-10-09T00:00:00Z,yes,59.512,59.580,determined
2026-10-09T00:00:26.689040+00:00,KXCOPPER15M-26OCT082000-00,COPPER,2026-10-09T00:00:00Z,yes,6.59908,6.60141,determined
2026-10-09T00:00:27.237368+00:00,KXPLATINUM15M-26OCT082000-00,PLATINUM,2026-10-09T00:00:00Z,yes,1652.115,1654.922,determined
2026-10-09T00:00:27.285951+00:00,KXPALLADIUM15M-26OCT082000-00,PALLADIUM,2026-10-09T00:00:00Z,yes,1134.287,1136.817,finalized
2026-10-09T00:00:37.010699+00:00,KXWTI15M-26OCT082000-00,WTI,2026-10-09T00:00:00Z,yes,90.8,90.80,finalized
2026-10-09T00:15:05.498540+00:00,KXBTC15M-26OCT082015-15,BTC,2026-10-09T00:15:00Z,yes,81677.16,81771.67,finalized
2026-10-09T00:15:06.097239+00:00,KXSOL15M-26OCT082015-15,SOL,2026-10-09T00:15:00Z,yes,109.4882,109.6587,determined
2026-10-09T00:15:15.556547+00:00,KXXRP15M-26OCT082015-15,XRP,2026-10-09T00:15:00Z,yes,1.3792,1.3858,finalized
2026-10-09T00:15:16.201685+00:00,KXETH15M-26OCT082015-15,ETH,2026-10-09T00:15:00Z,yes,2472.19,2478.05,finalized
2026-10-09T00:15:16.898674+00:00,KXDOGE15M-26OCT082015-15,DOGE,2026-10-09T00:15:00Z,yes,0.083977,0.0841965,finalized
2026-10-09T00:15:25.678066+00:00,KXCOPPER15M-26OCT082015-15,COPPER,2026-10-09T00:15:00Z,yes,6.60141,6.60457,finalized
2026-10-09T00:15:25.730095+00:00,KXPLATINUM15M-26OCT082015-15,PLATINUM,2026-10-09T00:15:00Z,no,1654.922,1654.350,determined
2026-10-09T00:15:27.430796+00:00,KXWTI15M-26OCT082015-15,WTI,2026-10-09T00:15:00Z,no,90.8,90.77,determined
2026-10-09T00:15:37.158246+00:00,KXGOLD15M-26OCT082015-15,GOLD,2026-10-09T00:15:00Z,yes,4144.76,4146.46,finalized
2026-10-09T00:15:37.207105+00:00,KXSILVER15M-26OCT082015-15,SILVER,2026-10-09T00:15:00Z,yes,59.58,59.607,finalized
2026-10-09T00:15:37.760490+00:00,KXPALLADIUM15M-26OCT082015-15,PALLADIUM,2026-10-09T00:15:00Z,yes,1136.817,1137.167,finalized
2026-10-09T00:30:05.076132+00:00,KXSOL15M-26OCT082030-30,SOL,2026-10-09T00:30:00Z,no,109.6587,108.9733,determined
2026-10-09T00:30:05.226829+00:00,KXBTC15M-26OCT082030-30,BTC,2026-10-09T00:30:00Z,no,81771.67,81686.78,determined
2026-10-09T00:30:06.475754+00:00,KXXRP15M-26OCT082030-30,XRP,2026-10-09T00:30:00Z,no,1.3858,1.3847,determined
2026-10-09T00:30:06.570975+00:00,KXDOGE15M-26OCT082030-30,DOGE,2026-10-09T00:30:00Z,no,0.084196,0.0840913,determined
2026-10-09T00:30:16.212342+00:00,KXETH15M-26OCT082030-30,ETH,2026-10-09T00:30:00Z,no,2478.05,2475.86,finalized
2026-10-09T00:30:26.157890+00:00,KXSILVER15M-26OCT082030-30,SILVER,2026-10-09T00:30:00Z,no,59.607,59.599,determined
2026-10-09T00:30:26.717206+00:00,KXGOLD15M-26OCT082030-30,GOLD,2026-10-09T00:30:00Z,no,4146.46,4143.80,finalized
2026-10-09T00:30:26.821506+00:00,KXPLATINUM15M-26OCT082030-30,PLATINUM,2026-10-09T00:30:00Z,yes,1654.35,1654.792,finalized
2026-10-09T00:30:36.546233+00:00,KXCOPPER15M-26OCT082030-30,COPPER,2026-10-09T00:30:00Z,no,6.60457,6.60429,finalized
2026-10-09T00:30:37.095965+00:00,KXPALLADIUM15M-26OCT082030-30,PALLADIUM,2026-10-09T00:30:00Z,no,1137.167,1136.977,finalized
2026-10-09T00:30:37.643262+00:00,KXWTI15M-26OCT082030-30,WTI,2026-10-09T00:30:00Z,no,90.77,90.71,finalized
2026-10-09T00:45:05.285841+00:00,KXDOGE15M-26OCT082045-45,DOGE,2026-10-09T00:45:00Z,yes,0.084091,0.0842185,determined
2026-10-09T00:45:05.382104+00:00,KXSOL15M-26OCT082045-45,SOL,2026-10-09T00:45:00Z,yes,108.9733,109.1818,finalized
2026-10-09T00:45:15.476113+00:00,KXETH15M-26OCT082045-45,ETH,2026-10-09T00:45:00Z,yes,2475.86,2478.34,finalized
2026-10-09T00:45:16.782625+00:00,KXBTC15M-26OCT082045-45,BTC,2026-10-09T00:45:00Z,yes,81686.78,81767.13,finalized
2026-10-09T00:45:17.474884+00:00,KXXRP15M-26OCT082045-45,XRP,2026-10-09T00:45:00Z,yes,1.3847,1.3877,finalized
2026-10-09T00:45:25.623978+00:00,KXPLATINUM15M-26OCT082045-45,PLATINUM,2026-10-09T00:45:00Z,yes,1654.792,1657.328,determined
2026-10-09T00:45:27.286401+00:00,KXSILVER15M-26OCT082045-45,SILVER,2026-10-09T00:45:00Z,yes,59.599,59.629,finalized
2026-10-09T00:45:27.335102+00:00,KXCOPPER15M-26OCT082045-45,COPPER,2026-10-09T00:45:00Z,yes,6.60429,6.60711,finalized
2026-10-09T00:45:27.434502+00:00,KXGOLD15M-26OCT082045-45,GOLD,2026-10-09T00:45:00Z,yes,4143.8,4147.72,determined
2026-10-09T00:45:37.657181+00:00,KXWTI15M-26OCT082045-45,WTI,2026-10-09T00:45:00Z,no,90.71,90.65,finalized
2026-10-09T00:45:38.208339+00:00,KXPALLADIUM15M-26OCT082045-45,PALLADIUM,2026-10-09T00:45:00Z,yes,1136.977,1137.527,finalized
2026-10-09T01:00:06.895903+00:00,KXDOGE15M-26OCT082100-00,DOGE,2026-10-09T01:00:00Z,no,0.084218,0.0842016,determined
2026-10-09T01:00:15.755799+00:00,KXXRP15M-26OCT082100-00,XRP,2026-10-09T01:00:00Z,no,1.3877,1.3874,finalized
2026-10-09T01:00:16.413445+00:00,KXETH15M-26OCT082100-00,ETH,2026-10-09T01:00:00Z,no,2478.34,2475.89,finalized
2026-10-09T01:00:16.511542+00:00,KXBTC15M-26OCT082100-00,BTC,2026-10-09T01:00:00Z,no,81767.13,81738.51,finalized
2026-10-09T01:00:16.560029+00:00,KXSOL15M-26OCT082100-00,SOL,2026-10-09T01:00:00Z,yes,109.1818,109.2378,finalized
2026-10-09T01:00:25.914178+00:00,KXPLATINUM15M-26OCT082100-00,PLATINUM,2026-10-09T01:00:00Z,no,1657.328,1657.005,finalized
2026-10-09T01:00:25.965305+00:00,KXCOPPER15M-26OCT082100-00,COPPER,2026-10-09T01:00:00Z,no,6.60711,6.60393,determined
2026-10-09T01:00:26.566682+00:00,KXGOLD15M-26OCT082100-00,GOLD,2026-10-09T01:00:00Z,no,4147.72,4143.52,finalized
2026-10-09T01:00:27.617776+00:00,KXWTI15M-26OCT082100-00,WTI,2026-10-09T01:00:00Z,yes,90.65,90.73,finalized
2026-10-09T01:00:27.668986+00:00,KXPALLADIUM15M-26OCT082100-00,PALLADIUM,2026-10-09T01:00:00Z,no,1137.527,1134.880,determined
2026-10-09T01:00:36.382032+00:00,KXSILVER15M-26OCT082100-00,SILVER,2026-10-09T01:00:00Z,no,59.629,59.570,finalized
2026-10-09T01:15:05.474940+00:00,KXBTC15M-26OCT082115-15,BTC,2026-10-09T01:15:00Z,no,81738.51,81657.96,determined
2026-10-09T01:15:05.598443+00:00,KXSOL15M-26OCT082115-15,SOL,2026-10-09T01:15:00Z,no,109.2378,108.8888,determined
2026-10-09T01:15:06.205138+00:00,KXETH15M-26OCT082115-15,ETH,2026-10-09T01:15:00Z,no,2475.89,2473.31,finalized
2026-10-09T01:15:07.009697+00:00,KXXRP15M-26OCT082115-15,XRP,2026-10-09T01:15:00Z,no,1.3874,1.3861,finalized
2026-10-09T01:15:16.318509+00:00,KXDOGE15M-26OCT082115-15,DOGE,2026-10-09T01:15:00Z,no,0.084201,0.0841850,finalized
2026-10-09T01:15:25.782523+00:00,KXGOLD15M-26OCT082115-15,GOLD,2026-10-09T01:15:00Z,yes,4143.52,4155.15,finalized
2026-10-09T01:15:25.830786+00:00,KXPALLADIUM15M-26OCT082115-15,PALLADIUM,2026-10-09T01:15:00Z,yes,1134.88,1146.970,finalized
2026-10-09T01:15:26.880045+00:00,KXSILVER15M-26OCT082115-15,SILVER,2026-10-09T01:15:00Z,yes,59.57,59.982,finalized
2026-10-09T01:15:26.928178+00:00,KXWTI15M-26OCT082115-15,WTI,2026-10-09T01:15:00Z,no,90.73,90.64,finalized
2026-10-09T01:15:27.485152+00:00,KXCOPPER15M-26OCT082115-15,COPPER,2026-10-09T01:15:00Z,yes,6.60393,6.62612,finalized
2026-10-09T01:15:27.532676+00:00,KXPLATINUM15M-26OCT082115-15,PLATINUM,2026-10-09T01:15:00Z,yes,1657.005,1670.165,finalized
