logged_iso,ticker,asset,close_time,result,floor_strike,expiration_value,status
2026-10-04T13:15:05.643712+00:00,KXBTC15M-26OCT040915-15,BTC,2026-10-04T13:15:00Z,yes,85125.56,85153.13,determined
2026-10-04T13:15:05.873764+00:00,KXXRP15M-26OCT040915-15,XRP,2026-10-04T13:15:00Z,yes,1.4978,1.4996,determined
2026-10-04T13:15:06.451550+00:00,KXDOGE15M-26OCT040915-15,DOGE,2026-10-04T13:15:00Z,yes,0.09341,0.0934812,determined
2026-10-04T13:15:15.828990+00:00,KXETH15M-26OCT040915-15,ETH,2026-10-04T13:15:00Z,yes,2695.21,2696.85,finalized
2026-10-04T13:15:15.906747+00:00,KXSOL15M-26OCT040915-15,SOL,2026-10-04T13:15:00Z,yes,121.3293,121.4603,determined
2026-10-04T13:30:05.188537+00:00,KXSOL15M-26OCT040930-30,SOL,2026-10-04T13:30:00Z,yes,121.4603,121.5600,determined
2026-10-04T13:30:05.293762+00:00,KXXRP15M-26OCT040930-30,XRP,2026-10-04T13:30:00Z,yes,1.4996,1.5012,determined
2026-10-04T13:30:05.376182+00:00,KXBTC15M-26OCT040930-30,BTC,2026-10-04T13:30:00Z,yes,85153.13,85211.39,determined
2026-10-04T13:30:15.946361+00:00,KXETH15M-26OCT040930-30,ETH,2026-10-04T13:30:00Z,yes,2696.85,2698.72,finalized
2026-10-04T13:30:16.523129+00:00,KXDOGE15M-26OCT040930-30,DOGE,2026-10-04T13:30:00Z,yes,0.093481,0.0935283,determined
2026-10-04T13:45:05.402354+00:00,KXDOGE15M-26OCT040945-45,DOGE,2026-10-04T13:45:00Z,yes,0.093528,0.0935301,determined
2026-10-04T13:45:06.194614+00:00,KXXRP15M-26OCT040945-45,XRP,2026-10-04T13:45:00Z,yes,1.5012,1.5018,determined
2026-10-04T13:45:15.538380+00:00,KXSOL15M-26OCT040945-45,SOL,2026-10-04T13:45:00Z,yes,121.56,121.6302,finalized
2026-10-04T13:45:15.615889+00:00,KXETH15M-26OCT040945-45,ETH,2026-10-04T13:45:00Z,no,2698.72,2697.70,finalized
2026-10-04T13:45:15.696331+00:00,KXBTC15M-26OCT040945-45,BTC,2026-10-04T13:45:00Z,yes,85211.39,85221.14,finalized
2026-10-04T14:00:05.340667+00:00,KXXRP15M-26OCT041000-00,XRP,2026-10-04T14:00:00Z,no,1.5018,1.5011,determined
2026-10-04T14:00:05.503977+00:00,KXDOGE15M-26OCT041000-00,DOGE,2026-10-04T14:00:00Z,yes,0.09353,0.0935662,determined
2026-10-04T14:00:05.602384+00:00,KXSOL15M-26OCT041000-00,SOL,2026-10-04T14:00:00Z,yes,121.6302,121.7060,determined
2026-10-04T14:00:06.319229+00:00,KXBTC15M-26OCT041000-00,BTC,2026-10-04T14:00:00Z,yes,85221.14,85235.33,determined
2026-10-04T14:00:15.531235+00:00,KXETH15M-26OCT041000-00,ETH,2026-10-04T14:00:00Z,yes,2697.7,2698.82,finalized
2026-10-04T14:15:05.400384+00:00,KXBTC15M-26OCT041015-15,BTC,2026-10-04T14:15:00Z,no,85235.33,85199.51,determined
2026-10-04T14:15:06.229845+00:00,KXETH15M-26OCT041015-15,ETH,2026-10-04T14:15:00Z,no,2698.82,2696.34,determined
2026-10-04T14:15:15.618224+00:00,KXXRP15M-26OCT041015-15,XRP,2026-10-04T14:15:00Z,no,1.5011,1.5001,finalized
2026-10-04T14:15:15.699025+00:00,KXSOL15M-26OCT041015-15,SOL,2026-10-04T14:15:00Z,no,121.706,121.6618,finalized
2026-10-04T14:15:15.778226+00:00,KXDOGE15M-26OCT041015-15,DOGE,2026-10-04T14:15:00Z,no,0.093566,0.0934864,finalized
2026-10-04T14:30:05.182644+00:00,KXXRP15M-26OCT041030-30,XRP,2026-10-04T14:30:00Z,no,1.5001,1.4999,determined
2026-10-04T14:30:05.337662+00:00,KXDOGE15M-26OCT041030-30,DOGE,2026-10-04T14:30:00Z,yes,0.093486,0.0936046,determined
2026-10-04T14:30:05.914780+00:00,KXETH15M-26OCT041030-30,ETH,2026-10-04T14:30:00Z,no,2696.34,2695.94,determined
2026-10-04T14:30:15.298466+00:00,KXBTC15M-26OCT041030-30,BTC,2026-10-04T14:30:00Z,no,85199.51,85169.62,determined
2026-10-04T14:30:15.374361+00:00,KXSOL15M-26OCT041030-30,SOL,2026-10-04T14:30:00Z,no,121.6618,121.4677,finalized
2026-10-04T14:45:05.818131+00:00,KXETH15M-26OCT041045-45,ETH,2026-10-04T14:45:00Z,no,2695.94,2694.76,determined
2026-10-04T14:45:15.828694+00:00,KXXRP15M-26OCT041045-45,XRP,2026-10-04T14:45:00Z,no,1.4999,1.4997,finalized
2026-10-04T14:45:15.905048+00:00,KXBTC15M-26OCT041045-45,BTC,2026-10-04T14:45:00Z,no,85169.62,85125.90,finalized
2026-10-04T14:45:15.982271+00:00,KXSOL15M-26OCT041045-45,SOL,2026-10-04T14:45:00Z,no,121.4677,121.4100,finalized
2026-10-04T14:45:17.191656+00:00,KXDOGE15M-26OCT041045-45,DOGE,2026-10-04T14:45:00Z,yes,0.093604,0.0937975,finalized
2026-10-04T15:00:05.687159+00:00,KXETH15M-26OCT041100-00,ETH,2026-10-04T15:00:00Z,yes,2694.76,2697.23,determined
2026-10-04T15:00:15.673847+00:00,KXBTC15M-26OCT041100-00,BTC,2026-10-04T15:00:00Z,yes,85125.9,85266.07,finalized
2026-10-04T15:00:15.753447+00:00,KXXRP15M-26OCT041100-00,XRP,2026-10-04T15:00:00Z,yes,1.4997,1.5024,finalized
2026-10-04T15:00:16.337742+00:00,KXSOL15M-26OCT041100-00,SOL,2026-10-04T15:00:00Z,yes,121.41,121.8190,determined
2026-10-04T15:00:16.915522+00:00,KXDOGE15M-26OCT041100-00,DOGE,2026-10-04T15:00:00Z,yes,0.093797,0.0939942,finalized
2026-10-04T15:15:05.288191+00:00,KXBTC15M-26OCT041115-15,BTC,2026-10-04T15:15:00Z,yes,85266.07,85320.60,determined
2026-10-04T15:15:15.323506+00:00,KXDOGE15M-26OCT041115-15,DOGE,2026-10-04T15:15:00Z,yes,0.093994,0.0942679,finalized
2026-10-04T15:15:15.403292+00:00,KXETH15M-26OCT041115-15,ETH,2026-10-04T15:15:00Z,yes,2697.23,2698.38,finalized
2026-10-04T15:15:15.498860+00:00,KXXRP15M-26OCT041115-15,XRP,2026-10-04T15:15:00Z,yes,1.5024,1.5058,finalized
2026-10-04T15:15:16.099256+00:00,KXSOL15M-26OCT041115-15,SOL,2026-10-04T15:15:00Z,yes,121.819,121.9258,finalized
2026-10-04T15:30:05.515787+00:00,KXETH15M-26OCT041130-30,ETH,2026-10-04T15:30:00Z,yes,2698.38,2699.27,determined
2026-10-04T15:30:05.670882+00:00,KXBTC15M-26OCT041130-30,BTC,2026-10-04T15:30:00Z,no,85320.6,85315.71,determined
2026-10-04T15:30:06.331013+00:00,KXXRP15M-26OCT041130-30,XRP,2026-10-04T15:30:00Z,no,1.5058,1.5055,determined
2026-10-04T15:30:16.181535+00:00,KXDOGE15M-26OCT041130-30,DOGE,2026-10-04T15:30:00Z,no,0.094267,0.0941634,finalized
2026-10-04T15:30:16.282698+00:00,KXSOL15M-26OCT041130-30,SOL,2026-10-04T15:30:00Z,no,121.9258,121.7260,determined
2026-10-04T15:45:05.554568+00:00,KXETH15M-26OCT041145-45,ETH,2026-10-04T15:45:00Z,no,2699.27,2698.40,determined
2026-10-04T15:45:05.633035+00:00,KXBTC15M-26OCT041145-45,BTC,2026-10-04T15:45:00Z,yes,85315.71,85329.37,determined
2026-10-04T15:45:15.630520+00:00,KXXRP15M-26OCT041145-45,XRP,2026-10-04T15:45:00Z,no,1.5055,1.5039,determined
2026-10-04T15:45:16.233665+00:00,KXSOL15M-26OCT041145-45,SOL,2026-10-04T15:45:00Z,no,121.726,121.6853,determined
2026-10-04T15:45:16.828990+00:00,KXDOGE15M-26OCT041145-45,DOGE,2026-10-04T15:45:00Z,yes,0.094163,0.0943182,finalized
2026-10-04T16:00:05.194085+00:00,KXDOGE15M-26OCT041200-00,DOGE,2026-10-04T16:00:00Z,no,0.094318,0.0942279,determined
2026-10-04T16:00:05.362787+00:00,KXXRP15M-26OCT041200-00,XRP,2026-10-04T16:00:00Z,yes,1.5039,1.5052,determined
2026-10-04T16:00:15.390706+00:00,KXETH15M-26OCT041200-00,ETH,2026-10-04T16:00:00Z,yes,2698.4,2699.08,finalized
2026-10-04T16:00:15.473224+00:00,KXSOL15M-26OCT041200-00,SOL,2026-10-04T16:00:00Z,no,121.6853,121.5668,finalized
2026-10-04T16:00:16.051777+00:00,KXBTC15M-26OCT041200-00,BTC,2026-10-04T16:00:00Z,no,85329.37,85275.02,finalized
2026-10-04T16:15:05.525193+00:00,KXSOL15M-26OCT041215-15,SOL,2026-10-04T16:15:00Z,yes,121.5668,121.5798,determined
2026-10-04T16:15:15.775364+00:00,KXDOGE15M-26OCT041215-15,DOGE,2026-10-04T16:15:00Z,yes,0.094227,0.0943667,determined
2026-10-04T16:15:15.855140+00:00,KXETH15M-26OCT041215-15,ETH,2026-10-04T16:15:00Z,yes,2699.08,2699.58,finalized
2026-10-04T16:15:15.932423+00:00,KXXRP15M-26OCT041215-15,XRP,2026-10-04T16:15:00Z,no,1.5052,1.5039,finalized
2026-10-04T16:15:16.513860+00:00,KXBTC15M-26OCT041215-15,BTC,2026-10-04T16:15:00Z,no,85275.02,85269.54,determined
2026-10-04T16:30:05.225747+00:00,KXDOGE15M-26OCT041230-30,DOGE,2026-10-04T16:30:00Z,no,0.094366,0.0943074,determined
2026-10-04T16:30:05.308206+00:00,KXSOL15M-26OCT041230-30,SOL,2026-10-04T16:30:00Z,no,121.5798,121.4813,determined
2026-10-04T16:30:05.399302+00:00,KXXRP15M-26OCT041230-30,XRP,2026-10-04T16:30:00Z,no,1.5039,1.5010,determined
2026-10-04T16:30:15.950699+00:00,KXETH15M-26OCT041230-30,ETH,2026-10-04T16:30:00Z,no,2699.58,2698.06,finalized
2026-10-04T16:30:16.533632+00:00,KXBTC15M-26OCT041230-30,BTC,2026-10-04T16:30:00Z,no,85269.54,85233.37,finalized
2026-10-04T16:45:06.376746+00:00,KXXRP15M-26OCT041245-45,XRP,2026-10-04T16:45:00Z,yes,1.501,1.5038,determined
2026-10-04T16:45:15.736511+00:00,KXDOGE15M-26OCT041245-45,DOGE,2026-10-04T16:45:00Z,yes,0.094307,0.0944432,determined
2026-10-04T16:45:15.827655+00:00,KXBTC15M-26OCT041245-45,BTC,2026-10-04T16:45:00Z,yes,85233.37,85331.76,finalized
2026-10-04T16:45:15.908226+00:00,KXSOL15M-26OCT041245-45,SOL,2026-10-04T16:45:00Z,yes,121.4813,121.6707,finalized
2026-10-04T16:45:15.986224+00:00,KXETH15M-26OCT041245-45,ETH,2026-10-04T16:45:00Z,yes,2698.06,2703.83,finalized
2026-10-04T17:00:05.485783+00:00,KXDOGE15M-26OCT041300-00,DOGE,2026-10-04T17:00:00Z,yes,0.094443,0.0945488,determined
2026-10-04T17:00:05.568749+00:00,KXETH15M-26OCT041300-00,ETH,2026-10-04T17:00:00Z,no,2703.83,2703.08,determined
2026-10-04T17:00:05.651903+00:00,KXSOL15M-26OCT041300-00,SOL,2026-10-04T17:00:00Z,yes,121.6707,121.7762,determined
2026-10-04T17:00:15.653153+00:00,KXXRP15M-26OCT041300-00,XRP,2026-10-04T17:00:00Z,no,1.5038,1.5035,determined
2026-10-04T17:00:16.760343+00:00,KXBTC15M-26OCT041300-00,BTC,2026-10-04T17:00:00Z,yes,85331.76,85358.37,finalized
2026-10-04T17:15:05.588025+00:00,KXDOGE15M-26OCT041315-15,DOGE,2026-10-04T17:15:00Z,yes,0.094548,0.0950829,determined
2026-10-04T17:15:05.670422+00:00,KXSOL15M-26OCT041315-15,SOL,2026-10-04T17:15:00Z,no,121.7762,121.6833,determined
2026-10-04T17:15:06.479751+00:00,KXETH15M-26OCT041315-15,ETH,2026-10-04T17:15:00Z,no,2703.08,2702.05,determined
2026-10-04T17:15:15.736749+00:00,KXBTC15M-26OCT041315-15,BTC,2026-10-04T17:15:00Z,no,85358.37,85308.62,finalized
2026-10-04T17:15:16.336092+00:00,KXXRP15M-26OCT041315-15,XRP,2026-10-04T17:15:00Z,no,1.5035,1.5020,determined
2026-10-04T17:30:05.664554+00:00,KXXRP15M-26OCT041330-30,XRP,2026-10-04T17:30:00Z,no,1.502,1.5006,determined
2026-10-04T17:30:06.250317+00:00,KXDOGE15M-26OCT041330-30,DOGE,2026-10-04T17:30:00Z,yes,0.095082,0.0952371,determined
2026-10-04T17:30:15.586776+00:00,KXBTC15M-26OCT041330-30,BTC,2026-10-04T17:30:00Z,yes,85308.62,85370.31,finalized
2026-10-04T17:30:15.671311+00:00,KXSOL15M-26OCT041330-30,SOL,2026-10-04T17:30:00Z,yes,121.6833,121.7735,finalized
2026-10-04T17:30:15.751671+00:00,KXETH15M-26OCT041330-30,ETH,2026-10-04T17:30:00Z,yes,2702.05,2702.86,finalized
2026-10-04T17:45:05.506132+00:00,KXBTC15M-26OCT041345-45,BTC,2026-10-04T17:45:00Z,yes,85370.31,85385.92,determined
2026-10-04T17:45:05.586366+00:00,KXSOL15M-26OCT041345-45,SOL,2026-10-04T17:45:00Z,no,121.7735,121.6517,determined
2026-10-04T17:45:16.232113+00:00,KXXRP15M-26OCT041345-45,XRP,2026-10-04T17:45:00Z,yes,1.5006,1.5024,determined
2026-10-04T17:45:16.330858+00:00,KXDOGE15M-26OCT041345-45,DOGE,2026-10-04T17:45:00Z,yes,0.095237,0.0959579,finalized
2026-10-04T17:45:16.931890+00:00,KXETH15M-26OCT041345-45,ETH,2026-10-04T17:45:00Z,yes,2702.86,2703.03,finalized
2026-10-04T18:00:15.269073+00:00,KXBTC15M-26OCT041400-00,BTC,2026-10-04T18:00:00Z,no,85385.92,85307.54,finalized
2026-10-04T18:00:15.356313+00:00,KXXRP15M-26OCT041400-00,XRP,2026-10-04T18:00:00Z,no,1.5024,1.5014,finalized
2026-10-04T18:00:15.442164+00:00,KXDOGE15M-26OCT041400-00,DOGE,2026-10-04T18:00:00Z,no,0.095957,0.0955068,finalized
2026-10-04T18:00:15.527230+00:00,KXETH15M-26OCT041400-00,ETH,2026-10-04T18:00:00Z,no,2703.03,2701.60,finalized
2026-10-04T18:00:16.112188+00:00,KXSOL15M-26OCT041400-00,SOL,2026-10-04T18:00:00Z,no,121.6517,121.5012,determined
2026-10-04T18:15:05.380457+00:00,KXETH15M-26OCT041415-15,ETH,2026-10-04T18:15:00Z,no,2701.6,2700.71,determined
2026-10-04T18:15:15.638496+00:00,KXSOL15M-26OCT041415-15,SOL,2026-10-04T18:15:00Z,no,121.5012,121.3900,finalized
2026-10-04T18:15:15.719545+00:00,KXBTC15M-26OCT041415-15,BTC,2026-10-04T18:15:00Z,no,85307.54,85305.92,finalized
2026-10-04T18:15:15.800912+00:00,KXDOGE15M-26OCT041415-15,DOGE,2026-10-04T18:15:00Z,no,0.095506,0.0952534,finalized
2026-10-04T18:15:16.383002+00:00,KXXRP15M-26OCT041415-15,XRP,2026-10-04T18:15:00Z,no,1.5014,1.5003,determined
2026-10-04T18:30:05.364873+00:00,KXETH15M-26OCT041430-30,ETH,2026-10-04T18:30:00Z,no,2700.71,2700.59,determined
2026-10-04T18:30:05.486425+00:00,KXXRP15M-26OCT041430-30,XRP,2026-10-04T18:30:00Z,yes,1.5003,1.5013,determined
2026-10-04T18:30:06.201659+00:00,KXBTC15M-26OCT041430-30,BTC,2026-10-04T18:30:00Z,yes,85305.92,85312.09,determined
2026-10-04T18:30:15.530458+00:00,KXSOL15M-26OCT041430-30,SOL,2026-10-04T18:30:00Z,yes,121.39,121.4535,finalized
2026-10-04T18:30:16.128185+00:00,KXDOGE15M-26OCT041430-30,DOGE,2026-10-04T18:30:00Z,yes,0.095253,0.0954669,finalized
2026-10-04T18:45:05.707460+00:00,KXXRP15M-26OCT041445-45,XRP,2026-10-04T18:45:00Z,yes,1.5013,1.5022,determined
2026-10-04T18:45:15.615176+00:00,KXSOL15M-26OCT041445-45,SOL,2026-10-04T18:45:00Z,yes,121.4535,121.5098,finalized
2026-10-04T18:45:15.696397+00:00,KXDOGE15M-26OCT041445-45,DOGE,2026-10-04T18:45:00Z,yes,0.095466,0.0954907,determined
2026-10-04T18:45:15.776721+00:00,KXBTC15M-26OCT041445-45,BTC,2026-10-04T18:45:00Z,yes,85312.09,85335.57,determined
2026-10-04T18:45:16.860421+00:00,KXETH15M-26OCT041445-45,ETH,2026-10-04T18:45:00Z,yes,2700.59,2701.03,finalized
2026-10-04T19:00:05.567607+00:00,KXDOGE15M-26OCT041500-00,DOGE,2026-10-04T19:00:00Z,no,0.09549,0.0951010,determined
2026-10-04T19:00:05.735894+00:00,KXXRP15M-26OCT041500-00,XRP,2026-10-04T19:00:00Z,yes,1.5022,1.5025,determined
2026-10-04T19:00:05.817655+00:00,KXSOL15M-26OCT041500-00,SOL,2026-10-04T19:00:00Z,no,121.5098,121.4838,determined
2026-10-04T19:00:06.481871+00:00,KXETH15M-26OCT041500-00,ETH,2026-10-04T19:00:00Z,no,2701.03,2700.33,determined
2026-10-04T19:00:15.887622+00:00,KXBTC15M-26OCT041500-00,BTC,2026-10-04T19:00:00Z,no,85335.57,85327.74,finalized
2026-10-04T19:15:05.478933+00:00,KXETH15M-26OCT041515-15,ETH,2026-10-04T19:15:00Z,yes,2700.33,2700.90,determined
2026-10-04T19:15:05.637858+00:00,KXSOL15M-26OCT041515-15,SOL,2026-10-04T19:15:00Z,yes,121.4838,121.5883,determined
2026-10-04T19:15:06.222821+00:00,KXDOGE15M-26OCT041515-15,DOGE,2026-10-04T19:15:00Z,yes,0.095101,0.0953724,determined
2026-10-04T19:15:15.577864+00:00,KXXRP15M-26OCT041515-15,XRP,2026-10-04T19:15:00Z,yes,1.5025,1.5052,determined
2026-10-04T19:15:15.661307+00:00,KXBTC15M-26OCT041515-15,BTC,2026-10-04T19:15:00Z,yes,85327.74,85371.53,determined
2026-10-04T19:30:05.657278+00:00,KXXRP15M-26OCT041530-30,XRP,2026-10-04T19:30:00Z,yes,1.5052,1.5073,determined
2026-10-04T19:30:05.738119+00:00,KXDOGE15M-26OCT041530-30,DOGE,2026-10-04T19:30:00Z,yes,0.095372,0.0954732,determined
2026-10-04T19:30:15.792443+00:00,KXBTC15M-26OCT041530-30,BTC,2026-10-04T19:30:00Z,yes,85371.53,85447.00,determined
2026-10-04T19:30:16.379686+00:00,KXETH15M-26OCT041530-30,ETH,2026-10-04T19:30:00Z,yes,2700.9,2702.60,finalized
2026-10-04T19:30:27.315788+00:00,KXSOL15M-26OCT041530-30,SOL,2026-10-04T19:30:00Z,no,121.5883,121.4410,finalized
2026-10-04T19:45:05.720384+00:00,KXETH15M-26OCT041545-45,ETH,2026-10-04T19:45:00Z,no,2702.6,2701.91,determined
2026-10-04T19:45:05.802086+00:00,KXDOGE15M-26OCT041545-45,DOGE,2026-10-04T19:45:00Z,no,0.095473,0.0954600,determined
2026-10-04T19:45:15.837215+00:00,KXBTC15M-26OCT041545-45,BTC,2026-10-04T19:45:00Z,no,85447,85417.94,finalized
2026-10-04T19:45:15.915728+00:00,KXXRP15M-26OCT041545-45,XRP,2026-10-04T19:45:00Z,no,1.5073,1.5058,finalized
2026-10-04T19:45:16.497437+00:00,KXSOL15M-26OCT041545-45,SOL,2026-10-04T19:45:00Z,no,121.441,121.3662,finalized
2026-10-04T20:00:05.812338+00:00,KXSOL15M-26OCT041600-00,SOL,2026-10-04T20:00:00Z,no,121.3662,121.1557,determined
2026-10-04T20:00:06.437168+00:00,KXXRP15M-26OCT041600-00,XRP,2026-10-04T20:00:00Z,yes,1.5058,1.5069,determined
2026-10-04T20:00:15.865940+00:00,KXETH15M-26OCT041600-00,ETH,2026-10-04T20:00:00Z,no,2701.91,2701.05,finalized
2026-10-04T20:00:16.040229+00:00,KXBTC15M-26OCT041600-00,BTC,2026-10-04T20:00:00Z,no,85417.94,85414.80,finalized
2026-10-04T20:00:26.385964+00:00,KXDOGE15M-26OCT041600-00,DOGE,2026-10-04T20:00:00Z,no,0.09546,0.0954211,finalized
2026-10-04T20:15:05.598353+00:00,KXXRP15M-26OCT041615-15,XRP,2026-10-04T20:15:00Z,no,1.5069,1.5060,determined
2026-10-04T20:15:05.682443+00:00,KXSOL15M-26OCT041615-15,SOL,2026-10-04T20:15:00Z,no,121.1557,120.8698,determined
2026-10-04T20:15:15.643549+00:00,KXBTC15M-26OCT041615-15,BTC,2026-10-04T20:15:00Z,yes,85414.8,85415.86,finalized
2026-10-04T20:15:15.726598+00:00,KXDOGE15M-26OCT041615-15,DOGE,2026-10-04T20:15:00Z,no,0.095421,0.0953958,determined
2026-10-04T20:15:16.810664+00:00,KXETH15M-26OCT041615-15,ETH,2026-10-04T20:15:00Z,no,2701.05,2699.89,determined
2026-10-04T20:30:05.363773+00:00,KXBTC15M-26OCT041630-30,BTC,2026-10-04T20:30:00Z,yes,85415.86,85452.46,determined
2026-10-04T20:30:05.529777+00:00,KXETH15M-26OCT041630-30,ETH,2026-10-04T20:30:00Z,yes,2699.89,2701.32,determined
2026-10-04T20:30:05.611238+00:00,KXXRP15M-26OCT041630-30,XRP,2026-10-04T20:30:00Z,no,1.506,1.5052,determined
2026-10-04T20:30:06.245666+00:00,KXDOGE15M-26OCT041630-30,DOGE,2026-10-04T20:30:00Z,yes,0.095395,0.0955198,determined
2026-10-04T20:30:15.625885+00:00,KXSOL15M-26OCT041630-30,SOL,2026-10-04T20:30:00Z,yes,120.8698,120.8772,determined
2026-10-04T20:45:05.707197+00:00,KXXRP15M-26OCT041645-45,XRP,2026-10-04T20:45:00Z,no,1.5052,1.5033,determined
2026-10-04T20:45:15.770097+00:00,KXETH15M-26OCT041645-45,ETH,2026-10-04T20:45:00Z,yes,2701.32,2702.37,determined
2026-10-04T20:45:15.852485+00:00,KXSOL15M-26OCT041645-45,SOL,2026-10-04T20:45:00Z,yes,120.8772,120.9988,finalized
2026-10-04T20:45:15.936331+00:00,KXBTC15M-26OCT041645-45,BTC,2026-10-04T20:45:00Z,yes,85452.46,85742.33,finalized
2026-10-04T20:45:16.518841+00:00,KXDOGE15M-26OCT041645-45,DOGE,2026-10-04T20:45:00Z,no,0.095519,0.0954677,finalized
2026-10-04T21:00:15.658477+00:00,KXSOL15M-26OCT041700-00,SOL,2026-10-04T21:00:00Z,yes,120.9988,121.2913,finalized
2026-10-04T21:00:15.739057+00:00,KXXRP15M-26OCT041700-00,XRP,2026-10-04T21:00:00Z,yes,1.5033,1.5062,finalized
2026-10-04T21:00:15.819353+00:00,KXDOGE15M-26OCT041700-00,DOGE,2026-10-04T21:00:00Z,yes,0.095467,0.0958198,finalized
2026-10-04T21:00:15.898928+00:00,KXBTC15M-26OCT041700-00,BTC,2026-10-04T21:00:00Z,yes,85742.33,85817.53,finalized
2026-10-04T21:00:16.481638+00:00,KXETH15M-26OCT041700-00,ETH,2026-10-04T21:00:00Z,yes,2702.37,2705.31,finalized
2026-10-04T21:15:05.218760+00:00,KXXRP15M-26OCT041715-15,XRP,2026-10-04T21:15:00Z,yes,1.5062,1.5103,determined
2026-10-04T21:15:05.302118+00:00,KXBTC15M-26OCT041715-15,BTC,2026-10-04T21:15:00Z,yes,85817.53,86008.37,determined
2026-10-04T21:15:15.928416+00:00,KXSOL15M-26OCT041715-15,SOL,2026-10-04T21:15:00Z,yes,121.2913,121.5195,finalized
2026-10-04T21:15:16.007987+00:00,KXETH15M-26OCT041715-15,ETH,2026-10-04T21:15:00Z,yes,2705.31,2707.03,determined
2026-10-04T21:15:16.587113+00:00,KXDOGE15M-26OCT041715-15,DOGE,2026-10-04T21:15:00Z,yes,0.095819,0.0965441,determined
2026-10-04T21:30:05.566520+00:00,KXBTC15M-26OCT041730-30,BTC,2026-10-04T21:30:00Z,no,86008.37,85812.33,determined
2026-10-04T21:30:05.765666+00:00,KXETH15M-26OCT041730-30,ETH,2026-10-04T21:30:00Z,no,2707.03,2703.51,determined
2026-10-04T21:30:05.844615+00:00,KXSOL15M-26OCT041730-30,SOL,2026-10-04T21:30:00Z,no,121.5195,121.3757,determined
2026-10-04T21:30:05.928004+00:00,KXDOGE15M-26OCT041730-30,DOGE,2026-10-04T21:30:00Z,yes,0.096544,0.0968239,determined
2026-10-04T21:30:06.509548+00:00,KXXRP15M-26OCT041730-30,XRP,2026-10-04T21:30:00Z,yes,1.5103,1.5103,determined
2026-10-04T21:45:05.515355+00:00,KXETH15M-26OCT041745-45,ETH,2026-10-04T21:45:00Z,yes,2703.51,2705.93,determined
2026-10-04T21:45:05.599449+00:00,KXXRP15M-26OCT041745-45,XRP,2026-10-04T21:45:00Z,no,1.5103,1.5102,determined
2026-10-04T21:45:05.765697+00:00,KXSOL15M-26OCT041745-45,SOL,2026-10-04T21:45:00Z,yes,121.3757,121.4065,determined
2026-10-04T21:45:15.897209+00:00,KXDOGE15M-26OCT041745-45,DOGE,2026-10-04T21:45:00Z,yes,0.096823,0.0969134,determined
2026-10-04T21:45:17.074000+00:00,KXBTC15M-26OCT041745-45,BTC,2026-10-04T21:45:00Z,yes,85812.33,85964.27,determined
2026-10-04T22:00:05.534465+00:00,KXSOL15M-26OCT041800-00,SOL,2026-10-04T22:00:00Z,no,121.4065,121.1522,determined
2026-10-04T22:00:15.848256+00:00,KXETH15M-26OCT041800-00,ETH,2026-10-04T22:00:00Z,no,2705.93,2701.16,determined
2026-10-04T22:00:15.978340+00:00,KXDOGE15M-26OCT041800-00,DOGE,2026-10-04T22:00:00Z,no,0.096913,0.0963191,finalized
2026-10-04T22:00:16.058218+00:00,KXBTC15M-26OCT041800-00,BTC,2026-10-04T22:00:00Z,no,85964.27,85831.75,determined
2026-10-04T22:00:16.644272+00:00,KXXRP15M-26OCT041800-00,XRP,2026-10-04T22:00:00Z,no,1.5102,1.5074,determined
2026-10-04T22:15:05.294050+00:00,KXSOL15M-26OCT041815-15,SOL,2026-10-04T22:15:00Z,yes,121.1522,121.9782,determined
2026-10-04T22:15:05.381463+00:00,KXBTC15M-26OCT041815-15,BTC,2026-10-04T22:15:00Z,yes,85831.75,86315.92,determined
2026-10-04T22:15:06.126637+00:00,KXETH15M-26OCT041815-15,ETH,2026-10-04T22:15:00Z,yes,2701.16,2718.41,determined
2026-10-04T22:15:15.435139+00:00,KXXRP15M-26OCT041815-15,XRP,2026-10-04T22:15:00Z,yes,1.5074,1.5203,finalized
2026-10-04T22:15:16.018257+00:00,KXDOGE15M-26OCT041815-15,DOGE,2026-10-04T22:15:00Z,yes,0.096319,0.0967249,finalized
2026-10-04T22:15:26.920695+00:00,KXWTI15M-26OCT041815-15,WTI,2026-10-04T22:15:00Z,no,91.75,91.38,finalized
2026-10-04T22:30:06.333293+00:00,KXETH15M-26OCT041830-30,ETH,2026-10-04T22:30:00Z,yes,2718.41,2726.94,determined
2026-10-04T22:30:06.414617+00:00,KXXRP15M-26OCT041830-30,XRP,2026-10-04T22:30:00Z,no,1.5203,1.5163,determined
2026-10-04T22:30:06.992241+00:00,KXDOGE15M-26OCT041830-30,DOGE,2026-10-04T22:30:00Z,no,0.096724,0.0966310,determined
2026-10-04T22:30:15.580137+00:00,KXSOL15M-26OCT041830-30,SOL,2026-10-04T22:30:00Z,no,121.9782,121.7947,determined
2026-10-04T22:30:17.487424+00:00,KXBTC15M-26OCT041830-30,BTC,2026-10-04T22:30:00Z,no,86315.92,86266.78,finalized
2026-10-04T22:30:25.789709+00:00,KXCOPPER15M-26OCT041830-30,COPPER,2026-10-04T22:30:00Z,no,6.59362,6.58981,determined
2026-10-04T22:30:25.947151+00:00,KXWTI15M-26OCT041830-30,WTI,2026-10-04T22:30:00Z,no,91.38,91.27,finalized
2026-10-04T22:30:27.025145+00:00,KXGOLD15M-26OCT041830-30,GOLD,2026-10-04T22:30:00Z,yes,4141.06,4141.31,finalized
2026-10-04T22:30:27.108129+00:00,KXPLATINUM15M-26OCT041830-30,PLATINUM,2026-10-04T22:30:00Z,yes,1712.548,1712.750,finalized
2026-10-04T22:30:27.779517+00:00,KXPALLADIUM15M-26OCT041830-30,PALLADIUM,2026-10-04T22:30:00Z,no,1180.5,1177.635,finalized
2026-10-04T22:30:35.977012+00:00,KXSILVER15M-26OCT041830-30,SILVER,2026-10-04T22:30:00Z,no,60.798,60.766,finalized
2026-10-04T22:45:05.389113+00:00,KXSOL15M-26OCT041845-45,SOL,2026-10-04T22:45:00Z,yes,121.7947,121.9438,determined
2026-10-04T22:45:06.297381+00:00,KXXRP15M-26OCT041845-45,XRP,2026-10-04T22:45:00Z,yes,1.5163,1.5195,determined
2026-10-04T22:45:07.172734+00:00,KXETH15M-26OCT041845-45,ETH,2026-10-04T22:45:00Z,yes,2726.94,2728.14,determined
2026-10-04T22:45:07.255231+00:00,KXDOGE15M-26OCT041845-45,DOGE,2026-10-04T22:45:00Z,yes,0.096631,0.0966950,determined
2026-10-04T22:45:15.595594+00:00,KXBTC15M-26OCT041845-45,BTC,2026-10-04T22:45:00Z,yes,86266.78,86382.01,determined
2026-10-04T22:45:26.566199+00:00,KXCOPPER15M-26OCT041845-45,COPPER,2026-10-04T22:45:00Z,no,6.58981,6.58697,determined
2026-10-04T22:45:27.155450+00:00,KXPLATINUM15M-26OCT041845-45,PLATINUM,2026-10-04T22:45:00Z,no,1712.75,1711.915,determined
2026-10-04T22:45:36.046960+00:00,KXSILVER15M-26OCT041845-45,SILVER,2026-10-04T22:45:00Z,no,60.766,60.721,determined
2026-10-04T22:45:36.125071+00:00,KXGOLD15M-26OCT041845-45,GOLD,2026-10-04T22:45:00Z,yes,4141.31,4143.09,finalized
2026-10-04T22:45:36.706498+00:00,KXWTI15M-26OCT041845-45,WTI,2026-10-04T22:45:00Z,no,91.27,91.02,determined
2026-10-04T22:45:38.485935+00:00,KXPALLADIUM15M-26OCT041845-45,PALLADIUM,2026-10-04T22:45:00Z,no,1177.635,1176.450,finalized
2026-10-04T23:00:05.397127+00:00,KXXRP15M-26OCT041900-00,XRP,2026-10-04T23:00:00Z,no,1.5195,1.5185,determined
2026-10-04T23:00:07.302026+00:00,KXETH15M-26OCT041900-00,ETH,2026-10-04T23:00:00Z,yes,2728.14,2729.27,determined
2026-10-04T23:00:07.387373+00:00,KXBTC15M-26OCT041900-00,BTC,2026-10-04T23:00:00Z,yes,86382.01,86404.71,determined
2026-10-04T23:00:15.572211+00:00,KXDOGE15M-26OCT041900-00,DOGE,2026-10-04T23:00:00Z,no,0.096695,0.0963611,finalized
2026-10-04T23:00:16.418620+00:00,KXSOL15M-26OCT041900-00,SOL,2026-10-04T23:00:00Z,no,121.9438,121.6913,finalized
2026-10-04T23:00:26.014364+00:00,KXPLATINUM15M-26OCT041900-00,PLATINUM,2026-10-04T23:00:00Z,no,1711.915,1711.165,determined
2026-10-04T23:00:26.596672+00:00,KXWTI15M-26OCT041900-00,WTI,2026-10-04T23:00:00Z,yes,91.02,91.03,determined
2026-10-04T23:00:26.760600+00:00,KXSILVER15M-26OCT041900-00,SILVER,2026-10-04T23:00:00Z,yes,60.721,60.775,determined
2026-10-04T23:00:28.022098+00:00,KXPALLADIUM15M-26OCT041900-00,PALLADIUM,2026-10-04T23:00:00Z,yes,1176.45,1177.255,determined
2026-10-04T23:00:37.227097+00:00,KXGOLD15M-26OCT041900-00,GOLD,2026-10-04T23:00:00Z,yes,4143.09,4147.99,finalized
2026-10-04T23:00:37.808707+00:00,KXCOPPER15M-26OCT041900-00,COPPER,2026-10-04T23:00:00Z,yes,6.58697,6.58794,determined
2026-10-04T23:15:06.380309+00:00,KXETH15M-26OCT041915-15,ETH,2026-10-04T23:15:00Z,yes,2729.27,2733.99,determined
2026-10-04T23:15:07.404660+00:00,KXSOL15M-26OCT041915-15,SOL,2026-10-04T23:15:00Z,yes,121.6913,121.9947,determined
2026-10-04T23:15:17.005805+00:00,KXDOGE15M-26OCT041915-15,DOGE,2026-10-04T23:15:00Z,yes,0.096361,0.0964122,finalized
2026-10-04T23:15:17.176920+00:00,KXXRP15M-26OCT041915-15,XRP,2026-10-04T23:15:00Z,yes,1.5185,1.5202,finalized
2026-10-04T23:15:17.849440+00:00,KXBTC15M-26OCT041915-15,BTC,2026-10-04T23:15:00Z,yes,86404.71,86577.85,finalized
2026-10-04T23:15:26.278707+00:00,KXWTI15M-26OCT041915-15,WTI,2026-10-04T23:15:00Z,yes,91.03,91.09,finalized
2026-10-04T23:15:26.362007+00:00,KXPALLADIUM15M-26OCT041915-15,PALLADIUM,2026-10-04T23:15:00Z,no,1177.255,1176.200,finalized
2026-10-04T23:15:26.446595+00:00,KXPLATINUM15M-26OCT041915-15,PLATINUM,2026-10-04T23:15:00Z,no,1711.165,1708.560,finalized
2026-10-04T23:15:26.531032+00:00,KXSILVER15M-26OCT041915-15,SILVER,2026-10-04T23:15:00Z,no,60.775,60.707,finalized
2026-10-04T23:15:27.647925+00:00,KXCOPPER15M-26OCT041915-15,COPPER,2026-10-04T23:15:00Z,no,6.58794,6.58373,finalized
2026-10-04T23:15:28.248638+00:00,KXGOLD15M-26OCT041915-15,GOLD,2026-10-04T23:15:00Z,no,4147.99,4145.22,finalized
2026-10-04T23:30:05.333128+00:00,KXETH15M-26OCT041930-30,ETH,2026-10-04T23:30:00Z,no,2733.99,2732.57,determined
2026-10-04T23:30:05.419848+00:00,KXSOL15M-26OCT041930-30,SOL,2026-10-04T23:30:00Z,no,121.9947,121.8620,determined
2026-10-04T23:30:06.624467+00:00,KXDOGE15M-26OCT041930-30,DOGE,2026-10-04T23:30:00Z,no,0.096412,0.0962505,determined
2026-10-04T23:30:15.662745+00:00,KXXRP15M-26OCT041930-30,XRP,2026-10-04T23:30:00Z,yes,1.5202,1.5239,finalized
2026-10-04T23:30:16.918065+00:00,KXBTC15M-26OCT041930-30,BTC,2026-10-04T23:30:00Z,yes,86577.85,86697.40,finalized
2026-10-04T23:30:27.123827+00:00,KXPLATINUM15M-26OCT041930-30,PLATINUM,2026-10-04T23:30:00Z,yes,1708.56,1710.225,determined
2026-10-04T23:30:27.786442+00:00,KXGOLD15M-26OCT041930-30,GOLD,2026-10-04T23:30:00Z,yes,4145.22,4145.50,determined
2026-10-04T23:30:27.947713+00:00,KXPALLADIUM15M-26OCT041930-30,PALLADIUM,2026-10-04T23:30:00Z,yes,1176.2,1178.450,determined
2026-10-04T23:30:36.317007+00:00,KXCOPPER15M-26OCT041930-30,COPPER,2026-10-04T23:30:00Z,yes,6.58373,6.58409,finalized
2026-10-04T23:30:37.397657+00:00,KXWTI15M-26OCT041930-30,WTI,2026-10-04T23:30:00Z,no,91.09,91.07,finalized
2026-10-04T23:30:37.976707+00:00,KXSILVER15M-26OCT041930-30,SILVER,2026-10-04T23:30:00Z,yes,60.707,60.789,finalized
2026-10-04T23:45:05.474263+00:00,KXETH15M-26OCT041945-45,ETH,2026-10-04T23:45:00Z,no,2732.57,2726.71,determined
2026-10-04T23:45:06.493828+00:00,KXBTC15M-26OCT041945-45,BTC,2026-10-04T23:45:00Z,no,86697.4,86485.78,determined
2026-10-04T23:45:15.844096+00:00,KXSOL15M-26OCT041945-45,SOL,2026-10-04T23:45:00Z,no,121.862,121.5878,determined
2026-10-04T23:45:16.423935+00:00,KXDOGE15M-26OCT041945-45,DOGE,2026-10-04T23:45:00Z,no,0.09625,0.0958822,determined
2026-10-04T23:45:17.749911+00:00,KXXRP15M-26OCT041945-45,XRP,2026-10-04T23:45:00Z,no,1.5239,1.5220,finalized
2026-10-04T23:45:26.229533+00:00,KXPLATINUM15M-26OCT041945-45,PLATINUM,2026-10-04T23:45:00Z,no,1710.225,1707.650,determined
2026-10-04T23:45:27.397090+00:00,KXSILVER15M-26OCT041945-45,SILVER,2026-10-04T23:45:00Z,no,60.789,60.747,determined
2026-10-04T23:45:27.976605+00:00,KXWTI15M-26OCT041945-45,WTI,2026-10-04T23:45:00Z,no,91.07,90.98,determined
2026-10-04T23:45:28.077501+00:00,KXGOLD15M-26OCT041945-45,GOLD,2026-10-04T23:45:00Z,no,4145.5,4144.32,determined
2026-10-04T23:45:36.493107+00:00,KXCOPPER15M-26OCT041945-45,COPPER,2026-10-04T23:45:00Z,no,6.58409,6.58294,finalized
2026-10-04T23:45:37.076545+00:00,KXPALLADIUM15M-26OCT041945-45,PALLADIUM,2026-10-04T23:45:00Z,no,1178.45,1178.015,finalized
2026-10-05T00:00:06.379875+00:00,KXETH15M-26OCT042000-00,ETH,2026-10-05T00:00:00Z,no,2726.71,2726.68,determined
2026-10-05T00:00:16.170074+00:00,KXBTC15M-26OCT042000-00,BTC,2026-10-05T00:00:00Z,yes,86485.78,86505.93,finalized
2026-10-05T00:00:16.755435+00:00,KXXRP15M-26OCT042000-00,XRP,2026-10-05T00:00:00Z,no,1.522,1.5199,determined
2026-10-05T00:00:16.837687+00:00,KXDOGE15M-26OCT042000-00,DOGE,2026-10-05T00:00:00Z,yes,0.095882,0.0959239,determined
2026-10-05T00:00:48.811405+00:00,KXGOLD15M-26OCT042000-00,GOLD,2026-10-05T00:00:00Z,no,4144.32,4142.73,finalized
2026-10-05T00:00:57.073267+00:00,KXCOPPER15M-26OCT042000-00,COPPER,2026-10-05T00:00:00Z,no,6.58294,6.57858,finalized
2026-10-05T00:00:57.240847+00:00,KXSILVER15M-26OCT042000-00,SILVER,2026-10-05T00:00:00Z,no,60.747,60.660,determined
2026-10-05T00:01:07.320876+00:00,KXPLATINUM15M-26OCT042000-00,PLATINUM,2026-10-05T00:00:00Z,no,1707.65,1706.770,finalized
2026-10-05T00:01:08.903225+00:00,KXWTI15M-26OCT042000-00,WTI,2026-10-05T00:00:00Z,no,90.98,90.83,finalized
2026-10-05T00:01:19.924697+00:00,KXPALLADIUM15M-26OCT042000-00,PALLADIUM,2026-10-05T00:00:00Z,no,1178.015,1176.700,finalized
2026-10-05T00:05:38.664150+00:00,KXSOL15M-26OCT042000-00,SOL,2026-10-05T00:00:00Z,no,121.5878,121.5842,finalized
2026-10-05T00:15:07.281427+00:00,KXSOL15M-26OCT042015-15,SOL,2026-10-05T00:15:00Z,no,121.5842,121.2873,determined
2026-10-05T00:15:15.787066+00:00,KXBTC15M-26OCT042015-15,BTC,2026-10-05T00:15:00Z,no,86505.93,86344.42,finalized
2026-10-05T00:15:15.871500+00:00,KXDOGE15M-26OCT042015-15,DOGE,2026-10-05T00:15:00Z,no,0.095923,0.0958565,determined
2026-10-05T00:15:16.533308+00:00,KXXRP15M-26OCT042015-15,XRP,2026-10-05T00:15:00Z,no,1.5199,1.5183,finalized
2026-10-05T00:15:26.314978+00:00,KXWTI15M-26OCT042015-15,WTI,2026-10-05T00:15:00Z,no,90.83,90.68,determined
2026-10-05T00:15:27.054782+00:00,KXETH15M-26OCT042015-15,ETH,2026-10-05T00:15:00Z,no,2726.68,2723.94,finalized
2026-10-05T00:15:27.717533+00:00,KXCOPPER15M-26OCT042015-15,COPPER,2026-10-05T00:15:00Z,yes,6.57858,6.58826,determined
2026-10-05T00:15:36.573799+00:00,KXPLATINUM15M-26OCT042015-15,PLATINUM,2026-10-05T00:15:00Z,no,1706.77,1706.625,determined
2026-10-05T00:15:37.233898+00:00,KXGOLD15M-26OCT042015-15,GOLD,2026-10-05T00:15:00Z,yes,4142.73,4148.99,determined
2026-10-05T00:15:37.814699+00:00,KXSILVER15M-26OCT042015-15,SILVER,2026-10-05T00:15:00Z,yes,60.66,60.848,finalized
2026-10-05T00:15:47.645732+00:00,KXPALLADIUM15M-26OCT042015-15,PALLADIUM,2026-10-05T00:15:00Z,yes,1176.7,1176.950,finalized
2026-10-05T00:30:06.494916+00:00,KXXRP15M-26OCT042030-30,XRP,2026-10-05T00:30:00Z,no,1.5183,1.5141,determined
2026-10-05T00:30:07.340790+00:00,KXSOL15M-26OCT042030-30,SOL,2026-10-05T00:30:00Z,no,121.2873,120.9935,determined
2026-10-05T00:30:15.847441+00:00,KXDOGE15M-26OCT042030-30,DOGE,2026-10-05T00:30:00Z,no,0.095856,0.0956382,finalized
2026-10-05T00:30:16.586839+00:00,KXETH15M-26OCT042030-30,ETH,2026-10-05T00:30:00Z,no,2723.94,2719.21,determined
2026-10-05T00:30:16.748895+00:00,KXBTC15M-26OCT042030-30,BTC,2026-10-05T00:30:00Z,no,86344.42,86262.95,determined
2026-10-05T00:30:26.199751+00:00,KXGOLD15M-26OCT042030-30,GOLD,2026-10-05T00:30:00Z,yes,4148.99,4155.34,finalized
2026-10-05T00:30:26.280802+00:00,KXPLATINUM15M-26OCT042030-30,PLATINUM,2026-10-05T00:30:00Z,yes,1706.625,1718.585,finalized
2026-10-05T00:30:26.359794+00:00,KXSILVER15M-26OCT042030-30,SILVER,2026-10-05T00:30:00Z,yes,60.848,61.072,finalized
2026-10-05T00:30:26.940696+00:00,KXWTI15M-26OCT042030-30,WTI,2026-10-05T00:30:00Z,no,90.68,90.66,finalized
2026-10-05T00:30:27.539350+00:00,KXPALLADIUM15M-26OCT042030-30,PALLADIUM,2026-10-05T00:30:00Z,yes,1176.95,1179.200,finalized
2026-10-05T00:30:27.641699+00:00,KXCOPPER15M-26OCT042030-30,COPPER,2026-10-05T00:30:00Z,yes,6.58826,6.60004,finalized
2026-10-05T00:45:15.696032+00:00,KXETH15M-26OCT042045-45,ETH,2026-10-05T00:45:00Z,yes,2719.21,2727.47,finalized
2026-10-05T00:45:15.936655+00:00,KXBTC15M-26OCT042045-45,BTC,2026-10-05T00:45:00Z,yes,86262.95,86587.36,determined
2026-10-05T00:45:16.517222+00:00,KXSOL15M-26OCT042045-45,SOL,2026-10-05T00:45:00Z,yes,120.9935,121.3633,determined
2026-10-05T00:45:16.596476+00:00,KXDOGE15M-26OCT042045-45,DOGE,2026-10-05T00:45:00Z,yes,0.095638,0.0961387,finalized
2026-10-05T00:45:17.341984+00:00,KXXRP15M-26OCT042045-45,XRP,2026-10-05T00:45:00Z,yes,1.5141,1.5199,finalized
2026-10-05T00:45:26.317935+00:00,KXCOPPER15M-26OCT042045-45,COPPER,2026-10-05T00:45:00Z,yes,6.60004,6.60553,finalized
2026-10-05T00:45:26.399298+00:00,KXPLATINUM15M-26OCT042045-45,PLATINUM,2026-10-05T00:45:00Z,yes,1718.585,1718.695,finalized
2026-10-05T00:45:26.979607+00:00,KXPALLADIUM15M-26OCT042045-45,PALLADIUM,2026-10-05T00:45:00Z,no,1179.2,1178.755,finalized
2026-10-05T00:45:27.059654+00:00,KXGOLD15M-26OCT042045-45,GOLD,2026-10-05T00:45:00Z,no,4155.34,4153.02,finalized
2026-10-05T00:45:27.642489+00:00,KXWTI15M-26OCT042045-45,WTI,2026-10-05T00:45:00Z,yes,90.66,90.76,finalized
2026-10-05T00:45:27.723723+00:00,KXSILVER15M-26OCT042045-45,SILVER,2026-10-05T00:45:00Z,yes,61.072,61.130,finalized
2026-10-05T01:00:05.707908+00:00,KXDOGE15M-26OCT042100-00,DOGE,2026-10-05T01:00:00Z,yes,0.096138,0.0963657,determined
2026-10-05T01:00:05.790316+00:00,KXBTC15M-26OCT042100-00,BTC,2026-10-05T01:00:00Z,yes,86587.36,86659.29,determined
2026-10-05T01:00:07.437351+00:00,KXXRP15M-26OCT042100-00,XRP,2026-10-05T01:00:00Z,yes,1.5199,1.5230,determined
2026-10-05T01:00:15.769529+00:00,KXETH15M-26OCT042100-00,ETH,2026-10-05T01:00:00Z,yes,2727.47,2729.78,finalized
2026-10-05T01:00:17.099408+00:00,KXSOL15M-26OCT042100-00,SOL,2026-10-05T01:00:00Z,no,121.3633,121.3622,finalized
2026-10-05T01:00:17.182781+00:00,KXCOPPER15M-26OCT042100-00,COPPER,2026-10-05T01:00:00Z,yes,6.60553,6.61728,determined
2026-10-05T01:00:17.765235+00:00,KXGOLD15M-26OCT042100-00,GOLD,2026-10-05T01:00:00Z,yes,4153.02,4156.63,determined
2026-10-05T01:00:26.633110+00:00,KXWTI15M-26OCT042100-00,WTI,2026-10-05T01:00:00Z,no,90.76,90.33,finalized
2026-10-05T01:00:27.216022+00:00,KXPLATINUM15M-26OCT042100-00,PLATINUM,2026-10-05T01:00:00Z,yes,1718.695,1720.163,finalized
2026-10-05T01:00:27.299660+00:00,KXPALLADIUM15M-26OCT042100-00,PALLADIUM,2026-10-05T01:00:00Z,yes,1178.755,1179.465,finalized
2026-10-05T01:00:28.386083+00:00,KXSILVER15M-26OCT042100-00,SILVER,2026-10-05T01:00:00Z,yes,61.13,61.305,finalized
2026-10-05T16:45:05.423025+00:00,KXETH15M-26OCT051245-45,ETH,2026-10-05T16:45:00Z,yes,2687.25,2688.99,determined
2026-10-05T16:45:05.819172+00:00,KXXRP15M-26OCT051245-45,XRP,2026-10-05T16:45:00Z,no,1.4893,1.4889,determined
2026-10-05T16:45:06.356186+00:00,KXDOGE15M-26OCT051245-45,DOGE,2026-10-05T16:45:00Z,yes,0.094022,0.0942097,determined
2026-10-05T16:45:15.800981+00:00,KXBTC15M-26OCT051245-45,BTC,2026-10-05T16:45:00Z,yes,85131.8,85164.11,finalized
2026-10-05T16:45:15.836871+00:00,KXSOL15M-26OCT051245-45,SOL,2026-10-05T16:45:00Z,yes,119.0902,119.2538,determined
2026-10-05T16:45:27.283157+00:00,KXSILVER15M-26OCT051245-45,SILVER,2026-10-05T16:45:00Z,yes,60.927,60.993,determined
2026-10-05T16:45:27.321985+00:00,KXWTI15M-26OCT051245-45,WTI,2026-10-05T16:45:00Z,no,90.08,90.03,determined
2026-10-05T16:45:27.858273+00:00,KXCOPPER15M-26OCT051245-45,COPPER,2026-10-05T16:45:00Z,no,6.64276,6.64038,determined
2026-10-05T16:45:27.896245+00:00,KXPLATINUM15M-26OCT051245-45,PLATINUM,2026-10-05T16:45:00Z,yes,1710.979,1714.430,determined
2026-10-05T16:45:27.930615+00:00,KXPALLADIUM15M-26OCT051245-45,PALLADIUM,2026-10-05T16:45:00Z,yes,1174.129,1176.030,determined
2026-10-05T16:45:37.585265+00:00,KXGOLD15M-26OCT051245-45,GOLD,2026-10-05T16:45:00Z,yes,4127.72,4131.33,finalized
2026-10-05T17:00:16.606937+00:00,KXETH15M-26OCT051300-00,ETH,2026-10-05T17:00:00Z,yes,2688.99,2696.59,finalized
2026-10-05T17:00:16.643423+00:00,KXXRP15M-26OCT051300-00,XRP,2026-10-05T17:00:00Z,yes,1.4889,1.4916,finalized
2026-10-05T17:00:16.677809+00:00,KXBTC15M-26OCT051300-00,BTC,2026-10-05T17:00:00Z,yes,85164.11,85305.08,determined
2026-10-05T17:00:16.717828+00:00,KXSOL15M-26OCT051300-00,SOL,2026-10-05T17:00:00Z,yes,119.2538,119.6352,finalized
2026-10-05T17:00:17.251969+00:00,KXDOGE15M-26OCT051300-00,DOGE,2026-10-05T17:00:00Z,yes,0.094209,0.0945330,finalized
2026-10-05T17:00:26.461310+00:00,KXCOPPER15M-26OCT051300-00,COPPER,2026-10-05T17:00:00Z,no,6.64038,6.63939,determined
2026-10-05T17:00:26.492847+00:00,KXPLATINUM15M-26OCT051300-00,PLATINUM,2026-10-05T17:00:00Z,yes,1714.43,1716.225,determined
2026-10-05T17:00:26.552679+00:00,KXWTI15M-26OCT051300-00,WTI,2026-10-05T17:00:00Z,yes,90.03,90.24,determined
2026-10-05T17:00:27.627308+00:00,KXPALLADIUM15M-26OCT051300-00,PALLADIUM,2026-10-05T17:00:00Z,yes,1176.03,1176.937,determined
2026-10-05T17:00:36.797773+00:00,KXSILVER15M-26OCT051300-00,SILVER,2026-10-05T17:00:00Z,yes,60.993,60.994,finalized
2026-10-05T17:00:37.838500+00:00,KXGOLD15M-26OCT051300-00,GOLD,2026-10-05T17:00:00Z,no,4131.33,4130.65,finalized
2026-10-05T17:15:05.340111+00:00,KXXRP15M-26OCT051315-15,XRP,2026-10-05T17:15:00Z,no,1.4916,1.4909,determined
2026-10-05T17:15:05.486008+00:00,KXDOGE15M-26OCT051315-15,DOGE,2026-10-05T17:15:00Z,no,0.094533,0.0944055,determined
2026-10-05T17:15:06.058702+00:00,KXBTC15M-26OCT051315-15,BTC,2026-10-05T17:15:00Z,no,85305.08,85250.58,determined
2026-10-05T17:15:06.099657+00:00,KXSOL15M-26OCT051315-15,SOL,2026-10-05T17:15:00Z,no,119.6352,119.5490,determined
2026-10-05T17:15:15.955835+00:00,KXETH15M-26OCT051315-15,ETH,2026-10-05T17:15:00Z,no,2696.59,2695.76,determined
2026-10-05T17:15:26.258754+00:00,KXWTI15M-26OCT051315-15,WTI,2026-10-05T17:15:00Z,no,90.24,90.04,determined
2026-10-05T17:15:26.794299+00:00,KXGOLD15M-26OCT051315-15,GOLD,2026-10-05T17:15:00Z,no,4130.65,4128.67,determined
2026-10-05T17:15:26.833420+00:00,KXSILVER15M-26OCT051315-15,SILVER,2026-10-05T17:15:00Z,no,60.994,60.943,determined
2026-10-05T17:15:27.375393+00:00,KXPLATINUM15M-26OCT051315-15,PLATINUM,2026-10-05T17:15:00Z,no,1716.225,1713.314,determined
2026-10-05T17:15:27.456578+00:00,KXCOPPER15M-26OCT051315-15,COPPER,2026-10-05T17:15:00Z,no,6.63939,6.63583,determined
2026-10-05T17:15:37.618933+00:00,KXPALLADIUM15M-26OCT051315-15,PALLADIUM,2026-10-05T17:15:00Z,no,1176.937,1175.534,finalized
2026-10-05T17:30:05.270482+00:00,KXBTC15M-26OCT051330-30,BTC,2026-10-05T17:30:00Z,yes,85250.58,85366.38,determined
2026-10-05T17:30:15.635082+00:00,KXETH15M-26OCT051330-30,ETH,2026-10-05T17:30:00Z,yes,2695.76,2700.22,determined
2026-10-05T17:30:16.208650+00:00,KXXRP15M-26OCT051330-30,XRP,2026-10-05T17:30:00Z,yes,1.4909,1.4955,finalized
2026-10-05T17:30:16.234191+00:00,KXDOGE15M-26OCT051330-30,DOGE,2026-10-05T17:30:00Z,yes,0.094405,0.0946083,determined
2026-10-05T17:30:16.264467+00:00,KXSOL15M-26OCT051330-30,SOL,2026-10-05T17:30:00Z,yes,119.549,119.9292,determined
2026-10-05T17:30:26.081915+00:00,KXWTI15M-26OCT051330-30,WTI,2026-10-05T17:30:00Z,no,90.04,90.02,finalized
2026-10-05T17:30:26.109774+00:00,KXPALLADIUM15M-26OCT051330-30,PALLADIUM,2026-10-05T17:30:00Z,yes,1175.534,1176.399,finalized
2026-10-05T17:30:26.637346+00:00,KXGOLD15M-26OCT051330-30,GOLD,2026-10-05T17:30:00Z,yes,4128.67,4129.97,finalized
2026-10-05T17:30:27.166238+00:00,KXPLATINUM15M-26OCT051330-30,PLATINUM,2026-10-05T17:30:00Z,yes,1713.314,1715.812,finalized
2026-10-05T17:30:27.193908+00:00,KXSILVER15M-26OCT051330-30,SILVER,2026-10-05T17:30:00Z,yes,60.943,60.947,finalized
2026-10-05T17:30:27.220271+00:00,KXCOPPER15M-26OCT051330-30,COPPER,2026-10-05T17:30:00Z,yes,6.63583,6.64050,finalized
2026-10-05T17:45:15.834550+00:00,KXBTC15M-26OCT051345-45,BTC,2026-10-05T17:45:00Z,no,85366.38,85319.11,finalized
2026-10-05T17:45:15.872701+00:00,KXETH15M-26OCT051345-45,ETH,2026-10-05T17:45:00Z,no,2700.22,2699.95,finalized
2026-10-05T17:45:16.410794+00:00,KXDOGE15M-26OCT051345-45,DOGE,2026-10-05T17:45:00Z,yes,0.094608,0.0946401,finalized
2026-10-05T17:45:16.516258+00:00,KXXRP15M-26OCT051345-45,XRP,2026-10-05T17:45:00Z,no,1.4955,1.4941,determined
2026-10-05T17:45:17.127299+00:00,KXSOL15M-26OCT051345-45,SOL,2026-10-05T17:45:00Z,no,119.9292,119.8612,finalized
2026-10-05T17:45:26.288962+00:00,KXPALLADIUM15M-26OCT051345-45,PALLADIUM,2026-10-05T17:45:00Z,no,1176.399,1176.243,finalized
2026-10-05T17:45:26.317360+00:00,KXGOLD15M-26OCT051345-45,GOLD,2026-10-05T17:45:00Z,yes,4129.97,4132.35,determined
2026-10-05T17:45:26.846316+00:00,KXPLATINUM15M-26OCT051345-45,PLATINUM,2026-10-05T17:45:00Z,yes,1715.812,1716.728,finalized
2026-10-05T17:45:26.874230+00:00,KXCOPPER15M-26OCT051345-45,COPPER,2026-10-05T17:45:00Z,no,6.6405,6.62905,finalized
2026-10-05T17:45:27.503819+00:00,KXWTI15M-26OCT051345-45,WTI,2026-10-05T17:45:00Z,no,90.02,89.73,finalized
2026-10-05T17:45:37.665338+00:00,KXSILVER15M-26OCT051345-45,SILVER,2026-10-05T17:45:00Z,yes,60.947,60.961,finalized
2026-10-05T18:00:05.462916+00:00,KXETH15M-26OCT051400-00,ETH,2026-10-05T18:00:00Z,yes,2699.95,2705.45,determined
2026-10-05T18:00:15.899828+00:00,KXDOGE15M-26OCT051400-00,DOGE,2026-10-05T18:00:00Z,yes,0.09464,0.0946789,finalized
2026-10-05T18:00:15.958989+00:00,KXBTC15M-26OCT051400-00,BTC,2026-10-05T18:00:00Z,yes,85319.11,85423.41,finalized
2026-10-05T18:00:16.521191+00:00,KXXRP15M-26OCT051400-00,XRP,2026-10-05T18:00:00Z,yes,1.4941,1.4965,determined
2026-10-05T18:00:17.144960+00:00,KXSOL15M-26OCT051400-00,SOL,2026-10-05T18:00:00Z,yes,119.8612,120.0377,finalized
2026-10-05T18:00:26.294616+00:00,KXPALLADIUM15M-26OCT051400-00,PALLADIUM,2026-10-05T18:00:00Z,yes,1176.243,1178.684,determined
2026-10-05T18:00:26.830190+00:00,KXCOPPER15M-26OCT051400-00,COPPER,2026-10-05T18:00:00Z,yes,6.62905,6.63892,determined
2026-10-05T18:00:26.864964+00:00,KXWTI15M-26OCT051400-00,WTI,2026-10-05T18:00:00Z,yes,89.73,90.00,determined
2026-10-05T18:00:27.428420+00:00,KXPLATINUM15M-26OCT051400-00,PLATINUM,2026-10-05T18:00:00Z,yes,1716.728,1721.172,determined
2026-10-05T18:00:27.460055+00:00,KXSILVER15M-26OCT051400-00,SILVER,2026-10-05T18:00:00Z,yes,60.961,61.031,determined
2026-10-05T18:00:37.142574+00:00,KXGOLD15M-26OCT051400-00,GOLD,2026-10-05T18:00:00Z,yes,4132.35,4136.84,finalized
2026-10-05T18:15:05.554783+00:00,KXDOGE15M-26OCT051415-15,DOGE,2026-10-05T18:15:00Z,yes,0.094678,0.0946924,determined
2026-10-05T18:15:06.112687+00:00,KXXRP15M-26OCT051415-15,XRP,2026-10-05T18:15:00Z,yes,1.4965,1.4974,determined
2026-10-05T18:15:06.731321+00:00,KXSOL15M-26OCT051415-15,SOL,2026-10-05T18:15:00Z,no,120.0377,119.9743,determined
2026-10-05T18:15:06.781609+00:00,KXBTC15M-26OCT051415-15,BTC,2026-10-05T18:15:00Z,yes,85423.41,85432.83,determined
2026-10-05T18:15:16.511256+00:00,KXETH15M-26OCT051415-15,ETH,2026-10-05T18:15:00Z,yes,2705.45,2706.49,determined
2026-10-05T18:15:26.227580+00:00,KXSILVER15M-26OCT051415-15,SILVER,2026-10-05T18:15:00Z,yes,61.031,61.097,determined
2026-10-05T18:15:26.285183+00:00,KXWTI15M-26OCT051415-15,WTI,2026-10-05T18:15:00Z,yes,90,90.01,determined
2026-10-05T18:15:26.856213+00:00,KXPALLADIUM15M-26OCT051415-15,PALLADIUM,2026-10-05T18:15:00Z,yes,1178.684,1178.962,finalized
2026-10-05T18:15:27.384531+00:00,KXGOLD15M-26OCT051415-15,GOLD,2026-10-05T18:15:00Z,no,4136.84,4136.22,finalized
2026-10-05T18:15:36.518368+00:00,KXPLATINUM15M-26OCT051415-15,PLATINUM,2026-10-05T18:15:00Z,yes,1721.172,1722.752,finalized
2026-10-05T18:15:37.048965+00:00,KXCOPPER15M-26OCT051415-15,COPPER,2026-10-05T18:15:00Z,no,6.63892,6.63886,finalized
2026-10-05T18:30:06.152991+00:00,KXXRP15M-26OCT051430-30,XRP,2026-10-05T18:30:00Z,yes,1.4974,1.5001,determined
2026-10-05T18:30:06.715118+00:00,KXDOGE15M-26OCT051430-30,DOGE,2026-10-05T18:30:00Z,yes,0.094692,0.0948332,determined
2026-10-05T18:30:15.903416+00:00,KXBTC15M-26OCT051430-30,BTC,2026-10-05T18:30:00Z,yes,85432.83,85579.27,finalized
2026-10-05T18:30:16.503065+00:00,KXSOL15M-26OCT051430-30,SOL,2026-10-05T18:30:00Z,yes,119.9743,120.0573,determined
2026-10-05T18:30:17.079442+00:00,KXETH15M-26OCT051430-30,ETH,2026-10-05T18:30:00Z,yes,2706.49,2708.92,finalized
2026-10-05T18:30:26.281757+00:00,KXSILVER15M-26OCT051430-30,SILVER,2026-10-05T18:30:00Z,yes,61.097,61.104,determined
2026-10-05T18:30:26.945279+00:00,KXWTI15M-26OCT051430-30,WTI,2026-10-05T18:30:00Z,no,90.01,89.32,determined
2026-10-05T18:30:27.479621+00:00,KXCOPPER15M-26OCT051430-30,COPPER,2026-10-05T18:30:00Z,yes,6.63886,6.63954,determined
2026-10-05T18:30:36.563023+00:00,KXPLATINUM15M-26OCT051430-30,PLATINUM,2026-10-05T18:30:00Z,yes,1722.752,1722.852,finalized
2026-10-05T18:30:36.591888+00:00,KXPALLADIUM15M-26OCT051430-30,PALLADIUM,2026-10-05T18:30:00Z,yes,1178.962,1179.485,finalized
2026-10-05T18:30:37.190104+00:00,KXGOLD15M-26OCT051430-30,GOLD,2026-10-05T18:30:00Z,yes,4136.22,4137.29,finalized
2026-10-05T18:45:15.926517+00:00,KXSOL15M-26OCT051445-45,SOL,2026-10-05T18:45:00Z,no,120.0573,120.0175,determined
2026-10-05T18:45:16.562594+00:00,KXETH15M-26OCT051445-45,ETH,2026-10-05T18:45:00Z,no,2708.92,2707.93,finalized
2026-10-05T18:45:16.591286+00:00,KXDOGE15M-26OCT051445-45,DOGE,2026-10-05T18:45:00Z,no,0.094833,0.0947323,finalized
2026-10-05T18:45:16.614528+00:00,KXBTC15M-26OCT051445-45,BTC,2026-10-05T18:45:00Z,yes,85579.27,85615.46,finalized
2026-10-05T18:45:17.193934+00:00,KXXRP15M-26OCT051445-45,XRP,2026-10-05T18:45:00Z,no,1.5001,1.4991,finalized
2026-10-05T18:45:26.377914+00:00,KXPLATINUM15M-26OCT051445-45,PLATINUM,2026-10-05T18:45:00Z,yes,1722.852,1724.291,determined
2026-10-05T18:45:26.905404+00:00,KXPALLADIUM15M-26OCT051445-45,PALLADIUM,2026-10-05T18:45:00Z,yes,1179.485,1179.750,determined
2026-10-05T18:45:27.433350+00:00,KXGOLD15M-26OCT051445-45,GOLD,2026-10-05T18:45:00Z,yes,4137.29,4137.65,determined
2026-10-05T18:45:36.587833+00:00,KXWTI15M-26OCT051445-45,WTI,2026-10-05T18:45:00Z,no,89.32,88.96,determined
2026-10-05T18:45:36.618787+00:00,KXCOPPER15M-26OCT051445-45,COPPER,2026-10-05T18:45:00Z,yes,6.63954,6.64069,finalized
2026-10-05T18:45:37.649936+00:00,KXSILVER15M-26OCT051445-45,SILVER,2026-10-05T18:45:00Z,yes,61.104,61.142,finalized
2026-10-05T19:00:05.942582+00:00,KXDOGE15M-26OCT051500-00,DOGE,2026-10-05T19:00:00Z,yes,0.094732,0.0949340,determined
2026-10-05T19:00:15.340981+00:00,KXXRP15M-26OCT051500-00,XRP,2026-10-05T19:00:00Z,yes,1.4991,1.4996,finalized
2026-10-05T19:00:16.403588+00:00,KXETH15M-26OCT051500-00,ETH,2026-10-05T19:00:00Z,yes,2707.93,2709.97,finalized
2026-10-05T19:00:16.983805+00:00,KXBTC15M-26OCT051500-00,BTC,2026-10-05T19:00:00Z,yes,85615.46,85652.99,finalized
2026-10-05T19:00:17.019554+00:00,KXSOL15M-26OCT051500-00,SOL,2026-10-05T19:00:00Z,yes,120.0175,120.0910,determined
2026-10-05T19:00:25.737456+00:00,KXSILVER15M-26OCT051500-00,SILVER,2026-10-05T19:00:00Z,yes,61.142,61.242,determined
2026-10-05T19:00:26.296035+00:00,KXPLATINUM15M-26OCT051500-00,PLATINUM,2026-10-05T19:00:00Z,yes,1724.291,1726.852,determined
2026-10-05T19:00:26.822183+00:00,KXGOLD15M-26OCT051500-00,GOLD,2026-10-05T19:00:00Z,yes,4137.65,4142.97,determined
2026-10-05T19:00:26.848879+00:00,KXWTI15M-26OCT051500-00,WTI,2026-10-05T19:00:00Z,no,88.96,88.87,determined
2026-10-05T19:00:27.375668+00:00,KXPALLADIUM15M-26OCT051500-00,PALLADIUM,2026-10-05T19:00:00Z,yes,1179.75,1181.320,determined
2026-10-05T19:00:36.021175+00:00,KXCOPPER15M-26OCT051500-00,COPPER,2026-10-05T19:00:00Z,yes,6.64069,6.64383,determined
2026-10-05T19:15:05.875154+00:00,KXSOL15M-26OCT051515-15,SOL,2026-10-05T19:15:00Z,yes,120.091,120.2163,determined
2026-10-05T19:15:05.959238+00:00,KXXRP15M-26OCT051515-15,XRP,2026-10-05T19:15:00Z,yes,1.4996,1.4998,determined
2026-10-05T19:15:15.720556+00:00,KXBTC15M-26OCT051515-15,BTC,2026-10-05T19:15:00Z,yes,85652.99,85684.11,finalized
2026-10-05T19:15:15.784673+00:00,KXETH15M-26OCT051515-15,ETH,2026-10-05T19:15:00Z,yes,2709.97,2710.10,determined
2026-10-05T19:15:16.902989+00:00,KXDOGE15M-26OCT051515-15,DOGE,2026-10-05T19:15:00Z,no,0.094934,0.0948884,finalized
2026-10-05T19:15:26.153084+00:00,KXCOPPER15M-26OCT051515-15,COPPER,2026-10-05T19:15:00Z,yes,6.64383,6.64401,determined
2026-10-05T19:15:26.682148+00:00,KXWTI15M-26OCT051515-15,WTI,2026-10-05T19:15:00Z,yes,88.87,89.02,determined
2026-10-05T19:15:27.266258+00:00,KXSILVER15M-26OCT051515-15,SILVER,2026-10-05T19:15:00Z,no,61.242,61.216,determined
2026-10-05T19:15:36.429246+00:00,KXGOLD15M-26OCT051515-15,GOLD,2026-10-05T19:15:00Z,no,4142.97,4141.63,finalized
2026-10-05T19:15:36.960493+00:00,KXPLATINUM15M-26OCT051515-15,PLATINUM,2026-10-05T19:15:00Z,no,1726.852,1725.542,finalized
2026-10-05T19:15:37.494550+00:00,KXPALLADIUM15M-26OCT051515-15,PALLADIUM,2026-10-05T19:15:00Z,no,1181.32,1180.075,finalized
2026-10-05T19:30:05.231913+00:00,KXXRP15M-26OCT051530-30,XRP,2026-10-05T19:30:00Z,yes,1.4998,1.5023,determined
2026-10-05T19:30:05.841941+00:00,KXSOL15M-26OCT051530-30,SOL,2026-10-05T19:30:00Z,no,120.2163,120.1195,determined
2026-10-05T19:30:15.676384+00:00,KXBTC15M-26OCT051530-30,BTC,2026-10-05T19:30:00Z,yes,85684.11,85731.12,determined
2026-10-05T19:30:15.711899+00:00,KXETH15M-26OCT051530-30,ETH,2026-10-05T19:30:00Z,no,2710.1,2709.94,determined
2026-10-05T19:30:16.330635+00:00,KXDOGE15M-26OCT051530-30,DOGE,2026-10-05T19:30:00Z,yes,0.094888,0.0953390,finalized
2026-10-05T19:30:26.114555+00:00,KXGOLD15M-26OCT051530-30,GOLD,2026-10-05T19:30:00Z,yes,4141.63,4142.35,finalized
2026-10-05T19:30:26.642909+00:00,KXWTI15M-26OCT051530-30,WTI,2026-10-05T19:30:00Z,no,89.02,88.94,finalized
2026-10-05T19:30:26.680330+00:00,KXPLATINUM15M-26OCT051530-30,PLATINUM,2026-10-05T19:30:00Z,no,1725.542,1725.413,finalized
2026-10-05T19:30:27.213522+00:00,KXSILVER15M-26OCT051530-30,SILVER,2026-10-05T19:30:00Z,yes,61.216,61.239,determined
2026-10-05T19:30:27.248025+00:00,KXCOPPER15M-26OCT051530-30,COPPER,2026-10-05T19:30:00Z,yes,6.64401,6.64610,finalized
2026-10-05T19:30:27.279229+00:00,KXPALLADIUM15M-26OCT051530-30,PALLADIUM,2026-10-05T19:30:00Z,no,1180.075,1178.657,finalized
2026-10-05T19:45:05.531120+00:00,KXETH15M-26OCT051545-45,ETH,2026-10-05T19:45:00Z,no,2709.94,2709.73,determined
2026-10-05T19:45:05.592068+00:00,KXBTC15M-26OCT051545-45,BTC,2026-10-05T19:45:00Z,no,85731.12,85718.26,determined
2026-10-05T19:45:06.819093+00:00,KXXRP15M-26OCT051545-45,XRP,2026-10-05T19:45:00Z,no,1.5023,1.5010,determined
2026-10-05T19:45:16.558834+00:00,KXSOL15M-26OCT051545-45,SOL,2026-10-05T19:45:00Z,no,120.1195,120.0882,finalized
2026-10-05T19:45:16.584993+00:00,KXDOGE15M-26OCT051545-45,DOGE,2026-10-05T19:45:00Z,no,0.095339,0.0952444,finalized
2026-10-05T19:45:26.320928+00:00,KXSILVER15M-26OCT051545-45,SILVER,2026-10-05T19:45:00Z,no,61.239,61.176,determined
2026-10-05T19:45:26.349274+00:00,KXWTI15M-26OCT051545-45,WTI,2026-10-05T19:45:00Z,yes,88.94,89.07,determined
2026-10-05T19:45:27.426043+00:00,KXCOPPER15M-26OCT051545-45,COPPER,2026-10-05T19:45:00Z,yes,6.6461,6.64669,determined
2026-10-05T19:45:27.449294+00:00,KXPALLADIUM15M-26OCT051545-45,PALLADIUM,2026-10-05T19:45:00Z,yes,1178.657,1178.853,determined
2026-10-05T19:45:37.134092+00:00,KXGOLD15M-26OCT051545-45,GOLD,2026-10-05T19:45:00Z,yes,4142.35,4142.44,finalized
2026-10-05T19:45:37.166944+00:00,KXPLATINUM15M-26OCT051545-45,PLATINUM,2026-10-05T19:45:00Z,no,1725.413,1724.982,finalized
2026-10-05T20:00:05.129537+00:00,KXXRP15M-26OCT051600-00,XRP,2026-10-05T20:00:00Z,yes,1.501,1.5033,determined
2026-10-05T20:00:15.599436+00:00,KXBTC15M-26OCT051600-00,BTC,2026-10-05T20:00:00Z,yes,85718.26,85729.81,determined
2026-10-05T20:00:15.628494+00:00,KXDOGE15M-26OCT051600-00,DOGE,2026-10-05T20:00:00Z,yes,0.095244,0.0954328,determined
2026-10-05T20:00:16.251900+00:00,KXETH15M-26OCT051600-00,ETH,2026-10-05T20:00:00Z,no,2709.73,2708.66,determined
2026-10-05T20:00:16.281988+00:00,KXSOL15M-26OCT051600-00,SOL,2026-10-05T20:00:00Z,yes,120.0882,120.2302,finalized
2026-10-05T20:00:26.022907+00:00,KXGOLD15M-26OCT051600-00,GOLD,2026-10-05T20:00:00Z,no,4142.44,4140.65,determined
2026-10-05T20:00:26.559966+00:00,KXPLATINUM15M-26OCT051600-00,PLATINUM,2026-10-05T20:00:00Z,no,1724.982,1722.831,determined
2026-10-05T20:00:26.595601+00:00,KXPALLADIUM15M-26OCT051600-00,PALLADIUM,2026-10-05T20:00:00Z,no,1178.853,1177.409,determined
2026-10-05T20:00:27.124049+00:00,KXWTI15M-26OCT051600-00,WTI,2026-10-05T20:00:00Z,yes,89.07,89.24,determined
2026-10-05T20:00:27.151837+00:00,KXCOPPER15M-26OCT051600-00,COPPER,2026-10-05T20:00:00Z,no,6.64669,6.64055,determined
2026-10-05T20:00:27.181722+00:00,KXSILVER15M-26OCT051600-00,SILVER,2026-10-05T20:00:00Z,no,61.176,61.049,determined
2026-10-05T20:15:06.139825+00:00,KXBTC15M-26OCT051615-15,BTC,2026-10-05T20:15:00Z,no,85729.81,85679.51,determined
2026-10-05T20:15:06.805418+00:00,KXXRP15M-26OCT051615-15,XRP,2026-10-05T20:15:00Z,no,1.5033,1.5030,determined
2026-10-05T20:15:16.006316+00:00,KXETH15M-26OCT051615-15,ETH,2026-10-05T20:15:00Z,no,2708.66,2707.29,finalized
2026-10-05T20:15:16.039026+00:00,KXDOGE15M-26OCT051615-15,DOGE,2026-10-05T20:15:00Z,yes,0.095432,0.0957214,finalized
2026-10-05T20:15:16.602920+00:00,KXSOL15M-26OCT051615-15,SOL,2026-10-05T20:15:00Z,no,120.2302,120.1852,finalized
2026-10-05T20:15:26.326225+00:00,KXGOLD15M-26OCT051615-15,GOLD,2026-10-05T20:15:00Z,no,4140.65,4138.95,determined
2026-10-05T20:15:26.356440+00:00,KXSILVER15M-26OCT051615-15,SILVER,2026-10-05T20:15:00Z,yes,61.049,61.077,finalized
2026-10-05T20:15:26.887168+00:00,KXPLATINUM15M-26OCT051615-15,PLATINUM,2026-10-05T20:15:00Z,no,1722.831,1722.084,finalized
2026-10-05T20:15:26.917460+00:00,KXWTI15M-26OCT051615-15,WTI,2026-10-05T20:15:00Z,yes,89.24,89.33,finalized
2026-10-05T20:15:27.446623+00:00,KXCOPPER15M-26OCT051615-15,COPPER,2026-10-05T20:15:00Z,no,6.64055,6.64039,finalized
2026-10-05T20:15:27.479779+00:00,KXPALLADIUM15M-26OCT051615-15,PALLADIUM,2026-10-05T20:15:00Z,no,1177.409,1176.772,finalized
2026-10-05T20:30:05.205759+00:00,KXBTC15M-26OCT051630-30,BTC,2026-10-05T20:30:00Z,yes,85679.51,85770.80,determined
2026-10-05T20:30:05.855305+00:00,KXETH15M-26OCT051630-30,ETH,2026-10-05T20:30:00Z,yes,2707.29,2711.34,determined
2026-10-05T20:30:05.884999+00:00,KXDOGE15M-26OCT051630-30,DOGE,2026-10-05T20:30:00Z,yes,0.095721,0.0957426,determined
2026-10-05T20:30:15.715431+00:00,KXSOL15M-26OCT051630-30,SOL,2026-10-05T20:30:00Z,yes,120.1852,120.2298,finalized
2026-10-05T20:30:16.277468+00:00,KXXRP15M-26OCT051630-30,XRP,2026-10-05T20:30:00Z,yes,1.503,1.5036,finalized
2026-10-05T20:30:26.045062+00:00,KXWTI15M-26OCT051630-30,WTI,2026-10-05T20:30:00Z,no,89.33,89.19,finalized
2026-10-05T20:30:26.079459+00:00,KXSILVER15M-26OCT051630-30,SILVER,2026-10-05T20:30:00Z,yes,61.077,61.087,determined
2026-10-05T20:30:26.610392+00:00,KXCOPPER15M-26OCT051630-30,COPPER,2026-10-05T20:30:00Z,no,6.64039,6.63800,finalized
2026-10-05T20:30:27.145098+00:00,KXPLATINUM15M-26OCT051630-30,PLATINUM,2026-10-05T20:30:00Z,yes,1722.084,1722.468,finalized
2026-10-05T20:30:27.174251+00:00,KXPALLADIUM15M-26OCT051630-30,PALLADIUM,2026-10-05T20:30:00Z,yes,1176.772,1177.162,finalized
2026-10-05T20:30:37.330354+00:00,KXGOLD15M-26OCT051630-30,GOLD,2026-10-05T20:30:00Z,yes,4138.95,4141.07,finalized
2026-10-05T20:45:05.956055+00:00,KXDOGE15M-26OCT051645-45,DOGE,2026-10-05T20:45:00Z,no,0.095742,0.0957314,determined
2026-10-05T20:45:06.575960+00:00,KXBTC15M-26OCT051645-45,BTC,2026-10-05T20:45:00Z,yes,85770.8,85787.94,determined
2026-10-05T20:45:15.832978+00:00,KXETH15M-26OCT051645-45,ETH,2026-10-05T20:45:00Z,yes,2711.34,2713.78,finalized
2026-10-05T20:45:15.905797+00:00,KXSOL15M-26OCT051645-45,SOL,2026-10-05T20:45:00Z,yes,120.2298,120.4745,finalized
2026-10-05T20:45:15.943779+00:00,KXXRP15M-26OCT051645-45,XRP,2026-10-05T20:45:00Z,yes,1.5036,1.5050,finalized
2026-10-05T20:45:17.126299+00:00,KXWTI15M-26OCT051645-45,WTI,2026-10-05T20:45:00Z,no,89.19,89.15,determined
2026-10-05T20:45:26.302241+00:00,KXCOPPER15M-26OCT051645-45,COPPER,2026-10-05T20:45:00Z,no,6.638,6.63795,finalized
2026-10-05T20:45:26.830717+00:00,KXGOLD15M-26OCT051645-45,GOLD,2026-10-05T20:45:00Z,no,4141.07,4140.12,finalized
2026-10-05T20:45:26.856781+00:00,KXPLATINUM15M-26OCT051645-45,PLATINUM,2026-10-05T20:45:00Z,yes,1722.468,1723.330,finalized
2026-10-05T20:45:26.885439+00:00,KXPALLADIUM15M-26OCT051645-45,PALLADIUM,2026-10-05T20:45:00Z,yes,1177.162,1177.300,finalized
2026-10-05T20:45:27.414778+00:00,KXSILVER15M-26OCT051645-45,SILVER,2026-10-05T20:45:00Z,no,61.087,61.066,finalized
2026-10-05T21:00:05.486563+00:00,KXETH15M-26OCT051700-00,ETH,2026-10-05T21:00:00Z,no,2713.78,2713.14,determined
2026-10-05T21:00:05.578930+00:00,KXXRP15M-26OCT051700-00,XRP,2026-10-05T21:00:00Z,yes,1.505,1.5054,determined
2026-10-05T21:00:06.881524+00:00,KXSOL15M-26OCT051700-00,SOL,2026-10-05T21:00:00Z,yes,120.4745,120.6502,determined
2026-10-05T21:00:15.606429+00:00,KXDOGE15M-26OCT051700-00,DOGE,2026-10-05T21:00:00Z,no,0.095731,0.0956582,determined
2026-10-05T21:00:16.735936+00:00,KXBTC15M-26OCT051700-00,BTC,2026-10-05T21:00:00Z,yes,85787.94,85791.70,finalized
2026-10-05T21:00:25.945630+00:00,KXCOPPER15M-26OCT051700-00,COPPER,2026-10-05T21:00:00Z,no,6.63795,6.63273,finalized
2026-10-05T21:00:26.475158+00:00,KXWTI15M-26OCT051700-00,WTI,2026-10-05T21:00:00Z,yes,89.15,89.28,finalized
2026-10-05T21:00:26.504279+00:00,KXPALLADIUM15M-26OCT051700-00,PALLADIUM,2026-10-05T21:00:00Z,no,1177.3,1176.744,finalized
2026-10-05T21:00:27.566727+00:00,KXSILVER15M-26OCT051700-00,SILVER,2026-10-05T21:00:00Z,yes,61.066,61.070,finalized
2026-10-05T21:00:27.595946+00:00,KXPLATINUM15M-26OCT051700-00,PLATINUM,2026-10-05T21:00:00Z,yes,1723.33,1725.216,finalized
2026-10-05T21:00:37.237245+00:00,KXGOLD15M-26OCT051700-00,GOLD,2026-10-05T21:00:00Z,yes,4140.12,4140.31,finalized
2026-10-05T21:15:05.424046+00:00,KXDOGE15M-26OCT051715-15,DOGE,2026-10-05T21:15:00Z,no,0.095658,0.0954978,determined
2026-10-05T21:15:05.476071+00:00,KXBTC15M-26OCT051715-15,BTC,2026-10-05T21:15:00Z,no,85791.7,85733.20,determined
2026-10-05T21:15:06.080917+00:00,KXSOL15M-26OCT051715-15,SOL,2026-10-05T21:15:00Z,yes,120.6502,120.7178,determined
2026-10-05T21:15:15.780799+00:00,KXETH15M-26OCT051715-15,ETH,2026-10-05T21:15:00Z,no,2713.14,2711.58,determined
2026-10-05T21:15:15.811070+00:00,KXXRP15M-26OCT051715-15,XRP,2026-10-05T21:15:00Z,no,1.5054,1.5046,finalized
2026-10-05T21:15:36.692521+00:00,KXWTI15M-26OCT051715-15,WTI,2026-10-05T21:15:00Z,yes,89.28,89.33,finalized
2026-10-05T21:30:05.801480+00:00,KXXRP15M-26OCT051730-30,XRP,2026-10-05T21:30:00Z,yes,1.5046,1.5051,determined
2026-10-05T21:30:15.447258+00:00,KXDOGE15M-26OCT051730-30,DOGE,2026-10-05T21:30:00Z,yes,0.095497,0.0955915,finalized
2026-10-05T21:30:15.477845+00:00,KXSOL15M-26OCT051730-30,SOL,2026-10-05T21:30:00Z,no,120.7178,120.6882,determined
2026-10-05T21:30:15.513367+00:00,KXETH15M-26OCT051730-30,ETH,2026-10-05T21:30:00Z,yes,2711.58,2713.56,finalized
2026-10-05T21:30:16.074483+00:00,KXBTC15M-26OCT051730-30,BTC,2026-10-05T21:30:00Z,yes,85733.2,85805.68,finalized
2026-10-05T21:30:35.869122+00:00,KXWTI15M-26OCT051730-30,WTI,2026-10-05T21:30:00Z,no,89.33,89.05,finalized
2026-10-05T21:45:05.553411+00:00,KXDOGE15M-26OCT051745-45,DOGE,2026-10-05T21:45:00Z,yes,0.095591,0.0956266,determined
2026-10-05T21:45:06.164855+00:00,KXETH15M-26OCT051745-45,ETH,2026-10-05T21:45:00Z,yes,2713.56,2715.55,determined
2026-10-05T21:45:06.203542+00:00,KXBTC15M-26OCT051745-45,BTC,2026-10-05T21:45:00Z,yes,85805.68,85912.96,determined
2026-10-05T21:45:15.847501+00:00,KXSOL15M-26OCT051745-45,SOL,2026-10-05T21:45:00Z,yes,120.6882,120.6977,determined
2026-10-05T21:45:15.914993+00:00,KXXRP15M-26OCT051745-45,XRP,2026-10-05T21:45:00Z,yes,1.5051,1.5065,finalized
2026-10-05T21:45:26.070515+00:00,KXWTI15M-26OCT051745-45,WTI,2026-10-05T21:45:00Z,no,89.05,88.90,determined
2026-10-05T22:00:05.424172+00:00,KXETH15M-26OCT051800-00,ETH,2026-10-05T22:00:00Z,yes,2715.55,2717.89,determined
2026-10-05T22:00:15.615671+00:00,KXBTC15M-26OCT051800-00,BTC,2026-10-05T22:00:00Z,yes,85912.96,85952.42,determined
2026-10-05T22:00:15.644489+00:00,KXSOL15M-26OCT051800-00,SOL,2026-10-05T22:00:00Z,yes,120.6977,120.7980,finalized
2026-10-05T22:00:15.673936+00:00,KXDOGE15M-26OCT051800-00,DOGE,2026-10-05T22:00:00Z,yes,0.095626,0.0957422,finalized
2026-10-05T22:00:16.203756+00:00,KXXRP15M-26OCT051800-00,XRP,2026-10-05T22:00:00Z,yes,1.5065,1.5081,finalized
2026-10-05T22:00:26.395192+00:00,KXWTI15M-26OCT051800-00,WTI,2026-10-05T22:00:00Z,yes,88.9,89.09,determined
2026-10-05T22:15:05.114504+00:00,KXETH15M-26OCT051815-15,ETH,2026-10-05T22:15:00Z,yes,2717.89,2719.04,determined
2026-10-05T22:15:05.753098+00:00,KXXRP15M-26OCT051815-15,XRP,2026-10-05T22:15:00Z,yes,1.5081,1.5146,determined
2026-10-05T22:15:15.491242+00:00,KXBTC15M-26OCT051815-15,BTC,2026-10-05T22:15:00Z,yes,85952.42,85962.14,finalized
2026-10-05T22:15:15.540519+00:00,KXSOL15M-26OCT051815-15,SOL,2026-10-05T22:15:00Z,yes,120.798,121.5132,finalized
2026-10-05T22:15:15.574778+00:00,KXDOGE15M-26OCT051815-15,DOGE,2026-10-05T22:15:00Z,yes,0.095742,0.0959874,finalized
2026-10-05T22:15:26.273692+00:00,KXWTI15M-26OCT051815-15,WTI,2026-10-05T22:15:00Z,yes,89.09,89.27,finalized
2026-10-05T22:30:15.544537+00:00,KXBTC15M-26OCT051830-30,BTC,2026-10-05T22:30:00Z,yes,85962.14,85978.33,finalized
2026-10-05T22:30:16.139916+00:00,KXSOL15M-26OCT051830-30,SOL,2026-10-05T22:30:00Z,no,121.5132,121.4182,finalized
2026-10-05T22:30:16.178795+00:00,KXXRP15M-26OCT051830-30,XRP,2026-10-05T22:30:00Z,no,1.5146,1.5120,finalized
2026-10-05T22:30:16.210083+00:00,KXETH15M-26OCT051830-30,ETH,2026-10-05T22:30:00Z,no,2719.04,2716.09,finalized
2026-10-05T22:30:16.846795+00:00,KXDOGE15M-26OCT051830-30,DOGE,2026-10-05T22:30:00Z,no,0.095987,0.0959564,finalized
2026-10-05T22:30:25.538987+00:00,KXPALLADIUM15M-26OCT051830-30,PALLADIUM,2026-10-05T22:30:00Z,yes,1179.977,1181.602,determined
2026-10-05T22:30:26.097095+00:00,KXCOPPER15M-26OCT051830-30,COPPER,2026-10-05T22:30:00Z,yes,6.64074,6.64238,determined
2026-10-05T22:30:26.623995+00:00,KXSILVER15M-26OCT051830-30,SILVER,2026-10-05T22:30:00Z,yes,61.086,61.132,determined
2026-10-05T22:30:27.152615+00:00,KXWTI15M-26OCT051830-30,WTI,2026-10-05T22:30:00Z,no,89.27,89.24,determined
2026-10-05T22:30:27.178958+00:00,KXPLATINUM15M-26OCT051830-30,PLATINUM,2026-10-05T22:30:00Z,yes,1726.541,1727.983,determined
2026-10-05T22:30:35.841125+00:00,KXGOLD15M-26OCT051830-30,GOLD,2026-10-05T22:30:00Z,no,4143.06,4142.83,determined
2026-10-05T22:45:06.366960+00:00,KXXRP15M-26OCT051845-45,XRP,2026-10-05T22:45:00Z,no,1.512,1.5119,determined
2026-10-05T22:45:15.468725+00:00,KXDOGE15M-26OCT051845-45,DOGE,2026-10-05T22:45:00Z,no,0.095956,0.0958341,finalized
2026-10-05T22:45:15.503045+00:00,KXSOL15M-26OCT051845-45,SOL,2026-10-05T22:45:00Z,no,121.4182,121.1672,determined
2026-10-05T22:45:15.563147+00:00,KXETH15M-26OCT051845-45,ETH,2026-10-05T22:45:00Z,yes,2716.09,2716.48,finalized
2026-10-05T22:45:16.154683+00:00,KXBTC15M-26OCT051845-45,BTC,2026-10-05T22:45:00Z,no,85978.33,85963.60,determined
2026-10-05T22:45:26.481240+00:00,KXGOLD15M-26OCT051845-45,GOLD,2026-10-05T22:45:00Z,yes,4142.83,4144.31,determined
2026-10-05T22:45:27.120804+00:00,KXPALLADIUM15M-26OCT051845-45,PALLADIUM,2026-10-05T22:45:00Z,no,1181.602,1180.950,determined
2026-10-05T22:45:36.261843+00:00,KXCOPPER15M-26OCT051845-45,COPPER,2026-10-05T22:45:00Z,no,6.64238,6.64180,determined
2026-10-05T22:45:36.794466+00:00,KXWTI15M-26OCT051845-45,WTI,2026-10-05T22:45:00Z,yes,89.24,89.24,determined
2026-10-05T22:45:36.825011+00:00,KXPLATINUM15M-26OCT051845-45,PLATINUM,2026-10-05T22:45:00Z,no,1727.983,1727.267,determined
2026-10-05T22:45:37.390332+00:00,KXSILVER15M-26OCT051845-45,SILVER,2026-10-05T22:45:00Z,yes,61.132,61.138,finalized
2026-10-05T23:00:05.140053+00:00,KXXRP15M-26OCT051900-00,XRP,2026-10-05T23:00:00Z,no,1.5119,1.5108,determined
2026-10-05T23:00:05.744533+00:00,KXBTC15M-26OCT051900-00,BTC,2026-10-05T23:00:00Z,no,85963.6,85925.79,determined
2026-10-05T23:00:15.448743+00:00,KXETH15M-26OCT051900-00,ETH,2026-10-05T23:00:00Z,no,2716.48,2715.72,determined
2026-10-05T23:00:15.510527+00:00,KXSOL15M-26OCT051900-00,SOL,2026-10-05T23:00:00Z,no,121.1672,121.0112,finalized
2026-10-05T23:00:16.071908+00:00,KXDOGE15M-26OCT051900-00,DOGE,2026-10-05T23:00:00Z,no,0.095834,0.0956643,determined
2026-10-05T23:00:25.825825+00:00,KXWTI15M-26OCT051900-00,WTI,2026-10-05T23:00:00Z,no,89.24,89.22,finalized
2026-10-05T23:00:26.356688+00:00,KXGOLD15M-26OCT051900-00,GOLD,2026-10-05T23:00:00Z,no,4144.31,4140.94,finalized
2026-10-05T23:00:26.387598+00:00,KXPLATINUM15M-26OCT051900-00,PLATINUM,2026-10-05T23:00:00Z,no,1727.267,1724.235,finalized
2026-10-05T23:00:26.917964+00:00,KXSILVER15M-26OCT051900-00,SILVER,2026-10-05T23:00:00Z,no,61.138,61.097,finalized
2026-10-05T23:00:26.947749+00:00,KXCOPPER15M-26OCT051900-00,COPPER,2026-10-05T23:00:00Z,no,6.6418,6.64094,finalized
2026-10-05T23:00:26.976123+00:00,KXPALLADIUM15M-26OCT051900-00,PALLADIUM,2026-10-05T23:00:00Z,no,1180.95,1179.667,finalized
2026-10-05T23:15:05.256761+00:00,KXSOL15M-26OCT051915-15,SOL,2026-10-05T23:15:00Z,no,121.0112,120.8223,determined
2026-10-05T23:15:05.316993+00:00,KXXRP15M-26OCT051915-15,XRP,2026-10-05T23:15:00Z,no,1.5108,1.5089,determined
2026-10-05T23:15:16.400859+00:00,KXBTC15M-26OCT051915-15,BTC,2026-10-05T23:15:00Z,no,85925.79,85868.65,finalized
2026-10-05T23:15:16.430895+00:00,KXDOGE15M-26OCT051915-15,DOGE,2026-10-05T23:15:00Z,no,0.095664,0.0955568,finalized
2026-10-05T23:15:17.043559+00:00,KXETH15M-26OCT051915-15,ETH,2026-10-05T23:15:00Z,no,2715.72,2714.24,finalized
2026-10-05T23:15:26.166663+00:00,KXPLATINUM15M-26OCT051915-15,PLATINUM,2026-10-05T23:15:00Z,no,1724.235,1717.680,finalized
2026-10-05T23:15:26.214247+00:00,KXGOLD15M-26OCT051915-15,GOLD,2026-10-05T23:15:00Z,no,4140.94,4138.61,finalized
2026-10-05T23:15:26.832488+00:00,KXSILVER15M-26OCT051915-15,SILVER,2026-10-05T23:15:00Z,no,61.097,61.025,finalized
2026-10-05T23:15:27.364127+00:00,KXWTI15M-26OCT051915-15,WTI,2026-10-05T23:15:00Z,yes,89.22,89.22,finalized
2026-10-05T23:15:27.395012+00:00,KXPALLADIUM15M-26OCT051915-15,PALLADIUM,2026-10-05T23:15:00Z,no,1179.667,1177.483,finalized
2026-10-05T23:15:37.030725+00:00,KXCOPPER15M-26OCT051915-15,COPPER,2026-10-05T23:15:00Z,no,6.64094,6.63920,finalized
2026-10-05T23:30:05.263420+00:00,KXBTC15M-26OCT051930-30,BTC,2026-10-05T23:30:00Z,yes,85868.65,85917.79,determined
2026-10-05T23:30:05.824620+00:00,KXSOL15M-26OCT051930-30,SOL,2026-10-05T23:30:00Z,no,120.8223,120.8158,determined
2026-10-05T23:30:05.853919+00:00,KXXRP15M-26OCT051930-30,XRP,2026-10-05T23:30:00Z,yes,1.5089,1.5103,determined
2026-10-05T23:30:06.413977+00:00,KXETH15M-26OCT051930-30,ETH,2026-10-05T23:30:00Z,yes,2714.24,2715.65,determined
2026-10-05T23:30:15.643491+00:00,KXDOGE15M-26OCT051930-30,DOGE,2026-10-05T23:30:00Z,no,0.095556,0.0955533,finalized
2026-10-05T23:30:25.975653+00:00,KXWTI15M-26OCT051930-30,WTI,2026-10-05T23:30:00Z,no,89.22,89.17,determined
2026-10-05T23:30:26.539596+00:00,KXCOPPER15M-26OCT051930-30,COPPER,2026-10-05T23:30:00Z,yes,6.6392,6.64183,determined
2026-10-05T23:30:27.109674+00:00,KXSILVER15M-26OCT051930-30,SILVER,2026-10-05T23:30:00Z,yes,61.025,61.075,determined
2026-10-05T23:30:27.145551+00:00,KXPALLADIUM15M-26OCT051930-30,PALLADIUM,2026-10-05T23:30:00Z,no,1177.483,1177.230,determined
2026-10-05T23:30:36.304420+00:00,KXGOLD15M-26OCT051930-30,GOLD,2026-10-05T23:30:00Z,yes,4138.61,4140.24,finalized
2026-10-05T23:30:36.835337+00:00,KXPLATINUM15M-26OCT051930-30,PLATINUM,2026-10-05T23:30:00Z,yes,1717.68,1720.951,finalized
2026-10-05T23:45:06.832396+00:00,KXDOGE15M-26OCT051945-45,DOGE,2026-10-05T23:45:00Z,no,0.095553,0.0955215,determined
2026-10-05T23:45:16.648683+00:00,KXSOL15M-26OCT051945-45,SOL,2026-10-05T23:45:00Z,no,120.8158,120.7687,finalized
2026-10-05T23:45:16.743001+00:00,KXETH15M-26OCT051945-45,ETH,2026-10-05T23:45:00Z,no,2715.65,2714.14,finalized
2026-10-05T23:45:17.274919+00:00,KXBTC15M-26OCT051945-45,BTC,2026-10-05T23:45:00Z,no,85917.79,85831.89,finalized
2026-10-05T23:45:17.307013+00:00,KXXRP15M-26OCT051945-45,XRP,2026-10-05T23:45:00Z,no,1.5103,1.5098,finalized
2026-10-05T23:45:26.475561+00:00,KXWTI15M-26OCT051945-45,WTI,2026-10-05T23:45:00Z,yes,89.17,89.17,finalized
2026-10-05T23:45:26.506056+00:00,KXCOPPER15M-26OCT051945-45,COPPER,2026-10-05T23:45:00Z,no,6.64183,6.64126,finalized
2026-10-05T23:45:26.535734+00:00,KXGOLD15M-26OCT051945-45,GOLD,2026-10-05T23:45:00Z,no,4140.24,4137.09,determined
2026-10-05T23:45:26.564983+00:00,KXSILVER15M-26OCT051945-45,SILVER,2026-10-05T23:45:00Z,no,61.075,60.998,finalized
2026-10-05T23:45:27.098031+00:00,KXPLATINUM15M-26OCT051945-45,PLATINUM,2026-10-05T23:45:00Z,no,1720.951,1720.590,finalized
2026-10-05T23:45:27.127325+00:00,KXPALLADIUM15M-26OCT051945-45,PALLADIUM,2026-10-05T23:45:00Z,no,1177.23,1176.300,finalized
2026-10-06T00:00:06.103807+00:00,KXXRP15M-26OCT052000-00,XRP,2026-10-06T00:00:00Z,no,1.5098,1.5077,determined
2026-10-06T00:00:15.945462+00:00,KXBTC15M-26OCT052000-00,BTC,2026-10-06T00:00:00Z,no,85831.89,85776.00,finalized
2026-10-06T00:00:16.537918+00:00,KXSOL15M-26OCT052000-00,SOL,2026-10-06T00:00:00Z,yes,120.7687,120.7718,finalized
2026-10-06T00:00:16.566973+00:00,KXETH15M-26OCT052000-00,ETH,2026-10-06T00:00:00Z,no,2714.14,2710.59,finalized
2026-10-06T00:00:17.100104+00:00,KXDOGE15M-26OCT052000-00,DOGE,2026-10-06T00:00:00Z,no,0.095521,0.0954528,finalized
2026-10-06T00:00:26.333970+00:00,KXSILVER15M-26OCT052000-00,SILVER,2026-10-06T00:00:00Z,no,60.998,60.927,finalized
2026-10-06T00:00:26.366366+00:00,KXWTI15M-26OCT052000-00,WTI,2026-10-06T00:00:00Z,yes,89.17,89.21,determined
2026-10-06T00:00:26.396850+00:00,KXCOPPER15M-26OCT052000-00,COPPER,2026-10-06T00:00:00Z,no,6.64126,6.64006,finalized
2026-10-06T00:00:26.934449+00:00,KXPLATINUM15M-26OCT052000-00,PLATINUM,2026-10-06T00:00:00Z,no,1720.59,1720.506,finalized
2026-10-06T00:00:27.465336+00:00,KXPALLADIUM15M-26OCT052000-00,PALLADIUM,2026-10-06T00:00:00Z,yes,1176.3,1177.050,finalized
2026-10-06T00:00:27.496272+00:00,KXGOLD15M-26OCT052000-00,GOLD,2026-10-06T00:00:00Z,no,4137.09,4134.56,finalized
2026-10-06T00:15:05.187117+00:00,KXETH15M-26OCT052015-15,ETH,2026-10-06T00:15:00Z,yes,2710.59,2713.86,determined
2026-10-06T00:15:05.782827+00:00,KXSOL15M-26OCT052015-15,SOL,2026-10-06T00:15:00Z,yes,120.7718,120.8917,determined
2026-10-06T00:15:05.814614+00:00,KXDOGE15M-26OCT052015-15,DOGE,2026-10-06T00:15:00Z,no,0.095452,0.0954214,determined
2026-10-06T00:15:06.379990+00:00,KXBTC15M-26OCT052015-15,BTC,2026-10-06T00:15:00Z,yes,85776,85845.19,determined
2026-10-06T00:15:06.441422+00:00,KXXRP15M-26OCT052015-15,XRP,2026-10-06T00:15:00Z,yes,1.5077,1.5083,determined
2026-10-06T00:15:25.855341+00:00,KXSILVER15M-26OCT052015-15,SILVER,2026-10-06T00:15:00Z,yes,60.927,60.945,finalized
2026-10-06T00:15:25.899360+00:00,KXWTI15M-26OCT052015-15,WTI,2026-10-06T00:15:00Z,no,89.21,89.19,finalized
2026-10-06T00:15:25.939012+00:00,KXGOLD15M-26OCT052015-15,GOLD,2026-10-06T00:15:00Z,yes,4134.56,4136.16,finalized
2026-10-06T00:15:26.477729+00:00,KXPALLADIUM15M-26OCT052015-15,PALLADIUM,2026-10-06T00:15:00Z,yes,1177.05,1177.800,finalized
2026-10-06T00:15:26.516921+00:00,KXCOPPER15M-26OCT052015-15,COPPER,2026-10-06T00:15:00Z,yes,6.64006,6.64564,finalized
2026-10-06T00:15:27.054099+00:00,KXPLATINUM15M-26OCT052015-15,PLATINUM,2026-10-06T00:15:00Z,yes,1720.506,1721.037,finalized
2026-10-06T00:30:06.027797+00:00,KXSOL15M-26OCT052030-30,SOL,2026-10-06T00:30:00Z,no,120.8917,120.8587,determined
2026-10-06T00:30:06.100883+00:00,KXXRP15M-26OCT052030-30,XRP,2026-10-06T00:30:00Z,yes,1.5083,1.5084,determined
2026-10-06T00:30:06.151532+00:00,KXBTC15M-26OCT052030-30,BTC,2026-10-06T00:30:00Z,no,85845.19,85828.14,determined
2026-10-06T00:30:15.448970+00:00,KXDOGE15M-26OCT052030-30,DOGE,2026-10-06T00:30:00Z,no,0.095421,0.0952963,finalized
2026-10-06T00:30:16.051080+00:00,KXETH15M-26OCT052030-30,ETH,2026-10-06T00:30:00Z,no,2713.86,2713.18,determined
2026-10-06T00:30:25.863928+00:00,KXPALLADIUM15M-26OCT052030-30,PALLADIUM,2026-10-06T00:30:00Z,yes,1177.8,1179.546,finalized
2026-10-06T00:30:25.893885+00:00,KXGOLD15M-26OCT052030-30,GOLD,2026-10-06T00:30:00Z,yes,4136.16,4141.01,finalized
2026-10-06T00:30:25.924070+00:00,KXCOPPER15M-26OCT052030-30,COPPER,2026-10-06T00:30:00Z,yes,6.64564,6.65447,finalized
2026-10-06T00:30:27.451777+00:00,KXPLATINUM15M-26OCT052030-30,PLATINUM,2026-10-06T00:30:00Z,yes,1721.037,1725.237,determined
2026-10-06T00:30:27.478705+00:00,KXSILVER15M-26OCT052030-30,SILVER,2026-10-06T00:30:00Z,yes,60.945,61.054,finalized
2026-10-06T00:30:27.505774+00:00,KXWTI15M-26OCT052030-30,WTI,2026-10-06T00:30:00Z,yes,89.19,89.29,finalized
2026-10-06T00:45:05.241234+00:00,KXXRP15M-26OCT052045-45,XRP,2026-10-06T00:45:00Z,no,1.5084,1.5066,determined
2026-10-06T00:45:05.908895+00:00,KXSOL15M-26OCT052045-45,SOL,2026-10-06T00:45:00Z,no,120.8587,120.8372,determined
2026-10-06T00:45:06.578938+00:00,KXDOGE15M-26OCT052045-45,DOGE,2026-10-06T00:45:00Z,no,0.095296,0.0952091,determined
2026-10-06T00:45:15.740000+00:00,KXBTC15M-26OCT052045-45,BTC,2026-10-06T00:45:00Z,no,85828.14,85795.29,finalized
2026-10-06T00:45:16.334752+00:00,KXETH15M-26OCT052045-45,ETH,2026-10-06T00:45:00Z,no,2713.18,2712.41,finalized
2026-10-06T00:45:26.151022+00:00,KXSILVER15M-26OCT052045-45,SILVER,2026-10-06T00:45:00Z,no,61.054,60.998,finalized
2026-10-06T00:45:26.750693+00:00,KXPLATINUM15M-26OCT052045-45,PLATINUM,2026-10-06T00:45:00Z,no,1725.237,1721.953,determined
2026-10-06T00:45:27.283696+00:00,KXPALLADIUM15M-26OCT052045-45,PALLADIUM,2026-10-06T00:45:00Z,no,1179.546,1177.915,finalized
2026-10-06T00:45:27.314479+00:00,KXWTI15M-26OCT052045-45,WTI,2026-10-06T00:45:00Z,yes,89.29,89.40,finalized
2026-10-06T00:45:36.490497+00:00,KXGOLD15M-26OCT052045-45,GOLD,2026-10-06T00:45:00Z,no,4141.01,4138.31,finalized
2026-10-06T00:45:37.056993+00:00,KXCOPPER15M-26OCT052045-45,COPPER,2026-10-06T00:45:00Z,yes,6.65447,6.66098,finalized
2026-10-07T20:00:05.650127+00:00,KXBTC15M-26OCT071600-00,BTC,2026-10-07T20:00:00Z,no,83411.94,83382.33,determined
2026-10-07T20:00:07.441474+00:00,KXETH15M-26OCT071600-00,ETH,2026-10-07T20:00:00Z,yes,2568.17,2568.49,determined
2026-10-07T20:00:07.760081+00:00,KXSOL15M-26OCT071600-00,SOL,2026-10-07T20:00:00Z,no,115.9205,115.7275,determined
2026-10-07T20:00:09.107223+00:00,KXDOGE15M-26OCT071600-00,DOGE,2026-10-07T20:00:00Z,no,0.088622,0.0884615,determined
2026-10-07T20:00:18.797239+00:00,KXXRP15M-26OCT071600-00,XRP,2026-10-07T20:00:00Z,no,1.4238,1.4165,finalized
2026-10-07T20:00:22.123446+00:00,KXPLATINUM15M-26OCT071600-00,PLATINUM,2026-10-07T20:00:00Z,yes,1630.163,1632.675,finalized
2026-10-07T20:00:30.596639+00:00,KXGOLD15M-26OCT071600-00,GOLD,2026-10-07T20:00:00Z,no,4104.51,4100.91,finalized
2026-10-07T20:00:30.909376+00:00,KXSILVER15M-26OCT071600-00,SILVER,2026-10-07T20:00:00Z,no,59.639,59.630,finalized
2026-10-07T20:00:31.223178+00:00,KXWTI15M-26OCT071600-00,WTI,2026-10-07T20:00:00Z,no,88.96,88.94,finalized
2026-10-07T20:00:32.428246+00:00,KXCOPPER15M-26OCT071600-00,COPPER,2026-10-07T20:00:00Z,no,6.63154,6.62630,finalized
2026-10-07T20:00:33.244758+00:00,KXPALLADIUM15M-26OCT071600-00,PALLADIUM,2026-10-07T20:00:00Z,no,1124.568,1121.812,finalized
2026-10-07T20:15:06.364636+00:00,KXBTC15M-26OCT071615-15,BTC,2026-10-07T20:15:00Z,yes,83382.33,83506.46,determined
2026-10-07T20:15:08.021951+00:00,KXETH15M-26OCT071615-15,ETH,2026-10-07T20:15:00Z,yes,2568.49,2574.26,determined
2026-10-07T20:15:10.143868+00:00,KXXRP15M-26OCT071615-15,XRP,2026-10-07T20:15:00Z,yes,1.4165,1.4216,determined
2026-10-07T20:15:16.157617+00:00,KXSOL15M-26OCT071615-15,SOL,2026-10-07T20:15:00Z,yes,115.7275,116.1922,determined
2026-10-07T20:15:18.918902+00:00,KXDOGE15M-26OCT071615-15,DOGE,2026-10-07T20:15:00Z,yes,0.088461,0.0887443,finalized
2026-10-07T20:15:26.837696+00:00,KXWTI15M-26OCT071615-15,WTI,2026-10-07T20:15:00Z,yes,88.94,89.04,determined
2026-10-07T20:15:29.780586+00:00,KXGOLD15M-26OCT071615-15,GOLD,2026-10-07T20:15:00Z,yes,4100.91,4106.44,determined
2026-10-07T20:15:30.948450+00:00,KXPLATINUM15M-26OCT071615-15,PLATINUM,2026-10-07T20:15:00Z,yes,1632.675,1634.582,determined
2026-10-07T20:15:31.769057+00:00,KXCOPPER15M-26OCT071615-15,COPPER,2026-10-07T20:15:00Z,yes,6.6263,6.63451,determined
2026-10-07T20:15:38.404463+00:00,KXSILVER15M-26OCT071615-15,SILVER,2026-10-07T20:15:00Z,yes,59.63,59.712,finalized
2026-10-07T20:15:39.218754+00:00,KXPALLADIUM15M-26OCT071615-15,PALLADIUM,2026-10-07T20:15:00Z,yes,1121.812,1122.131,finalized
2026-10-07T20:30:05.471316+00:00,KXBTC15M-26OCT071630-30,BTC,2026-10-07T20:30:00Z,yes,83506.46,83518.14,determined
2026-10-07T20:30:06.397931+00:00,KXSOL15M-26OCT071630-30,SOL,2026-10-07T20:30:00Z,yes,116.1922,116.2700,determined
2026-10-07T20:30:09.388839+00:00,KXDOGE15M-26OCT071630-30,DOGE,2026-10-07T20:30:00Z,yes,0.088744,0.0888606,finalized
2026-10-07T20:30:09.702420+00:00,KXETH15M-26OCT071630-30,ETH,2026-10-07T20:30:00Z,yes,2574.26,2575.76,determined
2026-10-07T20:30:10.013188+00:00,KXXRP15M-26OCT071630-30,XRP,2026-10-07T20:30:00Z,no,1.4216,1.4212,determined
2026-10-07T20:30:18.111123+00:00,KXWTI15M-26OCT071630-30,WTI,2026-10-07T20:30:00Z,yes,89.04,89.19,determined
2026-10-07T20:30:26.638975+00:00,KXSILVER15M-26OCT071630-30,SILVER,2026-10-07T20:30:00Z,yes,59.712,59.844,finalized
2026-10-07T20:30:26.949860+00:00,KXPALLADIUM15M-26OCT071630-30,PALLADIUM,2026-10-07T20:30:00Z,no,1122.131,1121.526,finalized
2026-10-07T20:30:28.264955+00:00,KXGOLD15M-26OCT071630-30,GOLD,2026-10-07T20:30:00Z,yes,4106.44,4112.46,finalized
2026-10-07T20:30:29.278080+00:00,KXCOPPER15M-26OCT071630-30,COPPER,2026-10-07T20:30:00Z,yes,6.63451,6.63997,finalized
2026-10-07T20:30:29.591168+00:00,KXPLATINUM15M-26OCT071630-30,PLATINUM,2026-10-07T20:30:00Z,yes,1634.582,1635.629,finalized
2026-10-07T20:45:07.427094+00:00,KXBTC15M-26OCT071645-45,BTC,2026-10-07T20:45:00Z,no,83518.14,83349.21,determined
2026-10-07T20:45:09.502377+00:00,KXSOL15M-26OCT071645-45,SOL,2026-10-07T20:45:00Z,no,116.27,115.9632,determined
2026-10-07T20:45:15.962006+00:00,KXETH15M-26OCT071645-45,ETH,2026-10-07T20:45:00Z,no,2575.76,2568.99,finalized
2026-10-07T20:45:18.640042+00:00,KXDOGE15M-26OCT071645-45,DOGE,2026-10-07T20:45:00Z,no,0.08886,0.0886718,finalized
2026-10-07T20:45:18.955662+00:00,KXXRP15M-26OCT071645-45,XRP,2026-10-07T20:45:00Z,no,1.4212,1.4199,finalized
2026-10-07T20:45:27.358155+00:00,KXWTI15M-26OCT071645-45,WTI,2026-10-07T20:45:00Z,no,89.19,88.99,determined
2026-10-07T20:45:27.666565+00:00,KXCOPPER15M-26OCT071645-45,COPPER,2026-10-07T20:45:00Z,no,6.63997,6.63878,determined
2026-10-07T20:45:29.852369+00:00,KXSILVER15M-26OCT071645-45,SILVER,2026-10-07T20:45:00Z,no,59.844,59.775,determined
2026-10-07T20:45:30.162590+00:00,KXPALLADIUM15M-26OCT071645-45,PALLADIUM,2026-10-07T20:45:00Z,yes,1121.526,1121.800,determined
2026-10-07T20:45:30.971140+00:00,KXPLATINUM15M-26OCT071645-45,PLATINUM,2026-10-07T20:45:00Z,no,1635.629,1634.401,finalized
2026-10-07T20:45:37.630281+00:00,KXGOLD15M-26OCT071645-45,GOLD,2026-10-07T20:45:00Z,no,4112.46,4109.01,finalized
2026-10-07T21:00:08.732943+00:00,KXSOL15M-26OCT071700-00,SOL,2026-10-07T21:00:00Z,yes,115.9632,116.1417,determined
2026-10-07T21:00:09.041726+00:00,KXXRP15M-26OCT071700-00,XRP,2026-10-07T21:00:00Z,yes,1.4199,1.4212,determined
2026-10-07T21:00:09.866673+00:00,KXDOGE15M-26OCT071700-00,DOGE,2026-10-07T21:00:00Z,yes,0.088671,0.0888736,finalized
2026-10-07T21:00:16.483349+00:00,KXBTC15M-26OCT071700-00,BTC,2026-10-07T21:00:00Z,yes,83349.21,83392.87,finalized
2026-10-07T21:00:17.297041+00:00,KXETH15M-26OCT071700-00,ETH,2026-10-07T21:00:00Z,yes,2568.99,2572.46,finalized
2026-10-07T21:00:20.956966+00:00,KXWTI15M-26OCT071700-00,WTI,2026-10-07T21:00:00Z,no,88.99,88.88,determined
2026-10-07T21:00:26.883690+00:00,KXPALLADIUM15M-26OCT071700-00,PALLADIUM,2026-10-07T21:00:00Z,no,1121.8,1120.200,determined
2026-10-07T21:00:28.175889+00:00,KXGOLD15M-26OCT071700-00,GOLD,2026-10-07T21:00:00Z,yes,4109.01,4110.89,determined
2026-10-07T21:00:29.329744+00:00,KXPLATINUM15M-26OCT071700-00,PLATINUM,2026-10-07T21:00:00Z,no,1634.401,1633.196,determined
2026-10-07T21:00:29.641078+00:00,KXSILVER15M-26OCT071700-00,SILVER,2026-10-07T21:00:00Z,yes,59.775,59.791,determined
2026-10-07T21:00:31.955416+00:00,KXCOPPER15M-26OCT071700-00,COPPER,2026-10-07T21:00:00Z,yes,6.63878,6.64438,determined
2026-10-07T21:15:05.986410+00:00,KXETH15M-26OCT071715-15,ETH,2026-10-07T21:15:00Z,no,2572.46,2570.55,determined
2026-10-07T21:15:16.082821+00:00,KXSOL15M-26OCT071715-15,SOL,2026-10-07T21:15:00Z,no,116.1417,116.0438,finalized
2026-10-07T21:15:16.395246+00:00,KXXRP15M-26OCT071715-15,XRP,2026-10-07T21:15:00Z,no,1.4212,1.4193,determined
2026-10-07T21:15:16.708089+00:00,KXBTC15M-26OCT071715-15,BTC,2026-10-07T21:15:00Z,no,83392.87,83317.42,finalized
2026-10-07T21:15:17.834587+00:00,KXDOGE15M-26OCT071715-15,DOGE,2026-10-07T21:15:00Z,no,0.088873,0.0887571,finalized
2026-10-07T21:15:38.635159+00:00,KXWTI15M-26OCT071715-15,WTI,2026-10-07T21:15:00Z,no,88.88,88.74,finalized
2026-10-07T21:30:05.765234+00:00,KXXRP15M-26OCT071730-30,XRP,2026-10-07T21:30:00Z,no,1.4193,1.4183,determined
2026-10-07T21:30:06.390557+00:00,KXETH15M-26OCT071730-30,ETH,2026-10-07T21:30:00Z,no,2570.55,2568.35,determined
2026-10-07T21:30:07.905590+00:00,KXSOL15M-26OCT071730-30,SOL,2026-10-07T21:30:00Z,no,116.0438,115.8815,determined
2026-10-07T21:30:08.215402+00:00,KXBTC15M-26OCT071730-30,BTC,2026-10-07T21:30:00Z,no,83317.42,83293.61,determined
2026-10-07T21:30:17.065620+00:00,KXDOGE15M-26OCT071730-30,DOGE,2026-10-07T21:30:00Z,no,0.088757,0.0886148,finalized
2026-10-07T21:30:27.561432+00:00,KXWTI15M-26OCT071730-30,WTI,2026-10-07T21:30:00Z,no,88.74,88.67,determined
2026-10-07T21:45:06.189004+00:00,KXSOL15M-26OCT071745-45,SOL,2026-10-07T21:45:00Z,no,115.8815,115.3405,determined
2026-10-07T21:45:06.712226+00:00,KXXRP15M-26OCT071745-45,XRP,2026-10-07T21:45:00Z,no,1.4183,1.4124,determined
2026-10-07T21:45:07.225067+00:00,KXDOGE15M-26OCT071745-45,DOGE,2026-10-07T21:45:00Z,no,0.088614,0.0882715,determined
2026-10-07T21:45:08.357683+00:00,KXETH15M-26OCT071745-45,ETH,2026-10-07T21:45:00Z,no,2568.35,2565.00,determined
2026-10-07T21:45:08.672289+00:00,KXBTC15M-26OCT071745-45,BTC,2026-10-07T21:45:00Z,no,83293.61,83177.69,determined
2026-10-07T21:45:39.055867+00:00,KXWTI15M-26OCT071745-45,WTI,2026-10-07T21:45:00Z,yes,88.67,88.68,finalized
2026-10-07T22:00:06.270708+00:00,KXBTC15M-26OCT071800-00,BTC,2026-10-07T22:00:00Z,no,83177.69,83120.05,determined
2026-10-07T22:00:06.901102+00:00,KXXRP15M-26OCT071800-00,XRP,2026-10-07T22:00:00Z,yes,1.4124,1.4138,determined
2026-10-07T22:00:16.559946+00:00,KXSOL15M-26OCT071800-00,SOL,2026-10-07T22:00:00Z,yes,115.3405,115.4830,determined
2026-10-07T22:00:17.373733+00:00,KXETH15M-26OCT071800-00,ETH,2026-10-07T22:00:00Z,yes,2565,2566.00,determined
2026-10-07T22:00:18.190993+00:00,KXDOGE15M-26OCT071800-00,DOGE,2026-10-07T22:00:00Z,yes,0.088271,0.0884634,finalized
2026-10-07T22:00:39.304016+00:00,KXWTI15M-26OCT071800-00,WTI,2026-10-07T22:00:00Z,yes,88.68,88.70,finalized
2026-10-07T22:15:06.299164+00:00,KXETH15M-26OCT071815-15,ETH,2026-10-07T22:15:00Z,yes,2566,2566.15,determined
2026-10-07T22:15:06.622877+00:00,KXDOGE15M-26OCT071815-15,DOGE,2026-10-07T22:15:00Z,yes,0.088463,0.0886461,determined
2026-10-07T22:15:06.938017+00:00,KXXRP15M-26OCT071815-15,XRP,2026-10-07T22:15:00Z,yes,1.4138,1.4159,determined
2026-10-07T22:15:16.345413+00:00,KXBTC15M-26OCT071815-15,BTC,2026-10-07T22:15:00Z,yes,83120.05,83195.63,finalized
2026-10-07T22:15:18.892094+00:00,KXSOL15M-26OCT071815-15,SOL,2026-10-07T22:15:00Z,yes,115.483,115.6820,finalized
2026-10-07T22:15:29.707872+00:00,KXWTI15M-26OCT071815-15,WTI,2026-10-07T22:15:00Z,yes,88.7,88.75,finalized
2026-10-07T22:30:09.560998+00:00,KXBTC15M-26OCT071830-30,BTC,2026-10-07T22:30:00Z,yes,83195.63,83271.96,determined
2026-10-07T22:30:15.959541+00:00,KXETH15M-26OCT071830-30,ETH,2026-10-07T22:30:00Z,yes,2566.15,2568.24,finalized
2026-10-07T22:30:18.020366+00:00,KXSOL15M-26OCT071830-30,SOL,2026-10-07T22:30:00Z,yes,115.682,115.9060,finalized
2026-10-07T22:30:18.330919+00:00,KXDOGE15M-26OCT071830-30,DOGE,2026-10-07T22:30:00Z,yes,0.088646,0.0887627,finalized
2026-10-07T22:30:19.447656+00:00,KXXRP15M-26OCT071830-30,XRP,2026-10-07T22:30:00Z,yes,1.4159,1.4181,finalized
2026-10-07T22:30:26.762653+00:00,KXPLATINUM15M-26OCT071830-30,PLATINUM,2026-10-07T22:30:00Z,yes,1632.111,1633.126,finalized
2026-10-07T22:30:27.071325+00:00,KXPALLADIUM15M-26OCT071830-30,PALLADIUM,2026-10-07T22:30:00Z,yes,1122.357,1122.612,determined
2026-10-07T22:30:27.384141+00:00,KXWTI15M-26OCT071830-30,WTI,2026-10-07T22:30:00Z,yes,88.75,88.78,finalized
2026-10-07T22:30:28.195431+00:00,KXCOPPER15M-26OCT071830-30,COPPER,2026-10-07T22:30:00Z,no,6.66092,6.66083,finalized
2026-10-07T22:30:29.011383+00:00,KXGOLD15M-26OCT071830-30,GOLD,2026-10-07T22:30:00Z,no,4108.18,4105.77,finalized
2026-10-07T22:30:30.325214+00:00,KXSILVER15M-26OCT071830-30,SILVER,2026-10-07T22:30:00Z,no,59.789,59.759,finalized
2026-10-07T22:45:06.812955+00:00,KXDOGE15M-26OCT071845-45,DOGE,2026-10-07T22:45:00Z,yes,0.088762,0.0887767,determined
2026-10-07T22:45:09.823524+00:00,KXXRP15M-26OCT071845-45,XRP,2026-10-07T22:45:00Z,yes,1.4181,1.4196,finalized
2026-10-07T22:45:16.196398+00:00,KXETH15M-26OCT071845-45,ETH,2026-10-07T22:45:00Z,yes,2568.24,2568.96,finalized
2026-10-07T22:45:17.010337+00:00,KXBTC15M-26OCT071845-45,BTC,2026-10-07T22:45:00Z,no,83271.96,83267.54,finalized
2026-10-07T22:45:17.321579+00:00,KXSOL15M-26OCT071845-45,SOL,2026-10-07T22:45:00Z,yes,115.906,115.9710,finalized
2026-10-07T22:45:28.694278+00:00,KXGOLD15M-26OCT071845-45,GOLD,2026-10-07T22:45:00Z,no,4105.77,4105.07,determined
2026-10-07T22:45:29.011647+00:00,KXPALLADIUM15M-26OCT071845-45,PALLADIUM,2026-10-07T22:45:00Z,no,1122.612,1122.067,determined
2026-10-07T22:45:29.327870+00:00,KXWTI15M-26OCT071845-45,WTI,2026-10-07T22:45:00Z,yes,88.78,88.83,determined
2026-10-07T22:45:29.644044+00:00,KXCOPPER15M-26OCT071845-45,COPPER,2026-10-07T22:45:00Z,no,6.66083,6.65902,determined
2026-10-07T22:45:30.461748+00:00,KXSILVER15M-26OCT071845-45,SILVER,2026-10-07T22:45:00Z,no,59.759,59.753,determined
2026-10-07T22:45:30.772507+00:00,KXPLATINUM15M-26OCT071845-45,PLATINUM,2026-10-07T22:45:00Z,no,1633.126,1632.326,determined
2026-10-07T23:00:07.333241+00:00,KXETH15M-26OCT071900-00,ETH,2026-10-07T23:00:00Z,no,2568.96,2568.37,determined
2026-10-07T23:00:16.334251+00:00,KXXRP15M-26OCT071900-00,XRP,2026-10-07T23:00:00Z,no,1.4196,1.4171,determined
2026-10-07T23:00:16.653737+00:00,KXDOGE15M-26OCT071900-00,DOGE,2026-10-07T23:00:00Z,no,0.088776,0.0887231,finalized
2026-10-07T23:00:18.085966+00:00,KXSOL15M-26OCT071900-00,SOL,2026-10-07T23:00:00Z,no,115.971,115.9397,finalized
2026-10-07T23:00:18.896175+00:00,KXBTC15M-26OCT071900-00,BTC,2026-10-07T23:00:00Z,no,83267.54,83205.15,finalized
2026-10-07T23:00:29.690086+00:00,KXGOLD15M-26OCT071900-00,GOLD,2026-10-07T23:00:00Z,yes,4105.07,4106.58,finalized
2026-10-07T23:00:30.732702+00:00,KXSILVER15M-26OCT071900-00,SILVER,2026-10-07T23:00:00Z,yes,59.753,59.773,finalized
2026-10-07T23:00:31.089556+00:00,KXPLATINUM15M-26OCT071900-00,PLATINUM,2026-10-07T23:00:00Z,yes,1632.326,1633.156,determined
2026-10-07T23:00:31.405549+00:00,KXCOPPER15M-26OCT071900-00,COPPER,2026-10-07T23:00:00Z,yes,6.65902,6.65946,finalized
2026-10-07T23:00:38.059372+00:00,KXPALLADIUM15M-26OCT071900-00,PALLADIUM,2026-10-07T23:00:00Z,yes,1122.067,1123.002,finalized
2026-10-07T23:00:38.374198+00:00,KXWTI15M-26OCT071900-00,WTI,2026-10-07T23:00:00Z,no,88.83,88.71,finalized
2026-10-07T23:20:47.449283+00:00,KXCOPPER15M-26OCT071915-15,COPPER,2026-10-07T23:15:00Z,yes,6.65946,6.66204,determined
2026-10-07T23:20:48.379656+00:00,KXGOLD15M-26OCT071915-15,GOLD,2026-10-07T23:15:00Z,yes,4106.58,4109.59,determined
2026-10-07T23:20:49.194724+00:00,KXWTI15M-26OCT071915-15,WTI,2026-10-07T23:15:00Z,no,88.71,88.63,determined
2026-10-07T23:20:50.130754+00:00,KXSILVER15M-26OCT071915-15,SILVER,2026-10-07T23:15:00Z,yes,59.773,59.853,determined
2026-10-07T23:20:50.943241+00:00,KXPLATINUM15M-26OCT071915-15,PLATINUM,2026-10-07T23:15:00Z,yes,1633.156,1634.427,determined
2026-10-07T23:20:51.250990+00:00,KXPALLADIUM15M-26OCT071915-15,PALLADIUM,2026-10-07T23:15:00Z,yes,1123.002,1123.056,determined
2026-10-07T23:20:58.273914+00:00,KXDOGE15M-26OCT071915-15,DOGE,2026-10-07T23:15:00Z,no,0.088723,0.0886311,determined
2026-10-07T23:21:00.158887+00:00,KXSOL15M-26OCT071915-15,SOL,2026-10-07T23:15:00Z,yes,115.9397,116.0378,determined
2026-10-07T23:21:01.951532+00:00,KXXRP15M-26OCT071915-15,XRP,2026-10-07T23:15:00Z,no,1.4171,1.4166,finalized
2026-10-07T23:21:08.949457+00:00,KXBTC15M-26OCT071915-15,BTC,2026-10-07T23:15:00Z,no,83205.15,83143.95,finalized
2026-10-07T23:21:10.264842+00:00,KXETH15M-26OCT071915-15,ETH,2026-10-07T23:15:00Z,no,2568.37,2567.16,finalized
2026-10-07T23:30:21.076041+00:00,KXCOPPER15M-26OCT071930-30,COPPER,2026-10-07T23:30:00Z,no,6.66204,6.66137,finalized
2026-10-07T23:30:26.803695+00:00,KXGOLD15M-26OCT071930-30,GOLD,2026-10-07T23:30:00Z,no,4109.59,4108.66,finalized
2026-10-07T23:30:27.118649+00:00,KXPALLADIUM15M-26OCT071930-30,PALLADIUM,2026-10-07T23:30:00Z,yes,1123.056,1123.492,finalized
2026-10-07T23:30:27.741851+00:00,KXSILVER15M-26OCT071930-30,SILVER,2026-10-07T23:30:00Z,no,59.853,59.821,finalized
2026-10-07T23:30:28.812346+00:00,KXWTI15M-26OCT071930-30,WTI,2026-10-07T23:30:00Z,yes,88.63,88.65,finalized
2026-10-07T23:30:30.553570+00:00,KXPLATINUM15M-26OCT071930-30,PLATINUM,2026-10-07T23:30:00Z,yes,1634.427,1634.668,finalized
2026-10-07T23:35:39.040921+00:00,KXDOGE15M-26OCT071930-30,DOGE,2026-10-07T23:30:00Z,yes,0.088631,0.0887869,determined
2026-10-07T23:35:46.125764+00:00,KXETH15M-26OCT071930-30,ETH,2026-10-07T23:30:00Z,yes,2567.16,2573.93,determined
2026-10-07T23:35:48.281837+00:00,KXSOL15M-26OCT071930-30,SOL,2026-10-07T23:30:00Z,yes,116.0378,116.2803,finalized
2026-10-07T23:35:48.593167+00:00,KXXRP15M-26OCT071930-30,XRP,2026-10-07T23:30:00Z,yes,1.4166,1.4209,finalized
2026-10-07T23:35:51.412917+00:00,KXBTC15M-26OCT071930-30,BTC,2026-10-07T23:30:00Z,yes,83143.95,83296.37,finalized
2026-10-07T23:45:08.016890+00:00,KXSOL15M-26OCT071945-45,SOL,2026-10-07T23:45:00Z,no,116.2803,116.2140,determined
2026-10-07T23:45:08.326850+00:00,KXXRP15M-26OCT071945-45,XRP,2026-10-07T23:45:00Z,yes,1.4209,1.4218,determined
2026-10-07T23:45:16.125357+00:00,KXETH15M-26OCT071945-45,ETH,2026-10-07T23:45:00Z,no,2573.93,2573.49,finalized
2026-10-07T23:45:16.440341+00:00,KXDOGE15M-26OCT071945-45,DOGE,2026-10-07T23:45:00Z,yes,0.088786,0.0888754,finalized
2026-10-07T23:45:18.191068+00:00,KXBTC15M-26OCT071945-45,BTC,2026-10-07T23:45:00Z,yes,83296.37,83300.39,finalized
2026-10-07T23:45:27.449079+00:00,KXWTI15M-26OCT071945-45,WTI,2026-10-07T23:45:00Z,no,88.65,88.63,finalized
2026-10-07T23:45:28.265002+00:00,KXCOPPER15M-26OCT071945-45,COPPER,2026-10-07T23:45:00Z,yes,6.66137,6.66337,finalized
2026-10-07T23:45:30.413922+00:00,KXPLATINUM15M-26OCT071945-45,PLATINUM,2026-10-07T23:45:00Z,yes,1634.668,1635.238,finalized
2026-10-07T23:45:30.732231+00:00,KXPALLADIUM15M-26OCT071945-45,PALLADIUM,2026-10-07T23:45:00Z,yes,1123.492,1124.290,finalized
2026-10-07T23:45:31.050062+00:00,KXGOLD15M-26OCT071945-45,GOLD,2026-10-07T23:45:00Z,yes,4108.66,4112.09,finalized
2026-10-07T23:45:37.721404+00:00,KXSILVER15M-26OCT071945-45,SILVER,2026-10-07T23:45:00Z,yes,59.821,59.857,finalized
2026-10-08T00:00:06.310741+00:00,KXDOGE15M-26OCT072000-00,DOGE,2026-10-08T00:00:00Z,yes,0.088875,0.0889874,determined
2026-10-08T00:00:07.991487+00:00,KXBTC15M-26OCT072000-00,BTC,2026-10-08T00:00:00Z,no,83300.39,83287.07,determined
2026-10-08T00:00:08.307024+00:00,KXSOL15M-26OCT072000-00,SOL,2026-10-08T00:00:00Z,yes,116.214,116.2498,determined
2026-10-08T00:00:08.639472+00:00,KXXRP15M-26OCT072000-00,XRP,2026-10-08T00:00:00Z,no,1.4218,1.4214,finalized
2026-10-08T00:00:10.095843+00:00,KXETH15M-26OCT072000-00,ETH,2026-10-08T00:00:00Z,no,2573.49,2572.89,determined
2026-10-08T00:00:20.191791+00:00,KXGOLD15M-26OCT072000-00,GOLD,2026-10-08T00:00:00Z,no,4112.09,4108.44,finalized
2026-10-08T00:00:26.744720+00:00,KXWTI15M-26OCT072000-00,WTI,2026-10-08T00:00:00Z,yes,88.63,88.81,finalized
2026-10-08T00:00:27.056056+00:00,KXCOPPER15M-26OCT072000-00,COPPER,2026-10-08T00:00:00Z,no,6.66337,6.65986,finalized
2026-10-08T00:00:27.867093+00:00,KXSILVER15M-26OCT072000-00,SILVER,2026-10-08T00:00:00Z,no,59.857,59.782,finalized
2026-10-08T00:00:29.025959+00:00,KXPLATINUM15M-26OCT072000-00,PLATINUM,2026-10-08T00:00:00Z,no,1635.238,1634.066,finalized
2026-10-08T00:00:30.338863+00:00,KXPALLADIUM15M-26OCT072000-00,PALLADIUM,2026-10-08T00:00:00Z,no,1124.29,1123.252,finalized
2026-10-08T00:15:05.350904+00:00,KXETH15M-26OCT072015-15,ETH,2026-10-08T00:15:00Z,no,2572.89,2570.17,determined
2026-10-08T00:15:06.200674+00:00,KXBTC15M-26OCT072015-15,BTC,2026-10-08T00:15:00Z,no,83287.07,83220.82,determined
2026-10-08T00:15:07.636649+00:00,KXSOL15M-26OCT072015-15,SOL,2026-10-08T00:15:00Z,no,116.2498,116.2482,determined
2026-10-08T00:15:09.778496+00:00,KXDOGE15M-26OCT072015-15,DOGE,2026-10-08T00:15:00Z,yes,0.088987,0.0890235,finalized
2026-10-08T00:15:17.282913+00:00,KXXRP15M-26OCT072015-15,XRP,2026-10-08T00:15:00Z,no,1.4214,1.4210,finalized
2026-10-08T00:15:27.016486+00:00,KXSILVER15M-26OCT072015-15,SILVER,2026-10-08T00:15:00Z,yes,59.782,59.842,finalized
2026-10-08T00:15:29.200216+00:00,KXPLATINUM15M-26OCT072015-15,PLATINUM,2026-10-08T00:15:00Z,no,1634.066,1633.402,finalized
2026-10-08T00:15:29.513703+00:00,KXPALLADIUM15M-26OCT072015-15,PALLADIUM,2026-10-08T00:15:00Z,yes,1123.252,1124.051,finalized
2026-10-08T00:15:29.830018+00:00,KXWTI15M-26OCT072015-15,WTI,2026-10-08T00:15:00Z,yes,88.81,88.83,finalized
2026-10-08T00:15:30.646195+00:00,KXCOPPER15M-26OCT072015-15,COPPER,2026-10-08T00:15:00Z,yes,6.65986,6.67343,finalized
2026-10-08T00:15:30.971291+00:00,KXGOLD15M-26OCT072015-15,GOLD,2026-10-08T00:15:00Z,yes,4108.44,4110.57,finalized
2026-10-08T00:30:09.863831+00:00,KXBTC15M-26OCT072030-30,BTC,2026-10-08T00:30:00Z,yes,83220.82,83227.31,finalized
2026-10-08T00:30:10.175714+00:00,KXETH15M-26OCT072030-30,ETH,2026-10-08T00:30:00Z,yes,2570.17,2570.97,determined
2026-10-08T00:30:10.487473+00:00,KXSOL15M-26OCT072030-30,SOL,2026-10-08T00:30:00Z,yes,116.2482,116.2773,determined
2026-10-08T00:30:17.110696+00:00,KXXRP15M-26OCT072030-30,XRP,2026-10-08T00:30:00Z,yes,1.421,1.4214,determined
2026-10-08T00:30:18.424906+00:00,KXDOGE15M-26OCT072030-30,DOGE,2026-10-08T00:30:00Z,yes,0.089023,0.0892353,finalized
2026-10-08T00:30:27.103993+00:00,KXPLATINUM15M-26OCT072030-30,PLATINUM,2026-10-08T00:30:00Z,no,1633.402,1629.810,finalized
2026-10-08T00:30:27.409380+00:00,KXPALLADIUM15M-26OCT072030-30,PALLADIUM,2026-10-08T00:30:00Z,no,1124.051,1123.402,finalized
2026-10-08T00:30:29.219857+00:00,KXWTI15M-26OCT072030-30,WTI,2026-10-08T00:30:00Z,yes,88.83,88.91,finalized
2026-10-08T00:30:29.524859+00:00,KXCOPPER15M-26OCT072030-30,COPPER,2026-10-08T00:30:00Z,no,6.67343,6.66792,finalized
2026-10-08T00:30:29.831651+00:00,KXGOLD15M-26OCT072030-30,GOLD,2026-10-08T00:30:00Z,no,4110.57,4107.57,finalized
2026-10-08T00:30:37.320148+00:00,KXSILVER15M-26OCT072030-30,SILVER,2026-10-08T00:30:00Z,no,59.842,59.723,finalized
2026-10-08T00:45:05.608497+00:00,KXXRP15M-26OCT072045-45,XRP,2026-10-08T00:45:00Z,no,1.4214,1.4207,determined
2026-10-08T00:45:07.702845+00:00,KXETH15M-26OCT072045-45,ETH,2026-10-08T00:45:00Z,yes,2570.97,2571.00,determined
2026-10-08T00:45:16.289969+00:00,KXSOL15M-26OCT072045-45,SOL,2026-10-08T00:45:00Z,no,116.2773,116.1800,finalized
2026-10-08T00:45:18.479694+00:00,KXDOGE15M-26OCT072045-45,DOGE,2026-10-08T00:45:00Z,no,0.089235,0.0891517,finalized
2026-10-08T00:45:19.952341+00:00,KXBTC15M-26OCT072045-45,BTC,2026-10-08T00:45:00Z,yes,83227.31,83235.53,finalized
2026-10-08T00:45:27.234027+00:00,KXSILVER15M-26OCT072045-45,SILVER,2026-10-08T00:45:00Z,no,59.723,59.702,determined
2026-10-08T00:45:27.545953+00:00,KXPALLADIUM15M-26OCT072045-45,PALLADIUM,2026-10-08T00:45:00Z,no,1123.402,1123.213,determined
2026-10-08T00:45:29.205028+00:00,KXWTI15M-26OCT072045-45,WTI,2026-10-08T00:45:00Z,yes,88.91,89.05,determined
2026-10-08T00:45:29.515730+00:00,KXCOPPER15M-26OCT072045-45,COPPER,2026-10-08T00:45:00Z,no,6.66792,6.66002,determined
2026-10-08T00:45:30.828518+00:00,KXGOLD15M-26OCT072045-45,GOLD,2026-10-08T00:45:00Z,no,4107.57,4106.32,finalized
2026-10-08T00:45:31.138122+00:00,KXPLATINUM15M-26OCT072045-45,PLATINUM,2026-10-08T00:45:00Z,no,1629.81,1627.377,finalized
2026-10-08T01:00:05.852964+00:00,KXETH15M-26OCT072100-00,ETH,2026-10-08T01:00:00Z,yes,2571,2575.05,determined
2026-10-08T01:00:16.899518+00:00,KXXRP15M-26OCT072100-00,XRP,2026-10-08T01:00:00Z,yes,1.4207,1.4238,finalized
2026-10-08T01:00:18.674246+00:00,KXDOGE15M-26OCT072100-00,DOGE,2026-10-08T01:00:00Z,yes,0.089151,0.0893624,finalized
2026-10-08T01:00:19.301471+00:00,KXSOL15M-26OCT072100-00,SOL,2026-10-08T01:00:00Z,yes,116.18,116.3710,finalized
2026-10-08T01:00:20.117400+00:00,KXPLATINUM15M-26OCT072100-00,PLATINUM,2026-10-08T01:00:00Z,yes,1627.377,1636.963,finalized
2026-10-08T01:00:20.429635+00:00,KXPALLADIUM15M-26OCT072100-00,PALLADIUM,2026-10-08T01:00:00Z,yes,1123.213,1130.060,finalized
2026-10-08T01:00:20.742533+00:00,KXBTC15M-26OCT072100-00,BTC,2026-10-08T01:00:00Z,yes,83235.53,83334.64,finalized
2026-10-08T01:00:26.397672+00:00,KXSILVER15M-26OCT072100-00,SILVER,2026-10-08T01:00:00Z,yes,59.702,59.982,finalized
2026-10-08T01:00:27.713552+00:00,KXWTI15M-26OCT072100-00,WTI,2026-10-08T01:00:00Z,no,89.05,88.94,finalized
2026-10-08T01:00:28.750708+00:00,KXCOPPER15M-26OCT072100-00,COPPER,2026-10-08T01:00:00Z,yes,6.66002,6.67412,finalized
2026-10-08T01:00:29.576928+00:00,KXGOLD15M-26OCT072100-00,GOLD,2026-10-08T01:00:00Z,yes,4106.32,4117.43,finalized
2026-10-08T01:15:06.461252+00:00,KXETH15M-26OCT072115-15,ETH,2026-10-08T01:15:00Z,yes,2575.05,2580.00,determined
2026-10-08T01:15:08.221079+00:00,KXBTC15M-26OCT072115-15,BTC,2026-10-08T01:15:00Z,no,83334.64,83324.60,determined
2026-10-08T01:15:09.649595+00:00,KXXRP15M-26OCT072115-15,XRP,2026-10-08T01:15:00Z,yes,1.4238,1.4268,determined
2026-10-08T01:15:16.484667+00:00,KXSOL15M-26OCT072115-15,SOL,2026-10-08T01:15:00Z,yes,116.371,116.5838,finalized
2026-10-08T01:15:17.112248+00:00,KXDOGE15M-26OCT072115-15,DOGE,2026-10-08T01:15:00Z,yes,0.089362,0.0895020,determined
2026-10-08T01:15:27.179812+00:00,KXPLATINUM15M-26OCT072115-15,PLATINUM,2026-10-08T01:15:00Z,yes,1636.963,1651.225,determined
2026-10-08T01:15:28.497150+00:00,KXGOLD15M-26OCT072115-15,GOLD,2026-10-08T01:15:00Z,yes,4117.43,4121.58,finalized
2026-10-08T01:15:28.810191+00:00,KXCOPPER15M-26OCT072115-15,COPPER,2026-10-08T01:15:00Z,yes,6.67412,6.72754,finalized
2026-10-08T01:15:29.626007+00:00,KXPALLADIUM15M-26OCT072115-15,PALLADIUM,2026-10-08T01:15:00Z,yes,1130.06,1137.612,finalized
2026-10-08T01:15:30.441615+00:00,KXWTI15M-26OCT072115-15,WTI,2026-10-08T01:15:00Z,yes,88.94,89.23,finalized
2026-10-08T01:15:31.254066+00:00,KXSILVER15M-26OCT072115-15,SILVER,2026-10-08T01:15:00Z,yes,59.982,60.141,finalized
2026-10-08T01:30:05.639733+00:00,KXETH15M-26OCT072130-30,ETH,2026-10-08T01:30:00Z,no,2580,2579.45,determined
2026-10-08T01:30:05.950812+00:00,KXSOL15M-26OCT072130-30,SOL,2026-10-08T01:30:00Z,no,116.5838,116.3668,determined
2026-10-08T01:30:08.328657+00:00,KXDOGE15M-26OCT072130-30,DOGE,2026-10-08T01:30:00Z,no,0.089502,0.0892655,determined
2026-10-08T01:30:18.030406+00:00,KXXRP15M-26OCT072130-30,XRP,2026-10-08T01:30:00Z,no,1.4268,1.4256,finalized
2026-10-08T01:30:18.320524+00:00,KXBTC15M-26OCT072130-30,BTC,2026-10-08T01:30:00Z,no,83324.6,83236.90,finalized
2026-10-08T01:30:27.213225+00:00,KXSILVER15M-26OCT072130-30,SILVER,2026-10-08T01:30:00Z,yes,60.141,60.316,determined
2026-10-08T01:30:30.546702+00:00,KXWTI15M-26OCT072130-30,WTI,2026-10-08T01:30:00Z,no,89.23,89.13,finalized
2026-10-08T01:30:30.858547+00:00,KXGOLD15M-26OCT072130-30,GOLD,2026-10-08T01:30:00Z,yes,4121.58,4128.84,determined
2026-10-08T01:30:31.207380+00:00,KXPALLADIUM15M-26OCT072130-30,PALLADIUM,2026-10-08T01:30:00Z,yes,1137.612,1142.181,determined
2026-10-08T01:30:37.894399+00:00,KXPLATINUM15M-26OCT072130-30,PLATINUM,2026-10-08T01:30:00Z,yes,1651.225,1657.846,finalized
2026-10-08T01:30:38.726011+00:00,KXCOPPER15M-26OCT072130-30,COPPER,2026-10-08T01:30:00Z,yes,6.72754,6.75374,finalized
2026-10-08T01:45:08.213198+00:00,KXBTC15M-26OCT072145-45,BTC,2026-10-08T01:45:00Z,no,83236.9,83217.57,determined
2026-10-08T01:45:08.534557+00:00,KXDOGE15M-26OCT072145-45,DOGE,2026-10-08T01:45:00Z,no,0.089265,0.0891179,determined
2026-10-08T01:45:10.184593+00:00,KXETH15M-26OCT072145-45,ETH,2026-10-08T01:45:00Z,yes,2579.45,2581.23,determined
2026-10-08T01:45:17.002199+00:00,KXSOL15M-26OCT072145-45,SOL,2026-10-08T01:45:00Z,no,116.3668,116.2707,determined
2026-10-08T01:45:17.317658+00:00,KXXRP15M-26OCT072145-45,XRP,2026-10-08T01:45:00Z,yes,1.4256,1.4257,finalized
2026-10-08T01:45:20.385672+00:00,KXCOPPER15M-26OCT072145-45,COPPER,2026-10-08T01:45:00Z,yes,6.75374,6.77498,determined
2026-10-08T01:45:27.249286+00:00,KXPALLADIUM15M-26OCT072145-45,PALLADIUM,2026-10-08T01:45:00Z,yes,1142.181,1143.865,determined
2026-10-08T01:45:28.065647+00:00,KXGOLD15M-26OCT072145-45,GOLD,2026-10-08T01:45:00Z,yes,4128.84,4132.20,determined
2026-10-08T01:45:28.876567+00:00,KXSILVER15M-26OCT072145-45,SILVER,2026-10-08T01:45:00Z,no,60.316,60.287,determined
2026-10-08T01:45:29.189545+00:00,KXPLATINUM15M-26OCT072145-45,PLATINUM,2026-10-08T01:45:00Z,yes,1657.846,1659.410,determined
2026-10-08T01:45:30.500065+00:00,KXWTI15M-26OCT072145-45,WTI,2026-10-08T01:45:00Z,yes,89.13,89.27,finalized
2026-10-08T02:00:05.913914+00:00,KXXRP15M-26OCT072200-00,XRP,2026-10-08T02:00:00Z,no,1.4257,1.4224,determined
2026-10-08T02:00:10.169000+00:00,KXETH15M-26OCT072200-00,ETH,2026-10-08T02:00:00Z,no,2581.23,2575.97,determined
2026-10-08T02:00:17.059487+00:00,KXBTC15M-26OCT072200-00,BTC,2026-10-08T02:00:00Z,no,83217.57,83050.75,finalized
2026-10-08T02:00:18.608150+00:00,KXSOL15M-26OCT072200-00,SOL,2026-10-08T02:00:00Z,no,116.2707,116.0092,finalized
2026-10-08T02:00:19.552504+00:00,KXDOGE15M-26OCT072200-00,DOGE,2026-10-08T02:00:00Z,no,0.089117,0.0889318,finalized
2026-10-08T02:00:26.353091+00:00,KXPLATINUM15M-26OCT072200-00,PLATINUM,2026-10-08T02:00:00Z,no,1659.41,1658.463,finalized
2026-10-08T02:00:27.165456+00:00,KXCOPPER15M-26OCT072200-00,COPPER,2026-10-08T02:00:00Z,no,6.77498,6.77090,finalized
2026-10-08T02:00:29.326176+00:00,KXSILVER15M-26OCT072200-00,SILVER,2026-10-08T02:00:00Z,no,60.287,60.281,finalized
2026-10-08T02:00:29.636144+00:00,KXPALLADIUM15M-26OCT072200-00,PALLADIUM,2026-10-08T02:00:00Z,yes,1143.865,1144.149,finalized
2026-10-08T02:00:30.948622+00:00,KXGOLD15M-26OCT072200-00,GOLD,2026-10-08T02:00:00Z,yes,4132.2,4132.94,finalized
2026-10-08T02:00:31.259866+00:00,KXWTI15M-26OCT072200-00,WTI,2026-10-08T02:00:00Z,yes,89.27,89.43,finalized
2026-10-08T02:15:06.478407+00:00,KXSOL15M-26OCT072215-15,SOL,2026-10-08T02:15:00Z,yes,116.0092,116.1355,determined
2026-10-08T02:15:08.521060+00:00,KXETH15M-26OCT072215-15,ETH,2026-10-08T02:15:00Z,no,2575.97,2575.90,determined
2026-10-08T02:15:09.938105+00:00,KXXRP15M-26OCT072215-15,XRP,2026-10-08T02:15:00Z,no,1.4224,1.4220,finalized
2026-10-08T02:15:16.390241+00:00,KXBTC15M-26OCT072215-15,BTC,2026-10-08T02:15:00Z,no,83050.75,83037.75,finalized
2026-10-08T02:15:18.326952+00:00,KXDOGE15M-26OCT072215-15,DOGE,2026-10-08T02:15:00Z,yes,0.088931,0.0889483,finalized
2026-10-08T02:15:29.419312+00:00,KXWTI15M-26OCT072215-15,WTI,2026-10-08T02:15:00Z,no,89.43,89.42,determined
2026-10-08T02:15:29.733005+00:00,KXGOLD15M-26OCT072215-15,GOLD,2026-10-08T02:15:00Z,yes,4132.94,4138.53,determined
2026-10-08T02:15:30.545946+00:00,KXSILVER15M-26OCT072215-15,SILVER,2026-10-08T02:15:00Z,yes,60.281,60.365,finalized
2026-10-08T02:15:30.857697+00:00,KXPLATINUM15M-26OCT072215-15,PLATINUM,2026-10-08T02:15:00Z,yes,1658.463,1661.004,determined
2026-10-08T02:15:37.749078+00:00,KXCOPPER15M-26OCT072215-15,COPPER,2026-10-08T02:15:00Z,no,6.7709,6.76881,finalized
2026-10-08T02:15:38.569610+00:00,KXPALLADIUM15M-26OCT072215-15,PALLADIUM,2026-10-08T02:15:00Z,yes,1144.149,1147.063,finalized
2026-10-08T02:30:07.682064+00:00,KXBTC15M-26OCT072230-30,BTC,2026-10-08T02:30:00Z,yes,83037.75,83099.61,determined
2026-10-08T02:30:07.992937+00:00,KXXRP15M-26OCT072230-30,XRP,2026-10-08T02:30:00Z,yes,1.422,1.4237,determined
2026-10-08T02:30:09.430143+00:00,KXETH15M-26OCT072230-30,ETH,2026-10-08T02:30:00Z,yes,2575.9,2576.69,determined
2026-10-08T02:30:16.427663+00:00,KXDOGE15M-26OCT072230-30,DOGE,2026-10-08T02:30:00Z,yes,0.088948,0.0890740,finalized
2026-10-08T02:30:16.744267+00:00,KXSOL15M-26OCT072230-30,SOL,2026-10-08T02:30:00Z,yes,116.1355,116.3838,finalized
2026-10-08T02:30:27.613757+00:00,KXWTI15M-26OCT072230-30,WTI,2026-10-08T02:30:00Z,yes,89.42,89.44,determined
2026-10-08T02:30:29.167000+00:00,KXSILVER15M-26OCT072230-30,SILVER,2026-10-08T02:30:00Z,no,60.365,60.360,determined
2026-10-08T02:30:29.480131+00:00,KXPALLADIUM15M-26OCT072230-30,PALLADIUM,2026-10-08T02:30:00Z,no,1147.063,1146.522,finalized
2026-10-08T02:30:30.797562+00:00,KXCOPPER15M-26OCT072230-30,COPPER,2026-10-08T02:30:00Z,no,6.76881,6.76769,finalized
2026-10-08T02:30:31.134168+00:00,KXGOLD15M-26OCT072230-30,GOLD,2026-10-08T02:30:00Z,no,4138.53,4137.46,determined
2026-10-08T02:30:37.306815+00:00,KXPLATINUM15M-26OCT072230-30,PLATINUM,2026-10-08T02:30:00Z,yes,1661.004,1663.144,finalized
2026-10-08T02:45:07.155983+00:00,KXBTC15M-26OCT072245-45,BTC,2026-10-08T02:45:00Z,yes,83099.61,83199.33,determined
2026-10-08T02:45:08.134690+00:00,KXXRP15M-26OCT072245-45,XRP,2026-10-08T02:45:00Z,yes,1.4237,1.4261,determined
2026-10-08T02:45:09.588275+00:00,KXETH15M-26OCT072245-45,ETH,2026-10-08T02:45:00Z,yes,2576.69,2582.08,determined
2026-10-08T02:45:09.912862+00:00,KXSOL15M-26OCT072245-45,SOL,2026-10-08T02:45:00Z,yes,116.3838,116.5213,finalized
2026-10-08T02:45:19.929923+00:00,KXDOGE15M-26OCT072245-45,DOGE,2026-10-08T02:45:00Z,yes,0.089074,0.0891880,finalized
2026-10-08T02:45:26.582052+00:00,KXGOLD15M-26OCT072245-45,GOLD,2026-10-08T02:45:00Z,yes,4137.46,4143.09,determined
2026-10-08T02:45:26.893603+00:00,KXSILVER15M-26OCT072245-45,SILVER,2026-10-08T02:45:00Z,yes,60.36,60.447,determined
2026-10-08T02:45:27.514726+00:00,KXPALLADIUM15M-26OCT072245-45,PALLADIUM,2026-10-08T02:45:00Z,yes,1146.522,1147.347,determined
2026-10-08T02:45:28.328067+00:00,KXWTI15M-26OCT072245-45,WTI,2026-10-08T02:45:00Z,yes,89.44,89.50,determined
2026-10-08T02:45:28.634479+00:00,KXCOPPER15M-26OCT072245-45,COPPER,2026-10-08T02:45:00Z,no,6.76769,6.76599,determined
2026-10-08T02:45:37.829111+00:00,KXPLATINUM15M-26OCT072245-45,PLATINUM,2026-10-08T02:45:00Z,yes,1663.144,1665.836,finalized
2026-10-08T03:00:07.149643+00:00,KXSOL15M-26OCT072300-00,SOL,2026-10-08T03:00:00Z,no,116.5213,116.4028,determined
2026-10-08T03:00:07.441895+00:00,KXXRP15M-26OCT072300-00,XRP,2026-10-08T03:00:00Z,no,1.4261,1.4251,determined
2026-10-08T03:00:08.017117+00:00,KXBTC15M-26OCT072300-00,BTC,2026-10-08T03:00:00Z,no,83199.33,83116.95,determined
2026-10-08T03:00:09.030040+00:00,KXDOGE15M-26OCT072300-00,DOGE,2026-10-08T03:00:00Z,no,0.089188,0.0890134,finalized
2026-10-08T03:00:16.806720+00:00,KXETH15M-26OCT072300-00,ETH,2026-10-08T03:00:00Z,no,2582.08,2578.55,finalized
2026-10-08T03:00:26.547350+00:00,KXGOLD15M-26OCT072300-00,GOLD,2026-10-08T03:00:00Z,no,4143.09,4133.38,determined
2026-10-08T03:00:26.861217+00:00,KXPLATINUM15M-26OCT072300-00,PLATINUM,2026-10-08T03:00:00Z,no,1665.836,1664.474,determined
2026-10-08T03:00:27.679619+00:00,KXCOPPER15M-26OCT072300-00,COPPER,2026-10-08T03:00:00Z,no,6.76599,6.75863,determined
2026-10-08T03:00:28.995494+00:00,KXPALLADIUM15M-26OCT072300-00,PALLADIUM,2026-10-08T03:00:00Z,no,1147.347,1147.147,finalized
2026-10-08T03:00:30.312388+00:00,KXWTI15M-26OCT072300-00,WTI,2026-10-08T03:00:00Z,yes,89.5,89.63,determined
2026-10-08T03:00:30.626908+00:00,KXSILVER15M-26OCT072300-00,SILVER,2026-10-08T03:00:00Z,no,60.447,60.144,finalized
2026-10-08T13:30:05.962621+00:00,KXSOL15M-26OCT080930-30,SOL,2026-10-08T13:30:00Z,no,112.5205,112.3168,finalized
2026-10-08T13:30:06.857351+00:00,KXXRP15M-26OCT080930-30,XRP,2026-10-08T13:30:00Z,no,1.3993,1.3991,determined
2026-10-08T13:30:07.558570+00:00,KXDOGE15M-26OCT080930-30,DOGE,2026-10-08T13:30:00Z,yes,0.086815,0.0868825,determined
2026-10-08T13:30:15.954306+00:00,KXBTC15M-26OCT080930-30,BTC,2026-10-08T13:30:00Z,no,82420.2,82343.04,finalized
2026-10-08T13:30:16.171964+00:00,KXETH15M-26OCT080930-30,ETH,2026-10-08T13:30:00Z,no,2534.66,2533.25,finalized
2026-10-08T13:30:28.985751+00:00,KXGOLD15M-26OCT080930-30,GOLD,2026-10-08T13:30:00Z,no,4126.41,4123.50,finalized
2026-10-08T13:30:29.448006+00:00,KXWTI15M-26OCT080930-30,WTI,2026-10-08T13:30:00Z,no,91.76,91.52,finalized
2026-10-08T13:30:30.149037+00:00,KXCOPPER15M-26OCT080930-30,COPPER,2026-10-08T13:30:00Z,no,6.63236,6.62220,determined
2026-10-08T13:30:30.348346+00:00,KXPLATINUM15M-26OCT080930-30,PLATINUM,2026-10-08T13:30:00Z,no,1640.361,1637.783,finalized
2026-10-08T13:30:30.548924+00:00,KXPALLADIUM15M-26OCT080930-30,PALLADIUM,2026-10-08T13:30:00Z,no,1124.162,1123.282,finalized
2026-10-08T13:30:39.676775+00:00,KXSILVER15M-26OCT080930-30,SILVER,2026-10-08T13:30:00Z,yes,59.017,59.076,finalized
2026-10-08T13:45:07.586885+00:00,KXBTC15M-26OCT080945-45,BTC,2026-10-08T13:45:00Z,no,82343.04,81993.37,determined
2026-10-08T13:45:16.340216+00:00,KXETH15M-26OCT080945-45,ETH,2026-10-08T13:45:00Z,no,2533.25,2514.40,finalized
2026-10-08T13:45:16.539459+00:00,KXSOL15M-26OCT080945-45,SOL,2026-10-08T13:45:00Z,no,112.3168,111.6333,finalized
2026-10-08T13:45:16.736032+00:00,KXXRP15M-26OCT080945-45,XRP,2026-10-08T13:45:00Z,no,1.3991,1.3944,finalized
2026-10-08T13:45:16.935609+00:00,KXDOGE15M-26OCT080945-45,DOGE,2026-10-08T13:45:00Z,no,0.086882,0.0865766,finalized
2026-10-08T13:45:18.931522+00:00,KXWTI15M-26OCT080945-45,WTI,2026-10-08T13:45:00Z,yes,91.52,91.99,determined
2026-10-08T13:45:28.165003+00:00,KXSILVER15M-26OCT080945-45,SILVER,2026-10-08T13:45:00Z,yes,59.076,59.222,determined
2026-10-08T13:45:28.364707+00:00,KXPLATINUM15M-26OCT080945-45,PLATINUM,2026-10-08T13:45:00Z,yes,1637.783,1640.925,determined
2026-10-08T13:45:28.564579+00:00,KXPALLADIUM15M-26OCT080945-45,PALLADIUM,2026-10-08T13:45:00Z,yes,1123.282,1124.356,finalized
2026-10-08T13:45:29.264893+00:00,KXGOLD15M-26OCT080945-45,GOLD,2026-10-08T13:45:00Z,yes,4123.5,4125.77,finalized
2026-10-08T13:45:29.462082+00:00,KXCOPPER15M-26OCT080945-45,COPPER,2026-10-08T13:45:00Z,no,6.6222,6.61840,finalized
2026-10-08T14:00:05.636563+00:00,KXXRP15M-26OCT081000-00,XRP,2026-10-08T14:00:00Z,yes,1.3944,1.3992,finalized
2026-10-08T14:00:07.131259+00:00,KXETH15M-26OCT081000-00,ETH,2026-10-08T14:00:00Z,yes,2514.4,2520.30,determined
2026-10-08T14:00:07.336171+00:00,KXSOL15M-26OCT081000-00,SOL,2026-10-08T14:00:00Z,yes,111.6333,112.2032,finalized
2026-10-08T14:00:07.532012+00:00,KXDOGE15M-26OCT081000-00,DOGE,2026-10-08T14:00:00Z,yes,0.086576,0.0869612,finalized
2026-10-08T14:00:17.466312+00:00,KXBTC15M-26OCT081000-00,BTC,2026-10-08T14:00:00Z,yes,81993.37,82127.78,finalized
2026-10-08T14:00:26.732590+00:00,KXGOLD15M-26OCT081000-00,GOLD,2026-10-08T14:00:00Z,yes,4125.77,4130.11,determined
2026-10-08T14:00:26.930774+00:00,KXPLATINUM15M-26OCT081000-00,PLATINUM,2026-10-08T14:00:00Z,yes,1640.925,1644.050,finalized
2026-10-08T14:00:27.128895+00:00,KXPALLADIUM15M-26OCT081000-00,PALLADIUM,2026-10-08T14:00:00Z,no,1124.356,1123.727,finalized
2026-10-08T14:00:29.332247+00:00,KXCOPPER15M-26OCT081000-00,COPPER,2026-10-08T14:00:00Z,yes,6.6184,6.62487,finalized
2026-10-08T14:00:29.533867+00:00,KXSILVER15M-26OCT081000-00,SILVER,2026-10-08T14:00:00Z,yes,59.222,59.265,finalized
2026-10-08T14:00:29.733940+00:00,KXWTI15M-26OCT081000-00,WTI,2026-10-08T14:00:00Z,no,91.99,91.90,finalized
2026-10-08T14:15:08.269999+00:00,KXSOL15M-26OCT081015-15,SOL,2026-10-08T14:15:00Z,yes,112.2032,112.5003,finalized
2026-10-08T14:15:15.515443+00:00,KXETH15M-26OCT081015-15,ETH,2026-10-08T14:15:00Z,yes,2520.3,2530.50,finalized
2026-10-08T14:15:15.717722+00:00,KXBTC15M-26OCT081015-15,BTC,2026-10-08T14:15:00Z,yes,82127.78,82477.28,finalized
2026-10-08T14:15:17.212505+00:00,KXXRP15M-26OCT081015-15,XRP,2026-10-08T14:15:00Z,yes,1.3992,1.4025,finalized
2026-10-08T14:15:17.409486+00:00,KXDOGE15M-26OCT081015-15,DOGE,2026-10-08T14:15:00Z,yes,0.086961,0.0873362,finalized
2026-10-08T14:15:19.029330+00:00,KXSILVER15M-26OCT081015-15,SILVER,2026-10-08T14:15:00Z,no,59.265,59.105,determined
2026-10-08T14:15:26.394186+00:00,KXGOLD15M-26OCT081015-15,GOLD,2026-10-08T14:15:00Z,no,4130.11,4123.21,finalized
2026-10-08T14:15:26.591665+00:00,KXWTI15M-26OCT081015-15,WTI,2026-10-08T14:15:00Z,yes,91.9,92.01,finalized
2026-10-08T14:15:27.292509+00:00,KXCOPPER15M-26OCT081015-15,COPPER,2026-10-08T14:15:00Z,yes,6.62487,6.63317,finalized
2026-10-08T14:15:27.489686+00:00,KXPLATINUM15M-26OCT081015-15,PLATINUM,2026-10-08T14:15:00Z,no,1644.05,1639.546,finalized
2026-10-08T14:15:29.426392+00:00,KXPALLADIUM15M-26OCT081015-15,PALLADIUM,2026-10-08T14:15:00Z,no,1123.727,1123.002,finalized
2026-10-08T14:30:06.019704+00:00,KXETH15M-26OCT081030-30,ETH,2026-10-08T14:30:00Z,yes,2530.5,2532.80,determined
2026-10-08T14:30:08.668974+00:00,KXXRP15M-26OCT081030-30,XRP,2026-10-08T14:30:00Z,yes,1.4025,1.4056,finalized
2026-10-08T14:30:15.617726+00:00,KXBTC15M-26OCT081030-30,BTC,2026-10-08T14:30:00Z,yes,82477.28,82676.42,finalized
2026-10-08T14:30:15.818365+00:00,KXSOL15M-26OCT081030-30,SOL,2026-10-08T14:30:00Z,yes,112.5003,112.5355,finalized
2026-10-08T14:30:18.662928+00:00,KXDOGE15M-26OCT081030-30,DOGE,2026-10-08T14:30:00Z,yes,0.087336,0.0873506,finalized
2026-10-08T14:30:26.293790+00:00,KXWTI15M-26OCT081030-30,WTI,2026-10-08T14:30:00Z,no,92.01,91.62,determined
2026-10-08T14:30:28.219780+00:00,KXCOPPER15M-26OCT081030-30,COPPER,2026-10-08T14:30:00Z,yes,6.63317,6.64552,determined
2026-10-08T14:30:28.616689+00:00,KXGOLD15M-26OCT081030-30,GOLD,2026-10-08T14:30:00Z,yes,4123.21,4137.28,determined
2026-10-08T14:30:29.517846+00:00,KXPALLADIUM15M-26OCT081030-30,PALLADIUM,2026-10-08T14:30:00Z,yes,1123.002,1127.370,finalized
2026-10-08T14:30:39.014928+00:00,KXPLATINUM15M-26OCT081030-30,PLATINUM,2026-10-08T14:30:00Z,yes,1639.546,1646.323,finalized
2026-10-08T14:30:39.216057+00:00,KXSILVER15M-26OCT081030-30,SILVER,2026-10-08T14:30:00Z,yes,59.105,59.414,finalized
2026-10-08T14:45:06.279661+00:00,KXBTC15M-26OCT081045-45,BTC,2026-10-08T14:45:00Z,no,82676.42,82501.30,determined
2026-10-08T14:45:06.976658+00:00,KXDOGE15M-26OCT081045-45,DOGE,2026-10-08T14:45:00Z,no,0.08735,0.0869424,finalized
2026-10-08T14:45:08.268562+00:00,KXSOL15M-26OCT081045-45,SOL,2026-10-08T14:45:00Z,no,112.5355,112.1713,finalized
2026-10-08T14:45:16.335016+00:00,KXETH15M-26OCT081045-45,ETH,2026-10-08T14:45:00Z,no,2532.8,2526.00,finalized
2026-10-08T14:45:19.026074+00:00,KXXRP15M-26OCT081045-45,XRP,2026-10-08T14:45:00Z,no,1.4056,1.4010,finalized
2026-10-08T14:45:27.098307+00:00,KXCOPPER15M-26OCT081045-45,COPPER,2026-10-08T14:45:00Z,no,6.64552,6.63331,finalized
2026-10-08T14:45:27.799821+00:00,KXGOLD15M-26OCT081045-45,GOLD,2026-10-08T14:45:00Z,no,4137.28,4126.37,finalized
2026-10-08T14:45:27.999352+00:00,KXSILVER15M-26OCT081045-45,SILVER,2026-10-08T14:45:00Z,no,59.414,59.053,finalized
2026-10-08T14:45:28.198763+00:00,KXPLATINUM15M-26OCT081045-45,PLATINUM,2026-10-08T14:45:00Z,no,1646.323,1637.400,determined
2026-10-08T14:45:29.900191+00:00,KXPALLADIUM15M-26OCT081045-45,PALLADIUM,2026-10-08T14:45:00Z,no,1127.37,1122.165,determined
2026-10-08T14:45:37.121738+00:00,KXWTI15M-26OCT081045-45,WTI,2026-10-08T14:45:00Z,yes,91.62,92.18,finalized
2026-10-08T15:00:08.618388+00:00,KXBTC15M-26OCT081100-00,BTC,2026-10-08T15:00:00Z,yes,82501.3,82668.86,determined
2026-10-08T15:00:15.766335+00:00,KXETH15M-26OCT081100-00,ETH,2026-10-08T15:00:00Z,yes,2526,2530.71,finalized
2026-10-08T15:00:15.969629+00:00,KXXRP15M-26OCT081100-00,XRP,2026-10-08T15:00:00Z,yes,1.401,1.4046,finalized
2026-10-08T15:00:16.867565+00:00,KXDOGE15M-26OCT081100-00,DOGE,2026-10-08T15:00:00Z,yes,0.086942,0.0871160,finalized
2026-10-08T15:00:18.157471+00:00,KXSOL15M-26OCT081100-00,SOL,2026-10-08T15:00:00Z,yes,112.1713,112.4975,finalized
2026-10-08T15:00:19.014037+00:00,KXGOLD15M-26OCT081100-00,GOLD,2026-10-08T15:00:00Z,no,4126.37,4124.51,determined
2026-10-08T15:00:19.213513+00:00,KXCOPPER15M-26OCT081100-00,COPPER,2026-10-08T15:00:00Z,no,6.63331,6.62197,determined
2026-10-08T15:00:27.140772+00:00,KXPLATINUM15M-26OCT081100-00,PLATINUM,2026-10-08T15:00:00Z,yes,1637.4,1638.831,finalized
2026-10-08T15:00:27.842362+00:00,KXSILVER15M-26OCT081100-00,SILVER,2026-10-08T15:00:00Z,no,59.053,58.985,finalized
2026-10-08T15:00:28.046845+00:00,KXWTI15M-26OCT081100-00,WTI,2026-10-08T15:00:00Z,yes,92.18,92.51,finalized
2026-10-08T15:00:28.245699+00:00,KXPALLADIUM15M-26OCT081100-00,PALLADIUM,2026-10-08T15:00:00Z,yes,1122.165,1123.752,finalized
2026-10-08T15:15:05.996828+00:00,KXETH15M-26OCT081115-15,ETH,2026-10-08T15:15:00Z,no,2530.71,2510.08,finalized
2026-10-08T15:15:06.198477+00:00,KXDOGE15M-26OCT081115-15,DOGE,2026-10-08T15:15:00Z,no,0.087116,0.0860377,finalized
2026-10-08T15:15:09.028604+00:00,KXSOL15M-26OCT081115-15,SOL,2026-10-08T15:15:00Z,no,112.4975,111.0838,finalized
2026-10-08T15:15:16.394817+00:00,KXBTC15M-26OCT081115-15,BTC,2026-10-08T15:15:00Z,no,82668.86,82166.73,finalized
2026-10-08T15:15:18.010573+00:00,KXXRP15M-26OCT081115-15,XRP,2026-10-08T15:15:00Z,no,1.4046,1.3851,finalized
2026-10-08T15:15:18.405258+00:00,KXGOLD15M-26OCT081115-15,GOLD,2026-10-08T15:15:00Z,no,4124.51,4115.74,determined
2026-10-08T15:15:18.605942+00:00,KXSILVER15M-26OCT081115-15,SILVER,2026-10-08T15:15:00Z,no,58.985,58.848,determined
2026-10-08T15:15:19.503764+00:00,KXPALLADIUM15M-26OCT081115-15,PALLADIUM,2026-10-08T15:15:00Z,no,1123.752,1123.746,determined
2026-10-08T15:15:26.952965+00:00,KXCOPPER15M-26OCT081115-15,COPPER,2026-10-08T15:15:00Z,no,6.62197,6.60697,finalized
2026-10-08T15:15:28.813394+00:00,KXPLATINUM15M-26OCT081115-15,PLATINUM,2026-10-08T15:15:00Z,no,1638.831,1632.556,finalized
2026-10-08T15:15:29.513146+00:00,KXWTI15M-26OCT081115-15,WTI,2026-10-08T15:15:00Z,yes,92.51,92.71,finalized
2026-10-08T15:30:05.524736+00:00,KXSOL15M-26OCT081130-30,SOL,2026-10-08T15:30:00Z,no,111.0838,108.9025,determined
2026-10-08T15:30:07.212128+00:00,KXETH15M-26OCT081130-30,ETH,2026-10-08T15:30:00Z,no,2510.08,2462.65,determined
2026-10-08T15:30:07.918552+00:00,KXXRP15M-26OCT081130-30,XRP,2026-10-08T15:30:00Z,no,1.3851,1.3544,finalized
2026-10-08T15:30:16.224727+00:00,KXDOGE15M-26OCT081130-30,DOGE,2026-10-08T15:30:00Z,no,0.086037,0.0836100,finalized
2026-10-08T15:30:17.124616+00:00,KXBTC15M-26OCT081130-30,BTC,2026-10-08T15:30:00Z,no,82166.73,81292.75,finalized
2026-10-08T15:30:26.710208+00:00,KXGOLD15M-26OCT081130-30,GOLD,2026-10-08T15:30:00Z,yes,4115.74,4116.32,determined
2026-10-08T15:30:27.910163+00:00,KXPLATINUM15M-26OCT081130-30,PLATINUM,2026-10-08T15:30:00Z,no,1632.556,1631.465,determined
2026-10-08T15:30:28.109119+00:00,KXPALLADIUM15M-26OCT081130-30,PALLADIUM,2026-10-08T15:30:00Z,yes,1123.746,1126.626,finalized
2026-10-08T15:30:29.309569+00:00,KXSILVER15M-26OCT081130-30,SILVER,2026-10-08T15:30:00Z,yes,58.848,58.899,finalized
2026-10-08T15:30:29.510349+00:00,KXWTI15M-26OCT081130-30,WTI,2026-10-08T15:30:00Z,no,92.71,92.50,finalized
2026-10-08T15:30:36.600195+00:00,KXCOPPER15M-26OCT081130-30,COPPER,2026-10-08T15:30:00Z,no,6.60697,6.60470,finalized
2026-10-08T15:45:05.466259+00:00,KXBTC15M-26OCT081145-45,BTC,2026-10-08T15:45:00Z,no,81292.75,81164.11,determined
2026-10-08T15:45:07.067972+00:00,KXXRP15M-26OCT081145-45,XRP,2026-10-08T15:45:00Z,no,1.3544,1.3521,determined
2026-10-08T15:45:08.490131+00:00,KXDOGE15M-26OCT081145-45,DOGE,2026-10-08T15:45:00Z,no,0.08361,0.0833095,determined
2026-10-08T15:45:16.310997+00:00,KXETH15M-26OCT081145-45,ETH,2026-10-08T15:45:00Z,no,2462.65,2450.29,finalized
2026-10-08T15:45:17.419016+00:00,KXSOL15M-26OCT081145-45,SOL,2026-10-08T15:45:00Z,yes,108.9025,109.0515,finalized
2026-10-08T15:45:26.164127+00:00,KXGOLD15M-26OCT081145-45,GOLD,2026-10-08T15:45:00Z,yes,4116.32,4116.48,finalized
2026-10-08T15:45:26.865626+00:00,KXSILVER15M-26OCT081145-45,SILVER,2026-10-08T15:45:00Z,no,58.899,58.828,determined
2026-10-08T15:45:27.567101+00:00,KXWTI15M-26OCT081145-45,WTI,2026-10-08T15:45:00Z,yes,92.5,92.67,determined
2026-10-08T15:45:29.166884+00:00,KXPALLADIUM15M-26OCT081145-45,PALLADIUM,2026-10-08T15:45:00Z,no,1126.626,1121.747,finalized
2026-10-08T15:45:38.911823+00:00,KXCOPPER15M-26OCT081145-45,COPPER,2026-10-08T15:45:00Z,no,6.6047,6.58967,finalized
2026-10-08T15:45:39.610796+00:00,KXPLATINUM15M-26OCT081145-45,PLATINUM,2026-10-08T15:45:00Z,no,1631.465,1628.931,finalized
2026-10-08T16:00:07.690649+00:00,KXSOL15M-26OCT081200-00,SOL,2026-10-08T16:00:00Z,no,109.0515,108.4555,finalized
2026-10-08T16:00:08.391107+00:00,KXXRP15M-26OCT081200-00,XRP,2026-10-08T16:00:00Z,no,1.3521,1.3445,finalized
2026-10-08T16:00:08.592742+00:00,KXBTC15M-26OCT081200-00,BTC,2026-10-08T16:00:00Z,no,81164.11,80963.01,finalized
2026-10-08T16:00:16.254998+00:00,KXDOGE15M-26OCT081200-00,DOGE,2026-10-08T16:00:00Z,no,0.083309,0.0826427,finalized
2026-10-08T16:00:17.885419+00:00,KXWTI15M-26OCT081200-00,WTI,2026-10-08T16:00:00Z,no,92.67,92.48,determined
2026-10-08T16:00:18.286814+00:00,KXETH15M-26OCT081200-00,ETH,2026-10-08T16:00:00Z,no,2450.29,2432.26,finalized
2026-10-08T16:00:26.851919+00:00,KXCOPPER15M-26OCT081200-00,COPPER,2026-10-08T16:00:00Z,yes,6.58967,6.59136,finalized
2026-10-08T16:00:27.051004+00:00,KXPALLADIUM15M-26OCT081200-00,PALLADIUM,2026-10-08T16:00:00Z,yes,1121.747,1122.292,finalized
2026-10-08T16:00:27.250136+00:00,KXSILVER15M-26OCT081200-00,SILVER,2026-10-08T16:00:00Z,no,58.828,58.753,finalized
2026-10-08T16:00:28.670916+00:00,KXPLATINUM15M-26OCT081200-00,PLATINUM,2026-10-08T16:00:00Z,yes,1628.931,1629.380,finalized
2026-10-08T16:00:29.871654+00:00,KXGOLD15M-26OCT081200-00,GOLD,2026-10-08T16:00:00Z,no,4116.48,4111.92,finalized
2026-10-08T16:15:05.839558+00:00,KXSOL15M-26OCT081215-15,SOL,2026-10-08T16:15:00Z,no,108.4555,108.2377,determined
2026-10-08T16:15:07.364099+00:00,KXXRP15M-26OCT081215-15,XRP,2026-10-08T16:15:00Z,yes,1.3445,1.3477,determined
2026-10-08T16:15:15.859769+00:00,KXETH15M-26OCT081215-15,ETH,2026-10-08T16:15:00Z,no,2432.26,2424.32,finalized
2026-10-08T16:15:16.758394+00:00,KXBTC15M-26OCT081215-15,BTC,2026-10-08T16:15:00Z,yes,80963.01,80971.78,finalized
2026-10-08T16:15:17.855256+00:00,KXDOGE15M-26OCT081215-15,DOGE,2026-10-08T16:15:00Z,yes,0.082642,0.0828867,finalized
2026-10-08T16:15:27.212280+00:00,KXPALLADIUM15M-26OCT081215-15,PALLADIUM,2026-10-08T16:15:00Z,yes,1122.292,1122.790,finalized
2026-10-08T16:15:27.911940+00:00,KXGOLD15M-26OCT081215-15,GOLD,2026-10-08T16:15:00Z,yes,4111.92,4112.02,finalized
2026-10-08T16:15:28.109587+00:00,KXSILVER15M-26OCT081215-15,SILVER,2026-10-08T16:15:00Z,no,58.753,58.712,finalized
2026-10-08T16:15:28.810764+00:00,KXCOPPER15M-26OCT081215-15,COPPER,2026-10-08T16:15:00Z,yes,6.59136,6.59307,finalized
2026-10-08T16:15:29.014631+00:00,KXPLATINUM15M-26OCT081215-15,PLATINUM,2026-10-08T16:15:00Z,no,1629.38,1628.050,finalized
2026-10-08T16:15:29.215677+00:00,KXWTI15M-26OCT081215-15,WTI,2026-10-08T16:15:00Z,no,92.48,92.26,finalized
2026-10-08T16:30:07.068785+00:00,KXETH15M-26OCT081230-30,ETH,2026-10-08T16:30:00Z,yes,2424.32,2428.99,determined
2026-10-08T16:30:07.269577+00:00,KXXRP15M-26OCT081230-30,XRP,2026-10-08T16:30:00Z,yes,1.3477,1.3551,finalized
2026-10-08T16:30:16.151399+00:00,KXBTC15M-26OCT081230-30,BTC,2026-10-08T16:30:00Z,yes,80971.78,81264.04,finalized
2026-10-08T16:30:16.750627+00:00,KXGOLD15M-26OCT081230-30,GOLD,2026-10-08T16:30:00Z,yes,4112.02,4117.79,determined
2026-10-08T16:30:17.449553+00:00,KXWTI15M-26OCT081230-30,WTI,2026-10-08T16:30:00Z,no,92.26,90.83,determined
2026-10-08T16:30:18.850484+00:00,KXDOGE15M-26OCT081230-30,DOGE,2026-10-08T16:30:00Z,yes,0.082886,0.0831902,finalized
2026-10-08T16:30:19.055053+00:00,KXSOL15M-26OCT081230-30,SOL,2026-10-08T16:30:00Z,yes,108.2377,108.7312,finalized
2026-10-08T16:30:26.897834+00:00,KXCOPPER15M-26OCT081230-30,COPPER,2026-10-08T16:30:00Z,yes,6.59307,6.59984,finalized
2026-10-08T16:30:27.097996+00:00,KXPLATINUM15M-26OCT081230-30,PLATINUM,2026-10-08T16:30:00Z,yes,1628.05,1632.415,determined
2026-10-08T16:30:28.798826+00:00,KXSILVER15M-26OCT081230-30,SILVER,2026-10-08T16:30:00Z,yes,58.712,58.927,determined
2026-10-08T16:30:29.498318+00:00,KXPALLADIUM15M-26OCT081230-30,PALLADIUM,2026-10-08T16:30:00Z,yes,1122.79,1125.362,finalized
2026-10-08T16:45:05.888194+00:00,KXDOGE15M-26OCT081245-45,DOGE,2026-10-08T16:45:00Z,no,0.08319,0.0829604,finalized
2026-10-08T16:45:06.790661+00:00,KXETH15M-26OCT081245-45,ETH,2026-10-08T16:45:00Z,no,2428.99,2427.90,determined
2026-10-08T16:45:07.889708+00:00,KXXRP15M-26OCT081245-45,XRP,2026-10-08T16:45:00Z,yes,1.3551,1.3552,finalized
2026-10-08T16:45:18.575101+00:00,KXBTC15M-26OCT081245-45,BTC,2026-10-08T16:45:00Z,no,81264.04,81208.12,finalized
2026-10-08T16:45:18.773911+00:00,KXSOL15M-26OCT081245-45,SOL,2026-10-08T16:45:00Z,no,108.7312,108.5347,finalized
2026-10-08T16:45:26.454140+00:00,KXCOPPER15M-26OCT081245-45,COPPER,2026-10-08T16:45:00Z,no,6.59984,6.59852,finalized
2026-10-08T16:45:26.650594+00:00,KXPALLADIUM15M-26OCT081245-45,PALLADIUM,2026-10-08T16:45:00Z,yes,1125.362,1128.784,finalized
2026-10-08T16:45:27.552211+00:00,KXPLATINUM15M-26OCT081245-45,PLATINUM,2026-10-08T16:45:00Z,yes,1632.415,1633.687,finalized
2026-10-08T16:45:28.253167+00:00,KXSILVER15M-26OCT081245-45,SILVER,2026-10-08T16:45:00Z,yes,58.927,58.931,finalized
2026-10-08T16:45:28.453197+00:00,KXWTI15M-26OCT081245-45,WTI,2026-10-08T16:45:00Z,yes,90.83,90.83,finalized
2026-10-08T16:45:37.104494+00:00,KXGOLD15M-26OCT081245-45,GOLD,2026-10-08T16:45:00Z,yes,4117.79,4119.29,finalized
2026-10-08T17:00:05.641770+00:00,KXSOL15M-26OCT081300-00,SOL,2026-10-08T17:00:00Z,no,108.5347,107.6622,determined
2026-10-08T17:00:07.147019+00:00,KXDOGE15M-26OCT081300-00,DOGE,2026-10-08T17:00:00Z,no,0.08296,0.0822002,finalized
2026-10-08T17:00:08.253134+00:00,KXBTC15M-26OCT081300-00,BTC,2026-10-08T17:00:00Z,no,81208.12,80880.36,finalized
2026-10-08T17:00:15.656677+00:00,KXETH15M-26OCT081300-00,ETH,2026-10-08T17:00:00Z,no,2427.9,2414.37,finalized
2026-10-08T17:00:17.449782+00:00,KXXRP15M-26OCT081300-00,XRP,2026-10-08T17:00:00Z,no,1.3552,1.3437,finalized
2026-10-08T17:00:26.672965+00:00,KXCOPPER15M-26OCT081300-00,COPPER,2026-10-08T17:00:00Z,no,6.59852,6.58355,determined
2026-10-08T17:00:26.873635+00:00,KXSILVER15M-26OCT081300-00,SILVER,2026-10-08T17:00:00Z,no,58.931,58.881,finalized
2026-10-08T17:00:27.571638+00:00,KXWTI15M-26OCT081300-00,WTI,2026-10-08T17:00:00Z,no,90.83,90.78,determined
2026-10-08T17:00:28.969992+00:00,KXPALLADIUM15M-26OCT081300-00,PALLADIUM,2026-10-08T17:00:00Z,no,1128.784,1127.071,finalized
2026-10-08T17:00:29.667968+00:00,KXGOLD15M-26OCT081300-00,GOLD,2026-10-08T17:00:00Z,yes,4119.29,4123.85,finalized
2026-10-08T17:00:38.755506+00:00,KXPLATINUM15M-26OCT081300-00,PLATINUM,2026-10-08T17:00:00Z,no,1633.687,1632.540,finalized
2026-10-08T17:15:05.411339+00:00,KXBTC15M-26OCT081315-15,BTC,2026-10-08T17:15:00Z,no,80880.36,80871.81,determined
2026-10-08T17:15:08.231545+00:00,KXSOL15M-26OCT081315-15,SOL,2026-10-08T17:15:00Z,yes,107.6622,107.6690,finalized
2026-10-08T17:15:16.194219+00:00,KXETH15M-26OCT081315-15,ETH,2026-10-08T17:15:00Z,yes,2414.37,2424.12,finalized
2026-10-08T17:15:16.391770+00:00,KXXRP15M-26OCT081315-15,XRP,2026-10-08T17:15:00Z,no,1.3437,1.3422,finalized
2026-10-08T17:15:17.458453+00:00,KXDOGE15M-26OCT081315-15,DOGE,2026-10-08T17:15:00Z,yes,0.0822,0.0822846,finalized
2026-10-08T17:15:28.218586+00:00,KXGOLD15M-26OCT081315-15,GOLD,2026-10-08T17:15:00Z,yes,4123.85,4132.12,determined
2026-10-08T17:15:28.416804+00:00,KXPLATINUM15M-26OCT081315-15,PLATINUM,2026-10-08T17:15:00Z,yes,1632.54,1640.747,determined
2026-10-08T17:15:28.615230+00:00,KXPALLADIUM15M-26OCT081315-15,PALLADIUM,2026-10-08T17:15:00Z,yes,1127.071,1132.192,finalized
2026-10-08T17:15:29.314235+00:00,KXSILVER15M-26OCT081315-15,SILVER,2026-10-08T17:15:00Z,yes,58.881,59.089,finalized
2026-10-08T17:15:29.515469+00:00,KXWTI15M-26OCT081315-15,WTI,2026-10-08T17:15:00Z,yes,90.78,90.79,finalized
2026-10-08T17:15:36.943602+00:00,KXCOPPER15M-26OCT081315-15,COPPER,2026-10-08T17:15:00Z,yes,6.58355,6.58971,finalized
2026-10-08T17:30:05.684403+00:00,KXBTC15M-26OCT081330-30,BTC,2026-10-08T17:30:00Z,no,80871.81,80654.83,finalized
2026-10-08T17:30:06.994663+00:00,KXSOL15M-26OCT081330-30,SOL,2026-10-08T17:30:00Z,no,107.669,106.5020,finalized
2026-10-08T17:30:08.287265+00:00,KXETH15M-26OCT081330-30,ETH,2026-10-08T17:30:00Z,no,2424.12,2417.73,determined
2026-10-08T17:30:15.928634+00:00,KXXRP15M-26OCT081330-30,XRP,2026-10-08T17:30:00Z,no,1.3422,1.3305,finalized
2026-10-08T17:30:17.457447+00:00,KXDOGE15M-26OCT081330-30,DOGE,2026-10-08T17:30:00Z,no,0.082284,0.0818675,finalized
2026-10-08T17:30:26.417105+00:00,KXCOPPER15M-26OCT081330-30,COPPER,2026-10-08T17:30:00Z,no,6.58971,6.58543,finalized
2026-10-08T17:30:26.616479+00:00,KXGOLD15M-26OCT081330-30,GOLD,2026-10-08T17:30:00Z,no,4132.12,4131.09,determined
2026-10-08T17:30:27.556653+00:00,KXWTI15M-26OCT081330-30,WTI,2026-10-08T17:30:00Z,yes,90.79,91.10,finalized
2026-10-08T17:30:28.258703+00:00,KXPLATINUM15M-26OCT081330-30,PLATINUM,2026-10-08T17:30:00Z,yes,1640.747,1643.410,finalized
2026-10-08T17:30:28.962377+00:00,KXPALLADIUM15M-26OCT081330-30,PALLADIUM,2026-10-08T17:30:00Z,no,1132.192,1130.304,finalized
2026-10-08T17:30:29.663175+00:00,KXSILVER15M-26OCT081330-30,SILVER,2026-10-08T17:30:00Z,yes,59.089,59.177,finalized
2026-10-08T17:45:05.966126+00:00,KXSOL15M-26OCT081345-45,SOL,2026-10-08T17:45:00Z,yes,106.502,106.6017,finalized
2026-10-08T17:45:06.668554+00:00,KXDOGE15M-26OCT081345-45,DOGE,2026-10-08T17:45:00Z,no,0.081867,0.0818281,finalized
2026-10-08T17:45:07.961924+00:00,KXXRP15M-26OCT081345-45,XRP,2026-10-08T17:45:00Z,no,1.3305,1.3266,determined
2026-10-08T17:45:08.368684+00:00,KXETH15M-26OCT081345-45,ETH,2026-10-08T17:45:00Z,yes,2417.73,2420.90,finalized
2026-10-08T17:45:16.159731+00:00,KXBTC15M-26OCT081345-45,BTC,2026-10-08T17:45:00Z,yes,80654.83,80776.47,finalized
2026-10-08T17:45:26.249475+00:00,KXCOPPER15M-26OCT081345-45,COPPER,2026-10-08T17:45:00Z,no,6.58543,6.58429,finalized
2026-10-08T17:45:26.951699+00:00,KXPLATINUM15M-26OCT081345-45,PLATINUM,2026-10-08T17:45:00Z,no,1643.41,1641.265,finalized
2026-10-08T17:45:28.152378+00:00,KXGOLD15M-26OCT081345-45,GOLD,2026-10-08T17:45:00Z,no,4131.09,4131.08,finalized
2026-10-08T17:45:28.353739+00:00,KXSILVER15M-26OCT081345-45,SILVER,2026-10-08T17:45:00Z,no,59.177,59.043,finalized
2026-10-08T17:45:28.557675+00:00,KXWTI15M-26OCT081345-45,WTI,2026-10-08T17:45:00Z,yes,91.1,91.43,finalized
2026-10-08T17:45:29.260010+00:00,KXPALLADIUM15M-26OCT081345-45,PALLADIUM,2026-10-08T17:45:00Z,no,1130.304,1130.082,finalized
2026-10-08T18:00:05.929344+00:00,KXDOGE15M-26OCT081400-00,DOGE,2026-10-08T18:00:00Z,no,0.081828,0.0813612,finalized
2026-10-08T18:00:16.208346+00:00,KXBTC15M-26OCT081400-00,BTC,2026-10-08T18:00:00Z,no,80776.47,80649.06,finalized
2026-10-08T18:00:16.472615+00:00,KXSOL15M-26OCT081400-00,SOL,2026-10-08T18:00:00Z,no,106.6017,106.1738,finalized
2026-10-08T18:00:17.373474+00:00,KXETH15M-26OCT081400-00,ETH,2026-10-08T18:00:00Z,no,2420.9,2415.52,finalized
2026-10-08T18:00:17.572364+00:00,KXXRP15M-26OCT081400-00,XRP,2026-10-08T18:00:00Z,no,1.3266,1.3245,finalized
2026-10-08T18:00:27.212437+00:00,KXSILVER15M-26OCT081400-00,SILVER,2026-10-08T18:00:00Z,yes,59.043,59.067,finalized
2026-10-08T18:00:28.415198+00:00,KXCOPPER15M-26OCT081400-00,COPPER,2026-10-08T18:00:00Z,yes,6.58429,6.58585,determined
2026-10-08T18:00:28.616691+00:00,KXPLATINUM15M-26OCT081400-00,PLATINUM,2026-10-08T18:00:00Z,yes,1641.265,1641.450,finalized
2026-10-08T18:00:29.317636+00:00,KXPALLADIUM15M-26OCT081400-00,PALLADIUM,2026-10-08T18:00:00Z,yes,1130.082,1131.320,finalized
2026-10-08T18:00:29.632185+00:00,KXGOLD15M-26OCT081400-00,GOLD,2026-10-08T18:00:00Z,yes,4131.08,4132.99,finalized
2026-10-08T18:00:29.831776+00:00,KXWTI15M-26OCT081400-00,WTI,2026-10-08T18:00:00Z,no,91.43,91.38,finalized
2026-10-08T18:15:06.920399+00:00,KXBTC15M-26OCT081415-15,BTC,2026-10-08T18:15:00Z,no,80649.06,80639.88,determined
2026-10-08T18:15:07.121722+00:00,KXSOL15M-26OCT081415-15,SOL,2026-10-08T18:15:00Z,yes,106.1738,106.3205,finalized
2026-10-08T18:15:08.423463+00:00,KXXRP15M-26OCT081415-15,XRP,2026-10-08T18:15:00Z,yes,1.3245,1.3322,determined
2026-10-08T18:15:15.864112+00:00,KXDOGE15M-26OCT081415-15,DOGE,2026-10-08T18:15:00Z,yes,0.081361,0.0818542,finalized
2026-10-08T18:15:16.265548+00:00,KXETH15M-26OCT081415-15,ETH,2026-10-08T18:15:00Z,no,2415.52,2414.03,finalized
2026-10-08T18:15:26.472588+00:00,KXPLATINUM15M-26OCT081415-15,PLATINUM,2026-10-08T18:15:00Z,no,1641.45,1639.440,determined
2026-10-08T18:15:27.874062+00:00,KXCOPPER15M-26OCT081415-15,COPPER,2026-10-08T18:15:00Z,yes,6.58585,6.58924,determined
2026-10-08T18:15:28.073813+00:00,KXGOLD15M-26OCT081415-15,GOLD,2026-10-08T18:15:00Z,no,4132.99,4127.85,determined
2026-10-08T18:15:29.469364+00:00,KXPALLADIUM15M-26OCT081415-15,PALLADIUM,2026-10-08T18:15:00Z,yes,1131.32,1132.263,finalized
2026-10-08T18:15:37.101939+00:00,KXSILVER15M-26OCT081415-15,SILVER,2026-10-08T18:15:00Z,no,59.067,59.026,finalized
2026-10-08T18:15:39.304098+00:00,KXWTI15M-26OCT081415-15,WTI,2026-10-08T18:15:00Z,yes,91.38,91.61,finalized
2026-10-08T18:30:06.143490+00:00,KXETH15M-26OCT081430-30,ETH,2026-10-08T18:30:00Z,yes,2414.03,2438.38,determined
2026-10-08T18:30:15.800042+00:00,KXBTC15M-26OCT081430-30,BTC,2026-10-08T18:30:00Z,yes,80639.88,81380.14,finalized
2026-10-08T18:30:17.618896+00:00,KXSOL15M-26OCT081430-30,SOL,2026-10-08T18:30:00Z,yes,106.3205,107.8192,finalized
2026-10-08T18:30:18.912127+00:00,KXXRP15M-26OCT081430-30,XRP,2026-10-08T18:30:00Z,yes,1.3322,1.3526,finalized
2026-10-08T18:30:19.109575+00:00,KXDOGE15M-26OCT081430-30,DOGE,2026-10-08T18:30:00Z,yes,0.081854,0.0828012,finalized
2026-10-08T18:30:26.238029+00:00,KXCOPPER15M-26OCT081430-30,COPPER,2026-10-08T18:30:00Z,yes,6.58924,6.58941,finalized
2026-10-08T18:30:28.490485+00:00,KXSILVER15M-26OCT081430-30,SILVER,2026-10-08T18:30:00Z,yes,59.026,59.053,determined
2026-10-08T18:30:28.691568+00:00,KXWTI15M-26OCT081430-30,WTI,2026-10-08T18:30:00Z,no,91.61,91.27,finalized
2026-10-08T18:30:29.892033+00:00,KXPLATINUM15M-26OCT081430-30,PLATINUM,2026-10-08T18:30:00Z,no,1639.44,1639.265,determined
2026-10-08T18:30:36.807190+00:00,KXPALLADIUM15M-26OCT081430-30,PALLADIUM,2026-10-08T18:30:00Z,yes,1132.263,1132.896,finalized
2026-10-08T18:30:38.754766+00:00,KXGOLD15M-26OCT081430-30,GOLD,2026-10-08T18:30:00Z,no,4127.85,4125.82,finalized
2026-10-08T18:45:08.524207+00:00,KXSOL15M-26OCT081445-45,SOL,2026-10-08T18:45:00Z,yes,107.8192,107.8985,determined
2026-10-08T18:45:16.376567+00:00,KXETH15M-26OCT081445-45,ETH,2026-10-08T18:45:00Z,yes,2438.38,2446.88,finalized
2026-10-08T18:45:16.575012+00:00,KXXRP15M-26OCT081445-45,XRP,2026-10-08T18:45:00Z,yes,1.3526,1.3623,finalized
2026-10-08T18:45:17.586459+00:00,KXBTC15M-26OCT081445-45,BTC,2026-10-08T18:45:00Z,yes,81380.14,81464.86,finalized
2026-10-08T18:45:17.990779+00:00,KXDOGE15M-26OCT081445-45,DOGE,2026-10-08T18:45:00Z,yes,0.082801,0.0829890,finalized
2026-10-08T18:45:26.457898+00:00,KXGOLD15M-26OCT081445-45,GOLD,2026-10-08T18:45:00Z,no,4125.82,4125.19,finalized
2026-10-08T18:45:26.657253+00:00,KXSILVER15M-26OCT081445-45,SILVER,2026-10-08T18:45:00Z,yes,59.053,59.060,finalized
2026-10-08T18:45:28.076800+00:00,KXPALLADIUM15M-26OCT081445-45,PALLADIUM,2026-10-08T18:45:00Z,no,1132.896,1131.630,finalized
2026-10-08T18:45:28.776496+00:00,KXCOPPER15M-26OCT081445-45,COPPER,2026-10-08T18:45:00Z,no,6.58941,6.58108,finalized
2026-10-08T18:45:29.478783+00:00,KXPLATINUM15M-26OCT081445-45,PLATINUM,2026-10-08T18:45:00Z,yes,1639.265,1640.315,finalized
2026-10-08T18:45:29.679757+00:00,KXWTI15M-26OCT081445-45,WTI,2026-10-08T18:45:00Z,yes,91.27,91.30,finalized
2026-10-08T19:00:05.384881+00:00,KXXRP15M-26OCT081500-00,XRP,2026-10-08T19:00:00Z,no,1.3623,1.3597,finalized
2026-10-08T19:00:06.689339+00:00,KXBTC15M-26OCT081500-00,BTC,2026-10-08T19:00:00Z,no,81464.86,81434.78,determined
2026-10-08T19:00:07.097148+00:00,KXDOGE15M-26OCT081500-00,DOGE,2026-10-08T19:00:00Z,yes,0.082989,0.0830601,finalized
2026-10-08T19:00:16.044861+00:00,KXETH15M-26OCT081500-00,ETH,2026-10-08T19:00:00Z,no,2446.88,2446.34,finalized
2026-10-08T19:00:18.537916+00:00,KXSOL15M-26OCT081500-00,SOL,2026-10-08T19:00:00Z,yes,107.8985,108.0095,finalized
2026-10-08T19:00:18.932848+00:00,KXSILVER15M-26OCT081500-00,SILVER,2026-10-08T19:00:00Z,yes,59.06,59.076,determined
2026-10-08T19:00:26.847707+00:00,KXPLATINUM15M-26OCT081500-00,PLATINUM,2026-10-08T19:00:00Z,yes,1640.315,1641.523,determined
2026-10-08T19:00:27.045357+00:00,KXPALLADIUM15M-26OCT081500-00,PALLADIUM,2026-10-08T19:00:00Z,yes,1131.63,1131.905,finalized
2026-10-08T19:00:27.745901+00:00,KXWTI15M-26OCT081500-00,WTI,2026-10-08T19:00:00Z,yes,91.3,91.31,finalized
2026-10-08T19:00:28.447730+00:00,KXCOPPER15M-26OCT081500-00,COPPER,2026-10-08T19:00:00Z,no,6.58108,6.58055,finalized
2026-10-08T19:00:29.148769+00:00,KXGOLD15M-26OCT081500-00,GOLD,2026-10-08T19:00:00Z,yes,4125.19,4127.12,finalized
2026-10-08T19:15:05.225478+00:00,KXDOGE15M-26OCT081515-15,DOGE,2026-10-08T19:15:00Z,yes,0.08306,0.0832671,finalized
2026-10-08T19:15:06.521119+00:00,KXSOL15M-26OCT081515-15,SOL,2026-10-08T19:15:00Z,yes,108.0095,108.5480,determined
2026-10-08T19:15:08.220182+00:00,KXXRP15M-26OCT081515-15,XRP,2026-10-08T19:15:00Z,yes,1.3597,1.3632,determined
2026-10-08T19:15:16.193803+00:00,KXBTC15M-26OCT081515-15,BTC,2026-10-08T19:15:00Z,yes,81434.78,81443.34,finalized
2026-10-08T19:15:17.789049+00:00,KXETH15M-26OCT081515-15,ETH,2026-10-08T19:15:00Z,yes,2446.34,2450.07,finalized
2026-10-08T19:15:26.303305+00:00,KXPALLADIUM15M-26OCT081515-15,PALLADIUM,2026-10-08T19:15:00Z,yes,1131.905,1132.292,finalized
2026-10-08T19:15:26.501984+00:00,KXGOLD15M-26OCT081515-15,GOLD,2026-10-08T19:15:00Z,yes,4127.12,4130.06,determined
2026-10-08T19:15:27.701822+00:00,KXCOPPER15M-26OCT081515-15,COPPER,2026-10-08T19:15:00Z,no,6.58055,6.57856,finalized
2026-10-08T19:15:27.901856+00:00,KXPLATINUM15M-26OCT081515-15,PLATINUM,2026-10-08T19:15:00Z,yes,1641.523,1642.114,determined
2026-10-08T19:15:29.102525+00:00,KXSILVER15M-26OCT081515-15,SILVER,2026-10-08T19:15:00Z,yes,59.076,59.159,determined
2026-10-08T19:15:29.302700+00:00,KXWTI15M-26OCT081515-15,WTI,2026-10-08T19:15:00Z,no,91.31,91.27,finalized
2026-10-08T19:30:05.588678+00:00,KXETH15M-26OCT081530-30,ETH,2026-10-08T19:30:00Z,yes,2450.07,2454.78,determined
2026-10-08T19:30:08.182526+00:00,KXDOGE15M-26OCT081530-30,DOGE,2026-10-08T19:30:00Z,yes,0.083267,0.0834811,determined
2026-10-08T19:30:08.496237+00:00,KXBTC15M-26OCT081530-30,BTC,2026-10-08T19:30:00Z,yes,81443.34,81637.52,finalized
2026-10-08T19:30:16.492285+00:00,KXSOL15M-26OCT081530-30,SOL,2026-10-08T19:30:00Z,yes,108.548,108.8740,finalized
2026-10-08T19:30:17.592591+00:00,KXXRP15M-26OCT081530-30,XRP,2026-10-08T19:30:00Z,yes,1.3632,1.3672,finalized
2026-10-08T19:30:27.223257+00:00,KXPALLADIUM15M-26OCT081530-30,PALLADIUM,2026-10-08T19:30:00Z,no,1132.292,1131.517,determined
2026-10-08T19:30:28.423669+00:00,KXGOLD15M-26OCT081530-30,GOLD,2026-10-08T19:30:00Z,yes,4130.06,4130.16,finalized
2026-10-08T19:30:28.625171+00:00,KXSILVER15M-26OCT081530-30,SILVER,2026-10-08T19:30:00Z,yes,59.159,59.165,finalized
2026-10-08T19:30:28.831234+00:00,KXWTI15M-26OCT081530-30,WTI,2026-10-08T19:30:00Z,no,91.27,91.09,finalized
2026-10-08T19:30:30.032762+00:00,KXCOPPER15M-26OCT081530-30,COPPER,2026-10-08T19:30:00Z,yes,6.57856,6.58240,determined
2026-10-08T19:30:37.661328+00:00,KXPLATINUM15M-26OCT081530-30,PLATINUM,2026-10-08T19:30:00Z,no,1642.114,1640.095,finalized
2026-10-08T19:45:08.808667+00:00,KXDOGE15M-26OCT081545-45,DOGE,2026-10-08T19:45:00Z,yes,0.083481,0.0837708,finalized
2026-10-08T19:45:16.641829+00:00,KXSOL15M-26OCT081545-45,SOL,2026-10-08T19:45:00Z,yes,108.874,109.0058,finalized
2026-10-08T19:45:17.760234+00:00,KXXRP15M-26OCT081545-45,XRP,2026-10-08T19:45:00Z,yes,1.3672,1.3732,finalized
2026-10-08T19:45:18.355680+00:00,KXBTC15M-26OCT081545-45,BTC,2026-10-08T19:45:00Z,yes,81637.52,81678.13,finalized
2026-10-08T19:45:19.256233+00:00,KXETH15M-26OCT081545-45,ETH,2026-10-08T19:45:00Z,yes,2454.78,2460.89,finalized
2026-10-08T19:45:26.673007+00:00,KXSILVER15M-26OCT081545-45,SILVER,2026-10-08T19:45:00Z,no,59.165,59.151,determined
2026-10-08T19:45:26.871557+00:00,KXWTI15M-26OCT081545-45,WTI,2026-10-08T19:45:00Z,no,91.09,91.06,finalized
2026-10-08T19:45:27.073283+00:00,KXCOPPER15M-26OCT081545-45,COPPER,2026-10-08T19:45:00Z,no,6.5824,6.58239,finalized
2026-10-08T19:45:28.524788+00:00,KXPLATINUM15M-26OCT081545-45,PLATINUM,2026-10-08T19:45:00Z,yes,1640.095,1640.289,finalized
2026-10-08T19:45:28.726195+00:00,KXPALLADIUM15M-26OCT081545-45,PALLADIUM,2026-10-08T19:45:00Z,no,1131.517,1130.332,finalized
2026-10-08T19:45:29.427349+00:00,KXGOLD15M-26OCT081545-45,GOLD,2026-10-08T19:45:00Z,yes,4130.16,4130.75,finalized
2026-10-08T20:00:05.235142+00:00,KXBTC15M-26OCT081600-00,BTC,2026-10-08T20:00:00Z,yes,81678.13,81712.22,determined
2026-10-08T20:00:05.448066+00:00,KXDOGE15M-26OCT081600-00,DOGE,2026-10-08T20:00:00Z,no,0.08377,0.0837156,finalized
2026-10-08T20:00:05.663300+00:00,KXXRP15M-26OCT081600-00,XRP,2026-10-08T20:00:00Z,no,1.3732,1.3726,determined
2026-10-08T20:00:06.842098+00:00,KXETH15M-26OCT081600-00,ETH,2026-10-08T20:00:00Z,yes,2460.89,2463.23,determined
2026-10-08T20:00:08.260810+00:00,KXSOL15M-26OCT081600-00,SOL,2026-10-08T20:00:00Z,yes,109.0058,109.1262,determined
2026-10-08T20:00:28.119770+00:00,KXPALLADIUM15M-26OCT081600-00,PALLADIUM,2026-10-08T20:00:00Z,yes,1130.332,1133.022,finalized
2026-10-08T20:00:29.112961+00:00,KXSILVER15M-26OCT081600-00,SILVER,2026-10-08T20:00:00Z,yes,59.151,59.223,finalized
2026-10-08T20:00:29.325622+00:00,KXCOPPER15M-26OCT081600-00,COPPER,2026-10-08T20:00:00Z,no,6.58239,6.58141,determined
2026-10-08T20:00:36.742798+00:00,KXGOLD15M-26OCT081600-00,GOLD,2026-10-08T20:00:00Z,yes,4130.75,4133.20,finalized
2026-10-08T20:00:37.445645+00:00,KXWTI15M-26OCT081600-00,WTI,2026-10-08T20:00:00Z,no,91.06,90.91,finalized
2026-10-08T20:00:38.148728+00:00,KXPLATINUM15M-26OCT081600-00,PLATINUM,2026-10-08T20:00:00Z,yes,1640.289,1641.045,finalized
2026-10-08T20:15:07.398789+00:00,KXETH15M-26OCT081615-15,ETH,2026-10-08T20:15:00Z,yes,2463.23,2469.98,determined
2026-10-08T20:15:08.501896+00:00,KXXRP15M-26OCT081615-15,XRP,2026-10-08T20:15:00Z,yes,1.3726,1.3765,determined
2026-10-08T20:15:15.977213+00:00,KXBTC15M-26OCT081615-15,BTC,2026-10-08T20:15:00Z,yes,81712.22,81822.76,finalized
2026-10-08T20:15:16.178086+00:00,KXSOL15M-26OCT081615-15,SOL,2026-10-08T20:15:00Z,yes,109.1262,109.4233,finalized
2026-10-08T20:15:18.397123+00:00,KXDOGE15M-26OCT081615-15,DOGE,2026-10-08T20:15:00Z,yes,0.083715,0.0840208,finalized
2026-10-08T20:15:26.999872+00:00,KXPLATINUM15M-26OCT081615-15,PLATINUM,2026-10-08T20:15:00Z,yes,1641.045,1641.350,finalized
2026-10-08T20:15:27.907061+00:00,KXPALLADIUM15M-26OCT081615-15,PALLADIUM,2026-10-08T20:15:00Z,yes,1133.022,1133.675,finalized
2026-10-08T20:15:28.606522+00:00,KXGOLD15M-26OCT081615-15,GOLD,2026-10-08T20:15:00Z,yes,4133.2,4134.57,finalized
2026-10-08T20:15:29.308156+00:00,KXSILVER15M-26OCT081615-15,SILVER,2026-10-08T20:15:00Z,no,59.223,59.204,finalized
2026-10-08T20:15:29.507540+00:00,KXWTI15M-26OCT081615-15,WTI,2026-10-08T20:15:00Z,no,90.91,90.56,determined
2026-10-08T20:15:37.023711+00:00,KXCOPPER15M-26OCT081615-15,COPPER,2026-10-08T20:15:00Z,no,6.58141,6.57918,finalized
2026-10-08T20:30:07.581324+00:00,KXETH15M-26OCT081630-30,ETH,2026-10-08T20:30:00Z,no,2469.98,2468.20,finalized
2026-10-08T20:30:16.373809+00:00,KXXRP15M-26OCT081630-30,XRP,2026-10-08T20:30:00Z,yes,1.3765,1.3776,finalized
2026-10-08T20:30:16.572838+00:00,KXSOL15M-26OCT081630-30,SOL,2026-10-08T20:30:00Z,no,109.4233,109.4112,finalized
2026-10-08T20:30:16.773595+00:00,KXDOGE15M-26OCT081630-30,DOGE,2026-10-08T20:30:00Z,yes,0.08402,0.0842445,finalized
2026-10-08T20:30:18.065880+00:00,KXBTC15M-26OCT081630-30,BTC,2026-10-08T20:30:00Z,no,81822.76,81718.45,finalized
2026-10-08T20:30:18.961670+00:00,KXGOLD15M-26OCT081630-30,GOLD,2026-10-08T20:30:00Z,no,4134.57,4134.25,determined
2026-10-08T20:30:27.401096+00:00,KXCOPPER15M-26OCT081630-30,COPPER,2026-10-08T20:30:00Z,no,6.57918,6.57866,finalized
2026-10-08T20:30:28.101549+00:00,KXPLATINUM15M-26OCT081630-30,PLATINUM,2026-10-08T20:30:00Z,yes,1641.35,1641.915,finalized
2026-10-08T20:30:28.300988+00:00,KXPALLADIUM15M-26OCT081630-30,PALLADIUM,2026-10-08T20:30:00Z,no,1133.675,1131.385,finalized
2026-10-08T20:30:29.001833+00:00,KXSILVER15M-26OCT081630-30,SILVER,2026-10-08T20:30:00Z,no,59.204,59.176,finalized
2026-10-08T20:30:29.700257+00:00,KXWTI15M-26OCT081630-30,WTI,2026-10-08T20:30:00Z,yes,90.56,90.70,finalized
2026-10-08T20:45:07.576252+00:00,KXBTC15M-26OCT081645-45,BTC,2026-10-08T20:45:00Z,yes,81718.45,81768.34,determined
2026-10-08T20:45:08.285248+00:00,KXETH15M-26OCT081645-45,ETH,2026-10-08T20:45:00Z,yes,2468.2,2470.80,finalized
2026-10-08T20:45:08.704946+00:00,KXSOL15M-26OCT081645-45,SOL,2026-10-08T20:45:00Z,yes,109.4112,109.6353,finalized
2026-10-08T20:45:16.502549+00:00,KXXRP15M-26OCT081645-45,XRP,2026-10-08T20:45:00Z,yes,1.3776,1.3777,finalized
2026-10-08T20:45:16.702101+00:00,KXDOGE15M-26OCT081645-45,DOGE,2026-10-08T20:45:00Z,yes,0.084244,0.0843223,finalized
2026-10-08T20:45:26.837998+00:00,KXPLATINUM15M-26OCT081645-45,PLATINUM,2026-10-08T20:45:00Z,no,1641.915,1641.307,finalized
2026-10-08T20:45:27.537354+00:00,KXGOLD15M-26OCT081645-45,GOLD,2026-10-08T20:45:00Z,no,4134.25,4133.47,determined
2026-10-08T20:45:28.245100+00:00,KXSILVER15M-26OCT081645-45,SILVER,2026-10-08T20:45:00Z,no,59.176,59.152,finalized
2026-10-08T20:45:28.447590+00:00,KXWTI15M-26OCT081645-45,WTI,2026-10-08T20:45:00Z,yes,90.7,90.80,finalized
2026-10-08T20:45:28.646039+00:00,KXCOPPER15M-26OCT081645-45,COPPER,2026-10-08T20:45:00Z,no,6.57866,6.57612,determined
2026-10-08T20:45:29.843578+00:00,KXPALLADIUM15M-26OCT081645-45,PALLADIUM,2026-10-08T20:45:00Z,no,1131.385,1128.925,finalized
2026-10-08T21:00:07.278357+00:00,KXSOL15M-26OCT081700-00,SOL,2026-10-08T21:00:00Z,yes,109.6353,109.8558,determined
2026-10-08T21:00:08.428323+00:00,KXDOGE15M-26OCT081700-00,DOGE,2026-10-08T21:00:00Z,no,0.084322,0.0842433,finalized
2026-10-08T21:00:15.791637+00:00,KXBTC15M-26OCT081700-00,BTC,2026-10-08T21:00:00Z,no,81768.34,81758.15,finalized
2026-10-08T21:00:16.188319+00:00,KXETH15M-26OCT081700-00,ETH,2026-10-08T21:00:00Z,yes,2470.8,2473.81,finalized
2026-10-08T21:00:16.389580+00:00,KXXRP15M-26OCT081700-00,XRP,2026-10-08T21:00:00Z,yes,1.3777,1.3783,finalized
2026-10-08T21:00:26.533992+00:00,KXWTI15M-26OCT081700-00,WTI,2026-10-08T21:00:00Z,yes,90.8,90.98,finalized
2026-10-08T21:00:27.734565+00:00,KXCOPPER15M-26OCT081700-00,COPPER,2026-10-08T21:00:00Z,no,6.57612,6.56936,finalized
2026-10-08T21:00:27.934697+00:00,KXSILVER15M-26OCT081700-00,SILVER,2026-10-08T21:00:00Z,yes,59.152,59.185,finalized
2026-10-08T21:00:28.635236+00:00,KXPLATINUM15M-26OCT081700-00,PLATINUM,2026-10-08T21:00:00Z,yes,1641.307,1644.541,finalized
2026-10-08T21:00:29.334094+00:00,KXPALLADIUM15M-26OCT081700-00,PALLADIUM,2026-10-08T21:00:00Z,no,1128.925,1127.825,finalized
2026-10-08T21:00:29.550855+00:00,KXGOLD15M-26OCT081700-00,GOLD,2026-10-08T21:00:00Z,yes,4133.47,4133.48,finalized
2026-10-08T21:15:06.720312+00:00,KXSOL15M-26OCT081715-15,SOL,2026-10-08T21:15:00Z,yes,109.8558,109.9170,finalized
2026-10-08T21:15:15.840179+00:00,KXXRP15M-26OCT081715-15,XRP,2026-10-08T21:15:00Z,no,1.3783,1.3780,finalized
2026-10-08T21:15:16.040600+00:00,KXBTC15M-26OCT081715-15,BTC,2026-10-08T21:15:00Z,no,81758.15,81699.81,finalized
2026-10-08T21:15:16.241717+00:00,KXETH15M-26OCT081715-15,ETH,2026-10-08T21:15:00Z,no,2473.81,2471.99,finalized
2026-10-08T21:15:17.443237+00:00,KXDOGE15M-26OCT081715-15,DOGE,2026-10-08T21:15:00Z,no,0.084243,0.0842079,finalized
2026-10-08T21:15:36.737687+00:00,KXWTI15M-26OCT081715-15,WTI,2026-10-08T21:15:00Z,yes,90.98,91.17,finalized
2026-10-08T21:30:06.861126+00:00,KXBTC15M-26OCT081730-30,BTC,2026-10-08T21:30:00Z,no,81699.81,81623.15,determined
2026-10-08T21:30:07.061917+00:00,KXSOL15M-26OCT081730-30,SOL,2026-10-08T21:30:00Z,yes,109.917,109.9658,finalized
2026-10-08T21:30:15.763199+00:00,KXXRP15M-26OCT081730-30,XRP,2026-10-08T21:30:00Z,yes,1.378,1.3786,finalized
2026-10-08T21:30:15.964631+00:00,KXDOGE15M-26OCT081730-30,DOGE,2026-10-08T21:30:00Z,no,0.084207,0.0841819,finalized
2026-10-08T21:30:16.164949+00:00,KXETH15M-26OCT081730-30,ETH,2026-10-08T21:30:00Z,yes,2471.99,2474.15,finalized
2026-10-08T21:30:26.973893+00:00,KXWTI15M-26OCT081730-30,WTI,2026-10-08T21:30:00Z,no,91.17,91.01,finalized
2026-10-08T21:45:05.642933+00:00,KXETH15M-26OCT081745-45,ETH,2026-10-08T21:45:00Z,yes,2474.15,2474.42,determined
2026-10-08T21:45:06.051539+00:00,KXBTC15M-26OCT081745-45,BTC,2026-10-08T21:45:00Z,yes,81623.15,81637.42,finalized
2026-10-08T21:45:16.270581+00:00,KXXRP15M-26OCT081745-45,XRP,2026-10-08T21:45:00Z,no,1.3786,1.3757,finalized
2026-10-08T21:45:17.168546+00:00,KXSOL15M-26OCT081745-45,SOL,2026-10-08T21:45:00Z,yes,109.9658,110.0185,finalized
2026-10-08T21:45:17.367810+00:00,KXDOGE15M-26OCT081745-45,DOGE,2026-10-08T21:45:00Z,no,0.084181,0.0841363,finalized
2026-10-08T21:45:37.554691+00:00,KXWTI15M-26OCT081745-45,WTI,2026-10-08T21:45:00Z,no,91.01,90.71,finalized
2026-10-08T22:00:06.175481+00:00,KXETH15M-26OCT081800-00,ETH,2026-10-08T22:00:00Z,yes,2474.42,2477.07,determined
2026-10-08T22:00:06.877849+00:00,KXDOGE15M-26OCT081800-00,DOGE,2026-10-08T22:00:00Z,yes,0.084136,0.0842632,finalized
2026-10-08T22:00:07.083720+00:00,KXBTC15M-26OCT081800-00,BTC,2026-10-08T22:00:00Z,no,81637.42,81615.45,determined
2026-10-08T22:00:16.366592+00:00,KXSOL15M-26OCT081800-00,SOL,2026-10-08T22:00:00Z,yes,110.0185,110.5517,finalized
2026-10-08T22:00:16.568685+00:00,KXXRP15M-26OCT081800-00,XRP,2026-10-08T22:00:00Z,yes,1.3757,1.3759,finalized
2026-10-08T22:00:37.406373+00:00,KXWTI15M-26OCT081800-00,WTI,2026-10-08T22:00:00Z,yes,90.71,90.84,finalized
2026-10-08T22:15:05.364253+00:00,KXSOL15M-26OCT081815-15,SOL,2026-10-08T22:15:00Z,no,110.5517,110.4948,determined
2026-10-08T22:15:05.565018+00:00,KXXRP15M-26OCT081815-15,XRP,2026-10-08T22:15:00Z,yes,1.3759,1.3805,determined
2026-10-08T22:15:05.767558+00:00,KXDOGE15M-26OCT081815-15,DOGE,2026-10-08T22:15:00Z,yes,0.084263,0.0844350,finalized
2026-10-08T22:15:16.519465+00:00,KXETH15M-26OCT081815-15,ETH,2026-10-08T22:15:00Z,yes,2477.07,2478.27,finalized
2026-10-08T22:15:17.459749+00:00,KXBTC15M-26OCT081815-15,BTC,2026-10-08T22:15:00Z,yes,81615.45,81774.34,finalized
2026-10-08T22:15:17.662636+00:00,KXWTI15M-26OCT081815-15,WTI,2026-10-08T22:15:00Z,no,90.84,90.64,determined
2026-10-08T22:30:05.906831+00:00,KXBTC15M-26OCT081830-30,BTC,2026-10-08T22:30:00Z,no,81774.34,81745.50,determined
2026-10-08T22:30:06.109886+00:00,KXETH15M-26OCT081830-30,ETH,2026-10-08T22:30:00Z,no,2478.27,2472.95,determined
2026-10-08T22:30:08.557294+00:00,KXXRP15M-26OCT081830-30,XRP,2026-10-08T22:30:00Z,no,1.3805,1.3798,determined
2026-10-08T22:30:15.992664+00:00,KXDOGE15M-26OCT081830-30,DOGE,2026-10-08T22:30:00Z,no,0.084435,0.0843024,finalized
2026-10-08T22:30:17.598954+00:00,KXSOL15M-26OCT081830-30,SOL,2026-10-08T22:30:00Z,no,110.4948,110.1527,finalized
2026-10-08T22:30:17.797876+00:00,KXWTI15M-26OCT081830-30,WTI,2026-10-08T22:30:00Z,yes,90.64,90.66,determined
2026-10-08T22:30:26.320074+00:00,KXSILVER15M-26OCT081830-30,SILVER,2026-10-08T22:30:00Z,yes,59.294,59.387,determined
2026-10-08T22:30:27.521579+00:00,KXCOPPER15M-26OCT081830-30,COPPER,2026-10-08T22:30:00Z,yes,6.59146,6.59543,finalized
2026-10-08T22:30:27.721954+00:00,KXPALLADIUM15M-26OCT081830-30,PALLADIUM,2026-10-08T22:30:00Z,yes,1129.975,1131.057,finalized
2026-10-08T22:30:29.147567+00:00,KXGOLD15M-26OCT081830-30,GOLD,2026-10-08T22:30:00Z,yes,4133.38,4136.82,finalized
2026-10-08T22:30:29.848008+00:00,KXPLATINUM15M-26OCT081830-30,PLATINUM,2026-10-08T22:30:00Z,yes,1646.482,1648.382,finalized
2026-10-08T22:45:07.313358+00:00,KXDOGE15M-26OCT081845-45,DOGE,2026-10-08T22:45:00Z,yes,0.084302,0.0844410,determined
2026-10-08T22:45:15.939499+00:00,KXBTC15M-26OCT081845-45,BTC,2026-10-08T22:45:00Z,yes,81745.5,81849.54,finalized
2026-10-08T22:45:16.141074+00:00,KXETH15M-26OCT081845-45,ETH,2026-10-08T22:45:00Z,yes,2472.95,2474.08,finalized
2026-10-08T22:45:17.240687+00:00,KXSOL15M-26OCT081845-45,SOL,2026-10-08T22:45:00Z,yes,110.1527,110.4050,finalized
2026-10-08T22:45:17.437851+00:00,KXXRP15M-26OCT081845-45,XRP,2026-10-08T22:45:00Z,yes,1.3798,1.3821,finalized
2026-10-08T22:45:26.920552+00:00,KXCOPPER15M-26OCT081845-45,COPPER,2026-10-08T22:45:00Z,yes,6.59543,6.59644,finalized
2026-10-08T22:45:28.318647+00:00,KXWTI15M-26OCT081845-45,WTI,2026-10-08T22:45:00Z,yes,90.66,90.74,finalized
2026-10-08T22:45:29.019874+00:00,KXSILVER15M-26OCT081845-45,SILVER,2026-10-08T22:45:00Z,yes,59.387,59.422,finalized
2026-10-08T22:45:29.217881+00:00,KXPLATINUM15M-26OCT081845-45,PLATINUM,2026-10-08T22:45:00Z,no,1648.382,1648.322,determined
2026-10-08T22:45:29.418015+00:00,KXGOLD15M-26OCT081845-45,GOLD,2026-10-08T22:45:00Z,yes,4136.82,4139.54,finalized
2026-10-08T22:45:37.509049+00:00,KXPALLADIUM15M-26OCT081845-45,PALLADIUM,2026-10-08T22:45:00Z,yes,1131.057,1131.731,finalized
2026-10-08T23:00:05.611829+00:00,KXBTC15M-26OCT081900-00,BTC,2026-10-08T23:00:00Z,no,81849.54,81818.80,finalized
2026-10-08T23:00:06.911661+00:00,KXXRP15M-26OCT081900-00,XRP,2026-10-08T23:00:00Z,no,1.3821,1.3817,finalized
2026-10-08T23:00:16.663883+00:00,KXETH15M-26OCT081900-00,ETH,2026-10-08T23:00:00Z,no,2474.08,2473.68,finalized
2026-10-08T23:00:17.366238+00:00,KXSOL15M-26OCT081900-00,SOL,2026-10-08T23:00:00Z,no,110.405,110.2237,finalized
2026-10-08T23:00:17.564373+00:00,KXDOGE15M-26OCT081900-00,DOGE,2026-10-08T23:00:00Z,no,0.084441,0.0844094,finalized
2026-10-08T23:00:26.006330+00:00,KXPLATINUM15M-26OCT081900-00,PLATINUM,2026-10-08T23:00:00Z,no,1648.322,1648.180,determined
2026-10-08T23:00:26.707238+00:00,KXGOLD15M-26OCT081900-00,GOLD,2026-10-08T23:00:00Z,no,4139.54,4138.29,finalized
2026-10-08T23:00:28.407578+00:00,KXCOPPER15M-26OCT081900-00,COPPER,2026-10-08T23:00:00Z,no,6.59644,6.59629,finalized
2026-10-08T23:00:29.110329+00:00,KXSILVER15M-26OCT081900-00,SILVER,2026-10-08T23:00:00Z,no,59.422,59.380,finalized
2026-10-08T23:00:29.310259+00:00,KXPALLADIUM15M-26OCT081900-00,PALLADIUM,2026-10-08T23:00:00Z,yes,1131.731,1132.229,finalized
2026-10-08T23:00:29.509706+00:00,KXWTI15M-26OCT081900-00,WTI,2026-10-08T23:00:00Z,no,90.74,90.73,finalized
2026-10-08T23:15:05.572133+00:00,KXDOGE15M-26OCT081915-15,DOGE,2026-10-08T23:15:00Z,yes,0.084409,0.0844935,determined
2026-10-08T23:15:08.449008+00:00,KXBTC15M-26OCT081915-15,BTC,2026-10-08T23:15:00Z,no,81818.8,81780.83,finalized
2026-10-08T23:15:08.649108+00:00,KXSOL15M-26OCT081915-15,SOL,2026-10-08T23:15:00Z,no,110.2237,110.2140,finalized
2026-10-08T23:15:15.613949+00:00,KXXRP15M-26OCT081915-15,XRP,2026-10-08T23:15:00Z,yes,1.3817,1.3835,finalized
2026-10-08T23:15:17.439589+00:00,KXETH15M-26OCT081915-15,ETH,2026-10-08T23:15:00Z,yes,2473.68,2474.31,finalized
2026-10-08T23:15:17.838929+00:00,KXPLATINUM15M-26OCT081915-15,PLATINUM,2026-10-08T23:15:00Z,yes,1648.18,1648.925,determined
2026-10-08T23:15:26.659184+00:00,KXCOPPER15M-26OCT081915-15,COPPER,2026-10-08T23:15:00Z,yes,6.59629,6.59631,determined
2026-10-08T23:15:26.881056+00:00,KXWTI15M-26OCT081915-15,WTI,2026-10-08T23:15:00Z,no,90.73,90.72,finalized
2026-10-08T23:15:28.316244+00:00,KXSILVER15M-26OCT081915-15,SILVER,2026-10-08T23:15:00Z,yes,59.38,59.400,finalized
2026-10-08T23:15:28.518175+00:00,KXPALLADIUM15M-26OCT081915-15,PALLADIUM,2026-10-08T23:15:00Z,no,1132.229,1132.010,determined
2026-10-08T23:15:29.219174+00:00,KXGOLD15M-26OCT081915-15,GOLD,2026-10-08T23:15:00Z,yes,4138.29,4140.45,finalized
2026-10-08T23:30:06.757707+00:00,KXBTC15M-26OCT081930-30,BTC,2026-10-08T23:30:00Z,no,81780.83,81777.99,determined
2026-10-08T23:30:15.661932+00:00,KXETH15M-26OCT081930-30,ETH,2026-10-08T23:30:00Z,yes,2474.31,2476.34,finalized
2026-10-08T23:30:15.861765+00:00,KXXRP15M-26OCT081930-30,XRP,2026-10-08T23:30:00Z,yes,1.3835,1.3861,finalized
2026-10-08T23:30:16.062970+00:00,KXDOGE15M-26OCT081930-30,DOGE,2026-10-08T23:30:00Z,no,0.084493,0.0844810,finalized
2026-10-08T23:30:17.463744+00:00,KXSOL15M-26OCT081930-30,SOL,2026-10-08T23:30:00Z,yes,110.214,110.2962,finalized
2026-10-08T23:30:28.263494+00:00,KXCOPPER15M-26OCT081930-30,COPPER,2026-10-08T23:30:00Z,yes,6.59631,6.59865,finalized
2026-10-08T23:30:28.462925+00:00,KXPALLADIUM15M-26OCT081930-30,PALLADIUM,2026-10-08T23:30:00Z,yes,1132.01,1133.674,finalized
2026-10-08T23:30:29.398124+00:00,KXGOLD15M-26OCT081930-30,GOLD,2026-10-08T23:30:00Z,yes,4140.45,4141.55,finalized
2026-10-08T23:30:29.599256+00:00,KXSILVER15M-26OCT081930-30,SILVER,2026-10-08T23:30:00Z,yes,59.4,59.493,determined
2026-10-08T23:30:37.223223+00:00,KXWTI15M-26OCT081930-30,WTI,2026-10-08T23:30:00Z,yes,90.72,90.81,finalized
2026-10-08T23:30:40.190876+00:00,KXPLATINUM15M-26OCT081930-30,PLATINUM,2026-10-08T23:30:00Z,yes,1648.925,1650.792,finalized
2026-10-08T23:45:06.022321+00:00,KXETH15M-26OCT081945-45,ETH,2026-10-08T23:45:00Z,no,2476.34,2473.96,determined
2026-10-08T23:45:06.722204+00:00,KXXRP15M-26OCT081945-45,XRP,2026-10-08T23:45:00Z,no,1.3861,1.3842,finalized
2026-10-08T23:45:07.130609+00:00,KXSOL15M-26OCT081945-45,SOL,2026-10-08T23:45:00Z,no,110.2962,109.9825,finalized
2026-10-08T23:45:07.329907+00:00,KXBTC15M-26OCT081945-45,BTC,2026-10-08T23:45:00Z,no,81777.99,81747.08,determined
2026-10-08T23:45:15.726945+00:00,KXDOGE15M-26OCT081945-45,DOGE,2026-10-08T23:45:00Z,no,0.084481,0.0844408,finalized
2026-10-08T23:45:26.544516+00:00,KXWTI15M-26OCT081945-45,WTI,2026-10-08T23:45:00Z,no,90.81,90.80,finalized
2026-10-08T23:45:26.743253+00:00,KXSILVER15M-26OCT081945-45,SILVER,2026-10-08T23:45:00Z,yes,59.493,59.512,finalized
2026-10-08T23:45:27.945940+00:00,KXPALLADIUM15M-26OCT081945-45,PALLADIUM,2026-10-08T23:45:00Z,yes,1133.674,1134.287,finalized
2026-10-08T23:45:29.305652+00:00,KXCOPPER15M-26OCT081945-45,COPPER,2026-10-08T23:45:00Z,yes,6.59865,6.59908,finalized
2026-10-08T23:45:29.505325+00:00,KXPLATINUM15M-26OCT081945-45,PLATINUM,2026-10-08T23:45:00Z,yes,1650.792,1652.115,finalized
2026-10-08T23:45:29.705706+00:00,KXGOLD15M-26OCT081945-45,GOLD,2026-10-08T23:45:00Z,no,4141.55,4141.05,finalized
2026-10-09T00:00:06.877368+00:00,KXETH15M-26OCT082000-00,ETH,2026-10-09T00:00:00Z,no,2473.96,2472.19,finalized
2026-10-09T00:00:07.550641+00:00,KXSOL15M-26OCT082000-00,SOL,2026-10-09T00:00:00Z,no,109.9825,109.4882,finalized
2026-10-09T00:00:08.278274+00:00,KXDOGE15M-26OCT082000-00,DOGE,2026-10-09T00:00:00Z,no,0.08444,0.0839779,determined
2026-10-09T00:00:15.728168+00:00,KXBTC15M-26OCT082000-00,BTC,2026-10-09T00:00:00Z,no,81747.08,81677.16,finalized
2026-10-09T00:00:17.393567+00:00,KXXRP15M-26OCT082000-00,XRP,2026-10-09T00:00:00Z,no,1.3842,1.3792,finalized
2026-10-09T00:00:26.476595+00:00,KXSILVER15M-26OCT082000-00,SILVER,2026-10-09T00:00:00Z,yes,59.512,59.580,determined
2026-10-09T00:00:26.702601+00:00,KXGOLD15M-26OCT082000-00,GOLD,2026-10-09T00:00:00Z,yes,4141.05,4144.76,finalized
2026-10-09T00:00:26.929582+00:00,KXCOPPER15M-26OCT082000-00,COPPER,2026-10-09T00:00:00Z,yes,6.59908,6.60141,determined
2026-10-09T00:00:29.490985+00:00,KXPLATINUM15M-26OCT082000-00,PLATINUM,2026-10-09T00:00:00Z,yes,1652.115,1654.922,determined
2026-10-09T00:00:29.712688+00:00,KXPALLADIUM15M-26OCT082000-00,PALLADIUM,2026-10-09T00:00:00Z,yes,1134.287,1136.817,finalized
2026-10-09T00:00:38.905089+00:00,KXWTI15M-26OCT082000-00,WTI,2026-10-09T00:00:00Z,yes,90.8,90.80,finalized
2026-10-09T00:15:05.718316+00:00,KXBTC15M-26OCT082015-15,BTC,2026-10-09T00:15:00Z,yes,81677.16,81771.67,finalized
2026-10-09T00:15:06.818355+00:00,KXSOL15M-26OCT082015-15,SOL,2026-10-09T00:15:00Z,yes,109.4882,109.6587,determined
2026-10-09T00:15:16.159925+00:00,KXXRP15M-26OCT082015-15,XRP,2026-10-09T00:15:00Z,yes,1.3792,1.3858,finalized
2026-10-09T00:15:17.071945+00:00,KXETH15M-26OCT082015-15,ETH,2026-10-09T00:15:00Z,yes,2472.19,2478.05,finalized
2026-10-09T00:15:17.273019+00:00,KXDOGE15M-26OCT082015-15,DOGE,2026-10-09T00:15:00Z,yes,0.083977,0.0841965,finalized
2026-10-09T00:15:26.256873+00:00,KXCOPPER15M-26OCT082015-15,COPPER,2026-10-09T00:15:00Z,yes,6.60141,6.60457,finalized
2026-10-09T00:15:26.958744+00:00,KXPLATINUM15M-26OCT082015-15,PLATINUM,2026-10-09T00:15:00Z,no,1654.922,1654.350,determined
2026-10-09T00:15:28.869679+00:00,KXGOLD15M-26OCT082015-15,GOLD,2026-10-09T00:15:00Z,yes,4144.76,4146.46,finalized
2026-10-09T00:15:29.268077+00:00,KXWTI15M-26OCT082015-15,WTI,2026-10-09T00:15:00Z,no,90.8,90.77,determined
2026-10-09T00:15:38.413012+00:00,KXSILVER15M-26OCT082015-15,SILVER,2026-10-09T00:15:00Z,yes,59.58,59.607,finalized
2026-10-09T00:15:39.619768+00:00,KXPALLADIUM15M-26OCT082015-15,PALLADIUM,2026-10-09T00:15:00Z,yes,1136.817,1137.167,finalized
2026-10-09T00:30:05.697485+00:00,KXSOL15M-26OCT082030-30,SOL,2026-10-09T00:30:00Z,no,109.6587,108.9733,determined
2026-10-09T00:30:07.234641+00:00,KXBTC15M-26OCT082030-30,BTC,2026-10-09T00:30:00Z,no,81771.67,81686.78,determined
2026-10-09T00:30:07.641563+00:00,KXDOGE15M-26OCT082030-30,DOGE,2026-10-09T00:30:00Z,no,0.084196,0.0840913,determined
2026-10-09T00:30:08.874894+00:00,KXXRP15M-26OCT082030-30,XRP,2026-10-09T00:30:00Z,no,1.3858,1.3847,determined
2026-10-09T00:30:16.386634+00:00,KXETH15M-26OCT082030-30,ETH,2026-10-09T00:30:00Z,no,2478.05,2475.86,finalized
2026-10-09T00:30:26.511978+00:00,KXSILVER15M-26OCT082030-30,SILVER,2026-10-09T00:30:00Z,no,59.607,59.599,determined
2026-10-09T00:30:28.640834+00:00,KXGOLD15M-26OCT082030-30,GOLD,2026-10-09T00:30:00Z,no,4146.46,4143.80,finalized
2026-10-09T00:30:29.346070+00:00,KXWTI15M-26OCT082030-30,WTI,2026-10-09T00:30:00Z,no,90.77,90.71,finalized
2026-10-09T00:30:29.550470+00:00,KXPLATINUM15M-26OCT082030-30,PLATINUM,2026-10-09T00:30:00Z,yes,1654.35,1654.792,finalized
2026-10-09T00:30:37.682377+00:00,KXCOPPER15M-26OCT082030-30,COPPER,2026-10-09T00:30:00Z,no,6.60457,6.60429,finalized
2026-10-09T00:30:38.384708+00:00,KXPALLADIUM15M-26OCT082030-30,PALLADIUM,2026-10-09T00:30:00Z,no,1137.167,1136.977,finalized
2026-10-09T00:45:05.987663+00:00,KXDOGE15M-26OCT082045-45,DOGE,2026-10-09T00:45:00Z,yes,0.084091,0.0842185,determined
2026-10-09T00:45:06.188116+00:00,KXSOL15M-26OCT082045-45,SOL,2026-10-09T00:45:00Z,yes,108.9733,109.1818,finalized
2026-10-09T00:45:16.060548+00:00,KXETH15M-26OCT082045-45,ETH,2026-10-09T00:45:00Z,yes,2475.86,2478.34,finalized
2026-10-09T00:45:17.673602+00:00,KXXRP15M-26OCT082045-45,XRP,2026-10-09T00:45:00Z,yes,1.3847,1.3877,finalized
2026-10-09T00:45:17.879608+00:00,KXBTC15M-26OCT082045-45,BTC,2026-10-09T00:45:00Z,yes,81686.78,81767.13,finalized
2026-10-09T00:45:19.711669+00:00,KXGOLD15M-26OCT082045-45,GOLD,2026-10-09T00:45:00Z,yes,4143.8,4147.72,determined
2026-10-09T00:45:26.078132+00:00,KXPLATINUM15M-26OCT082045-45,PLATINUM,2026-10-09T00:45:00Z,yes,1654.792,1657.328,determined
2026-10-09T00:45:27.783299+00:00,KXSILVER15M-26OCT082045-45,SILVER,2026-10-09T00:45:00Z,yes,59.599,59.629,finalized
2026-10-09T00:45:27.990835+00:00,KXCOPPER15M-26OCT082045-45,COPPER,2026-10-09T00:45:00Z,yes,6.60429,6.60711,finalized
2026-10-09T00:45:40.217659+00:00,KXWTI15M-26OCT082045-45,WTI,2026-10-09T00:45:00Z,no,90.71,90.65,finalized
2026-10-09T00:45:40.420298+00:00,KXPALLADIUM15M-26OCT082045-45,PALLADIUM,2026-10-09T00:45:00Z,yes,1136.977,1137.527,finalized
2026-10-09T01:00:08.381788+00:00,KXDOGE15M-26OCT082100-00,DOGE,2026-10-09T01:00:00Z,no,0.084218,0.0842016,determined
2026-10-09T01:00:16.302272+00:00,KXXRP15M-26OCT082100-00,XRP,2026-10-09T01:00:00Z,no,1.3877,1.3874,finalized
2026-10-09T01:00:16.702477+00:00,KXBTC15M-26OCT082100-00,BTC,2026-10-09T01:00:00Z,no,81767.13,81738.51,finalized
2026-10-09T01:00:17.407426+00:00,KXSOL15M-26OCT082100-00,SOL,2026-10-09T01:00:00Z,yes,109.1818,109.2378,finalized
2026-10-09T01:00:18.021984+00:00,KXETH15M-26OCT082100-00,ETH,2026-10-09T01:00:00Z,no,2478.34,2475.89,finalized
2026-10-09T01:00:26.567745+00:00,KXPLATINUM15M-26OCT082100-00,PLATINUM,2026-10-09T01:00:00Z,no,1657.328,1657.005,finalized
2026-10-09T01:00:26.768639+00:00,KXCOPPER15M-26OCT082100-00,COPPER,2026-10-09T01:00:00Z,no,6.60711,6.60393,determined
2026-10-09T01:00:27.976581+00:00,KXWTI15M-26OCT082100-00,WTI,2026-10-09T01:00:00Z,yes,90.65,90.73,finalized
2026-10-09T01:00:28.177934+00:00,KXPALLADIUM15M-26OCT082100-00,PALLADIUM,2026-10-09T01:00:00Z,no,1137.527,1134.880,determined
2026-10-09T01:00:29.382987+00:00,KXGOLD15M-26OCT082100-00,GOLD,2026-10-09T01:00:00Z,no,4147.72,4143.52,finalized
2026-10-09T01:00:29.586854+00:00,KXSILVER15M-26OCT082100-00,SILVER,2026-10-09T01:00:00Z,no,59.629,59.570,finalized
2026-10-09T01:15:05.580329+00:00,KXBTC15M-26OCT082115-15,BTC,2026-10-09T01:15:00Z,no,81738.51,81657.96,determined
2026-10-09T01:15:05.857650+00:00,KXETH15M-26OCT082115-15,ETH,2026-10-09T01:15:00Z,no,2475.89,2473.31,finalized
2026-10-09T01:15:07.178901+00:00,KXDOGE15M-26OCT082115-15,DOGE,2026-10-09T01:15:00Z,no,0.084201,0.0841850,finalized
2026-10-09T01:15:07.384671+00:00,KXSOL15M-26OCT082115-15,SOL,2026-10-09T01:15:00Z,no,109.2378,108.8888,determined
2026-10-09T01:15:08.707528+00:00,KXXRP15M-26OCT082115-15,XRP,2026-10-09T01:15:00Z,no,1.3874,1.3861,finalized
2026-10-09T01:15:27.056819+00:00,KXGOLD15M-26OCT082115-15,GOLD,2026-10-09T01:15:00Z,yes,4143.52,4155.15,finalized
2026-10-09T01:15:27.258449+00:00,KXCOPPER15M-26OCT082115-15,COPPER,2026-10-09T01:15:00Z,yes,6.60393,6.62612,finalized
2026-10-09T01:15:27.960921+00:00,KXPALLADIUM15M-26OCT082115-15,PALLADIUM,2026-10-09T01:15:00Z,yes,1134.88,1146.970,finalized
2026-10-09T01:15:28.665720+00:00,KXSILVER15M-26OCT082115-15,SILVER,2026-10-09T01:15:00Z,yes,59.57,59.982,finalized
2026-10-09T01:15:29.369097+00:00,KXWTI15M-26OCT082115-15,WTI,2026-10-09T01:15:00Z,no,90.73,90.64,finalized
2026-10-09T01:15:29.572774+00:00,KXPLATINUM15M-26OCT082115-15,PLATINUM,2026-10-09T01:15:00Z,yes,1657.005,1670.165,finalized
