logged_iso,ticker,asset,close_time,result,floor_strike,expiration_value,status,src,cycle
2026-09-30T17:00:16.478692+00:00,KXETH15M-26SEP301300-00,ETH,2026-09-30T17:00:00Z,yes,2690.29,2693.82,finalized,commod15min_v33_settlements.csv,26SEP301300
2026-09-30T17:00:23.568481+00:00,KXSOL15M-26SEP301300-00,SOL,2026-09-30T17:00:00Z,yes,120.075,120.256,finalized,commod15min_v33_settlements.csv,26SEP301300
2026-09-30T17:00:27.724044+00:00,KXDOGE15M-26SEP301300-00,DOGE,2026-09-30T17:00:00Z,no,0.09528,0.095228,finalized,commod15min_v33_settlements.csv,26SEP301300
2026-09-30T17:00:33.078894+00:00,KXPLATINUM15M-26SEP301300-00,PLATINUM,2026-09-30T17:00:00Z,yes,1703.35,1704.722,finalized,commod15min_v33_settlements.csv,26SEP301300
2026-09-30T17:00:37.401682+00:00,KXBTC15M-26SEP301300-00,BTC,2026-09-30T17:00:00Z,no,84308.23,84285.68,finalized,commod15min_v33_settlements.csv,26SEP301300
2026-09-30T17:00:37.604128+00:00,KXGOLD15M-26SEP301300-00,GOLD,2026-09-30T17:00:00Z,no,4160.07,4157.61,finalized,commod15min_v33_settlements.csv,26SEP301300
2026-09-30T17:00:37.804278+00:00,KXCOPPER15M-26SEP301300-00,COPPER,2026-09-30T17:00:00Z,no,6.62589,6.6224,finalized,commod15min_v33_settlements.csv,26SEP301300
2026-09-30T17:00:38.413891+00:00,KXXRP15M-26SEP301300-00,XRP,2026-09-30T17:00:00Z,yes,1.511,1.511,finalized,commod15min_v33_settlements.csv,26SEP301300
2026-09-30T17:00:43.963737+00:00,KXPALLADIUM15M-26SEP301300-00,PALLADIUM,2026-09-30T17:00:00Z,yes,1207.707,1208.972,finalized,commod15min_v33_settlements.csv,26SEP301300
2026-09-30T17:00:49.624475+00:00,KXSILVER15M-26SEP301300-00,SILVER,2026-09-30T17:00:00Z,no,60.368,60.274,finalized,commod15min_v33_settlements.csv,26SEP301300
2026-09-30T17:00:49.821959+00:00,KXWTI15M-26SEP301300-00,WTI,2026-09-30T17:00:00Z,no,91.26,90.97,finalized,commod15min_v33_settlements.csv,26SEP301300
2026-09-30T17:15:17.756142+00:00,KXETH15M-26SEP301315-15,ETH,2026-09-30T17:15:00Z,no,2693.82,2691.94,finalized,commod15min_v33_settlements.csv,26SEP301315
2026-09-30T17:15:18.705771+00:00,KXXRP15M-26SEP301315-15,XRP,2026-09-30T17:15:00Z,no,1.511,1.5101,finalized,commod15min_v33_settlements.csv,26SEP301315
2026-09-30T17:15:22.820675+00:00,KXBTC15M-26SEP301315-15,BTC,2026-09-30T17:15:00Z,no,84285.68,84272.96,finalized,commod15min_v33_settlements.csv,26SEP301315
2026-09-30T17:15:26.814557+00:00,KXSOL15M-26SEP301315-15,SOL,2026-09-30T17:15:00Z,yes,120.256,120.276,finalized,commod15min_v33_settlements.csv,26SEP301315
2026-09-30T17:15:29.474878+00:00,KXDOGE15M-26SEP301315-15,DOGE,2026-09-30T17:15:00Z,no,0.095228,0.0951676,finalized,commod15min_v33_settlements.csv,26SEP301315
2026-09-30T17:15:33.722594+00:00,KXGOLD15M-26SEP301315-15,GOLD,2026-09-30T17:15:00Z,no,4157.61,4153.78,finalized,commod15min_v33_settlements.csv,26SEP301315
2026-09-30T17:15:34.837374+00:00,KXSILVER15M-26SEP301315-15,SILVER,2026-09-30T17:15:00Z,no,60.274,60.146,finalized,commod15min_v33_settlements.csv,26SEP301315
2026-09-30T17:15:35.892098+00:00,KXWTI15M-26SEP301315-15,WTI,2026-09-30T17:15:00Z,no,90.97,90.92,finalized,commod15min_v33_settlements.csv,26SEP301315
2026-09-30T17:15:37.519604+00:00,KXPLATINUM15M-26SEP301315-15,PLATINUM,2026-09-30T17:15:00Z,no,1704.722,1702.377,finalized,commod15min_v33_settlements.csv,26SEP301315
2026-09-30T17:15:37.723143+00:00,KXPALLADIUM15M-26SEP301315-15,PALLADIUM,2026-09-30T17:15:00Z,no,1208.972,1207.322,finalized,commod15min_v33_settlements.csv,26SEP301315
2026-09-30T17:15:38.774984+00:00,KXCOPPER15M-26SEP301315-15,COPPER,2026-09-30T17:15:00Z,no,6.6224,6.62194,finalized,commod15min_v33_settlements.csv,26SEP301315
2026-09-30T17:30:16.822017+00:00,KXSOL15M-26SEP301330-30,SOL,2026-09-30T17:30:00Z,no,120.276,119.7027,finalized,commod15min_v33_settlements.csv,26SEP301330
2026-09-30T17:30:23.480728+00:00,KXETH15M-26SEP301330-30,ETH,2026-09-30T17:30:00Z,no,2691.94,2685.71,finalized,commod15min_v33_settlements.csv,26SEP301330
2026-09-30T17:30:23.681746+00:00,KXBTC15M-26SEP301330-30,BTC,2026-09-30T17:30:00Z,no,84272.96,84153.44,finalized,commod15min_v33_settlements.csv,26SEP301330
2026-09-30T17:30:28.499475+00:00,KXXRP15M-26SEP301330-30,XRP,2026-09-30T17:30:00Z,no,1.5101,1.5049,finalized,commod15min_v33_settlements.csv,26SEP301330
2026-09-30T17:30:29.440526+00:00,KXDOGE15M-26SEP301330-30,DOGE,2026-09-30T17:30:00Z,no,0.095167,0.0947973,finalized,commod15min_v33_settlements.csv,26SEP301330
2026-09-30T17:30:33.158918+00:00,KXPALLADIUM15M-26SEP301330-30,PALLADIUM,2026-09-30T17:30:00Z,yes,1207.322,1207.755,finalized,commod15min_v33_settlements.csv,26SEP301330
2026-09-30T17:30:34.748394+00:00,KXSILVER15M-26SEP301330-30,SILVER,2026-09-30T17:30:00Z,yes,60.146,60.266,finalized,commod15min_v33_settlements.csv,26SEP301330
2026-09-30T17:30:37.564491+00:00,KXCOPPER15M-26SEP301330-30,COPPER,2026-09-30T17:30:00Z,no,6.62194,6.6189,finalized,commod15min_v33_settlements.csv,26SEP301330
2026-09-30T17:30:37.765046+00:00,KXPLATINUM15M-26SEP301330-30,PLATINUM,2026-09-30T17:30:00Z,yes,1702.377,1704.399,finalized,commod15min_v33_settlements.csv,26SEP301330
2026-09-30T17:30:39.117065+00:00,KXGOLD15M-26SEP301330-30,GOLD,2026-09-30T17:30:00Z,yes,4153.78,4155.99,finalized,commod15min_v33_settlements.csv,26SEP301330
2026-09-30T17:30:40.621353+00:00,KXWTI15M-26SEP301330-30,WTI,2026-09-30T17:30:00Z,yes,90.92,90.98,finalized,commod15min_v33_settlements.csv,26SEP301330
2026-09-30T17:45:29.651462+00:00,KXSOL15M-26SEP301345-45,SOL,2026-09-30T17:45:00Z,no,119.7027,119.0203,finalized,commod15min_v33_settlements.csv,26SEP301345
2026-09-30T17:45:29.967203+00:00,KXWTI15M-26SEP301345-45,WTI,2026-09-30T17:45:00Z,no,90.98,90.86,finalized,commod15min_v33_settlements.csv,26SEP301345
2026-09-30T17:45:31.402149+00:00,KXETH15M-26SEP301345-45,ETH,2026-09-30T17:45:00Z,no,2685.71,2679.39,finalized,commod15min_v33_settlements.csv,26SEP301345
2026-09-30T17:45:31.609410+00:00,KXDOGE15M-26SEP301345-45,DOGE,2026-09-30T17:45:00Z,no,0.094797,0.0943804,finalized,commod15min_v33_settlements.csv,26SEP301345
2026-09-30T17:45:32.958276+00:00,KXPALLADIUM15M-26SEP301345-45,PALLADIUM,2026-09-30T17:45:00Z,no,1207.755,1207.517,finalized,commod15min_v33_settlements.csv,26SEP301345
2026-09-30T17:45:35.514295+00:00,KXXRP15M-26SEP301345-45,XRP,2026-09-30T17:45:00Z,no,1.5049,1.4978,finalized,commod15min_v33_settlements.csv,26SEP301345
2026-09-30T17:45:37.527878+00:00,KXGOLD15M-26SEP301345-45,GOLD,2026-09-30T17:45:00Z,no,4155.99,4150.86,finalized,commod15min_v33_settlements.csv,26SEP301345
2026-09-30T17:45:37.727593+00:00,KXCOPPER15M-26SEP301345-45,COPPER,2026-09-30T17:45:00Z,no,6.6189,6.61698,finalized,commod15min_v33_settlements.csv,26SEP301345
2026-09-30T17:45:37.928065+00:00,KXPLATINUM15M-26SEP301345-45,PLATINUM,2026-09-30T17:45:00Z,no,1704.399,1702.855,finalized,commod15min_v33_settlements.csv,26SEP301345
2026-09-30T17:45:38.481389+00:00,KXBTC15M-26SEP301345-45,BTC,2026-09-30T17:45:00Z,no,84153.44,83975.81,finalized,commod15min_v33_settlements.csv,26SEP301345
2026-09-30T17:45:44.978802+00:00,KXSILVER15M-26SEP301345-45,SILVER,2026-09-30T17:45:00Z,no,60.266,60.13,finalized,commod15min_v33_settlements.csv,26SEP301345
2026-09-30T18:00:18.658508+00:00,KXDOGE15M-26SEP301400-00,DOGE,2026-09-30T18:00:00Z,yes,0.09438,0.0944127,finalized,commod15min_v33_settlements.csv,26SEP301400
2026-09-30T18:00:20.739626+00:00,KXXRP15M-26SEP301400-00,XRP,2026-09-30T18:00:00Z,yes,1.4978,1.4997,finalized,commod15min_v33_settlements.csv,26SEP301400
2026-09-30T18:00:23.618440+00:00,KXBTC15M-26SEP301400-00,BTC,2026-09-30T18:00:00Z,yes,83975.81,84009.31,finalized,commod15min_v33_settlements.csv,26SEP301400
2026-09-30T18:00:28.394518+00:00,KXETH15M-26SEP301400-00,ETH,2026-09-30T18:00:00Z,yes,2679.39,2682.15,finalized,commod15min_v33_settlements.csv,26SEP301400
2026-09-30T18:00:30.441636+00:00,KXWTI15M-26SEP301400-00,WTI,2026-09-30T18:00:00Z,no,90.86,90.65,finalized,commod15min_v33_settlements.csv,26SEP301400
2026-09-30T18:00:30.641904+00:00,KXSOL15M-26SEP301400-00,SOL,2026-09-30T18:00:00Z,yes,119.0203,119.163,finalized,commod15min_v33_settlements.csv,26SEP301400
2026-09-30T18:00:37.719458+00:00,KXGOLD15M-26SEP301400-00,GOLD,2026-09-30T18:00:00Z,yes,4150.86,4151.61,finalized,commod15min_v33_settlements.csv,26SEP301400
2026-09-30T18:00:37.917191+00:00,KXCOPPER15M-26SEP301400-00,COPPER,2026-09-30T18:00:00Z,yes,6.61698,6.6185,finalized,commod15min_v33_settlements.csv,26SEP301400
2026-09-30T18:00:38.117985+00:00,KXPLATINUM15M-26SEP301400-00,PLATINUM,2026-09-30T18:00:00Z,yes,1702.855,1702.999,finalized,commod15min_v33_settlements.csv,26SEP301400
2026-09-30T18:00:41.381844+00:00,KXSILVER15M-26SEP301400-00,SILVER,2026-09-30T18:00:00Z,yes,60.13,60.186,finalized,commod15min_v33_settlements.csv,26SEP301400
2026-09-30T18:00:43.430466+00:00,KXPALLADIUM15M-26SEP301400-00,PALLADIUM,2026-09-30T18:00:00Z,no,1207.517,1207.249,finalized,commod15min_v33_settlements.csv,26SEP301400
2026-09-30T18:15:16.009065+00:00,KXDOGE15M-26SEP301415-15,DOGE,2026-09-30T18:15:00Z,no,0.094412,0.0943596,finalized,commod15min_v33_settlements.csv,26SEP301415
2026-09-30T18:15:16.270688+00:00,KXSOL15M-26SEP301415-15,SOL,2026-09-30T18:15:00Z,no,119.163,118.9603,finalized,commod15min_v33_settlements.csv,26SEP301415
2026-09-30T18:15:23.936688+00:00,KXBTC15M-26SEP301415-15,BTC,2026-09-30T18:15:00Z,no,84009.31,84008.6,finalized,commod15min_v33_settlements.csv,26SEP301415
2026-09-30T18:15:29.990617+00:00,KXETH15M-26SEP301415-15,ETH,2026-09-30T18:15:00Z,no,2682.15,2681.7,finalized,commod15min_v33_settlements.csv,26SEP301415
2026-09-30T18:15:32.843100+00:00,KXXRP15M-26SEP301415-15,XRP,2026-09-30T18:15:00Z,no,1.4997,1.4984,finalized,commod15min_v33_settlements.csv,26SEP301415
2026-09-30T18:15:33.239969+00:00,KXPLATINUM15M-26SEP301415-15,PLATINUM,2026-09-30T18:15:00Z,no,1702.999,1701.912,finalized,commod15min_v33_settlements.csv,26SEP301415
2026-09-30T18:15:36.148042+00:00,KXWTI15M-26SEP301415-15,WTI,2026-09-30T18:15:00Z,yes,90.65,90.77,finalized,commod15min_v33_settlements.csv,26SEP301415
2026-09-30T18:15:37.719406+00:00,KXPALLADIUM15M-26SEP301415-15,PALLADIUM,2026-09-30T18:15:00Z,no,1207.249,1206.197,finalized,commod15min_v33_settlements.csv,26SEP301415
2026-09-30T18:15:38.648868+00:00,KXCOPPER15M-26SEP301415-15,COPPER,2026-09-30T18:15:00Z,no,6.6185,6.61523,finalized,commod15min_v33_settlements.csv,26SEP301415
2026-09-30T18:15:43.649597+00:00,KXGOLD15M-26SEP301415-15,GOLD,2026-09-30T18:15:00Z,no,4151.61,4150.23,finalized,commod15min_v33_settlements.csv,26SEP301415
2026-09-30T18:15:45.149925+00:00,KXSILVER15M-26SEP301415-15,SILVER,2026-09-30T18:15:00Z,no,60.186,60.181,finalized,commod15min_v33_settlements.csv,26SEP301415
2026-09-30T18:30:18.155091+00:00,KXSOL15M-26SEP301430-30,SOL,2026-09-30T18:30:00Z,no,118.9603,118.6948,finalized,commod15min_v33_settlements.csv,26SEP301430
2026-09-30T18:30:19.154348+00:00,KXBTC15M-26SEP301430-30,BTC,2026-09-30T18:30:00Z,no,84008.6,83877.59,finalized,commod15min_v33_settlements.csv,26SEP301430
2026-09-30T18:30:29.722645+00:00,KXETH15M-26SEP301430-30,ETH,2026-09-30T18:30:00Z,no,2681.7,2678.69,finalized,commod15min_v33_settlements.csv,26SEP301430
2026-09-30T18:30:30.543582+00:00,KXWTI15M-26SEP301430-30,WTI,2026-09-30T18:30:00Z,no,90.77,90.37,finalized,commod15min_v33_settlements.csv,26SEP301430
2026-09-30T18:30:30.743793+00:00,KXDOGE15M-26SEP301430-30,DOGE,2026-09-30T18:30:00Z,no,0.094359,0.094119,finalized,commod15min_v33_settlements.csv,26SEP301430
2026-09-30T18:30:37.610864+00:00,KXCOPPER15M-26SEP301430-30,COPPER,2026-09-30T18:30:00Z,yes,6.61523,6.62004,finalized,commod15min_v33_settlements.csv,26SEP301430
2026-09-30T18:30:37.811021+00:00,KXGOLD15M-26SEP301430-30,GOLD,2026-09-30T18:30:00Z,yes,4150.23,4154.29,finalized,commod15min_v33_settlements.csv,26SEP301430
2026-09-30T18:30:41.537161+00:00,KXXRP15M-26SEP301430-30,XRP,2026-09-30T18:30:00Z,no,1.4984,1.4961,finalized,commod15min_v33_settlements.csv,26SEP301430
2026-09-30T18:30:41.736804+00:00,KXSILVER15M-26SEP301430-30,SILVER,2026-09-30T18:30:00Z,yes,60.181,60.228,finalized,commod15min_v33_settlements.csv,26SEP301430
2026-09-30T18:30:43.291981+00:00,KXPALLADIUM15M-26SEP301430-30,PALLADIUM,2026-09-30T18:30:00Z,yes,1206.197,1208.177,finalized,commod15min_v33_settlements.csv,26SEP301430
2026-09-30T18:30:44.344371+00:00,KXPLATINUM15M-26SEP301430-30,PLATINUM,2026-09-30T18:30:00Z,yes,1701.912,1705.708,finalized,commod15min_v33_settlements.csv,26SEP301430
2026-09-30T18:45:13.779984+00:00,KXDOGE15M-26SEP301445-45,DOGE,2026-09-30T18:45:00Z,no,0.094119,0.0938896,finalized,commod15min_v33_settlements.csv,26SEP301445
2026-09-30T18:45:19.759514+00:00,KXETH15M-26SEP301445-45,ETH,2026-09-30T18:45:00Z,no,2678.69,2674.67,finalized,commod15min_v33_settlements.csv,26SEP301445
2026-09-30T18:45:23.765015+00:00,KXBTC15M-26SEP301445-45,BTC,2026-09-30T18:45:00Z,no,83877.59,83837.45,finalized,commod15min_v33_settlements.csv,26SEP301445
2026-09-30T18:45:24.629755+00:00,KXSOL15M-26SEP301445-45,SOL,2026-09-30T18:45:00Z,no,118.6948,118.4573,finalized,commod15min_v33_settlements.csv,26SEP301445
2026-09-30T18:45:26.798163+00:00,KXXRP15M-26SEP301445-45,XRP,2026-09-30T18:45:00Z,no,1.4961,1.4926,finalized,commod15min_v33_settlements.csv,26SEP301445
2026-09-30T18:45:29.807954+00:00,KXSILVER15M-26SEP301445-45,SILVER,2026-09-30T18:45:00Z,yes,60.228,60.251,finalized,commod15min_v33_settlements.csv,26SEP301445
2026-09-30T18:45:36.621377+00:00,KXWTI15M-26SEP301445-45,WTI,2026-09-30T18:45:00Z,yes,90.37,90.68,finalized,commod15min_v33_settlements.csv,26SEP301445
2026-09-30T18:45:37.743581+00:00,KXPALLADIUM15M-26SEP301445-45,PALLADIUM,2026-09-30T18:45:00Z,yes,1208.177,1208.782,finalized,commod15min_v33_settlements.csv,26SEP301445
2026-09-30T18:45:37.941070+00:00,KXCOPPER15M-26SEP301445-45,COPPER,2026-09-30T18:45:00Z,yes,6.62004,6.62379,finalized,commod15min_v33_settlements.csv,26SEP301445
2026-09-30T18:45:40.497781+00:00,KXPLATINUM15M-26SEP301445-45,PLATINUM,2026-09-30T18:45:00Z,yes,1705.708,1706.94,finalized,commod15min_v33_settlements.csv,26SEP301445
2026-09-30T18:45:43.498557+00:00,KXGOLD15M-26SEP301445-45,GOLD,2026-09-30T18:45:00Z,no,4154.29,4152.22,finalized,commod15min_v33_settlements.csv,26SEP301445
2026-09-30T19:00:19.241928+00:00,KXBTC15M-26SEP301500-00,BTC,2026-09-30T19:00:00Z,yes,83837.45,83935.01,finalized,commod15min_v33_settlements.csv,26SEP301500
2026-09-30T19:00:28.906965+00:00,KXXRP15M-26SEP301500-00,XRP,2026-09-30T19:00:00Z,yes,1.4926,1.4955,finalized,commod15min_v33_settlements.csv,26SEP301500
2026-09-30T19:00:33.051869+00:00,KXGOLD15M-26SEP301500-00,GOLD,2026-09-30T19:00:00Z,no,4152.22,4151.71,finalized,commod15min_v33_settlements.csv,26SEP301500
2026-09-30T19:00:33.803980+00:00,KXPLATINUM15M-26SEP301500-00,PLATINUM,2026-09-30T19:00:00Z,yes,1706.94,1707.655,finalized,commod15min_v33_settlements.csv,26SEP301500
2026-09-30T19:00:34.370339+00:00,KXWTI15M-26SEP301500-00,WTI,2026-09-30T19:00:00Z,no,90.68,90.6,finalized,commod15min_v33_settlements.csv,26SEP301500
2026-09-30T19:00:40.419005+00:00,KXSILVER15M-26SEP301500-00,SILVER,2026-09-30T19:00:00Z,yes,60.251,60.254,finalized,commod15min_v33_settlements.csv,26SEP301500
2026-09-30T19:00:43.924980+00:00,KXCOPPER15M-26SEP301500-00,COPPER,2026-09-30T19:00:00Z,yes,6.62379,6.62636,finalized,commod15min_v33_settlements.csv,26SEP301500
2026-09-30T19:00:45.420401+00:00,KXSOL15M-26SEP301500-00,SOL,2026-09-30T19:00:00Z,yes,118.4573,118.7293,finalized,commod15min_v33_settlements.csv,26SEP301500
2026-09-30T19:00:46.479897+00:00,KXETH15M-26SEP301500-00,ETH,2026-09-30T19:00:00Z,yes,2674.67,2678.88,finalized,commod15min_v33_settlements.csv,26SEP301500
2026-09-30T19:00:46.679224+00:00,KXDOGE15M-26SEP301500-00,DOGE,2026-09-30T19:00:00Z,yes,0.093889,0.0941722,finalized,commod15min_v33_settlements.csv,26SEP301500
2026-09-30T19:00:48.035847+00:00,KXPALLADIUM15M-26SEP301500-00,PALLADIUM,2026-09-30T19:00:00Z,yes,1208.782,1209.507,finalized,commod15min_v33_settlements.csv,26SEP301500
2026-09-30T19:15:15.444075+00:00,KXSOL15M-26SEP301515-15,SOL,2026-09-30T19:15:00Z,no,118.7293,118.2225,finalized,commod15min_v33_settlements.csv,26SEP301515
2026-09-30T19:15:18.046156+00:00,KXDOGE15M-26SEP301515-15,DOGE,2026-09-30T19:15:00Z,no,0.094172,0.0939124,finalized,commod15min_v33_settlements.csv,26SEP301515
2026-09-30T19:15:21.411486+00:00,KXXRP15M-26SEP301515-15,XRP,2026-09-30T19:15:00Z,no,1.4955,1.4907,finalized,commod15min_v33_settlements.csv,26SEP301515
2026-09-30T19:15:30.590996+00:00,KXETH15M-26SEP301515-15,ETH,2026-09-30T19:15:00Z,no,2678.88,2673.55,finalized,commod15min_v33_settlements.csv,26SEP301515
2026-09-30T19:15:33.549528+00:00,KXPALLADIUM15M-26SEP301515-15,PALLADIUM,2026-09-30T19:15:00Z,yes,1209.507,1209.962,finalized,commod15min_v33_settlements.csv,26SEP301515
2026-09-30T19:15:37.580495+00:00,KXCOPPER15M-26SEP301515-15,COPPER,2026-09-30T19:15:00Z,yes,6.62636,6.64853,finalized,commod15min_v33_settlements.csv,26SEP301515
2026-09-30T19:15:39.392299+00:00,KXBTC15M-26SEP301515-15,BTC,2026-09-30T19:15:00Z,no,83935.01,83728.93,finalized,commod15min_v33_settlements.csv,26SEP301515
2026-09-30T19:15:40.333939+00:00,KXSILVER15M-26SEP301515-15,SILVER,2026-09-30T19:15:00Z,yes,60.254,60.313,finalized,commod15min_v33_settlements.csv,26SEP301515
2026-09-30T19:15:40.534446+00:00,KXPLATINUM15M-26SEP301515-15,PLATINUM,2026-09-30T19:15:00Z,yes,1707.655,1710.86,finalized,commod15min_v33_settlements.csv,26SEP301515
2026-09-30T19:15:40.735269+00:00,KXWTI15M-26SEP301515-15,WTI,2026-09-30T19:15:00Z,yes,90.6,90.62,finalized,commod15min_v33_settlements.csv,26SEP301515
2026-09-30T19:15:43.589045+00:00,KXGOLD15M-26SEP301515-15,GOLD,2026-09-30T19:15:00Z,yes,4151.71,4153.57,finalized,commod15min_v33_settlements.csv,26SEP301515
2026-09-30T19:30:18.425466+00:00,KXETH15M-26SEP301530-30,ETH,2026-09-30T19:30:00Z,no,2673.55,2672.86,finalized,commod15min_v33_settlements.csv,26SEP301530
2026-09-30T19:30:19.250285+00:00,KXDOGE15M-26SEP301530-30,DOGE,2026-09-30T19:30:00Z,yes,0.093912,0.0939441,finalized,commod15min_v33_settlements.csv,26SEP301530
2026-09-30T19:30:24.375649+00:00,KXBTC15M-26SEP301530-30,BTC,2026-09-30T19:30:00Z,no,83728.93,83725.04,finalized,commod15min_v33_settlements.csv,26SEP301530
2026-09-30T19:30:26.384713+00:00,KXSOL15M-26SEP301530-30,SOL,2026-09-30T19:30:00Z,no,118.2225,117.8397,finalized,commod15min_v33_settlements.csv,26SEP301530
2026-09-30T19:30:28.820390+00:00,KXPALLADIUM15M-26SEP301530-30,PALLADIUM,2026-09-30T19:30:00Z,no,1209.962,1209.66,finalized,commod15min_v33_settlements.csv,26SEP301530
2026-09-30T19:30:30.566323+00:00,KXSILVER15M-26SEP301530-30,SILVER,2026-09-30T19:30:00Z,yes,60.313,60.333,finalized,commod15min_v33_settlements.csv,26SEP301530
2026-09-30T19:30:36.401400+00:00,KXXRP15M-26SEP301530-30,XRP,2026-09-30T19:30:00Z,yes,1.4907,1.4915,finalized,commod15min_v33_settlements.csv,26SEP301530
2026-09-30T19:30:37.514756+00:00,KXGOLD15M-26SEP301530-30,GOLD,2026-09-30T19:30:00Z,yes,4153.57,4154.31,finalized,commod15min_v33_settlements.csv,26SEP301530
2026-09-30T19:30:37.712353+00:00,KXCOPPER15M-26SEP301530-30,COPPER,2026-09-30T19:30:00Z,no,6.64853,6.63048,finalized,commod15min_v33_settlements.csv,26SEP301530
2026-09-30T19:30:38.830084+00:00,KXPLATINUM15M-26SEP301530-30,PLATINUM,2026-09-30T19:30:00Z,yes,1710.86,1711.429,finalized,commod15min_v33_settlements.csv,26SEP301530
2026-09-30T19:30:41.377635+00:00,KXWTI15M-26SEP301530-30,WTI,2026-09-30T19:30:00Z,yes,90.62,90.63,finalized,commod15min_v33_settlements.csv,26SEP301530
2026-09-30T19:45:19.464711+00:00,KXSOL15M-26SEP301545-45,SOL,2026-09-30T19:45:00Z,yes,117.8397,117.9003,finalized,commod15min_v33_settlements.csv,26SEP301545
2026-09-30T19:45:22.584571+00:00,KXXRP15M-26SEP301545-45,XRP,2026-09-30T19:45:00Z,yes,1.4915,1.4943,finalized,commod15min_v33_settlements.csv,26SEP301545
2026-09-30T19:45:23.598495+00:00,KXDOGE15M-26SEP301545-45,DOGE,2026-09-30T19:45:00Z,yes,0.093944,0.0942014,finalized,commod15min_v33_settlements.csv,26SEP301545
2026-09-30T19:45:24.548538+00:00,KXBTC15M-26SEP301545-45,BTC,2026-09-30T19:45:00Z,yes,83725.04,83779.03,finalized,commod15min_v33_settlements.csv,26SEP301545
2026-09-30T19:45:29.708149+00:00,KXETH15M-26SEP301545-45,ETH,2026-09-30T19:45:00Z,yes,2672.86,2675.23,finalized,commod15min_v33_settlements.csv,26SEP301545
2026-09-30T19:45:33.200804+00:00,KXCOPPER15M-26SEP301545-45,COPPER,2026-09-30T19:45:00Z,no,6.63048,6.62715,finalized,commod15min_v33_settlements.csv,26SEP301545
2026-09-30T19:45:34.203129+00:00,KXPLATINUM15M-26SEP301545-45,PLATINUM,2026-09-30T19:45:00Z,no,1711.429,1709.416,finalized,commod15min_v33_settlements.csv,26SEP301545
2026-09-30T19:45:34.783058+00:00,KXWTI15M-26SEP301545-45,WTI,2026-09-30T19:45:00Z,no,90.63,90.52,finalized,commod15min_v33_settlements.csv,26SEP301545
2026-09-30T19:45:36.332654+00:00,KXSILVER15M-26SEP301545-45,SILVER,2026-09-30T19:45:00Z,no,60.333,60.31,finalized,commod15min_v33_settlements.csv,26SEP301545
2026-09-30T19:45:37.417160+00:00,KXPALLADIUM15M-26SEP301545-45,PALLADIUM,2026-09-30T19:45:00Z,no,1209.66,1209.044,finalized,commod15min_v33_settlements.csv,26SEP301545
2026-09-30T19:45:37.616026+00:00,KXGOLD15M-26SEP301545-45,GOLD,2026-09-30T19:45:00Z,no,4154.31,4152.34,finalized,commod15min_v33_settlements.csv,26SEP301545
2026-09-30T20:00:12.771921+00:00,KXSOL15M-26SEP301600-00,SOL,2026-09-30T20:00:00Z,no,117.9003,117.1492,finalized,commod15min_v33_settlements.csv,26SEP301600
2026-09-30T20:00:17.768427+00:00,KXETH15M-26SEP301600-00,ETH,2026-09-30T20:00:00Z,no,2675.23,2668.81,finalized,commod15min_v33_settlements.csv,26SEP301600
2026-09-30T20:00:24.653068+00:00,KXXRP15M-26SEP301600-00,XRP,2026-09-30T20:00:00Z,no,1.4943,1.4884,finalized,commod15min_v33_settlements.csv,26SEP301600
2026-09-30T20:00:24.854380+00:00,KXBTC15M-26SEP301600-00,BTC,2026-09-30T20:00:00Z,no,83779.03,83567.11,finalized,commod15min_v33_settlements.csv,26SEP301600
2026-09-30T20:00:32.907195+00:00,KXCOPPER15M-26SEP301600-00,COPPER,2026-09-30T20:00:00Z,no,6.62715,6.62468,finalized,commod15min_v33_settlements.csv,26SEP301600
2026-09-30T20:00:33.406183+00:00,KXGOLD15M-26SEP301600-00,GOLD,2026-09-30T20:00:00Z,yes,4152.34,4155.74,finalized,commod15min_v33_settlements.csv,26SEP301600
2026-09-30T20:00:34.494169+00:00,KXWTI15M-26SEP301600-00,WTI,2026-09-30T20:00:00Z,yes,90.52,90.53,finalized,commod15min_v33_settlements.csv,26SEP301600
2026-09-30T20:00:37.643814+00:00,KXPALLADIUM15M-26SEP301600-00,PALLADIUM,2026-09-30T20:00:00Z,no,1209.044,1207.437,finalized,commod15min_v33_settlements.csv,26SEP301600
2026-09-30T20:00:38.758798+00:00,KXPLATINUM15M-26SEP301600-00,PLATINUM,2026-09-30T20:00:00Z,no,1709.416,1707.375,finalized,commod15min_v33_settlements.csv,26SEP301600
2026-09-30T20:00:39.379473+00:00,KXDOGE15M-26SEP301600-00,DOGE,2026-09-30T20:00:00Z,no,0.094201,0.0939837,finalized,commod15min_v33_settlements.csv,26SEP301600
2026-09-30T20:00:49.376583+00:00,KXSILVER15M-26SEP301600-00,SILVER,2026-09-30T20:00:00Z,yes,60.31,60.36,finalized,commod15min_v33_settlements.csv,26SEP301600
2026-09-30T20:15:17.634012+00:00,KXDOGE15M-26SEP301615-15,DOGE,2026-09-30T20:15:00Z,yes,0.093983,0.094249,finalized,commod15min_v33_settlements.csv,26SEP301615
2026-09-30T20:15:21.729263+00:00,KXXRP15M-26SEP301615-15,XRP,2026-09-30T20:15:00Z,yes,1.4884,1.4911,finalized,commod15min_v33_settlements.csv,26SEP301615
2026-09-30T20:15:24.417530+00:00,KXBTC15M-26SEP301615-15,BTC,2026-09-30T20:15:00Z,yes,83567.11,83597.88,finalized,commod15min_v33_settlements.csv,26SEP301615
2026-09-30T20:15:29.488068+00:00,KXSOL15M-26SEP301615-15,SOL,2026-09-30T20:15:00Z,yes,117.1492,117.5668,finalized,commod15min_v33_settlements.csv,26SEP301615
2026-09-30T20:15:32.654106+00:00,KXETH15M-26SEP301615-15,ETH,2026-09-30T20:15:00Z,yes,2668.81,2673.69,finalized,commod15min_v33_settlements.csv,26SEP301615
2026-09-30T20:15:32.851676+00:00,KXGOLD15M-26SEP301615-15,GOLD,2026-09-30T20:15:00Z,yes,4155.74,4156.18,finalized,commod15min_v33_settlements.csv,26SEP301615
2026-09-30T20:15:34.525541+00:00,KXWTI15M-26SEP301615-15,WTI,2026-09-30T20:15:00Z,yes,90.53,90.53,finalized,commod15min_v33_settlements.csv,26SEP301615
2026-09-30T20:15:34.727103+00:00,KXSILVER15M-26SEP301615-15,SILVER,2026-09-30T20:15:00Z,no,60.36,60.341,finalized,commod15min_v33_settlements.csv,26SEP301615
2026-09-30T20:15:37.543437+00:00,KXCOPPER15M-26SEP301615-15,COPPER,2026-09-30T20:15:00Z,yes,6.62468,6.62649,finalized,commod15min_v33_settlements.csv,26SEP301615
2026-09-30T20:15:40.092340+00:00,KXPLATINUM15M-26SEP301615-15,PLATINUM,2026-09-30T20:15:00Z,yes,1707.375,1707.536,finalized,commod15min_v33_settlements.csv,26SEP301615
2026-09-30T20:15:44.592369+00:00,KXPALLADIUM15M-26SEP301615-15,PALLADIUM,2026-09-30T20:15:00Z,yes,1207.437,1208.131,finalized,commod15min_v33_settlements.csv,26SEP301615
2026-09-30T20:30:20.012356+00:00,KXBTC15M-26SEP301630-30,BTC,2026-09-30T20:30:00Z,yes,83597.88,83703.31,finalized,commod15min_v33_settlements.csv,26SEP301630
2026-09-30T20:30:23.774848+00:00,KXSOL15M-26SEP301630-30,SOL,2026-09-30T20:30:00Z,yes,117.5668,118.0537,finalized,commod15min_v33_settlements.csv,26SEP301630
2026-09-30T20:30:29.623416+00:00,KXPLATINUM15M-26SEP301630-30,PLATINUM,2026-09-30T20:30:00Z,no,1707.536,1704.627,finalized,commod15min_v33_settlements.csv,26SEP301630
2026-09-30T20:30:29.823079+00:00,KXXRP15M-26SEP301630-30,XRP,2026-09-30T20:30:00Z,yes,1.4911,1.495,finalized,commod15min_v33_settlements.csv,26SEP301630
2026-09-30T20:30:30.020817+00:00,KXETH15M-26SEP301630-30,ETH,2026-09-30T20:30:00Z,yes,2673.69,2680.55,finalized,commod15min_v33_settlements.csv,26SEP301630
2026-09-30T20:30:30.222019+00:00,KXSILVER15M-26SEP301630-30,SILVER,2026-09-30T20:30:00Z,yes,60.341,60.371,finalized,commod15min_v33_settlements.csv,26SEP301630
2026-09-30T20:30:33.072332+00:00,KXGOLD15M-26SEP301630-30,GOLD,2026-09-30T20:30:00Z,yes,4156.18,4157.28,finalized,commod15min_v33_settlements.csv,26SEP301630
2026-09-30T20:30:33.630984+00:00,KXDOGE15M-26SEP301630-30,DOGE,2026-09-30T20:30:00Z,yes,0.094249,0.0946768,finalized,commod15min_v33_settlements.csv,26SEP301630
2026-09-30T20:30:33.830342+00:00,KXPALLADIUM15M-26SEP301630-30,PALLADIUM,2026-09-30T20:30:00Z,yes,1208.131,1208.562,finalized,commod15min_v33_settlements.csv,26SEP301630
2026-09-30T20:30:34.439514+00:00,KXWTI15M-26SEP301630-30,WTI,2026-09-30T20:30:00Z,no,90.53,90.45,finalized,commod15min_v33_settlements.csv,26SEP301630
2026-09-30T20:30:37.556949+00:00,KXCOPPER15M-26SEP301630-30,COPPER,2026-09-30T20:30:00Z,yes,6.62649,6.63779,finalized,commod15min_v33_settlements.csv,26SEP301630
2026-09-30T20:45:17.734660+00:00,KXSOL15M-26SEP301645-45,SOL,2026-09-30T20:45:00Z,yes,118.0537,118.0557,finalized,commod15min_v33_settlements.csv,26SEP301645
2026-09-30T20:45:19.688668+00:00,KXXRP15M-26SEP301645-45,XRP,2026-09-30T20:45:00Z,no,1.495,1.4916,finalized,commod15min_v33_settlements.csv,26SEP301645
2026-09-30T20:45:20.804850+00:00,KXDOGE15M-26SEP301645-45,DOGE,2026-09-30T20:45:00Z,no,0.094676,0.0945001,finalized,commod15min_v33_settlements.csv,26SEP301645
2026-09-30T20:45:24.623453+00:00,KXBTC15M-26SEP301645-45,BTC,2026-09-30T20:45:00Z,no,83703.31,83645.5,finalized,commod15min_v33_settlements.csv,26SEP301645
2026-09-30T20:45:37.365418+00:00,KXCOPPER15M-26SEP301645-45,COPPER,2026-09-30T20:45:00Z,yes,6.63779,6.64217,finalized,commod15min_v33_settlements.csv,26SEP301645
2026-09-30T20:45:37.858793+00:00,KXGOLD15M-26SEP301645-45,GOLD,2026-09-30T20:45:00Z,yes,4157.28,4158.92,finalized,commod15min_v33_settlements.csv,26SEP301645
2026-09-30T20:45:38.357535+00:00,KXPLATINUM15M-26SEP301645-45,PLATINUM,2026-09-30T20:45:00Z,yes,1704.627,1707.74,finalized,commod15min_v33_settlements.csv,26SEP301645
2026-09-30T20:45:39.413646+00:00,KXPALLADIUM15M-26SEP301645-45,PALLADIUM,2026-09-30T20:45:00Z,no,1208.562,1208.42,finalized,commod15min_v33_settlements.csv,26SEP301645
2026-09-30T20:45:40.406944+00:00,KXSILVER15M-26SEP301645-45,SILVER,2026-09-30T20:45:00Z,yes,60.371,60.431,finalized,commod15min_v33_settlements.csv,26SEP301645
2026-09-30T20:45:44.409311+00:00,KXETH15M-26SEP301645-45,ETH,2026-09-30T20:45:00Z,no,2680.55,2680.09,finalized,commod15min_v33_settlements.csv,26SEP301645
2026-09-30T20:45:49.522729+00:00,KXWTI15M-26SEP301645-45,WTI,2026-09-30T20:45:00Z,no,90.45,90.33,finalized,commod15min_v33_settlements.csv,26SEP301645
2026-09-30T21:00:14.883156+00:00,KXDOGE15M-26SEP301700-00,DOGE,2026-09-30T21:00:00Z,no,0.0945,0.0943897,finalized,commod15min_v33_settlements.csv,26SEP301700
2026-09-30T21:00:19.497856+00:00,KXETH15M-26SEP301700-00,ETH,2026-09-30T21:00:00Z,yes,2680.09,2681.18,finalized,commod15min_v33_settlements.csv,26SEP301700
2026-09-30T21:00:20.047365+00:00,KXBTC15M-26SEP301700-00,BTC,2026-09-30T21:00:00Z,no,83645.5,83620.46,finalized,commod15min_v33_settlements.csv,26SEP301700
2026-09-30T21:00:22.610821+00:00,KXXRP15M-26SEP301700-00,XRP,2026-09-30T21:00:00Z,no,1.4916,1.4908,finalized,commod15min_v33_settlements.csv,26SEP301700
2026-09-30T21:00:34.752315+00:00,KXWTI15M-26SEP301700-00,WTI,2026-09-30T21:00:00Z,yes,90.33,90.35,finalized,commod15min_v33_settlements.csv,26SEP301700
2026-09-30T21:00:34.954207+00:00,KXSILVER15M-26SEP301700-00,SILVER,2026-09-30T21:00:00Z,no,60.431,60.409,finalized,commod15min_v33_settlements.csv,26SEP301700
2026-09-30T21:00:37.588748+00:00,KXCOPPER15M-26SEP301700-00,COPPER,2026-09-30T21:00:00Z,no,6.64217,6.64135,finalized,commod15min_v33_settlements.csv,26SEP301700
2026-09-30T21:00:37.786900+00:00,KXGOLD15M-26SEP301700-00,GOLD,2026-09-30T21:00:00Z,no,4158.92,4157.2,finalized,commod15min_v33_settlements.csv,26SEP301700
2026-09-30T21:00:38.615029+00:00,KXPALLADIUM15M-26SEP301700-00,PALLADIUM,2026-09-30T21:00:00Z,no,1208.42,1207.975,finalized,commod15min_v33_settlements.csv,26SEP301700
2026-09-30T21:00:38.821845+00:00,KXPLATINUM15M-26SEP301700-00,PLATINUM,2026-09-30T21:00:00Z,yes,1707.74,1715.443,finalized,commod15min_v33_settlements.csv,26SEP301700
2026-09-30T21:00:47.370357+00:00,KXSOL15M-26SEP301700-00,SOL,2026-09-30T21:00:00Z,no,118.0557,117.9733,finalized,commod15min_v33_settlements.csv,26SEP301700
2026-09-30T21:15:21.761769+00:00,KXDOGE15M-26SEP301715-15,DOGE,2026-09-30T21:15:00Z,yes,0.094389,0.0944449,finalized,commod15min_v33_settlements.csv,26SEP301715
2026-09-30T21:15:27.373184+00:00,KXSOL15M-26SEP301715-15,SOL,2026-09-30T21:15:00Z,yes,117.9733,118.0118,finalized,commod15min_v33_settlements.csv,26SEP301715
2026-09-30T21:15:31.477329+00:00,KXXRP15M-26SEP301715-15,XRP,2026-09-30T21:15:00Z,yes,1.4908,1.4915,finalized,commod15min_v33_settlements.csv,26SEP301715
2026-09-30T21:15:34.589653+00:00,KXETH15M-26SEP301715-15,ETH,2026-09-30T21:15:00Z,yes,2681.18,2684.57,finalized,commod15min_v33_settlements.csv,26SEP301715
2026-09-30T21:15:34.788796+00:00,KXSILVER15M-26SEP301715-15,SILVER,2026-09-30T21:15:00Z,yes,60.409,60.456,finalized,commod15min_v33_settlements.csv,26SEP301715
2026-09-30T21:15:37.710698+00:00,KXGOLD15M-26SEP301715-15,GOLD,2026-09-30T21:15:00Z,yes,4157.2,4158.18,finalized,commod15min_v33_settlements.csv,26SEP301715
2026-09-30T21:15:39.140802+00:00,KXCOPPER15M-26SEP301715-15,COPPER,2026-09-30T21:15:00Z,yes,6.64135,6.64699,finalized,commod15min_v33_settlements.csv,26SEP301715
2026-09-30T21:15:39.641121+00:00,KXBTC15M-26SEP301715-15,BTC,2026-09-30T21:15:00Z,yes,83620.46,83712.16,finalized,commod15min_v33_settlements.csv,26SEP301715
2026-09-30T21:15:40.672478+00:00,KXWTI15M-26SEP301715-15,WTI,2026-09-30T21:15:00Z,yes,90.35,90.52,finalized,commod15min_v33_settlements.csv,26SEP301715
2026-09-30T21:30:19.652800+00:00,KXETH15M-26SEP301730-30,ETH,2026-09-30T21:30:00Z,no,2684.57,2684.14,finalized,commod15min_v33_settlements.csv,26SEP301730
2026-09-30T21:30:24.410595+00:00,KXBTC15M-26SEP301730-30,BTC,2026-09-30T21:30:00Z,no,83712.16,83705.29,finalized,commod15min_v33_settlements.csv,26SEP301730
2026-09-30T21:30:26.663933+00:00,KXXRP15M-26SEP301730-30,XRP,2026-09-30T21:30:00Z,no,1.4915,1.4894,finalized,commod15min_v33_settlements.csv,26SEP301730
2026-09-30T21:30:29.964536+00:00,KXWTI15M-26SEP301730-30,WTI,2026-09-30T21:30:00Z,no,90.52,90.45,finalized,commod15min_v33_settlements.csv,26SEP301730
2026-09-30T21:30:30.166412+00:00,KXSILVER15M-26SEP301730-30,SILVER,2026-09-30T21:30:00Z,no,60.456,60.443,finalized,commod15min_v33_settlements.csv,26SEP301730
2026-09-30T21:30:34.780956+00:00,KXDOGE15M-26SEP301730-30,DOGE,2026-09-30T21:30:00Z,no,0.094444,0.0943866,finalized,commod15min_v33_settlements.csv,26SEP301730
2026-09-30T21:30:37.407010+00:00,KXCOPPER15M-26SEP301730-30,COPPER,2026-09-30T21:30:00Z,yes,6.64699,6.6474,finalized,commod15min_v33_settlements.csv,26SEP301730
2026-09-30T21:30:38.404907+00:00,KXSOL15M-26SEP301730-30,SOL,2026-09-30T21:30:00Z,no,118.0118,118.0038,finalized,commod15min_v33_settlements.csv,26SEP301730
2026-09-30T21:30:38.953112+00:00,KXGOLD15M-26SEP301730-30,GOLD,2026-09-30T21:30:00Z,yes,4158.18,4158.7,finalized,commod15min_v33_settlements.csv,26SEP301730
2026-09-30T21:45:19.685274+00:00,KXBTC15M-26SEP301745-45,BTC,2026-09-30T21:45:00Z,no,83705.29,83680.23,finalized,commod15min_v33_settlements.csv,26SEP301745
2026-09-30T21:45:20.539121+00:00,KXETH15M-26SEP301745-45,ETH,2026-09-30T21:45:00Z,no,2684.14,2683.5,finalized,commod15min_v33_settlements.csv,26SEP301745
2026-09-30T21:45:25.615472+00:00,KXXRP15M-26SEP301745-45,XRP,2026-09-30T21:45:00Z,no,1.4894,1.4882,finalized,commod15min_v33_settlements.csv,26SEP301745
2026-09-30T21:45:34.655613+00:00,KXSILVER15M-26SEP301745-45,SILVER,2026-09-30T21:45:00Z,no,60.443,60.384,finalized,commod15min_v33_settlements.csv,26SEP301745
2026-09-30T21:45:34.852063+00:00,KXDOGE15M-26SEP301745-45,DOGE,2026-09-30T21:45:00Z,no,0.094386,0.0943507,finalized,commod15min_v33_settlements.csv,26SEP301745
2026-09-30T21:45:37.668332+00:00,KXGOLD15M-26SEP301745-45,GOLD,2026-09-30T21:45:00Z,yes,4158.7,4159.29,finalized,commod15min_v33_settlements.csv,26SEP301745
2026-09-30T21:45:37.868482+00:00,KXCOPPER15M-26SEP301745-45,COPPER,2026-09-30T21:45:00Z,yes,6.6474,6.64952,finalized,commod15min_v33_settlements.csv,26SEP301745
2026-09-30T21:45:38.872322+00:00,KXSOL15M-26SEP301745-45,SOL,2026-09-30T21:45:00Z,yes,118.0038,118.0383,finalized,commod15min_v33_settlements.csv,26SEP301745
2026-09-30T21:45:49.489463+00:00,KXWTI15M-26SEP301745-45,WTI,2026-09-30T21:45:00Z,yes,90.45,90.45,finalized,commod15min_v33_settlements.csv,26SEP301745
2026-09-30T22:00:14.512071+00:00,KXXRP15M-26SEP301800-00,XRP,2026-09-30T22:00:00Z,no,1.4882,1.4881,finalized,commod15min_v33_settlements.csv,26SEP301800
2026-09-30T22:00:18.561273+00:00,KXETH15M-26SEP301800-00,ETH,2026-09-30T22:00:00Z,no,2683.5,2683.04,finalized,commod15min_v33_settlements.csv,26SEP301800
2026-09-30T22:00:21.689160+00:00,KXDOGE15M-26SEP301800-00,DOGE,2026-09-30T22:00:00Z,no,0.09435,0.094245,finalized,commod15min_v33_settlements.csv,26SEP301800
2026-09-30T22:00:26.614094+00:00,KXSOL15M-26SEP301800-00,SOL,2026-09-30T22:00:00Z,no,118.0383,117.9772,finalized,commod15min_v33_settlements.csv,26SEP301800
2026-09-30T22:00:33.120979+00:00,KXCOPPER15M-26SEP301800-00,COPPER,2026-09-30T22:00:00Z,no,6.64952,6.64753,finalized,commod15min_v33_settlements.csv,26SEP301800
2026-09-30T22:00:39.389123+00:00,KXBTC15M-26SEP301800-00,BTC,2026-09-30T22:00:00Z,yes,83680.23,83708.91,finalized,commod15min_v33_settlements.csv,26SEP301800
2026-09-30T22:00:44.941996+00:00,KXWTI15M-26SEP301800-00,WTI,2026-09-30T22:00:00Z,no,90.45,90.34,finalized,commod15min_v33_settlements.csv,26SEP301800
2026-09-30T22:00:46.438508+00:00,KXSILVER15M-26SEP301800-00,SILVER,2026-09-30T22:00:00Z,yes,60.384,60.452,finalized,commod15min_v33_settlements.csv,26SEP301800
2026-09-30T22:00:53.519486+00:00,KXGOLD15M-26SEP301800-00,GOLD,2026-09-30T22:00:00Z,no,4159.29,4158.19,finalized,commod15min_v33_settlements.csv,26SEP301800
2026-09-30T22:15:15.439396+00:00,KXSOL15M-26SEP301815-15,SOL,2026-09-30T22:15:00Z,no,117.9772,117.8435,finalized,commod15min_v33_settlements.csv,26SEP301815
2026-09-30T22:15:24.657371+00:00,KXBTC15M-26SEP301815-15,BTC,2026-09-30T22:15:00Z,no,83708.91,83663.4,finalized,commod15min_v33_settlements.csv,26SEP301815
2026-09-30T22:15:29.706997+00:00,KXETH15M-26SEP301815-15,ETH,2026-09-30T22:15:00Z,no,2683.04,2680.62,finalized,commod15min_v33_settlements.csv,26SEP301815
2026-09-30T22:15:33.002342+00:00,KXCOPPER15M-26SEP301815-15,COPPER,2026-09-30T22:15:00Z,no,6.64753,6.63086,finalized,commod15min_v33_settlements.csv,26SEP301815
2026-09-30T22:15:36.558096+00:00,KXXRP15M-26SEP301815-15,XRP,2026-09-30T22:15:00Z,no,1.4881,1.4876,finalized,commod15min_v33_settlements.csv,26SEP301815
2026-09-30T22:15:36.757349+00:00,KXDOGE15M-26SEP301815-15,DOGE,2026-09-30T22:15:00Z,no,0.094245,0.0941429,finalized,commod15min_v33_settlements.csv,26SEP301815
2026-09-30T22:15:38.673686+00:00,KXGOLD15M-26SEP301815-15,GOLD,2026-09-30T22:15:00Z,no,4158.19,4156.54,finalized,commod15min_v33_settlements.csv,26SEP301815
2026-09-30T22:15:40.226256+00:00,KXWTI15M-26SEP301815-15,WTI,2026-09-30T22:15:00Z,no,90.34,90.23,finalized,commod15min_v33_settlements.csv,26SEP301815
2026-09-30T22:15:41.225059+00:00,KXSILVER15M-26SEP301815-15,SILVER,2026-09-30T22:15:00Z,no,60.452,60.415,finalized,commod15min_v33_settlements.csv,26SEP301815
2026-09-30T22:30:22.703334+00:00,KXDOGE15M-26SEP301830-30,DOGE,2026-09-30T22:30:00Z,yes,0.094142,0.0944367,finalized,commod15min_v33_settlements.csv,26SEP301830
2026-09-30T22:30:24.769461+00:00,KXBTC15M-26SEP301830-30,BTC,2026-09-30T22:30:00Z,yes,83663.4,83769.42,finalized,commod15min_v33_settlements.csv,26SEP301830
2026-09-30T22:30:27.718176+00:00,KXETH15M-26SEP301830-30,ETH,2026-09-30T22:30:00Z,yes,2680.62,2687.94,finalized,commod15min_v33_settlements.csv,26SEP301830
2026-09-30T22:30:27.916168+00:00,KXXRP15M-26SEP301830-30,XRP,2026-09-30T22:30:00Z,yes,1.4876,1.4909,finalized,commod15min_v33_settlements.csv,26SEP301830
2026-09-30T22:30:29.661052+00:00,KXSOL15M-26SEP301830-30,SOL,2026-09-30T22:30:00Z,yes,117.8435,118.2345,finalized,commod15min_v33_settlements.csv,26SEP301830
2026-09-30T22:30:29.860727+00:00,KXWTI15M-26SEP301830-30,WTI,2026-09-30T22:30:00Z,no,90.23,90.15,finalized,commod15min_v33_settlements.csv,26SEP301830
2026-09-30T22:30:34.110480+00:00,KXPLATINUM15M-26SEP301830-30,PLATINUM,2026-09-30T22:30:00Z,no,1716.053,1713.694,finalized,commod15min_v33_settlements.csv,26SEP301830
2026-09-30T22:30:34.307494+00:00,KXGOLD15M-26SEP301830-30,GOLD,2026-09-30T22:30:00Z,no,4156.54,4156.17,finalized,commod15min_v33_settlements.csv,26SEP301830
2026-09-30T22:30:36.718686+00:00,KXSILVER15M-26SEP301830-30,SILVER,2026-09-30T22:30:00Z,yes,60.415,60.434,finalized,commod15min_v33_settlements.csv,26SEP301830
2026-09-30T22:30:39.273347+00:00,KXCOPPER15M-26SEP301830-30,COPPER,2026-09-30T22:30:00Z,yes,6.63086,6.63132,finalized,commod15min_v33_settlements.csv,26SEP301830
2026-09-30T22:30:39.778925+00:00,KXPALLADIUM15M-26SEP301830-30,PALLADIUM,2026-09-30T22:30:00Z,no,1209.345,1208.57,finalized,commod15min_v33_settlements.csv,26SEP301830
2026-09-30T22:45:19.696846+00:00,KXXRP15M-26SEP301845-45,XRP,2026-09-30T22:45:00Z,yes,1.4909,1.4928,finalized,commod15min_v33_settlements.csv,26SEP301845
2026-09-30T22:45:20.134747+00:00,KXBTC15M-26SEP301845-45,BTC,2026-09-30T22:45:00Z,no,83769.42,83762.43,finalized,commod15min_v33_settlements.csv,26SEP301845
2026-09-30T22:45:22.899029+00:00,KXDOGE15M-26SEP301845-45,DOGE,2026-09-30T22:45:00Z,yes,0.094436,0.0946513,finalized,commod15min_v33_settlements.csv,26SEP301845
2026-09-30T22:45:29.363376+00:00,KXETH15M-26SEP301845-45,ETH,2026-09-30T22:45:00Z,yes,2687.94,2690.1,finalized,commod15min_v33_settlements.csv,26SEP301845
2026-09-30T22:45:30.411272+00:00,KXSOL15M-26SEP301845-45,SOL,2026-09-30T22:45:00Z,yes,118.2345,118.382,finalized,commod15min_v33_settlements.csv,26SEP301845
2026-09-30T22:45:32.918699+00:00,KXCOPPER15M-26SEP301845-45,COPPER,2026-09-30T22:45:00Z,yes,6.63132,6.63246,finalized,commod15min_v33_settlements.csv,26SEP301845
2026-09-30T22:45:34.489881+00:00,KXPALLADIUM15M-26SEP301845-45,PALLADIUM,2026-09-30T22:45:00Z,no,1208.57,1208.135,finalized,commod15min_v33_settlements.csv,26SEP301845
2026-09-30T22:45:34.687828+00:00,KXWTI15M-26SEP301845-45,WTI,2026-09-30T22:45:00Z,no,90.15,90.06,finalized,commod15min_v33_settlements.csv,26SEP301845
2026-09-30T22:45:34.885853+00:00,KXGOLD15M-26SEP301845-45,GOLD,2026-09-30T22:45:00Z,no,4156.17,4154.61,finalized,commod15min_v33_settlements.csv,26SEP301845
2026-09-30T22:45:35.087636+00:00,KXPLATINUM15M-26SEP301845-45,PLATINUM,2026-09-30T22:45:00Z,no,1713.694,1712.38,finalized,commod15min_v33_settlements.csv,26SEP301845
2026-09-30T22:45:37.502426+00:00,KXSILVER15M-26SEP301845-45,SILVER,2026-09-30T22:45:00Z,no,60.434,60.409,finalized,commod15min_v33_settlements.csv,26SEP301845
2026-09-30T23:00:08.405202+00:00,KXXRP15M-26SEP301900-00,XRP,2026-09-30T23:00:00Z,no,1.4928,1.489,finalized,commod15min_v33_settlements.csv,26SEP301900
2026-09-30T23:00:21.945706+00:00,KXSOL15M-26SEP301900-00,SOL,2026-09-30T23:00:00Z,no,118.382,118.0955,finalized,commod15min_v33_settlements.csv,26SEP301900
2026-09-30T23:00:22.559349+00:00,KXDOGE15M-26SEP301900-00,DOGE,2026-09-30T23:00:00Z,no,0.094651,0.0944533,finalized,commod15min_v33_settlements.csv,26SEP301900
2026-09-30T23:00:32.634503+00:00,KXETH15M-26SEP301900-00,ETH,2026-09-30T23:00:00Z,no,2690.1,2686.4,finalized,commod15min_v33_settlements.csv,26SEP301900
2026-09-30T23:00:33.742321+00:00,KXPLATINUM15M-26SEP301900-00,PLATINUM,2026-09-30T23:00:00Z,no,1712.38,1709.641,finalized,commod15min_v33_settlements.csv,26SEP301900
2026-09-30T23:00:37.356417+00:00,KXSILVER15M-26SEP301900-00,SILVER,2026-09-30T23:00:00Z,no,60.409,60.379,finalized,commod15min_v33_settlements.csv,26SEP301900
2026-09-30T23:00:38.366116+00:00,KXGOLD15M-26SEP301900-00,GOLD,2026-09-30T23:00:00Z,no,4154.61,4154.46,finalized,commod15min_v33_settlements.csv,26SEP301900
2026-09-30T23:00:38.566445+00:00,KXPALLADIUM15M-26SEP301900-00,PALLADIUM,2026-09-30T23:00:00Z,no,1208.135,1207.812,finalized,commod15min_v33_settlements.csv,26SEP301900
2026-09-30T23:00:40.373060+00:00,KXBTC15M-26SEP301900-00,BTC,2026-09-30T23:00:00Z,no,83762.43,83642.7,finalized,commod15min_v33_settlements.csv,26SEP301900
2026-09-30T23:00:40.573394+00:00,KXWTI15M-26SEP301900-00,WTI,2026-09-30T23:00:00Z,yes,90.06,90.11,finalized,commod15min_v33_settlements.csv,26SEP301900
2026-09-30T23:00:43.424918+00:00,KXCOPPER15M-26SEP301900-00,COPPER,2026-09-30T23:00:00Z,no,6.63246,6.62736,finalized,commod15min_v33_settlements.csv,26SEP301900
2026-09-30T23:15:25.387971+00:00,KXBTC15M-26SEP301915-15,BTC,2026-09-30T23:15:00Z,yes,83642.7,83662.71,finalized,commod15min_v33_settlements.csv,26SEP301915
2026-09-30T23:15:34.364359+00:00,KXWTI15M-26SEP301915-15,WTI,2026-09-30T23:15:00Z,yes,90.11,90.17,finalized,commod15min_v33_settlements.csv,26SEP301915
2026-09-30T23:15:36.368822+00:00,KXETH15M-26SEP301915-15,ETH,2026-09-30T23:15:00Z,yes,2686.4,2687.65,finalized,commod15min_v33_settlements.csv,26SEP301915
2026-09-30T23:15:37.499339+00:00,KXDOGE15M-26SEP301915-15,DOGE,2026-09-30T23:15:00Z,yes,0.094453,0.0944993,finalized,commod15min_v33_settlements.csv,26SEP301915
2026-09-30T23:15:37.699396+00:00,KXSILVER15M-26SEP301915-15,SILVER,2026-09-30T23:15:00Z,no,60.379,60.313,finalized,commod15min_v33_settlements.csv,26SEP301915
2026-09-30T23:15:38.816329+00:00,KXXRP15M-26SEP301915-15,XRP,2026-09-30T23:15:00Z,no,1.489,1.4889,finalized,commod15min_v33_settlements.csv,26SEP301915
2026-09-30T23:15:39.018262+00:00,KXPALLADIUM15M-26SEP301915-15,PALLADIUM,2026-09-30T23:15:00Z,no,1207.812,1207.33,finalized,commod15min_v33_settlements.csv,26SEP301915
2026-09-30T23:15:43.769521+00:00,KXSOL15M-26SEP301915-15,SOL,2026-09-30T23:15:00Z,yes,118.0955,118.2433,finalized,commod15min_v33_settlements.csv,26SEP301915
2026-09-30T23:15:43.970473+00:00,KXCOPPER15M-26SEP301915-15,COPPER,2026-09-30T23:15:00Z,no,6.62736,6.62712,finalized,commod15min_v33_settlements.csv,26SEP301915
2026-09-30T23:15:45.021731+00:00,KXPLATINUM15M-26SEP301915-15,PLATINUM,2026-09-30T23:15:00Z,yes,1709.641,1709.675,finalized,commod15min_v33_settlements.csv,26SEP301915
2026-09-30T23:15:45.221479+00:00,KXGOLD15M-26SEP301915-15,GOLD,2026-09-30T23:15:00Z,no,4154.46,4152.21,finalized,commod15min_v33_settlements.csv,26SEP301915
2026-09-30T23:30:18.423032+00:00,KXSOL15M-26SEP301930-30,SOL,2026-09-30T23:30:00Z,no,118.2433,118.1068,finalized,commod15min_v33_settlements.csv,26SEP301930
2026-09-30T23:30:20.362877+00:00,KXETH15M-26SEP301930-30,ETH,2026-09-30T23:30:00Z,yes,2687.65,2688.22,finalized,commod15min_v33_settlements.csv,26SEP301930
2026-09-30T23:30:22.373072+00:00,KXDOGE15M-26SEP301930-30,DOGE,2026-09-30T23:30:00Z,yes,0.094499,0.0945279,finalized,commod15min_v33_settlements.csv,26SEP301930
2026-09-30T23:30:25.420880+00:00,KXBTC15M-26SEP301930-30,BTC,2026-09-30T23:30:00Z,no,83662.71,83622.59,finalized,commod15min_v33_settlements.csv,26SEP301930
2026-09-30T23:30:26.470314+00:00,KXXRP15M-26SEP301930-30,XRP,2026-09-30T23:30:00Z,no,1.4889,1.4876,finalized,commod15min_v33_settlements.csv,26SEP301930
2026-09-30T23:30:30.424176+00:00,KXPALLADIUM15M-26SEP301930-30,PALLADIUM,2026-09-30T23:30:00Z,no,1207.33,1206.75,finalized,commod15min_v33_settlements.csv,26SEP301930
2026-09-30T23:30:33.780826+00:00,KXGOLD15M-26SEP301930-30,GOLD,2026-09-30T23:30:00Z,yes,4152.21,4154.33,finalized,commod15min_v33_settlements.csv,26SEP301930
2026-09-30T23:30:37.347118+00:00,KXCOPPER15M-26SEP301930-30,COPPER,2026-09-30T23:30:00Z,no,6.62712,6.62708,finalized,commod15min_v33_settlements.csv,26SEP301930
2026-09-30T23:30:40.395560+00:00,KXPLATINUM15M-26SEP301930-30,PLATINUM,2026-09-30T23:30:00Z,yes,1709.675,1710.932,finalized,commod15min_v33_settlements.csv,26SEP301930
2026-09-30T23:30:40.627129+00:00,KXWTI15M-26SEP301930-30,WTI,2026-09-30T23:30:00Z,no,90.17,90.07,finalized,commod15min_v33_settlements.csv,26SEP301930
2026-09-30T23:30:43.001229+00:00,KXSILVER15M-26SEP301930-30,SILVER,2026-09-30T23:30:00Z,yes,60.313,60.353,finalized,commod15min_v33_settlements.csv,26SEP301930
2026-09-30T23:45:14.564632+00:00,KXSOL15M-26SEP301945-45,SOL,2026-09-30T23:45:00Z,yes,118.1068,118.1233,finalized,commod15min_v33_settlements.csv,26SEP301945
2026-09-30T23:45:20.774196+00:00,KXETH15M-26SEP301945-45,ETH,2026-09-30T23:45:00Z,no,2688.22,2688.15,finalized,commod15min_v33_settlements.csv,26SEP301945
2026-09-30T23:45:20.972501+00:00,KXBTC15M-26SEP301945-45,BTC,2026-09-30T23:45:00Z,no,83622.59,83574.27,finalized,commod15min_v33_settlements.csv,26SEP301945
2026-09-30T23:45:22.787157+00:00,KXDOGE15M-26SEP301945-45,DOGE,2026-09-30T23:45:00Z,yes,0.094527,0.0945907,finalized,commod15min_v33_settlements.csv,26SEP301945
2026-09-30T23:45:30.485641+00:00,KXPLATINUM15M-26SEP301945-45,PLATINUM,2026-09-30T23:45:00Z,yes,1710.932,1712.072,finalized,commod15min_v33_settlements.csv,26SEP301945
2026-09-30T23:45:37.495253+00:00,KXSILVER15M-26SEP301945-45,SILVER,2026-09-30T23:45:00Z,yes,60.353,60.375,finalized,commod15min_v33_settlements.csv,26SEP301945
2026-09-30T23:45:37.696624+00:00,KXCOPPER15M-26SEP301945-45,COPPER,2026-09-30T23:45:00Z,yes,6.62708,6.63222,finalized,commod15min_v33_settlements.csv,26SEP301945
2026-09-30T23:45:39.839719+00:00,KXPALLADIUM15M-26SEP301945-45,PALLADIUM,2026-09-30T23:45:00Z,no,1206.75,1206.515,finalized,commod15min_v33_settlements.csv,26SEP301945
2026-09-30T23:45:41.336558+00:00,KXWTI15M-26SEP301945-45,WTI,2026-09-30T23:45:00Z,no,90.07,89.97,finalized,commod15min_v33_settlements.csv,26SEP301945
2026-09-30T23:45:41.540032+00:00,KXGOLD15M-26SEP301945-45,GOLD,2026-09-30T23:45:00Z,yes,4154.33,4155.12,finalized,commod15min_v33_settlements.csv,26SEP301945
2026-09-30T23:45:43.463857+00:00,KXXRP15M-26SEP301945-45,XRP,2026-09-30T23:45:00Z,yes,1.4876,1.4896,finalized,commod15min_v33_settlements.csv,26SEP301945
2026-10-01T00:00:12.734575+00:00,KXSOL15M-26SEP302000-00,SOL,2026-10-01T00:00:00Z,no,118.1233,118.0378,finalized,commod15min_v33_settlements.csv,26SEP302000
2026-10-01T00:00:16.239990+00:00,KXETH15M-26SEP302000-00,ETH,2026-10-01T00:00:00Z,no,2688.15,2684.69,finalized,commod15min_v33_settlements.csv,26SEP302000
2026-10-01T00:00:18.799195+00:00,KXDOGE15M-26SEP302000-00,DOGE,2026-10-01T00:00:00Z,no,0.09459,0.094518,finalized,commod15min_v33_settlements.csv,26SEP302000
2026-10-01T00:00:25.743225+00:00,KXBTC15M-26SEP302000-00,BTC,2026-10-01T00:00:00Z,no,83574.27,83569.02,finalized,commod15min_v33_settlements.csv,26SEP302000
2026-10-01T00:00:34.861754+00:00,KXPLATINUM15M-26SEP302000-00,PLATINUM,2026-10-01T00:00:00Z,no,1712.072,1709.575,finalized,commod15min_v33_settlements.csv,26SEP302000
2026-10-01T00:00:37.429622+00:00,KXSILVER15M-26SEP302000-00,SILVER,2026-10-01T00:00:00Z,yes,60.375,60.397,finalized,commod15min_v33_settlements.csv,26SEP302000
2026-10-01T00:00:37.628724+00:00,KXCOPPER15M-26SEP302000-00,COPPER,2026-10-01T00:00:00Z,no,6.63222,6.62976,finalized,commod15min_v33_settlements.csv,26SEP302000
2026-10-01T00:00:39.754468+00:00,KXPALLADIUM15M-26SEP302000-00,PALLADIUM,2026-10-01T00:00:00Z,yes,1206.515,1207.199,finalized,commod15min_v33_settlements.csv,26SEP302000
2026-10-01T00:00:39.952149+00:00,KXGOLD15M-26SEP302000-00,GOLD,2026-10-01T00:00:00Z,yes,4155.12,4156.08,finalized,commod15min_v33_settlements.csv,26SEP302000
2026-10-01T00:00:40.505980+00:00,KXWTI15M-26SEP302000-00,WTI,2026-10-01T00:00:00Z,yes,89.97,90.01,finalized,commod15min_v33_settlements.csv,26SEP302000
2026-10-01T00:00:42.556539+00:00,KXXRP15M-26SEP302000-00,XRP,2026-10-01T00:00:00Z,no,1.4896,1.4895,finalized,commod15min_v33_settlements.csv,26SEP302000
2026-10-01T00:15:20.443080+00:00,KXXRP15M-26SEP302015-15,XRP,2026-10-01T00:15:00Z,yes,1.4895,1.491,finalized,commod15min_v33_settlements.csv,26SEP302015
2026-10-01T00:15:23.814329+00:00,KXETH15M-26SEP302015-15,ETH,2026-10-01T00:15:00Z,no,2684.69,2682.14,finalized,commod15min_v33_settlements.csv,26SEP302015
2026-10-01T00:15:24.013164+00:00,KXDOGE15M-26SEP302015-15,DOGE,2026-10-01T00:15:00Z,no,0.094518,0.0944028,finalized,commod15min_v33_settlements.csv,26SEP302015
2026-10-01T00:15:33.381853+00:00,KXCOPPER15M-26SEP302015-15,COPPER,2026-10-01T00:15:00Z,no,6.62976,6.62891,finalized,commod15min_v33_settlements.csv,26SEP302015
2026-10-01T00:15:34.819792+00:00,KXWTI15M-26SEP302015-15,WTI,2026-10-01T00:15:00Z,yes,90.01,90.44,finalized,commod15min_v33_settlements.csv,26SEP302015
2026-10-01T00:15:35.018500+00:00,KXPLATINUM15M-26SEP302015-15,PLATINUM,2026-10-01T00:15:00Z,no,1709.575,1708.792,finalized,commod15min_v33_settlements.csv,26SEP302015
2026-10-01T00:15:38.452564+00:00,KXPALLADIUM15M-26SEP302015-15,PALLADIUM,2026-10-01T00:15:00Z,no,1207.199,1205.887,finalized,commod15min_v33_settlements.csv,26SEP302015
2026-10-01T00:15:39.434916+00:00,KXGOLD15M-26SEP302015-15,GOLD,2026-10-01T00:15:00Z,no,4156.08,4152.82,finalized,commod15min_v33_settlements.csv,26SEP302015
2026-10-01T00:15:40.379912+00:00,KXBTC15M-26SEP302015-15,BTC,2026-10-01T00:15:00Z,no,83569.02,83482.25,finalized,commod15min_v33_settlements.csv,26SEP302015
2026-10-01T00:15:43.528085+00:00,KXSILVER15M-26SEP302015-15,SILVER,2026-10-01T00:15:00Z,no,60.397,60.272,finalized,commod15min_v33_settlements.csv,26SEP302015
2026-10-01T00:15:46.378003+00:00,KXSOL15M-26SEP302015-15,SOL,2026-10-01T00:15:00Z,no,118.0378,118.0038,finalized,commod15min_v33_settlements.csv,26SEP302015
2026-10-01T00:30:14.365007+00:00,KXDOGE15M-26SEP302030-30,DOGE,2026-10-01T00:30:00Z,yes,0.094402,0.0944523,finalized,commod15min_v33_settlements.csv,26SEP302030
2026-10-01T00:30:14.565646+00:00,KXSOL15M-26SEP302030-30,SOL,2026-10-01T00:30:00Z,yes,118.0038,118.0985,finalized,commod15min_v33_settlements.csv,26SEP302030
2026-10-01T00:30:24.493541+00:00,KXETH15M-26SEP302030-30,ETH,2026-10-01T00:30:00Z,no,2682.14,2681.51,finalized,commod15min_v33_settlements.csv,26SEP302030
2026-10-01T00:30:25.747384+00:00,KXBTC15M-26SEP302030-30,BTC,2026-10-01T00:30:00Z,no,83482.25,83440.51,finalized,commod15min_v33_settlements.csv,26SEP302030
2026-10-01T00:30:30.744736+00:00,KXXRP15M-26SEP302030-30,XRP,2026-10-01T00:30:00Z,no,1.491,1.4886,finalized,commod15min_v33_settlements.csv,26SEP302030
2026-10-01T00:30:32.747853+00:00,KXSILVER15M-26SEP302030-30,SILVER,2026-10-01T00:30:00Z,no,60.272,60.17,finalized,commod15min_v33_settlements.csv,26SEP302030
2026-10-01T00:30:32.947278+00:00,KXCOPPER15M-26SEP302030-30,COPPER,2026-10-01T00:30:00Z,no,6.62891,6.61697,finalized,commod15min_v33_settlements.csv,26SEP302030
2026-10-01T00:30:34.390201+00:00,KXWTI15M-26SEP302030-30,WTI,2026-10-01T00:30:00Z,no,90.44,90.43,finalized,commod15min_v33_settlements.csv,26SEP302030
2026-10-01T00:30:38.538368+00:00,KXPALLADIUM15M-26SEP302030-30,PALLADIUM,2026-10-01T00:30:00Z,no,1205.887,1201.964,finalized,commod15min_v33_settlements.csv,26SEP302030
2026-10-01T00:30:39.507378+00:00,KXGOLD15M-26SEP302030-30,GOLD,2026-10-01T00:30:00Z,no,4152.82,4144.05,finalized,commod15min_v33_settlements.csv,26SEP302030
2026-10-01T00:30:45.512533+00:00,KXPLATINUM15M-26SEP302030-30,PLATINUM,2026-10-01T00:30:00Z,no,1708.792,1703.21,finalized,commod15min_v33_settlements.csv,26SEP302030
2026-10-01T00:45:17.620139+00:00,KXSOL15M-26SEP302045-45,SOL,2026-10-01T00:45:00Z,no,118.0985,118.064,finalized,commod15min_v33_settlements.csv,26SEP302045
2026-10-01T00:45:17.821347+00:00,KXETH15M-26SEP302045-45,ETH,2026-10-01T00:45:00Z,yes,2681.51,2685.5,finalized,commod15min_v33_settlements.csv,26SEP302045
2026-10-01T00:45:26.374438+00:00,KXDOGE15M-26SEP302045-45,DOGE,2026-10-01T00:45:00Z,yes,0.094452,0.0945936,finalized,commod15min_v33_settlements.csv,26SEP302045
2026-10-01T00:45:27.681971+00:00,KXXRP15M-26SEP302045-45,XRP,2026-10-01T00:45:00Z,yes,1.4886,1.4905,finalized,commod15min_v33_settlements.csv,26SEP302045
2026-10-01T00:45:30.888436+00:00,KXGOLD15M-26SEP302045-45,GOLD,2026-10-01T00:45:00Z,yes,4144.05,4144.89,finalized,commod15min_v33_settlements.csv,26SEP302045
2026-10-01T00:45:32.797488+00:00,KXSILVER15M-26SEP302045-45,SILVER,2026-10-01T00:45:00Z,yes,60.17,60.238,finalized,commod15min_v33_settlements.csv,26SEP302045
2026-10-01T00:45:32.997399+00:00,KXCOPPER15M-26SEP302045-45,COPPER,2026-10-01T00:45:00Z,no,6.61697,6.60986,finalized,commod15min_v33_settlements.csv,26SEP302045
2026-10-01T00:45:38.420745+00:00,KXPALLADIUM15M-26SEP302045-45,PALLADIUM,2026-10-01T00:45:00Z,yes,1201.964,1202.481,finalized,commod15min_v33_settlements.csv,26SEP302045
2026-10-01T00:45:39.635972+00:00,KXPLATINUM15M-26SEP302045-45,PLATINUM,2026-10-01T00:45:00Z,yes,1703.21,1703.746,finalized,commod15min_v33_settlements.csv,26SEP302045
2026-10-01T00:45:40.692055+00:00,KXBTC15M-26SEP302045-45,BTC,2026-10-01T00:45:00Z,yes,83440.51,83504.04,finalized,commod15min_v33_settlements.csv,26SEP302045
2026-10-01T00:45:44.743038+00:00,KXWTI15M-26SEP302045-45,WTI,2026-10-01T00:45:00Z,no,90.43,90.33,finalized,commod15min_v33_settlements.csv,26SEP302045
2026-10-01T01:00:26.598735+00:00,KXXRP15M-26SEP302100-00,XRP,2026-10-01T01:00:00Z,no,1.4905,1.4901,finalized,commod15min_v33_settlements.csv,26SEP302100
2026-10-01T01:00:27.094534+00:00,KXDOGE15M-26SEP302100-00,DOGE,2026-10-01T01:00:00Z,no,0.094593,0.0945315,finalized,commod15min_v33_settlements.csv,26SEP302100
2026-10-01T01:00:31.655495+00:00,KXSOL15M-26SEP302100-00,SOL,2026-10-01T01:00:00Z,no,118.064,117.9517,finalized,commod15min_v33_settlements.csv,26SEP302100
2026-10-01T01:00:34.664386+00:00,KXWTI15M-26SEP302100-00,WTI,2026-10-01T01:00:00Z,yes,90.33,90.44,finalized,commod15min_v33_settlements.csv,26SEP302100
2026-10-01T01:00:35.105916+00:00,KXPLATINUM15M-26SEP302100-00,PLATINUM,2026-10-01T01:00:00Z,no,1703.746,1702.424,finalized,commod15min_v33_settlements.csv,26SEP302100
2026-10-01T01:00:39.099668+00:00,KXCOPPER15M-26SEP302100-00,COPPER,2026-10-01T01:00:00Z,no,6.60986,6.60277,finalized,commod15min_v33_settlements.csv,26SEP302100
2026-10-01T01:00:39.672874+00:00,KXGOLD15M-26SEP302100-00,GOLD,2026-10-01T01:00:00Z,yes,4144.89,4145.36,finalized,commod15min_v33_settlements.csv,26SEP302100
2026-10-01T01:00:39.874018+00:00,KXETH15M-26SEP302100-00,ETH,2026-10-01T01:00:00Z,no,2685.5,2683.83,finalized,commod15min_v33_settlements.csv,26SEP302100
2026-10-01T01:00:40.424517+00:00,KXBTC15M-26SEP302100-00,BTC,2026-10-01T01:00:00Z,no,83504.04,83472.82,finalized,commod15min_v33_settlements.csv,26SEP302100
2026-10-01T01:00:40.928319+00:00,KXPALLADIUM15M-26SEP302100-00,PALLADIUM,2026-10-01T01:00:00Z,no,1202.481,1200.157,finalized,commod15min_v33_settlements.csv,26SEP302100
2026-10-01T01:00:43.420939+00:00,KXSILVER15M-26SEP302100-00,SILVER,2026-10-01T01:00:00Z,no,60.238,60.17,finalized,commod15min_v33_settlements.csv,26SEP302100
2026-10-01T01:15:14.345081+00:00,KXSOL15M-26SEP302115-15,SOL,2026-10-01T01:15:00Z,yes,117.9517,118.0102,finalized,commod15min_v33_settlements.csv,26SEP302115
2026-10-01T01:15:20.452896+00:00,KXETH15M-26SEP302115-15,ETH,2026-10-01T01:15:00Z,yes,2683.83,2686.64,finalized,commod15min_v33_settlements.csv,26SEP302115
2026-10-01T01:15:25.398037+00:00,KXBTC15M-26SEP302115-15,BTC,2026-10-01T01:15:00Z,yes,83472.82,83554.46,finalized,commod15min_v33_settlements.csv,26SEP302115
2026-10-01T01:15:34.463404+00:00,KXWTI15M-26SEP302115-15,WTI,2026-10-01T01:15:00Z,no,90.44,90.06,finalized,commod15min_v33_settlements.csv,26SEP302115
2026-10-01T01:15:37.483425+00:00,KXCOPPER15M-26SEP302115-15,COPPER,2026-10-01T01:15:00Z,yes,6.60277,6.61629,finalized,commod15min_v33_settlements.csv,26SEP302115
2026-10-01T01:15:37.684840+00:00,KXXRP15M-26SEP302115-15,XRP,2026-10-01T01:15:00Z,yes,1.4901,1.4932,finalized,commod15min_v33_settlements.csv,26SEP302115
2026-10-01T01:15:39.625464+00:00,KXPALLADIUM15M-26SEP302115-15,PALLADIUM,2026-10-01T01:15:00Z,yes,1200.157,1204.976,finalized,commod15min_v33_settlements.csv,26SEP302115
2026-10-01T01:15:39.825897+00:00,KXSILVER15M-26SEP302115-15,SILVER,2026-10-01T01:15:00Z,yes,60.17,60.629,finalized,commod15min_v33_settlements.csv,26SEP302115
2026-10-01T01:15:40.027108+00:00,KXGOLD15M-26SEP302115-15,GOLD,2026-10-01T01:15:00Z,yes,4145.36,4159.67,finalized,commod15min_v33_settlements.csv,26SEP302115
2026-10-01T01:15:45.379135+00:00,KXPLATINUM15M-26SEP302115-15,PLATINUM,2026-10-01T01:15:00Z,yes,1702.424,1712.028,finalized,commod15min_v33_settlements.csv,26SEP302115
2026-10-01T01:15:47.432903+00:00,KXDOGE15M-26SEP302115-15,DOGE,2026-10-01T01:15:00Z,yes,0.094531,0.0947572,finalized,commod15min_v33_settlements.csv,26SEP302115
2026-10-01T13:15:20.183366+00:00,KXBTC15M-26OCT010915-15,BTC,2026-10-01T13:15:00Z,no,83729.78,83495.41,finalized,commod15min_v33_settlements.csv,26OCT010915
2026-10-01T13:15:20.458278+00:00,KXXRP15M-26OCT010915-15,XRP,2026-10-01T13:15:00Z,no,1.4877,1.4794,finalized,commod15min_v33_settlements.csv,26OCT010915
2026-10-01T13:15:21.172220+00:00,KXETH15M-26OCT010915-15,ETH,2026-10-01T13:15:00Z,no,2692.06,2686.0,finalized,commod15min_v33_settlements.csv,26OCT010915
2026-10-01T13:15:29.189908+00:00,KXDOGE15M-26OCT010915-15,DOGE,2026-10-01T13:15:00Z,no,0.094512,0.0939565,finalized,commod15min_v33_settlements.csv,26OCT010915
2026-10-01T13:15:31.190506+00:00,KXPALLADIUM15M-26OCT010915-15,PALLADIUM,2026-10-01T13:15:00Z,no,1194.817,1190.015,finalized,commod15min_v33_settlements.csv,26OCT010915
2026-10-01T13:15:32.190045+00:00,KXCOPPER15M-26OCT010915-15,COPPER,2026-10-01T13:15:00Z,no,6.58943,6.5804,finalized,commod15min_v33_settlements.csv,26OCT010915
2026-10-01T13:15:34.193281+00:00,KXSOL15M-26OCT010915-15,SOL,2026-10-01T13:15:00Z,no,117.353,116.868,finalized,commod15min_v33_settlements.csv,26OCT010915
2026-10-01T13:15:37.193028+00:00,KXWTI15M-26OCT010915-15,WTI,2026-10-01T13:15:00Z,no,91.43,90.97,finalized,commod15min_v33_settlements.csv,26OCT010915
2026-10-01T13:15:38.679157+00:00,KXPLATINUM15M-26OCT010915-15,PLATINUM,2026-10-01T13:15:00Z,no,1726.58,1716.38,finalized,commod15min_v33_settlements.csv,26OCT010915
2026-10-01T13:15:41.181164+00:00,KXSILVER15M-26OCT010915-15,SILVER,2026-10-01T13:15:00Z,no,61.145,61.076,finalized,commod15min_v33_settlements.csv,26OCT010915
2026-10-01T13:15:43.188807+00:00,KXGOLD15M-26OCT010915-15,GOLD,2026-10-01T13:15:00Z,no,4178.75,4173.29,finalized,commod15min_v33_settlements.csv,26OCT010915
2026-10-01T13:30:28.491179+00:00,KXGOLD15M-26OCT010930-30,GOLD,2026-10-01T13:30:00Z,no,4173.29,4167.67,finalized,commod15min_v33_settlements.csv,26OCT010930
2026-10-01T13:30:32.488393+00:00,KXCOPPER15M-26OCT010930-30,COPPER,2026-10-01T13:30:00Z,no,6.5804,6.57097,finalized,commod15min_v33_settlements.csv,26OCT010930
2026-10-01T13:30:34.489648+00:00,KXSOL15M-26OCT010930-30,SOL,2026-10-01T13:30:00Z,yes,116.868,117.0067,finalized,commod15min_v33_settlements.csv,26OCT010930
2026-10-01T13:30:35.483761+00:00,KXBTC15M-26OCT010930-30,BTC,2026-10-01T13:30:00Z,no,83495.41,83473.44,finalized,commod15min_v33_settlements.csv,26OCT010930
2026-10-01T13:30:36.484168+00:00,KXETH15M-26OCT010930-30,ETH,2026-10-01T13:30:00Z,no,2686.0,2684.89,finalized,commod15min_v33_settlements.csv,26OCT010930
2026-10-01T13:30:36.982957+00:00,KXSILVER15M-26OCT010930-30,SILVER,2026-10-01T13:30:00Z,no,61.076,61.056,finalized,commod15min_v33_settlements.csv,26OCT010930
2026-10-01T13:30:37.013713+00:00,KXPALLADIUM15M-26OCT010930-30,PALLADIUM,2026-10-01T13:30:00Z,no,1190.015,1188.102,finalized,commod15min_v33_settlements.csv,26OCT010930
2026-10-01T13:30:37.497622+00:00,KXPLATINUM15M-26OCT010930-30,PLATINUM,2026-10-01T13:30:00Z,no,1716.38,1711.848,finalized,commod15min_v33_settlements.csv,26OCT010930
2026-10-01T13:30:37.528625+00:00,KXWTI15M-26OCT010930-30,WTI,2026-10-01T13:30:00Z,no,90.97,90.65,finalized,commod15min_v33_settlements.csv,26OCT010930
2026-10-01T13:30:40.496909+00:00,KXXRP15M-26OCT010930-30,XRP,2026-10-01T13:30:00Z,no,1.4794,1.4789,finalized,commod15min_v33_settlements.csv,26OCT010930
2026-10-01T13:30:44.490691+00:00,KXDOGE15M-26OCT010930-30,DOGE,2026-10-01T13:30:00Z,yes,0.093956,0.094045,finalized,commod15min_v33_settlements.csv,26OCT010930
2026-10-01T14:30:05.205324+00:00,KXBTC15M-26OCT011030-30,BTC,2026-10-01T14:30:00Z,yes,83725.7,84108.68,finalized,commod15min_v34b_settlements.csv,26OCT011030
2026-10-01T14:30:05.239435+00:00,KXETH15M-26OCT011030-30,ETH,2026-10-01T14:30:00Z,yes,2686.76,2698.29,determined,commod15min_v34b_settlements.csv,26OCT011030
2026-10-01T14:30:05.856817+00:00,KXDOGE15M-26OCT011030-30,DOGE,2026-10-01T14:30:00Z,yes,0.094035,0.0945408,determined,commod15min_v34b_settlements.csv,26OCT011030
2026-10-01T14:30:15.729463+00:00,KXSOL15M-26OCT011030-30,SOL,2026-10-01T14:30:00Z,yes,117.5252,117.8952,finalized,commod15min_v34b_settlements.csv,26OCT011030
2026-10-01T14:30:15.761880+00:00,KXXRP15M-26OCT011030-30,XRP,2026-10-01T14:30:00Z,yes,1.4807,1.4864,finalized,commod15min_v34b_settlements.csv,26OCT011030
2026-10-01T14:30:26.586965+00:00,KXGOLD15M-26OCT011030-30,GOLD,2026-10-01T14:30:00Z,yes,4153.76,4162.47,determined,commod15min_v34b_settlements.csv,26OCT011030
2026-10-01T14:30:26.621801+00:00,KXSILVER15M-26OCT011030-30,SILVER,2026-10-01T14:30:00Z,yes,60.83,60.928,determined,commod15min_v34b_settlements.csv,26OCT011030
2026-10-01T14:30:26.669218+00:00,KXWTI15M-26OCT011030-30,WTI,2026-10-01T14:30:00Z,yes,91.59,91.75,determined,commod15min_v34b_settlements.csv,26OCT011030
2026-10-01T14:30:27.203899+00:00,KXCOPPER15M-26OCT011030-30,COPPER,2026-10-01T14:30:00Z,yes,6.56607,6.56716,determined,commod15min_v34b_settlements.csv,26OCT011030
2026-10-01T14:30:27.241093+00:00,KXPLATINUM15M-26OCT011030-30,PLATINUM,2026-10-01T14:30:00Z,yes,1712.21,1713.735,determined,commod15min_v34b_settlements.csv,26OCT011030
2026-10-01T14:30:27.274259+00:00,KXPALLADIUM15M-26OCT011030-30,PALLADIUM,2026-10-01T14:30:00Z,no,1176.323,1171.815,determined,commod15min_v34b_settlements.csv,26OCT011030
2026-10-01T14:45:15.721000+00:00,KXETH15M-26OCT011045-45,ETH,2026-10-01T14:45:00Z,no,2698.29,2692.47,finalized,commod15min_v34b_settlements.csv,26OCT011045
2026-10-01T14:45:15.814435+00:00,KXSOL15M-26OCT011045-45,SOL,2026-10-01T14:45:00Z,no,117.8952,117.6247,finalized,commod15min_v34b_settlements.csv,26OCT011045
2026-10-01T14:45:16.408391+00:00,KXBTC15M-26OCT011045-45,BTC,2026-10-01T14:45:00Z,no,84108.68,83987.78,finalized,commod15min_v34b_settlements.csv,26OCT011045
2026-10-01T14:45:16.439648+00:00,KXXRP15M-26OCT011045-45,XRP,2026-10-01T14:45:00Z,no,1.4864,1.4839,finalized,commod15min_v34b_settlements.csv,26OCT011045
2026-10-01T14:45:16.970451+00:00,KXDOGE15M-26OCT011045-45,DOGE,2026-10-01T14:45:00Z,no,0.09454,0.0944244,finalized,commod15min_v34b_settlements.csv,26OCT011045
2026-10-01T14:45:26.203161+00:00,KXPLATINUM15M-26OCT011045-45,PLATINUM,2026-10-01T14:45:00Z,yes,1713.735,1718.474,determined,commod15min_v34b_settlements.csv,26OCT011045
2026-10-01T14:45:26.234174+00:00,KXPALLADIUM15M-26OCT011045-45,PALLADIUM,2026-10-01T14:45:00Z,yes,1171.815,1179.826,determined,commod15min_v34b_settlements.csv,26OCT011045
2026-10-01T14:45:26.767887+00:00,KXGOLD15M-26OCT011045-45,GOLD,2026-10-01T14:45:00Z,yes,4162.47,4166.68,determined,commod15min_v34b_settlements.csv,26OCT011045
2026-10-01T14:45:26.799380+00:00,KXWTI15M-26OCT011045-45,WTI,2026-10-01T14:45:00Z,yes,91.75,92.06,finalized,commod15min_v34b_settlements.csv,26OCT011045
2026-10-01T14:45:27.330987+00:00,KXSILVER15M-26OCT011045-45,SILVER,2026-10-01T14:45:00Z,yes,60.928,60.996,determined,commod15min_v34b_settlements.csv,26OCT011045
2026-10-01T14:45:27.361211+00:00,KXCOPPER15M-26OCT011045-45,COPPER,2026-10-01T14:45:00Z,yes,6.56716,6.57798,finalized,commod15min_v34b_settlements.csv,26OCT011045
2026-10-01T15:00:15.896965+00:00,KXBTC15M-26OCT011100-00,BTC,2026-10-01T15:00:00Z,no,83987.78,83980.21,finalized,commod15min_v34b_settlements.csv,26OCT011100
2026-10-01T15:00:15.929960+00:00,KXETH15M-26OCT011100-00,ETH,2026-10-01T15:00:00Z,no,2692.47,2687.78,finalized,commod15min_v34b_settlements.csv,26OCT011100
2026-10-01T15:00:15.962223+00:00,KXSOL15M-26OCT011100-00,SOL,2026-10-01T15:00:00Z,no,117.6247,117.3218,finalized,commod15min_v34b_settlements.csv,26OCT011100
2026-10-01T15:00:15.995210+00:00,KXXRP15M-26OCT011100-00,XRP,2026-10-01T15:00:00Z,no,1.4839,1.4811,finalized,commod15min_v34b_settlements.csv,26OCT011100
2026-10-01T15:00:16.531479+00:00,KXDOGE15M-26OCT011100-00,DOGE,2026-10-01T15:00:00Z,no,0.094424,0.0941057,finalized,commod15min_v34b_settlements.csv,26OCT011100
2026-10-01T15:00:26.883079+00:00,KXGOLD15M-26OCT011100-00,GOLD,2026-10-01T15:00:00Z,no,4166.68,4163.15,determined,commod15min_v34b_settlements.csv,26OCT011100
2026-10-01T15:00:26.913223+00:00,KXSILVER15M-26OCT011100-00,SILVER,2026-10-01T15:00:00Z,no,60.996,60.788,determined,commod15min_v34b_settlements.csv,26OCT011100
2026-10-01T15:00:26.943806+00:00,KXWTI15M-26OCT011100-00,WTI,2026-10-01T15:00:00Z,no,92.06,91.96,finalized,commod15min_v34b_settlements.csv,26OCT011100
2026-10-01T15:00:27.476766+00:00,KXCOPPER15M-26OCT011100-00,COPPER,2026-10-01T15:00:00Z,no,6.57798,6.5691,finalized,commod15min_v34b_settlements.csv,26OCT011100
2026-10-01T15:00:27.540340+00:00,KXPALLADIUM15M-26OCT011100-00,PALLADIUM,2026-10-01T15:00:00Z,no,1179.826,1174.275,determined,commod15min_v34b_settlements.csv,26OCT011100
2026-10-01T15:00:37.666562+00:00,KXPLATINUM15M-26OCT011100-00,PLATINUM,2026-10-01T15:00:00Z,no,1718.474,1714.855,finalized,commod15min_v34b_settlements.csv,26OCT011100
2026-10-01T15:15:05.368409+00:00,KXBTC15M-26OCT011115-15,BTC,2026-10-01T15:15:00Z,yes,83980.21,84017.51,determined,commod15min_v34b_settlements.csv,26OCT011115
2026-10-01T15:15:05.397016+00:00,KXETH15M-26OCT011115-15,ETH,2026-10-01T15:15:00Z,no,2687.78,2687.26,determined,commod15min_v34b_settlements.csv,26OCT011115
2026-10-01T15:15:05.929618+00:00,KXDOGE15M-26OCT011115-15,DOGE,2026-10-01T15:15:00Z,yes,0.094105,0.0941685,finalized,commod15min_v34b_settlements.csv,26OCT011115
2026-10-01T15:15:06.559423+00:00,KXXRP15M-26OCT011115-15,XRP,2026-10-01T15:15:00Z,yes,1.4811,1.4845,finalized,commod15min_v34b_settlements.csv,26OCT011115
2026-10-01T15:15:17.023950+00:00,KXSOL15M-26OCT011115-15,SOL,2026-10-01T15:15:00Z,yes,117.3218,117.3545,finalized,commod15min_v34b_settlements.csv,26OCT011115
2026-10-01T15:15:25.672154+00:00,KXSILVER15M-26OCT011115-15,SILVER,2026-10-01T15:15:00Z,no,60.788,60.628,determined,commod15min_v34b_settlements.csv,26OCT011115
2026-10-01T15:15:25.726406+00:00,KXCOPPER15M-26OCT011115-15,COPPER,2026-10-01T15:15:00Z,no,6.5691,6.55544,determined,commod15min_v34b_settlements.csv,26OCT011115
2026-10-01T15:15:26.761490+00:00,KXPALLADIUM15M-26OCT011115-15,PALLADIUM,2026-10-01T15:15:00Z,yes,1174.275,1176.077,determined,commod15min_v34b_settlements.csv,26OCT011115
2026-10-01T15:15:26.794663+00:00,KXGOLD15M-26OCT011115-15,GOLD,2026-10-01T15:15:00Z,no,4163.15,4156.51,determined,commod15min_v34b_settlements.csv,26OCT011115
2026-10-01T15:15:26.845697+00:00,KXPLATINUM15M-26OCT011115-15,PLATINUM,2026-10-01T15:15:00Z,no,1714.855,1705.67,finalized,commod15min_v34b_settlements.csv,26OCT011115
2026-10-01T15:15:27.378270+00:00,KXWTI15M-26OCT011115-15,WTI,2026-10-01T15:15:00Z,yes,91.96,92.52,finalized,commod15min_v34b_settlements.csv,26OCT011115
2026-10-01T15:30:05.960576+00:00,KXETH15M-26OCT011130-30,ETH,2026-10-01T15:30:00Z,yes,2687.26,2688.95,determined,commod15min_v34b_settlements.csv,26OCT011130
2026-10-01T15:30:15.849086+00:00,KXDOGE15M-26OCT011130-30,DOGE,2026-10-01T15:30:00Z,yes,0.094168,0.0945202,finalized,commod15min_v34b_settlements.csv,26OCT011130
2026-10-01T15:30:16.381903+00:00,KXBTC15M-26OCT011130-30,BTC,2026-10-01T15:30:00Z,yes,84017.51,84089.5,finalized,commod15min_v34b_settlements.csv,26OCT011130
2026-10-01T15:30:16.414387+00:00,KXXRP15M-26OCT011130-30,XRP,2026-10-01T15:30:00Z,yes,1.4845,1.4879,finalized,commod15min_v34b_settlements.csv,26OCT011130
2026-10-01T15:30:16.448069+00:00,KXSOL15M-26OCT011130-30,SOL,2026-10-01T15:30:00Z,yes,117.3545,117.5517,finalized,commod15min_v34b_settlements.csv,26OCT011130
2026-10-01T15:30:26.153993+00:00,KXWTI15M-26OCT011130-30,WTI,2026-10-01T15:30:00Z,yes,92.52,92.52,determined,commod15min_v34b_settlements.csv,26OCT011130
2026-10-01T15:30:26.236156+00:00,KXCOPPER15M-26OCT011130-30,COPPER,2026-10-01T15:30:00Z,yes,6.55544,6.56479,finalized,commod15min_v34b_settlements.csv,26OCT011130
2026-10-01T15:30:27.267878+00:00,KXPLATINUM15M-26OCT011130-30,PLATINUM,2026-10-01T15:30:00Z,yes,1705.67,1711.594,determined,commod15min_v34b_settlements.csv,26OCT011130
2026-10-01T15:30:27.296808+00:00,KXPALLADIUM15M-26OCT011130-30,PALLADIUM,2026-10-01T15:30:00Z,yes,1176.077,1179.352,determined,commod15min_v34b_settlements.csv,26OCT011130
2026-10-01T15:30:27.328066+00:00,KXGOLD15M-26OCT011130-30,GOLD,2026-10-01T15:30:00Z,yes,4156.51,4166.66,determined,commod15min_v34b_settlements.csv,26OCT011130
2026-10-01T15:30:36.487689+00:00,KXSILVER15M-26OCT011130-30,SILVER,2026-10-01T15:30:00Z,yes,60.628,60.691,finalized,commod15min_v34b_settlements.csv,26OCT011130
2026-10-01T15:45:06.203216+00:00,KXXRP15M-26OCT011145-45,XRP,2026-10-01T15:45:00Z,no,1.4879,1.4793,determined,commod15min_v34b_settlements.csv,26OCT011145
2026-10-01T15:45:06.233118+00:00,KXDOGE15M-26OCT011145-45,DOGE,2026-10-01T15:45:00Z,no,0.09452,0.0938725,determined,commod15min_v34b_settlements.csv,26OCT011145
2026-10-01T15:45:06.792400+00:00,KXETH15M-26OCT011145-45,ETH,2026-10-01T15:45:00Z,no,2688.95,2674.0,finalized,commod15min_v34b_settlements.csv,26OCT011145
2026-10-01T15:45:15.970205+00:00,KXBTC15M-26OCT011145-45,BTC,2026-10-01T15:45:00Z,no,84089.5,83816.31,finalized,commod15min_v34b_settlements.csv,26OCT011145
2026-10-01T15:45:16.002370+00:00,KXSOL15M-26OCT011145-45,SOL,2026-10-01T15:45:00Z,no,117.5517,116.9692,finalized,commod15min_v34b_settlements.csv,26OCT011145
2026-10-01T15:45:26.325276+00:00,KXCOPPER15M-26OCT011145-45,COPPER,2026-10-01T15:45:00Z,no,6.56479,6.53895,determined,commod15min_v34b_settlements.csv,26OCT011145
2026-10-01T15:45:26.359495+00:00,KXWTI15M-26OCT011145-45,WTI,2026-10-01T15:45:00Z,no,92.52,92.5,determined,commod15min_v34b_settlements.csv,26OCT011145
2026-10-01T15:45:26.892494+00:00,KXGOLD15M-26OCT011145-45,GOLD,2026-10-01T15:45:00Z,yes,4166.66,4169.78,determined,commod15min_v34b_settlements.csv,26OCT011145
2026-10-01T15:45:27.456126+00:00,KXPLATINUM15M-26OCT011145-45,PLATINUM,2026-10-01T15:45:00Z,no,1711.594,1705.255,finalized,commod15min_v34b_settlements.csv,26OCT011145
2026-10-01T15:45:27.487827+00:00,KXPALLADIUM15M-26OCT011145-45,PALLADIUM,2026-10-01T15:45:00Z,no,1179.352,1175.752,finalized,commod15min_v34b_settlements.csv,26OCT011145
2026-10-01T15:45:37.118898+00:00,KXSILVER15M-26OCT011145-45,SILVER,2026-10-01T15:45:00Z,no,60.691,60.606,finalized,commod15min_v34b_settlements.csv,26OCT011145
2026-10-01T16:00:05.936268+00:00,KXDOGE15M-26OCT011200-00,DOGE,2026-10-01T16:00:00Z,yes,0.093872,0.0942727,determined,commod15min_v34b_settlements.csv,26OCT011200
2026-10-01T16:00:15.693215+00:00,KXBTC15M-26OCT011200-00,BTC,2026-10-01T16:00:00Z,yes,83816.31,84085.18,finalized,commod15min_v34b_settlements.csv,26OCT011200
2026-10-01T16:00:15.787956+00:00,KXSOL15M-26OCT011200-00,SOL,2026-10-01T16:00:00Z,yes,116.9692,117.2837,finalized,commod15min_v34b_settlements.csv,26OCT011200
2026-10-01T16:00:16.391069+00:00,KXETH15M-26OCT011200-00,ETH,2026-10-01T16:00:00Z,yes,2674.0,2680.82,finalized,commod15min_v34b_settlements.csv,26OCT011200
2026-10-01T16:00:16.990722+00:00,KXXRP15M-26OCT011200-00,XRP,2026-10-01T16:00:00Z,yes,1.4793,1.486,finalized,commod15min_v34b_settlements.csv,26OCT011200
2026-10-01T16:00:26.148172+00:00,KXPLATINUM15M-26OCT011200-00,PLATINUM,2026-10-01T16:00:00Z,no,1705.255,1704.159,determined,commod15min_v34b_settlements.csv,26OCT011200
2026-10-01T16:00:26.709549+00:00,KXSILVER15M-26OCT011200-00,SILVER,2026-10-01T16:00:00Z,yes,60.606,60.62,determined,commod15min_v34b_settlements.csv,26OCT011200
2026-10-01T16:00:26.740579+00:00,KXCOPPER15M-26OCT011200-00,COPPER,2026-10-01T16:00:00Z,yes,6.53895,6.5494,determined,commod15min_v34b_settlements.csv,26OCT011200
2026-10-01T16:00:27.271441+00:00,KXGOLD15M-26OCT011200-00,GOLD,2026-10-01T16:00:00Z,no,4169.78,4169.69,finalized,commod15min_v34b_settlements.csv,26OCT011200
2026-10-01T16:00:27.301017+00:00,KXWTI15M-26OCT011200-00,WTI,2026-10-01T16:00:00Z,yes,92.5,92.64,finalized,commod15min_v34b_settlements.csv,26OCT011200
2026-10-01T16:00:36.479483+00:00,KXPALLADIUM15M-26OCT011200-00,PALLADIUM,2026-10-01T16:00:00Z,yes,1175.752,1178.704,finalized,commod15min_v34b_settlements.csv,26OCT011200
2026-10-01T16:15:06.105421+00:00,KXBTC15M-26OCT011215-15,BTC,2026-10-01T16:15:00Z,yes,84085.18,84227.21,determined,commod15min_v34b_settlements.csv,26OCT011215
2026-10-01T16:15:15.944206+00:00,KXSOL15M-26OCT011215-15,SOL,2026-10-01T16:15:00Z,yes,117.2837,117.3368,finalized,commod15min_v34b_settlements.csv,26OCT011215
2026-10-01T16:15:15.977338+00:00,KXDOGE15M-26OCT011215-15,DOGE,2026-10-01T16:15:00Z,no,0.094272,0.0941123,finalized,commod15min_v34b_settlements.csv,26OCT011215
2026-10-01T16:15:16.009030+00:00,KXETH15M-26OCT011215-15,ETH,2026-10-01T16:15:00Z,yes,2680.82,2683.93,finalized,commod15min_v34b_settlements.csv,26OCT011215
2026-10-01T16:15:16.540723+00:00,KXXRP15M-26OCT011215-15,XRP,2026-10-01T16:15:00Z,yes,1.486,1.4866,finalized,commod15min_v34b_settlements.csv,26OCT011215
2026-10-01T16:15:26.372006+00:00,KXSILVER15M-26OCT011215-15,SILVER,2026-10-01T16:15:00Z,yes,60.62,60.676,determined,commod15min_v34b_settlements.csv,26OCT011215
2026-10-01T16:15:26.905896+00:00,KXPLATINUM15M-26OCT011215-15,PLATINUM,2026-10-01T16:15:00Z,yes,1704.159,1706.995,determined,commod15min_v34b_settlements.csv,26OCT011215
2026-10-01T16:15:26.937886+00:00,KXPALLADIUM15M-26OCT011215-15,PALLADIUM,2026-10-01T16:15:00Z,yes,1178.704,1179.503,finalized,commod15min_v34b_settlements.csv,26OCT011215
2026-10-01T16:15:27.470126+00:00,KXGOLD15M-26OCT011215-15,GOLD,2026-10-01T16:15:00Z,yes,4169.69,4169.83,determined,commod15min_v34b_settlements.csv,26OCT011215
2026-10-01T16:15:27.501712+00:00,KXWTI15M-26OCT011215-15,WTI,2026-10-01T16:15:00Z,no,92.64,91.83,determined,commod15min_v34b_settlements.csv,26OCT011215
2026-10-01T16:15:27.531682+00:00,KXCOPPER15M-26OCT011215-15,COPPER,2026-10-01T16:15:00Z,no,6.5494,6.5437,determined,commod15min_v34b_settlements.csv,26OCT011215
2026-10-01T16:30:05.370808+00:00,KXSOL15M-26OCT011230-30,SOL,2026-10-01T16:30:00Z,yes,117.3368,117.4065,determined,commod15min_v34b_settlements.csv,26OCT011230
2026-10-01T16:30:06.001450+00:00,KXXRP15M-26OCT011230-30,XRP,2026-10-01T16:30:00Z,no,1.4866,1.4864,determined,commod15min_v34b_settlements.csv,26OCT011230
2026-10-01T16:30:15.857142+00:00,KXBTC15M-26OCT011230-30,BTC,2026-10-01T16:30:00Z,yes,84227.21,84249.36,finalized,commod15min_v34b_settlements.csv,26OCT011230
2026-10-01T16:30:16.457283+00:00,KXETH15M-26OCT011230-30,ETH,2026-10-01T16:30:00Z,no,2683.93,2683.47,finalized,commod15min_v34b_settlements.csv,26OCT011230
2026-10-01T16:30:16.488424+00:00,KXDOGE15M-26OCT011230-30,DOGE,2026-10-01T16:30:00Z,yes,0.094112,0.0941795,finalized,commod15min_v34b_settlements.csv,26OCT011230
2026-10-01T16:30:26.205573+00:00,KXSILVER15M-26OCT011230-30,SILVER,2026-10-01T16:30:00Z,yes,60.676,60.704,determined,commod15min_v34b_settlements.csv,26OCT011230
2026-10-01T16:30:26.237121+00:00,KXWTI15M-26OCT011230-30,WTI,2026-10-01T16:30:00Z,no,91.83,91.74,determined,commod15min_v34b_settlements.csv,26OCT011230
2026-10-01T16:30:26.769429+00:00,KXCOPPER15M-26OCT011230-30,COPPER,2026-10-01T16:30:00Z,yes,6.5437,6.54982,determined,commod15min_v34b_settlements.csv,26OCT011230
2026-10-01T16:30:27.345493+00:00,KXPLATINUM15M-26OCT011230-30,PLATINUM,2026-10-01T16:30:00Z,yes,1706.995,1709.75,determined,commod15min_v34b_settlements.csv,26OCT011230
2026-10-01T16:30:27.376990+00:00,KXPALLADIUM15M-26OCT011230-30,PALLADIUM,2026-10-01T16:30:00Z,yes,1179.503,1179.95,finalized,commod15min_v34b_settlements.csv,26OCT011230
2026-10-01T16:30:27.411148+00:00,KXGOLD15M-26OCT011230-30,GOLD,2026-10-01T16:30:00Z,no,4169.83,4167.34,determined,commod15min_v34b_settlements.csv,26OCT011230
2026-10-01T16:50:29.995793+00:00,KXGOLD15M-26OCT011245-45,GOLD,2026-10-01T16:45:00Z,no,4167.34,4165.78,finalized,commod15min_v34b_settlements.csv,26OCT011245
2026-10-01T16:50:30.028472+00:00,KXSILVER15M-26OCT011245-45,SILVER,2026-10-01T16:45:00Z,no,60.704,60.596,determined,commod15min_v34b_settlements.csv,26OCT011245
2026-10-01T16:50:30.061929+00:00,KXWTI15M-26OCT011245-45,WTI,2026-10-01T16:45:00Z,yes,91.74,91.83,finalized,commod15min_v34b_settlements.csv,26OCT011245
2026-10-01T16:50:30.596730+00:00,KXCOPPER15M-26OCT011245-45,COPPER,2026-10-01T16:45:00Z,yes,6.54982,6.54995,finalized,commod15min_v34b_settlements.csv,26OCT011245
2026-10-01T16:50:30.659198+00:00,KXPALLADIUM15M-26OCT011245-45,PALLADIUM,2026-10-01T16:45:00Z,no,1179.95,1179.892,determined,commod15min_v34b_settlements.csv,26OCT011245
2026-10-01T16:50:40.943103+00:00,KXPLATINUM15M-26OCT011245-45,PLATINUM,2026-10-01T16:45:00Z,no,1709.75,1709.17,determined,commod15min_v34b_settlements.csv,26OCT011245
2026-10-01T16:50:50.020212+00:00,KXBTC15M-26OCT011245-45,BTC,2026-10-01T16:45:00Z,yes,84249.36,84287.16,finalized,commod15min_v34b_settlements.csv,26OCT011245
2026-10-01T16:50:50.056122+00:00,KXETH15M-26OCT011245-45,ETH,2026-10-01T16:45:00Z,no,2683.47,2682.46,determined,commod15min_v34b_settlements.csv,26OCT011245
2026-10-01T16:50:50.087399+00:00,KXSOL15M-26OCT011245-45,SOL,2026-10-01T16:45:00Z,no,117.4065,117.3062,finalized,commod15min_v34b_settlements.csv,26OCT011245
2026-10-01T16:50:50.120992+00:00,KXXRP15M-26OCT011245-45,XRP,2026-10-01T16:45:00Z,no,1.4864,1.4831,finalized,commod15min_v34b_settlements.csv,26OCT011245
2026-10-01T16:50:50.689757+00:00,KXDOGE15M-26OCT011245-45,DOGE,2026-10-01T16:45:00Z,no,0.094179,0.0940281,finalized,commod15min_v34b_settlements.csv,26OCT011245
2026-10-01T17:00:05.511888+00:00,KXSOL15M-26OCT011300-00,SOL,2026-10-01T17:00:00Z,no,117.3062,117.0692,determined,commod15min_v34b_settlements.csv,26OCT011300
2026-10-01T17:00:06.204628+00:00,KXETH15M-26OCT011300-00,ETH,2026-10-01T17:00:00Z,no,2682.46,2678.37,determined,commod15min_v34b_settlements.csv,26OCT011300
2026-10-01T17:00:15.975826+00:00,KXXRP15M-26OCT011300-00,XRP,2026-10-01T17:00:00Z,no,1.4831,1.4816,finalized,commod15min_v34b_settlements.csv,26OCT011300
2026-10-01T17:00:16.601977+00:00,KXBTC15M-26OCT011300-00,BTC,2026-10-01T17:00:00Z,no,84287.16,84142.82,finalized,commod15min_v34b_settlements.csv,26OCT011300
2026-10-01T17:00:16.633923+00:00,KXDOGE15M-26OCT011300-00,DOGE,2026-10-01T17:00:00Z,no,0.094028,0.0937293,finalized,commod15min_v34b_settlements.csv,26OCT011300
2026-10-01T17:00:26.396536+00:00,KXPLATINUM15M-26OCT011300-00,PLATINUM,2026-10-01T17:00:00Z,no,1709.17,1707.205,determined,commod15min_v34b_settlements.csv,26OCT011300
2026-10-01T17:00:26.928814+00:00,KXCOPPER15M-26OCT011300-00,COPPER,2026-10-01T17:00:00Z,no,6.54995,6.5403,determined,commod15min_v34b_settlements.csv,26OCT011300
2026-10-01T17:00:27.461980+00:00,KXWTI15M-26OCT011300-00,WTI,2026-10-01T17:00:00Z,yes,91.83,92.12,determined,commod15min_v34b_settlements.csv,26OCT011300
2026-10-01T17:00:27.496048+00:00,KXGOLD15M-26OCT011300-00,GOLD,2026-10-01T17:00:00Z,no,4165.78,4162.7,determined,commod15min_v34b_settlements.csv,26OCT011300
2026-10-01T17:00:36.637735+00:00,KXSILVER15M-26OCT011300-00,SILVER,2026-10-01T17:00:00Z,no,60.596,60.501,finalized,commod15min_v34b_settlements.csv,26OCT011300
2026-10-01T17:00:37.669846+00:00,KXPALLADIUM15M-26OCT011300-00,PALLADIUM,2026-10-01T17:00:00Z,no,1179.892,1178.25,finalized,commod15min_v34b_settlements.csv,26OCT011300
2026-10-01T17:15:05.183083+00:00,KXBTC15M-26OCT011315-15,BTC,2026-10-01T17:15:00Z,yes,84142.82,84406.27,determined,commod15min_v34b_settlements.csv,26OCT011315
2026-10-01T17:15:05.218787+00:00,KXETH15M-26OCT011315-15,ETH,2026-10-01T17:15:00Z,yes,2678.37,2689.61,determined,commod15min_v34b_settlements.csv,26OCT011315
2026-10-01T17:15:15.692005+00:00,KXSOL15M-26OCT011315-15,SOL,2026-10-01T17:15:00Z,yes,117.0692,117.6862,finalized,commod15min_v34b_settlements.csv,26OCT011315
2026-10-01T17:15:15.722603+00:00,KXXRP15M-26OCT011315-15,XRP,2026-10-01T17:15:00Z,yes,1.4816,1.4908,finalized,commod15min_v34b_settlements.csv,26OCT011315
2026-10-01T17:15:16.255916+00:00,KXDOGE15M-26OCT011315-15,DOGE,2026-10-01T17:15:00Z,yes,0.093729,0.0943616,finalized,commod15min_v34b_settlements.csv,26OCT011315
2026-10-01T17:15:26.604404+00:00,KXGOLD15M-26OCT011315-15,GOLD,2026-10-01T17:15:00Z,yes,4162.7,4171.4,determined,commod15min_v34b_settlements.csv,26OCT011315
2026-10-01T17:15:26.635079+00:00,KXSILVER15M-26OCT011315-15,SILVER,2026-10-01T17:15:00Z,yes,60.501,60.801,finalized,commod15min_v34b_settlements.csv,26OCT011315
2026-10-01T17:15:26.672477+00:00,KXWTI15M-26OCT011315-15,WTI,2026-10-01T17:15:00Z,yes,92.12,92.12,determined,commod15min_v34b_settlements.csv,26OCT011315
2026-10-01T17:15:27.204187+00:00,KXCOPPER15M-26OCT011315-15,COPPER,2026-10-01T17:15:00Z,yes,6.5403,6.5574,determined,commod15min_v34b_settlements.csv,26OCT011315
2026-10-01T17:15:27.233801+00:00,KXPLATINUM15M-26OCT011315-15,PLATINUM,2026-10-01T17:15:00Z,yes,1707.205,1715.65,determined,commod15min_v34b_settlements.csv,26OCT011315
2026-10-01T17:15:27.265680+00:00,KXPALLADIUM15M-26OCT011315-15,PALLADIUM,2026-10-01T17:15:00Z,yes,1178.25,1183.597,determined,commod15min_v34b_settlements.csv,26OCT011315
2026-10-01T17:30:15.608413+00:00,KXSOL15M-26OCT011330-30,SOL,2026-10-01T17:30:00Z,yes,117.6862,118.5697,finalized,commod15min_v34b_settlements.csv,26OCT011330
2026-10-01T17:30:15.675600+00:00,KXXRP15M-26OCT011330-30,XRP,2026-10-01T17:30:00Z,yes,1.4908,1.5001,finalized,commod15min_v34b_settlements.csv,26OCT011330
2026-10-01T17:30:16.276396+00:00,KXBTC15M-26OCT011330-30,BTC,2026-10-01T17:30:00Z,yes,84406.27,84868.05,finalized,commod15min_v34b_settlements.csv,26OCT011330
2026-10-01T17:30:16.315916+00:00,KXETH15M-26OCT011330-30,ETH,2026-10-01T17:30:00Z,yes,2689.61,2704.84,finalized,commod15min_v34b_settlements.csv,26OCT011330
2026-10-01T17:30:16.349179+00:00,KXDOGE15M-26OCT011330-30,DOGE,2026-10-01T17:30:00Z,yes,0.094361,0.0950192,finalized,commod15min_v34b_settlements.csv,26OCT011330
2026-10-01T17:30:26.103433+00:00,KXWTI15M-26OCT011330-30,WTI,2026-10-01T17:30:00Z,no,92.12,91.76,determined,commod15min_v34b_settlements.csv,26OCT011330
2026-10-01T17:30:26.134750+00:00,KXGOLD15M-26OCT011330-30,GOLD,2026-10-01T17:30:00Z,yes,4171.4,4172.58,determined,commod15min_v34b_settlements.csv,26OCT011330
2026-10-01T17:30:26.667660+00:00,KXPALLADIUM15M-26OCT011330-30,PALLADIUM,2026-10-01T17:30:00Z,yes,1183.597,1184.9,determined,commod15min_v34b_settlements.csv,26OCT011330
2026-10-01T17:30:27.200122+00:00,KXCOPPER15M-26OCT011330-30,COPPER,2026-10-01T17:30:00Z,yes,6.5574,6.56415,determined,commod15min_v34b_settlements.csv,26OCT011330
2026-10-01T17:30:27.233145+00:00,KXPLATINUM15M-26OCT011330-30,PLATINUM,2026-10-01T17:30:00Z,yes,1715.65,1717.585,determined,commod15min_v34b_settlements.csv,26OCT011330
2026-10-01T17:30:27.268031+00:00,KXSILVER15M-26OCT011330-30,SILVER,2026-10-01T17:30:00Z,no,60.801,60.782,determined,commod15min_v34b_settlements.csv,26OCT011330
2026-10-01T17:45:05.133594+00:00,KXETH15M-26OCT011345-45,ETH,2026-10-01T17:45:00Z,yes,2704.84,2706.69,finalized,commod15min_v34b_settlements.csv,26OCT011345
2026-10-01T17:45:05.833055+00:00,KXDOGE15M-26OCT011345-45,DOGE,2026-10-01T17:45:00Z,yes,0.095019,0.0951784,determined,commod15min_v34b_settlements.csv,26OCT011345
2026-10-01T17:45:15.678710+00:00,KXSOL15M-26OCT011345-45,SOL,2026-10-01T17:45:00Z,yes,118.5697,118.8393,finalized,commod15min_v34b_settlements.csv,26OCT011345
2026-10-01T17:45:16.877952+00:00,KXBTC15M-26OCT011345-45,BTC,2026-10-01T17:45:00Z,yes,84868.05,85003.43,finalized,commod15min_v34b_settlements.csv,26OCT011345
2026-10-01T17:45:16.912897+00:00,KXXRP15M-26OCT011345-45,XRP,2026-10-01T17:45:00Z,yes,1.5001,1.5028,finalized,commod15min_v34b_settlements.csv,26OCT011345
2026-10-01T17:45:26.065584+00:00,KXPLATINUM15M-26OCT011345-45,PLATINUM,2026-10-01T17:45:00Z,yes,1717.585,1722.125,determined,commod15min_v34b_settlements.csv,26OCT011345
2026-10-01T17:45:26.098952+00:00,KXSILVER15M-26OCT011345-45,SILVER,2026-10-01T17:45:00Z,yes,60.782,60.892,determined,commod15min_v34b_settlements.csv,26OCT011345
2026-10-01T17:45:26.630491+00:00,KXWTI15M-26OCT011345-45,WTI,2026-10-01T17:45:00Z,yes,91.76,91.89,determined,commod15min_v34b_settlements.csv,26OCT011345
2026-10-01T17:45:26.664973+00:00,KXCOPPER15M-26OCT011345-45,COPPER,2026-10-01T17:45:00Z,yes,6.56415,6.56914,determined,commod15min_v34b_settlements.csv,26OCT011345
2026-10-01T17:45:26.697478+00:00,KXPALLADIUM15M-26OCT011345-45,PALLADIUM,2026-10-01T17:45:00Z,yes,1184.9,1187.686,determined,commod15min_v34b_settlements.csv,26OCT011345
2026-10-01T17:45:27.232549+00:00,KXGOLD15M-26OCT011345-45,GOLD,2026-10-01T17:45:00Z,yes,4172.58,4176.75,determined,commod15min_v34b_settlements.csv,26OCT011345
2026-10-01T18:00:05.066212+00:00,KXBTC15M-26OCT011400-00,BTC,2026-10-01T18:00:00Z,no,85003.43,84838.39,determined,commod15min_v34b_settlements.csv,26OCT011400
2026-10-01T18:00:15.692121+00:00,KXSOL15M-26OCT011400-00,SOL,2026-10-01T18:00:00Z,no,118.8393,118.247,finalized,commod15min_v34b_settlements.csv,26OCT011400
2026-10-01T18:00:16.225724+00:00,KXXRP15M-26OCT011400-00,XRP,2026-10-01T18:00:00Z,no,1.5028,1.4987,finalized,commod15min_v34b_settlements.csv,26OCT011400
2026-10-01T18:00:16.332631+00:00,KXDOGE15M-26OCT011400-00,DOGE,2026-10-01T18:00:00Z,no,0.095178,0.0948247,finalized,commod15min_v34b_settlements.csv,26OCT011400
2026-10-01T18:00:16.900933+00:00,KXETH15M-26OCT011400-00,ETH,2026-10-01T18:00:00Z,no,2706.69,2698.66,finalized,commod15min_v34b_settlements.csv,26OCT011400
2026-10-01T18:00:26.059468+00:00,KXPALLADIUM15M-26OCT011400-00,PALLADIUM,2026-10-01T18:00:00Z,no,1187.686,1183.862,determined,commod15min_v34b_settlements.csv,26OCT011400
2026-10-01T18:00:26.627596+00:00,KXCOPPER15M-26OCT011400-00,COPPER,2026-10-01T18:00:00Z,no,6.56914,6.55864,determined,commod15min_v34b_settlements.csv,26OCT011400
2026-10-01T18:00:26.660063+00:00,KXPLATINUM15M-26OCT011400-00,PLATINUM,2026-10-01T18:00:00Z,no,1722.125,1714.61,determined,commod15min_v34b_settlements.csv,26OCT011400
2026-10-01T18:00:27.195703+00:00,KXWTI15M-26OCT011400-00,WTI,2026-10-01T18:00:00Z,yes,91.89,93.45,determined,commod15min_v34b_settlements.csv,26OCT011400
2026-10-01T18:00:27.231167+00:00,KXGOLD15M-26OCT011400-00,GOLD,2026-10-01T18:00:00Z,no,4176.75,4170.92,determined,commod15min_v34b_settlements.csv,26OCT011400
2026-10-01T18:00:36.357456+00:00,KXSILVER15M-26OCT011400-00,SILVER,2026-10-01T18:00:00Z,no,60.892,60.685,finalized,commod15min_v34b_settlements.csv,26OCT011400
2026-10-01T18:15:06.205982+00:00,KXBTC15M-26OCT011415-15,BTC,2026-10-01T18:15:00Z,yes,84838.39,84881.89,determined,commod15min_v34b_settlements.csv,26OCT011415
2026-10-01T18:15:15.971857+00:00,KXXRP15M-26OCT011415-15,XRP,2026-10-01T18:15:00Z,yes,1.4987,1.5014,finalized,commod15min_v34b_settlements.csv,26OCT011415
2026-10-01T18:15:16.003332+00:00,KXETH15M-26OCT011415-15,ETH,2026-10-01T18:15:00Z,yes,2698.66,2699.96,finalized,commod15min_v34b_settlements.csv,26OCT011415
2026-10-01T18:15:16.036075+00:00,KXSOL15M-26OCT011415-15,SOL,2026-10-01T18:15:00Z,yes,118.247,118.4602,finalized,commod15min_v34b_settlements.csv,26OCT011415
2026-10-01T18:15:16.605060+00:00,KXDOGE15M-26OCT011415-15,DOGE,2026-10-01T18:15:00Z,yes,0.094824,0.0950386,finalized,commod15min_v34b_settlements.csv,26OCT011415
2026-10-01T18:15:26.405106+00:00,KXCOPPER15M-26OCT011415-15,COPPER,2026-10-01T18:15:00Z,yes,6.55864,6.55927,determined,commod15min_v34b_settlements.csv,26OCT011415
2026-10-01T18:15:26.940777+00:00,KXSILVER15M-26OCT011415-15,SILVER,2026-10-01T18:15:00Z,no,60.685,60.629,determined,commod15min_v34b_settlements.csv,26OCT011415
2026-10-01T18:15:26.976474+00:00,KXGOLD15M-26OCT011415-15,GOLD,2026-10-01T18:15:00Z,yes,4170.92,4170.93,determined,commod15min_v34b_settlements.csv,26OCT011415
2026-10-01T18:15:27.513072+00:00,KXPLATINUM15M-26OCT011415-15,PLATINUM,2026-10-01T18:15:00Z,yes,1714.61,1715.025,determined,commod15min_v34b_settlements.csv,26OCT011415
2026-10-01T18:15:27.546002+00:00,KXPALLADIUM15M-26OCT011415-15,PALLADIUM,2026-10-01T18:15:00Z,no,1183.862,1183.719,finalized,commod15min_v34b_settlements.csv,26OCT011415
2026-10-01T18:15:27.582579+00:00,KXWTI15M-26OCT011415-15,WTI,2026-10-01T18:15:00Z,no,93.45,92.97,determined,commod15min_v34b_settlements.csv,26OCT011415
2026-10-01T18:30:06.027352+00:00,KXSOL15M-26OCT011430-30,SOL,2026-10-01T18:30:00Z,no,118.4602,118.3522,finalized,commod15min_v34b_settlements.csv,26OCT011430
2026-10-01T18:30:06.059568+00:00,KXDOGE15M-26OCT011430-30,DOGE,2026-10-01T18:30:00Z,no,0.095038,0.0949654,finalized,commod15min_v34b_settlements.csv,26OCT011430
2026-10-01T18:30:06.760378+00:00,KXBTC15M-26OCT011430-30,BTC,2026-10-01T18:30:00Z,no,84881.89,84777.35,determined,commod15min_v34b_settlements.csv,26OCT011430
2026-10-01T18:30:15.872859+00:00,KXETH15M-26OCT011430-30,ETH,2026-10-01T18:30:00Z,no,2699.96,2699.84,finalized,commod15min_v34b_settlements.csv,26OCT011430
2026-10-01T18:30:17.133049+00:00,KXXRP15M-26OCT011430-30,XRP,2026-10-01T18:30:00Z,no,1.5014,1.5006,finalized,commod15min_v34b_settlements.csv,26OCT011430
2026-10-01T18:30:26.227891+00:00,KXCOPPER15M-26OCT011430-30,COPPER,2026-10-01T18:30:00Z,yes,6.55927,6.56624,determined,commod15min_v34b_settlements.csv,26OCT011430
2026-10-01T18:30:26.260255+00:00,KXWTI15M-26OCT011430-30,WTI,2026-10-01T18:30:00Z,no,92.97,92.96,determined,commod15min_v34b_settlements.csv,26OCT011430
2026-10-01T18:30:26.293028+00:00,KXGOLD15M-26OCT011430-30,GOLD,2026-10-01T18:30:00Z,yes,4170.93,4173.53,determined,commod15min_v34b_settlements.csv,26OCT011430
2026-10-01T18:30:26.868405+00:00,KXPLATINUM15M-26OCT011430-30,PLATINUM,2026-10-01T18:30:00Z,no,1715.025,1715.015,determined,commod15min_v34b_settlements.csv,26OCT011430
2026-10-01T18:30:26.903673+00:00,KXPALLADIUM15M-26OCT011430-30,PALLADIUM,2026-10-01T18:30:00Z,yes,1183.719,1184.428,determined,commod15min_v34b_settlements.csv,26OCT011430
2026-10-01T18:30:27.439685+00:00,KXSILVER15M-26OCT011430-30,SILVER,2026-10-01T18:30:00Z,yes,60.629,60.726,finalized,commod15min_v34b_settlements.csv,26OCT011430
2026-10-01T18:45:05.914176+00:00,KXDOGE15M-26OCT011445-45,DOGE,2026-10-01T18:45:00Z,yes,0.094965,0.0950506,finalized,commod15min_v34b_settlements.csv,26OCT011445
2026-10-01T18:45:15.667143+00:00,KXSOL15M-26OCT011445-45,SOL,2026-10-01T18:45:00Z,yes,118.3522,118.6435,finalized,commod15min_v34b_settlements.csv,26OCT011445
2026-10-01T18:45:16.288212+00:00,KXBTC15M-26OCT011445-45,BTC,2026-10-01T18:45:00Z,yes,84777.35,84913.74,finalized,commod15min_v34b_settlements.csv,26OCT011445
2026-10-01T18:45:16.352165+00:00,KXXRP15M-26OCT011445-45,XRP,2026-10-01T18:45:00Z,yes,1.5006,1.5039,finalized,commod15min_v34b_settlements.csv,26OCT011445
2026-10-01T18:45:16.887947+00:00,KXETH15M-26OCT011445-45,ETH,2026-10-01T18:45:00Z,yes,2699.84,2704.66,finalized,commod15min_v34b_settlements.csv,26OCT011445
2026-10-01T18:45:26.109060+00:00,KXSILVER15M-26OCT011445-45,SILVER,2026-10-01T18:45:00Z,yes,60.726,60.827,finalized,commod15min_v34b_settlements.csv,26OCT011445
2026-10-01T18:45:26.138748+00:00,KXGOLD15M-26OCT011445-45,GOLD,2026-10-01T18:45:00Z,yes,4173.53,4178.57,determined,commod15min_v34b_settlements.csv,26OCT011445
2026-10-01T18:45:26.170813+00:00,KXPALLADIUM15M-26OCT011445-45,PALLADIUM,2026-10-01T18:45:00Z,yes,1184.428,1185.964,determined,commod15min_v34b_settlements.csv,26OCT011445
2026-10-01T18:45:26.704380+00:00,KXPLATINUM15M-26OCT011445-45,PLATINUM,2026-10-01T18:45:00Z,no,1715.015,1714.53,determined,commod15min_v34b_settlements.csv,26OCT011445
2026-10-01T18:45:27.238804+00:00,KXWTI15M-26OCT011445-45,WTI,2026-10-01T18:45:00Z,yes,92.96,92.98,determined,commod15min_v34b_settlements.csv,26OCT011445
2026-10-01T18:45:27.270470+00:00,KXCOPPER15M-26OCT011445-45,COPPER,2026-10-01T18:45:00Z,yes,6.56624,6.57426,determined,commod15min_v34b_settlements.csv,26OCT011445
2026-10-01T19:00:15.575988+00:00,KXXRP15M-26OCT011500-00,XRP,2026-10-01T19:00:00Z,no,1.5039,1.5008,finalized,commod15min_v34b_settlements.csv,26OCT011500
2026-10-01T19:00:16.205472+00:00,KXBTC15M-26OCT011500-00,BTC,2026-10-01T19:00:00Z,no,84913.74,84778.66,finalized,commod15min_v34b_settlements.csv,26OCT011500
2026-10-01T19:00:16.238436+00:00,KXETH15M-26OCT011500-00,ETH,2026-10-01T19:00:00Z,no,2704.66,2699.19,finalized,commod15min_v34b_settlements.csv,26OCT011500
2026-10-01T19:00:16.273024+00:00,KXDOGE15M-26OCT011500-00,DOGE,2026-10-01T19:00:00Z,no,0.09505,0.094963,finalized,commod15min_v34b_settlements.csv,26OCT011500
2026-10-01T19:00:16.869846+00:00,KXSOL15M-26OCT011500-00,SOL,2026-10-01T19:00:00Z,no,118.6435,118.3488,finalized,commod15min_v34b_settlements.csv,26OCT011500
2026-10-01T19:00:26.053149+00:00,KXPALLADIUM15M-26OCT011500-00,PALLADIUM,2026-10-01T19:00:00Z,yes,1185.964,1186.112,determined,commod15min_v34b_settlements.csv,26OCT011500
2026-10-01T19:00:26.620078+00:00,KXSILVER15M-26OCT011500-00,SILVER,2026-10-01T19:00:00Z,yes,60.827,60.871,finalized,commod15min_v34b_settlements.csv,26OCT011500
2026-10-01T19:00:27.153216+00:00,KXPLATINUM15M-26OCT011500-00,PLATINUM,2026-10-01T19:00:00Z,no,1714.53,1712.934,determined,commod15min_v34b_settlements.csv,26OCT011500
2026-10-01T19:00:27.186510+00:00,KXGOLD15M-26OCT011500-00,GOLD,2026-10-01T19:00:00Z,no,4178.57,4177.29,determined,commod15min_v34b_settlements.csv,26OCT011500
2026-10-01T19:00:36.316701+00:00,KXCOPPER15M-26OCT011500-00,COPPER,2026-10-01T19:00:00Z,yes,6.57426,6.57438,finalized,commod15min_v34b_settlements.csv,26OCT011500
2026-10-01T19:00:36.351186+00:00,KXWTI15M-26OCT011500-00,WTI,2026-10-01T19:00:00Z,no,92.98,92.87,finalized,commod15min_v34b_settlements.csv,26OCT011500
2026-10-01T19:15:05.592543+00:00,KXDOGE15M-26OCT011515-15,DOGE,2026-10-01T19:15:00Z,no,0.094963,0.0949457,determined,commod15min_v34b_settlements.csv,26OCT011515
2026-10-01T19:15:06.225669+00:00,KXBTC15M-26OCT011515-15,BTC,2026-10-01T19:15:00Z,no,84778.66,84776.11,determined,commod15min_v34b_settlements.csv,26OCT011515
2026-10-01T19:15:06.790929+00:00,KXXRP15M-26OCT011515-15,XRP,2026-10-01T19:15:00Z,yes,1.5008,1.5021,determined,commod15min_v34b_settlements.csv,26OCT011515
2026-10-01T19:15:16.041944+00:00,KXSOL15M-26OCT011515-15,SOL,2026-10-01T19:15:00Z,yes,118.3488,118.4605,finalized,commod15min_v34b_settlements.csv,26OCT011515
2026-10-01T19:15:17.169405+00:00,KXETH15M-26OCT011515-15,ETH,2026-10-01T19:15:00Z,yes,2699.19,2701.67,finalized,commod15min_v34b_settlements.csv,26OCT011515
2026-10-01T19:15:17.202554+00:00,KXSILVER15M-26OCT011515-15,SILVER,2026-10-01T19:15:00Z,yes,60.871,60.894,determined,commod15min_v34b_settlements.csv,26OCT011515
2026-10-01T19:15:26.352008+00:00,KXCOPPER15M-26OCT011515-15,COPPER,2026-10-01T19:15:00Z,yes,6.57438,6.57683,finalized,commod15min_v34b_settlements.csv,26OCT011515
2026-10-01T19:15:26.383577+00:00,KXPALLADIUM15M-26OCT011515-15,PALLADIUM,2026-10-01T19:15:00Z,yes,1186.112,1187.069,determined,commod15min_v34b_settlements.csv,26OCT011515
2026-10-01T19:15:26.914772+00:00,KXGOLD15M-26OCT011515-15,GOLD,2026-10-01T19:15:00Z,no,4177.29,4176.61,determined,commod15min_v34b_settlements.csv,26OCT011515
2026-10-01T19:15:26.948334+00:00,KXWTI15M-26OCT011515-15,WTI,2026-10-01T19:15:00Z,yes,92.87,92.99,finalized,commod15min_v34b_settlements.csv,26OCT011515
2026-10-01T19:15:26.981786+00:00,KXPLATINUM15M-26OCT011515-15,PLATINUM,2026-10-01T19:15:00Z,yes,1712.934,1715.387,determined,commod15min_v34b_settlements.csv,26OCT011515
2026-10-01T19:30:15.839950+00:00,KXXRP15M-26OCT011530-30,XRP,2026-10-01T19:30:00Z,no,1.5021,1.494,finalized,commod15min_v34b_settlements.csv,26OCT011530
2026-10-01T19:30:15.872632+00:00,KXBTC15M-26OCT011530-30,BTC,2026-10-01T19:30:00Z,no,84776.11,84589.89,finalized,commod15min_v34b_settlements.csv,26OCT011530
2026-10-01T19:30:15.903977+00:00,KXSOL15M-26OCT011530-30,SOL,2026-10-01T19:30:00Z,no,118.4605,117.6442,finalized,commod15min_v34b_settlements.csv,26OCT011530
2026-10-01T19:30:15.935852+00:00,KXETH15M-26OCT011530-30,ETH,2026-10-01T19:30:00Z,no,2701.67,2693.2,finalized,commod15min_v34b_settlements.csv,26OCT011530
2026-10-01T19:30:16.469522+00:00,KXDOGE15M-26OCT011530-30,DOGE,2026-10-01T19:30:00Z,no,0.094945,0.0944196,finalized,commod15min_v34b_settlements.csv,26OCT011530
2026-10-01T19:30:26.825619+00:00,KXGOLD15M-26OCT011530-30,GOLD,2026-10-01T19:30:00Z,no,4176.61,4176.58,finalized,commod15min_v34b_settlements.csv,26OCT011530
2026-10-01T19:30:26.859442+00:00,KXSILVER15M-26OCT011530-30,SILVER,2026-10-01T19:30:00Z,yes,60.894,60.941,determined,commod15min_v34b_settlements.csv,26OCT011530
2026-10-01T19:30:26.894382+00:00,KXCOPPER15M-26OCT011530-30,COPPER,2026-10-01T19:30:00Z,yes,6.57683,6.58906,determined,commod15min_v34b_settlements.csv,26OCT011530
2026-10-01T19:30:27.430698+00:00,KXPALLADIUM15M-26OCT011530-30,PALLADIUM,2026-10-01T19:30:00Z,yes,1187.069,1189.424,determined,commod15min_v34b_settlements.csv,26OCT011530
2026-10-01T19:30:27.465197+00:00,KXWTI15M-26OCT011530-30,WTI,2026-10-01T19:30:00Z,yes,92.99,93.13,finalized,commod15min_v34b_settlements.csv,26OCT011530
2026-10-01T19:30:27.499059+00:00,KXPLATINUM15M-26OCT011530-30,PLATINUM,2026-10-01T19:30:00Z,yes,1715.387,1716.602,determined,commod15min_v34b_settlements.csv,26OCT011530
2026-10-01T19:45:05.462585+00:00,KXETH15M-26OCT011545-45,ETH,2026-10-01T19:45:00Z,yes,2693.2,2696.78,finalized,commod15min_v34b_settlements.csv,26OCT011545
2026-10-01T19:45:15.984300+00:00,KXBTC15M-26OCT011545-45,BTC,2026-10-01T19:45:00Z,yes,84589.89,84618.66,finalized,commod15min_v34b_settlements.csv,26OCT011545
2026-10-01T19:45:16.015429+00:00,KXSOL15M-26OCT011545-45,SOL,2026-10-01T19:45:00Z,yes,117.6442,117.9852,finalized,commod15min_v34b_settlements.csv,26OCT011545
2026-10-01T19:45:16.548579+00:00,KXDOGE15M-26OCT011545-45,DOGE,2026-10-01T19:45:00Z,yes,0.094419,0.0945424,finalized,commod15min_v34b_settlements.csv,26OCT011545
2026-10-01T19:45:16.652511+00:00,KXXRP15M-26OCT011545-45,XRP,2026-10-01T19:45:00Z,yes,1.494,1.4964,finalized,commod15min_v34b_settlements.csv,26OCT011545
2026-10-01T19:45:26.905928+00:00,KXGOLD15M-26OCT011545-45,GOLD,2026-10-01T19:45:00Z,no,4176.58,4176.56,determined,commod15min_v34b_settlements.csv,26OCT011545
2026-10-01T19:45:26.937323+00:00,KXSILVER15M-26OCT011545-45,SILVER,2026-10-01T19:45:00Z,yes,60.941,60.967,determined,commod15min_v34b_settlements.csv,26OCT011545
2026-10-01T19:45:27.468918+00:00,KXPALLADIUM15M-26OCT011545-45,PALLADIUM,2026-10-01T19:45:00Z,no,1189.424,1188.207,finalized,commod15min_v34b_settlements.csv,26OCT011545
2026-10-01T19:45:27.497706+00:00,KXWTI15M-26OCT011545-45,WTI,2026-10-01T19:45:00Z,no,93.13,93.03,determined,commod15min_v34b_settlements.csv,26OCT011545
2026-10-01T19:45:27.527650+00:00,KXPLATINUM15M-26OCT011545-45,PLATINUM,2026-10-01T19:45:00Z,yes,1716.602,1718.42,finalized,commod15min_v34b_settlements.csv,26OCT011545
2026-10-01T19:45:36.661360+00:00,KXCOPPER15M-26OCT011545-45,COPPER,2026-10-01T19:45:00Z,yes,6.58906,6.592,finalized,commod15min_v34b_settlements.csv,26OCT011545
2026-10-01T20:00:05.733443+00:00,KXDOGE15M-26OCT011600-00,DOGE,2026-10-01T20:00:00Z,yes,0.094542,0.0947775,finalized,commod15min_v34b_settlements.csv,26OCT011600
2026-10-01T20:00:06.445444+00:00,KXETH15M-26OCT011600-00,ETH,2026-10-01T20:00:00Z,yes,2696.78,2699.07,finalized,commod15min_v34b_settlements.csv,26OCT011600
2026-10-01T20:00:15.642037+00:00,KXXRP15M-26OCT011600-00,XRP,2026-10-01T20:00:00Z,yes,1.4964,1.5003,finalized,commod15min_v34b_settlements.csv,26OCT011600
2026-10-01T20:00:16.854990+00:00,KXBTC15M-26OCT011600-00,BTC,2026-10-01T20:00:00Z,yes,84618.66,84636.71,finalized,commod15min_v34b_settlements.csv,26OCT011600
2026-10-01T20:00:16.889846+00:00,KXSOL15M-26OCT011600-00,SOL,2026-10-01T20:00:00Z,yes,117.9852,118.187,finalized,commod15min_v34b_settlements.csv,26OCT011600
2026-10-01T20:00:25.983536+00:00,KXGOLD15M-26OCT011600-00,GOLD,2026-10-01T20:00:00Z,yes,4176.56,4176.66,determined,commod15min_v34b_settlements.csv,26OCT011600
2026-10-01T20:00:26.014250+00:00,KXPLATINUM15M-26OCT011600-00,PLATINUM,2026-10-01T20:00:00Z,no,1718.42,1716.82,determined,commod15min_v34b_settlements.csv,26OCT011600
2026-10-01T20:00:26.055662+00:00,KXCOPPER15M-26OCT011600-00,COPPER,2026-10-01T20:00:00Z,no,6.592,6.58701,determined,commod15min_v34b_settlements.csv,26OCT011600
2026-10-01T20:00:26.587004+00:00,KXPALLADIUM15M-26OCT011600-00,PALLADIUM,2026-10-01T20:00:00Z,no,1188.207,1187.327,determined,commod15min_v34b_settlements.csv,26OCT011600
2026-10-01T20:00:26.618982+00:00,KXSILVER15M-26OCT011600-00,SILVER,2026-10-01T20:00:00Z,no,60.967,60.952,determined,commod15min_v34b_settlements.csv,26OCT011600
2026-10-01T20:00:26.650571+00:00,KXWTI15M-26OCT011600-00,WTI,2026-10-01T20:00:00Z,yes,93.03,93.29,determined,commod15min_v34b_settlements.csv,26OCT011600
2026-10-01T20:15:05.262996+00:00,KXSOL15M-26OCT011615-15,SOL,2026-10-01T20:15:00Z,yes,118.187,118.3667,determined,commod15min_v34b_settlements.csv,26OCT011615
2026-10-01T20:15:05.896096+00:00,KXETH15M-26OCT011615-15,ETH,2026-10-01T20:15:00Z,yes,2699.07,2700.62,finalized,commod15min_v34b_settlements.csv,26OCT011615
2026-10-01T20:15:15.746840+00:00,KXBTC15M-26OCT011615-15,BTC,2026-10-01T20:15:00Z,yes,84636.71,84762.29,finalized,commod15min_v34b_settlements.csv,26OCT011615
2026-10-01T20:15:16.342857+00:00,KXDOGE15M-26OCT011615-15,DOGE,2026-10-01T20:15:00Z,yes,0.094777,0.0948828,finalized,commod15min_v34b_settlements.csv,26OCT011615
2026-10-01T20:15:16.933495+00:00,KXXRP15M-26OCT011615-15,XRP,2026-10-01T20:15:00Z,yes,1.5003,1.5026,finalized,commod15min_v34b_settlements.csv,26OCT011615
2026-10-01T20:15:26.051894+00:00,KXPLATINUM15M-26OCT011615-15,PLATINUM,2026-10-01T20:15:00Z,yes,1716.82,1719.275,determined,commod15min_v34b_settlements.csv,26OCT011615
2026-10-01T20:15:26.083701+00:00,KXGOLD15M-26OCT011615-15,GOLD,2026-10-01T20:15:00Z,yes,4176.66,4177.82,finalized,commod15min_v34b_settlements.csv,26OCT011615
2026-10-01T20:15:26.617619+00:00,KXSILVER15M-26OCT011615-15,SILVER,2026-10-01T20:15:00Z,yes,60.952,60.992,determined,commod15min_v34b_settlements.csv,26OCT011615
2026-10-01T20:15:26.651396+00:00,KXWTI15M-26OCT011615-15,WTI,2026-10-01T20:15:00Z,no,93.29,93.01,determined,commod15min_v34b_settlements.csv,26OCT011615
2026-10-01T20:15:27.183106+00:00,KXCOPPER15M-26OCT011615-15,COPPER,2026-10-01T20:15:00Z,no,6.58701,6.58465,finalized,commod15min_v34b_settlements.csv,26OCT011615
2026-10-01T20:15:27.219142+00:00,KXPALLADIUM15M-26OCT011615-15,PALLADIUM,2026-10-01T20:15:00Z,no,1187.327,1185.858,determined,commod15min_v34b_settlements.csv,26OCT011615
2026-10-01T20:30:05.234228+00:00,KXETH15M-26OCT011630-30,ETH,2026-10-01T20:30:00Z,no,2700.62,2700.33,finalized,commod15min_v34b_settlements.csv,26OCT011630
2026-10-01T20:30:05.942765+00:00,KXSOL15M-26OCT011630-30,SOL,2026-10-01T20:30:00Z,no,118.3667,118.2185,determined,commod15min_v34b_settlements.csv,26OCT011630
2026-10-01T20:30:06.524868+00:00,KXXRP15M-26OCT011630-30,XRP,2026-10-01T20:30:00Z,yes,1.5026,1.5033,finalized,commod15min_v34b_settlements.csv,26OCT011630
2026-10-01T20:30:15.266504+00:00,KXBTC15M-26OCT011630-30,BTC,2026-10-01T20:30:00Z,no,84762.29,84751.56,finalized,commod15min_v34b_settlements.csv,26OCT011630
2026-10-01T20:30:16.949950+00:00,KXDOGE15M-26OCT011630-30,DOGE,2026-10-01T20:30:00Z,no,0.094882,0.0948365,finalized,commod15min_v34b_settlements.csv,26OCT011630
2026-10-01T20:30:25.620921+00:00,KXCOPPER15M-26OCT011630-30,COPPER,2026-10-01T20:30:00Z,no,6.58465,6.58173,determined,commod15min_v34b_settlements.csv,26OCT011630
2026-10-01T20:30:26.154100+00:00,KXWTI15M-26OCT011630-30,WTI,2026-10-01T20:30:00Z,no,93.01,92.89,determined,commod15min_v34b_settlements.csv,26OCT011630
2026-10-01T20:30:26.687577+00:00,KXPLATINUM15M-26OCT011630-30,PLATINUM,2026-10-01T20:30:00Z,no,1719.275,1718.58,determined,commod15min_v34b_settlements.csv,26OCT011630
2026-10-01T20:30:26.720422+00:00,KXGOLD15M-26OCT011630-30,GOLD,2026-10-01T20:30:00Z,no,4177.82,4175.74,finalized,commod15min_v34b_settlements.csv,26OCT011630
2026-10-01T20:30:26.752738+00:00,KXSILVER15M-26OCT011630-30,SILVER,2026-10-01T20:30:00Z,no,60.992,60.962,determined,commod15min_v34b_settlements.csv,26OCT011630
2026-10-01T20:30:27.284035+00:00,KXPALLADIUM15M-26OCT011630-30,PALLADIUM,2026-10-01T20:30:00Z,no,1185.858,1185.547,finalized,commod15min_v34b_settlements.csv,26OCT011630
2026-10-01T20:45:06.126194+00:00,KXBTC15M-26OCT011645-45,BTC,2026-10-01T20:45:00Z,no,84751.56,84586.89,finalized,commod15min_v34b_settlements.csv,26OCT011645
2026-10-01T20:45:06.160393+00:00,KXSOL15M-26OCT011645-45,SOL,2026-10-01T20:45:00Z,no,118.2185,117.99,finalized,commod15min_v34b_settlements.csv,26OCT011645
2026-10-01T20:45:06.192897+00:00,KXDOGE15M-26OCT011645-45,DOGE,2026-10-01T20:45:00Z,no,0.094836,0.0946069,finalized,commod15min_v34b_settlements.csv,26OCT011645
2026-10-01T20:45:06.730861+00:00,KXXRP15M-26OCT011645-45,XRP,2026-10-01T20:45:00Z,no,1.5033,1.4986,finalized,commod15min_v34b_settlements.csv,26OCT011645
2026-10-01T20:45:15.946107+00:00,KXETH15M-26OCT011645-45,ETH,2026-10-01T20:45:00Z,no,2700.33,2696.56,finalized,commod15min_v34b_settlements.csv,26OCT011645
2026-10-01T20:45:26.303210+00:00,KXCOPPER15M-26OCT011645-45,COPPER,2026-10-01T20:45:00Z,no,6.58173,6.57827,determined,commod15min_v34b_settlements.csv,26OCT011645
2026-10-01T20:45:26.335996+00:00,KXPALLADIUM15M-26OCT011645-45,PALLADIUM,2026-10-01T20:45:00Z,yes,1185.547,1186.107,finalized,commod15min_v34b_settlements.csv,26OCT011645
2026-10-01T20:45:26.370346+00:00,KXSILVER15M-26OCT011645-45,SILVER,2026-10-01T20:45:00Z,no,60.962,60.95,determined,commod15min_v34b_settlements.csv,26OCT011645
2026-10-01T20:45:27.436752+00:00,KXGOLD15M-26OCT011645-45,GOLD,2026-10-01T20:45:00Z,no,4175.74,4174.2,determined,commod15min_v34b_settlements.csv,26OCT011645
2026-10-01T20:45:27.470900+00:00,KXPLATINUM15M-26OCT011645-45,PLATINUM,2026-10-01T20:45:00Z,yes,1718.58,1721.477,finalized,commod15min_v34b_settlements.csv,26OCT011645
2026-10-01T20:45:37.088782+00:00,KXWTI15M-26OCT011645-45,WTI,2026-10-01T20:45:00Z,yes,92.89,92.94,finalized,commod15min_v34b_settlements.csv,26OCT011645
2026-10-01T21:00:05.399229+00:00,KXXRP15M-26OCT011700-00,XRP,2026-10-01T21:00:00Z,no,1.4986,1.4979,determined,commod15min_v34b_settlements.csv,26OCT011700
2026-10-01T21:00:05.934529+00:00,KXDOGE15M-26OCT011700-00,DOGE,2026-10-01T21:00:00Z,no,0.094606,0.0945481,determined,commod15min_v34b_settlements.csv,26OCT011700
2026-10-01T21:00:06.039058+00:00,KXSOL15M-26OCT011700-00,SOL,2026-10-01T21:00:00Z,yes,117.99,118.115,determined,commod15min_v34b_settlements.csv,26OCT011700
2026-10-01T21:00:06.631485+00:00,KXBTC15M-26OCT011700-00,BTC,2026-10-01T21:00:00Z,yes,84586.89,84609.34,determined,commod15min_v34b_settlements.csv,26OCT011700
2026-10-01T21:00:06.672749+00:00,KXETH15M-26OCT011700-00,ETH,2026-10-01T21:00:00Z,yes,2696.56,2697.53,finalized,commod15min_v34b_settlements.csv,26OCT011700
2026-10-01T21:00:16.394989+00:00,KXSILVER15M-26OCT011700-00,SILVER,2026-10-01T21:00:00Z,yes,60.95,60.992,determined,commod15min_v34b_settlements.csv,26OCT011700
2026-10-01T21:00:26.149984+00:00,KXCOPPER15M-26OCT011700-00,COPPER,2026-10-01T21:00:00Z,no,6.57827,6.57724,determined,commod15min_v34b_settlements.csv,26OCT011700
2026-10-01T21:00:26.184271+00:00,KXWTI15M-26OCT011700-00,WTI,2026-10-01T21:00:00Z,no,92.94,92.9,determined,commod15min_v34b_settlements.csv,26OCT011700
2026-10-01T21:00:26.217061+00:00,KXPALLADIUM15M-26OCT011700-00,PALLADIUM,2026-10-01T21:00:00Z,no,1186.107,1184.134,determined,commod15min_v34b_settlements.csv,26OCT011700
2026-10-01T21:00:26.770281+00:00,KXPLATINUM15M-26OCT011700-00,PLATINUM,2026-10-01T21:00:00Z,yes,1721.477,1727.757,determined,commod15min_v34b_settlements.csv,26OCT011700
2026-10-01T21:00:27.302959+00:00,KXGOLD15M-26OCT011700-00,GOLD,2026-10-01T21:00:00Z,yes,4174.2,4177.41,determined,commod15min_v34b_settlements.csv,26OCT011700
2026-10-01T21:15:06.153309+00:00,KXSOL15M-26OCT011715-15,SOL,2026-10-01T21:15:00Z,no,118.115,117.8857,finalized,commod15min_v34b_settlements.csv,26OCT011715
2026-10-01T21:15:15.871117+00:00,KXBTC15M-26OCT011715-15,BTC,2026-10-01T21:15:00Z,yes,84609.34,84615.87,finalized,commod15min_v34b_settlements.csv,26OCT011715
2026-10-01T21:15:15.907675+00:00,KXETH15M-26OCT011715-15,ETH,2026-10-01T21:15:00Z,no,2697.53,2695.17,finalized,commod15min_v34b_settlements.csv,26OCT011715
2026-10-01T21:15:15.942725+00:00,KXXRP15M-26OCT011715-15,XRP,2026-10-01T21:15:00Z,no,1.4979,1.4949,finalized,commod15min_v34b_settlements.csv,26OCT011715
2026-10-01T21:15:16.485028+00:00,KXDOGE15M-26OCT011715-15,DOGE,2026-10-01T21:15:00Z,no,0.094548,0.0944242,finalized,commod15min_v34b_settlements.csv,26OCT011715
2026-10-01T21:15:36.282082+00:00,KXWTI15M-26OCT011715-15,WTI,2026-10-01T21:15:00Z,yes,92.9,93.08,finalized,commod15min_v34b_settlements.csv,26OCT011715
2026-10-01T21:30:05.297425+00:00,KXBTC15M-26OCT011730-30,BTC,2026-10-01T21:30:00Z,no,84615.87,84577.43,determined,commod15min_v34b_settlements.csv,26OCT011730
2026-10-01T21:30:05.931836+00:00,KXSOL15M-26OCT011730-30,SOL,2026-10-01T21:30:00Z,no,117.8857,117.793,determined,commod15min_v34b_settlements.csv,26OCT011730
2026-10-01T21:30:05.965140+00:00,KXETH15M-26OCT011730-30,ETH,2026-10-01T21:30:00Z,no,2695.17,2693.53,determined,commod15min_v34b_settlements.csv,26OCT011730
2026-10-01T21:30:15.682991+00:00,KXXRP15M-26OCT011730-30,XRP,2026-10-01T21:30:00Z,no,1.4949,1.4928,finalized,commod15min_v34b_settlements.csv,26OCT011730
2026-10-01T21:30:15.715733+00:00,KXDOGE15M-26OCT011730-30,DOGE,2026-10-01T21:30:00Z,no,0.094424,0.0941921,finalized,commod15min_v34b_settlements.csv,26OCT011730
2026-10-01T21:30:36.028812+00:00,KXWTI15M-26OCT011730-30,WTI,2026-10-01T21:30:00Z,yes,93.08,93.24,finalized,commod15min_v34b_settlements.csv,26OCT011730
2026-10-01T21:45:05.080283+00:00,KXXRP15M-26OCT011745-45,XRP,2026-10-01T21:45:00Z,no,1.4928,1.4884,determined,commod15min_v34b_settlements.csv,26OCT011745
2026-10-01T21:45:05.182409+00:00,KXDOGE15M-26OCT011745-45,DOGE,2026-10-01T21:45:00Z,no,0.094192,0.0937889,determined,commod15min_v34b_settlements.csv,26OCT011745
2026-10-01T21:45:05.765458+00:00,KXETH15M-26OCT011745-45,ETH,2026-10-01T21:45:00Z,no,2693.53,2689.33,determined,commod15min_v34b_settlements.csv,26OCT011745
2026-10-01T21:45:15.383657+00:00,KXBTC15M-26OCT011745-45,BTC,2026-10-01T21:45:00Z,no,84577.43,84483.47,finalized,commod15min_v34b_settlements.csv,26OCT011745
2026-10-01T21:45:15.416766+00:00,KXSOL15M-26OCT011745-45,SOL,2026-10-01T21:45:00Z,no,117.793,117.4677,finalized,commod15min_v34b_settlements.csv,26OCT011745
2026-10-01T21:45:26.134171+00:00,KXWTI15M-26OCT011745-45,WTI,2026-10-01T21:45:00Z,no,93.24,93.1,determined,commod15min_v34b_settlements.csv,26OCT011745
2026-10-01T22:00:05.333028+00:00,KXBTC15M-26OCT011800-00,BTC,2026-10-01T22:00:00Z,yes,84483.47,84535.71,determined,commod15min_v34b_settlements.csv,26OCT011800
2026-10-01T22:00:05.899012+00:00,KXDOGE15M-26OCT011800-00,DOGE,2026-10-01T22:00:00Z,yes,0.093788,0.0940283,determined,commod15min_v34b_settlements.csv,26OCT011800
2026-10-01T22:00:15.609572+00:00,KXETH15M-26OCT011800-00,ETH,2026-10-01T22:00:00Z,yes,2689.33,2692.94,finalized,commod15min_v34b_settlements.csv,26OCT011800
2026-10-01T22:00:15.642727+00:00,KXXRP15M-26OCT011800-00,XRP,2026-10-01T22:00:00Z,yes,1.4884,1.4913,finalized,commod15min_v34b_settlements.csv,26OCT011800
2026-10-01T22:00:16.175343+00:00,KXSOL15M-26OCT011800-00,SOL,2026-10-01T22:00:00Z,yes,117.4677,117.6928,finalized,commod15min_v34b_settlements.csv,26OCT011800
2026-10-01T22:00:36.006000+00:00,KXWTI15M-26OCT011800-00,WTI,2026-10-01T22:00:00Z,yes,93.1,93.31,finalized,commod15min_v34b_settlements.csv,26OCT011800
2026-10-01T22:15:06.001341+00:00,KXDOGE15M-26OCT011815-15,DOGE,2026-10-01T22:15:00Z,yes,0.094028,0.094203,determined,commod15min_v34b_settlements.csv,26OCT011815
2026-10-01T22:15:15.667183+00:00,KXBTC15M-26OCT011815-15,BTC,2026-10-01T22:15:00Z,yes,84535.71,84734.36,finalized,commod15min_v34b_settlements.csv,26OCT011815
2026-10-01T22:15:15.699854+00:00,KXXRP15M-26OCT011815-15,XRP,2026-10-01T22:15:00Z,yes,1.4913,1.4946,finalized,commod15min_v34b_settlements.csv,26OCT011815
2026-10-01T22:15:15.767393+00:00,KXETH15M-26OCT011815-15,ETH,2026-10-01T22:15:00Z,yes,2692.94,2699.24,finalized,commod15min_v34b_settlements.csv,26OCT011815
2026-10-01T22:15:16.303383+00:00,KXSOL15M-26OCT011815-15,SOL,2026-10-01T22:15:00Z,yes,117.6928,118.0643,finalized,commod15min_v34b_settlements.csv,26OCT011815
2026-10-01T22:15:36.108597+00:00,KXWTI15M-26OCT011815-15,WTI,2026-10-01T22:15:00Z,no,93.31,93.15,finalized,commod15min_v34b_settlements.csv,26OCT011815
2026-10-01T22:30:05.890299+00:00,KXETH15M-26OCT011830-30,ETH,2026-10-01T22:30:00Z,yes,2699.24,2699.76,determined,commod15min_v34b_settlements.csv,26OCT011830
2026-10-01T22:30:15.194168+00:00,KXBTC15M-26OCT011830-30,BTC,2026-10-01T22:30:00Z,no,84734.36,84686.18,finalized,commod15min_v34b_settlements.csv,26OCT011830
2026-10-01T22:30:15.261667+00:00,KXXRP15M-26OCT011830-30,XRP,2026-10-01T22:30:00Z,no,1.4946,1.4943,finalized,commod15min_v34b_settlements.csv,26OCT011830
2026-10-01T22:30:15.864414+00:00,KXDOGE15M-26OCT011830-30,DOGE,2026-10-01T22:30:00Z,no,0.094203,0.0942003,determined,commod15min_v34b_settlements.csv,26OCT011830
2026-10-01T22:30:16.932713+00:00,KXSOL15M-26OCT011830-30,SOL,2026-10-01T22:30:00Z,yes,118.0643,118.136,finalized,commod15min_v34b_settlements.csv,26OCT011830
2026-10-01T22:30:17.005099+00:00,KXSILVER15M-26OCT011830-30,SILVER,2026-10-01T22:30:00Z,no,60.902,60.895,determined,commod15min_v34b_settlements.csv,26OCT011830
2026-10-01T22:30:25.688672+00:00,KXPALLADIUM15M-26OCT011830-30,PALLADIUM,2026-10-01T22:30:00Z,no,1185.748,1185.2,determined,commod15min_v34b_settlements.csv,26OCT011830
2026-10-01T22:30:25.719604+00:00,KXCOPPER15M-26OCT011830-30,COPPER,2026-10-01T22:30:00Z,no,6.57316,6.56934,finalized,commod15min_v34b_settlements.csv,26OCT011830
2026-10-01T22:30:26.250205+00:00,KXPLATINUM15M-26OCT011830-30,PLATINUM,2026-10-01T22:30:00Z,no,1725.632,1725.209,determined,commod15min_v34b_settlements.csv,26OCT011830
2026-10-01T22:30:26.279468+00:00,KXGOLD15M-26OCT011830-30,GOLD,2026-10-01T22:30:00Z,no,4173.5,4172.29,determined,commod15min_v34b_settlements.csv,26OCT011830
2026-10-01T22:30:27.312270+00:00,KXWTI15M-26OCT011830-30,WTI,2026-10-01T22:30:00Z,no,93.15,93.06,finalized,commod15min_v34b_settlements.csv,26OCT011830
2026-10-01T22:45:06.635925+00:00,KXXRP15M-26OCT011845-45,XRP,2026-10-01T22:45:00Z,no,1.4943,1.4919,finalized,commod15min_v34b_settlements.csv,26OCT011845
2026-10-01T22:45:15.838672+00:00,KXETH15M-26OCT011845-45,ETH,2026-10-01T22:45:00Z,yes,2699.76,2700.69,finalized,commod15min_v34b_settlements.csv,26OCT011845
2026-10-01T22:45:16.496082+00:00,KXSOL15M-26OCT011845-45,SOL,2026-10-01T22:45:00Z,yes,118.136,118.1483,finalized,commod15min_v34b_settlements.csv,26OCT011845
2026-10-01T22:45:16.565138+00:00,KXBTC15M-26OCT011845-45,BTC,2026-10-01T22:45:00Z,no,84686.18,84668.34,finalized,commod15min_v34b_settlements.csv,26OCT011845
2026-10-01T22:45:17.128065+00:00,KXDOGE15M-26OCT011845-45,DOGE,2026-10-01T22:45:00Z,no,0.0942,0.0939822,finalized,commod15min_v34b_settlements.csv,26OCT011845
2026-10-01T22:45:26.256203+00:00,KXCOPPER15M-26OCT011845-45,COPPER,2026-10-01T22:45:00Z,yes,6.56934,6.56957,determined,commod15min_v34b_settlements.csv,26OCT011845
2026-10-01T22:45:26.287693+00:00,KXPALLADIUM15M-26OCT011845-45,PALLADIUM,2026-10-01T22:45:00Z,yes,1185.2,1185.565,determined,commod15min_v34b_settlements.csv,26OCT011845
2026-10-01T22:45:26.324269+00:00,KXGOLD15M-26OCT011845-45,GOLD,2026-10-01T22:45:00Z,yes,4172.29,4176.1,determined,commod15min_v34b_settlements.csv,26OCT011845
2026-10-01T22:45:26.857044+00:00,KXSILVER15M-26OCT011845-45,SILVER,2026-10-01T22:45:00Z,yes,60.895,60.969,determined,commod15min_v34b_settlements.csv,26OCT011845
2026-10-01T22:45:26.891149+00:00,KXWTI15M-26OCT011845-45,WTI,2026-10-01T22:45:00Z,yes,93.06,93.06,determined,commod15min_v34b_settlements.csv,26OCT011845
2026-10-01T22:45:27.423909+00:00,KXPLATINUM15M-26OCT011845-45,PLATINUM,2026-10-01T22:45:00Z,yes,1725.209,1727.007,determined,commod15min_v34b_settlements.csv,26OCT011845
2026-10-01T23:00:06.557256+00:00,KXDOGE15M-26OCT011900-00,DOGE,2026-10-01T23:00:00Z,yes,0.093982,0.0941658,determined,commod15min_v34b_settlements.csv,26OCT011900
2026-10-01T23:00:15.773870+00:00,KXSOL15M-26OCT011900-00,SOL,2026-10-01T23:00:00Z,yes,118.1483,118.293,finalized,commod15min_v34b_settlements.csv,26OCT011900
2026-10-01T23:00:15.870974+00:00,KXBTC15M-26OCT011900-00,BTC,2026-10-01T23:00:00Z,yes,84668.34,84721.46,determined,commod15min_v34b_settlements.csv,26OCT011900
2026-10-01T23:00:16.470018+00:00,KXETH15M-26OCT011900-00,ETH,2026-10-01T23:00:00Z,yes,2700.69,2702.14,finalized,commod15min_v34b_settlements.csv,26OCT011900
2026-10-01T23:00:16.503899+00:00,KXXRP15M-26OCT011900-00,XRP,2026-10-01T23:00:00Z,yes,1.4919,1.4943,finalized,commod15min_v34b_settlements.csv,26OCT011900
2026-10-01T23:00:26.195005+00:00,KXSILVER15M-26OCT011900-00,SILVER,2026-10-01T23:00:00Z,yes,60.969,61.031,determined,commod15min_v34b_settlements.csv,26OCT011900
2026-10-01T23:00:26.229768+00:00,KXPALLADIUM15M-26OCT011900-00,PALLADIUM,2026-10-01T23:00:00Z,yes,1185.565,1186.342,determined,commod15min_v34b_settlements.csv,26OCT011900
2026-10-01T23:00:26.775720+00:00,KXGOLD15M-26OCT011900-00,GOLD,2026-10-01T23:00:00Z,yes,4176.1,4178.85,determined,commod15min_v34b_settlements.csv,26OCT011900
2026-10-01T23:00:26.814795+00:00,KXPLATINUM15M-26OCT011900-00,PLATINUM,2026-10-01T23:00:00Z,no,1727.007,1726.36,finalized,commod15min_v34b_settlements.csv,26OCT011900
2026-10-01T23:00:27.348936+00:00,KXWTI15M-26OCT011900-00,WTI,2026-10-01T23:00:00Z,yes,93.06,93.06,determined,commod15min_v34b_settlements.csv,26OCT011900
2026-10-01T23:00:27.383031+00:00,KXCOPPER15M-26OCT011900-00,COPPER,2026-10-01T23:00:00Z,yes,6.56957,6.57477,determined,commod15min_v34b_settlements.csv,26OCT011900
2026-10-01T23:15:05.209980+00:00,KXDOGE15M-26OCT011915-15,DOGE,2026-10-01T23:15:00Z,no,0.094165,0.0940673,determined,commod15min_v34b_settlements.csv,26OCT011915
2026-10-01T23:15:05.241518+00:00,KXXRP15M-26OCT011915-15,XRP,2026-10-01T23:15:00Z,no,1.4943,1.4909,determined,commod15min_v34b_settlements.csv,26OCT011915
2026-10-01T23:15:05.852631+00:00,KXBTC15M-26OCT011915-15,BTC,2026-10-01T23:15:00Z,no,84721.46,84643.16,determined,commod15min_v34b_settlements.csv,26OCT011915
2026-10-01T23:15:05.883020+00:00,KXSOL15M-26OCT011915-15,SOL,2026-10-01T23:15:00Z,no,118.293,118.189,determined,commod15min_v34b_settlements.csv,26OCT011915
2026-10-01T23:15:16.819841+00:00,KXETH15M-26OCT011915-15,ETH,2026-10-01T23:15:00Z,no,2702.14,2698.89,determined,commod15min_v34b_settlements.csv,26OCT011915
2026-10-01T23:15:26.001185+00:00,KXSILVER15M-26OCT011915-15,SILVER,2026-10-01T23:15:00Z,yes,61.031,61.063,determined,commod15min_v34b_settlements.csv,26OCT011915
2026-10-01T23:15:26.031892+00:00,KXGOLD15M-26OCT011915-15,GOLD,2026-10-01T23:15:00Z,yes,4178.85,4180.07,finalized,commod15min_v34b_settlements.csv,26OCT011915
2026-10-01T23:15:26.564351+00:00,KXPALLADIUM15M-26OCT011915-15,PALLADIUM,2026-10-01T23:15:00Z,yes,1186.342,1186.4,determined,commod15min_v34b_settlements.csv,26OCT011915
2026-10-01T23:15:26.597300+00:00,KXPLATINUM15M-26OCT011915-15,PLATINUM,2026-10-01T23:15:00Z,no,1726.36,1724.382,finalized,commod15min_v34b_settlements.csv,26OCT011915
2026-10-01T23:15:27.133745+00:00,KXWTI15M-26OCT011915-15,WTI,2026-10-01T23:15:00Z,no,93.06,92.99,determined,commod15min_v34b_settlements.csv,26OCT011915
2026-10-01T23:15:27.166667+00:00,KXCOPPER15M-26OCT011915-15,COPPER,2026-10-01T23:15:00Z,yes,6.57477,6.57789,finalized,commod15min_v34b_settlements.csv,26OCT011915
2026-10-01T23:30:05.284482+00:00,KXBTC15M-26OCT011930-30,BTC,2026-10-01T23:30:00Z,yes,84643.16,84722.37,determined,commod15min_v34b_settlements.csv,26OCT011930
2026-10-01T23:30:05.925287+00:00,KXSOL15M-26OCT011930-30,SOL,2026-10-01T23:30:00Z,yes,118.189,118.3527,determined,commod15min_v34b_settlements.csv,26OCT011930
2026-10-01T23:30:15.773450+00:00,KXETH15M-26OCT011930-30,ETH,2026-10-01T23:30:00Z,yes,2698.89,2702.42,finalized,commod15min_v34b_settlements.csv,26OCT011930
2026-10-01T23:30:16.380375+00:00,KXDOGE15M-26OCT011930-30,DOGE,2026-10-01T23:30:00Z,yes,0.094067,0.0941593,finalized,commod15min_v34b_settlements.csv,26OCT011930
2026-10-01T23:30:16.977479+00:00,KXXRP15M-26OCT011930-30,XRP,2026-10-01T23:30:00Z,yes,1.4909,1.4925,finalized,commod15min_v34b_settlements.csv,26OCT011930
2026-10-01T23:30:26.113504+00:00,KXWTI15M-26OCT011930-30,WTI,2026-10-01T23:30:00Z,yes,92.99,93.03,finalized,commod15min_v34b_settlements.csv,26OCT011930
2026-10-01T23:30:26.146001+00:00,KXSILVER15M-26OCT011930-30,SILVER,2026-10-01T23:30:00Z,yes,61.063,61.114,determined,commod15min_v34b_settlements.csv,26OCT011930
2026-10-01T23:30:26.681951+00:00,KXCOPPER15M-26OCT011930-30,COPPER,2026-10-01T23:30:00Z,yes,6.57789,6.5805,determined,commod15min_v34b_settlements.csv,26OCT011930
2026-10-01T23:30:26.714541+00:00,KXPLATINUM15M-26OCT011930-30,PLATINUM,2026-10-01T23:30:00Z,yes,1724.382,1725.191,finalized,commod15min_v34b_settlements.csv,26OCT011930
2026-10-01T23:30:27.252540+00:00,KXGOLD15M-26OCT011930-30,GOLD,2026-10-01T23:30:00Z,yes,4180.07,4181.14,determined,commod15min_v34b_settlements.csv,26OCT011930
2026-10-01T23:30:27.287466+00:00,KXPALLADIUM15M-26OCT011930-30,PALLADIUM,2026-10-01T23:30:00Z,yes,1186.4,1186.415,finalized,commod15min_v34b_settlements.csv,26OCT011930
2026-10-01T23:45:06.387329+00:00,KXSOL15M-26OCT011945-45,SOL,2026-10-01T23:45:00Z,yes,118.3527,118.402,finalized,commod15min_v34b_settlements.csv,26OCT011945
2026-10-01T23:45:15.536084+00:00,KXETH15M-26OCT011945-45,ETH,2026-10-01T23:45:00Z,yes,2702.42,2704.7,finalized,commod15min_v34b_settlements.csv,26OCT011945
2026-10-01T23:45:16.205874+00:00,KXXRP15M-26OCT011945-45,XRP,2026-10-01T23:45:00Z,yes,1.4925,1.4938,finalized,commod15min_v34b_settlements.csv,26OCT011945
2026-10-01T23:45:16.241706+00:00,KXDOGE15M-26OCT011945-45,DOGE,2026-10-01T23:45:00Z,yes,0.094159,0.0942704,finalized,commod15min_v34b_settlements.csv,26OCT011945
2026-10-01T23:45:16.812083+00:00,KXBTC15M-26OCT011945-45,BTC,2026-10-01T23:45:00Z,yes,84722.37,84819.52,finalized,commod15min_v34b_settlements.csv,26OCT011945
2026-10-01T23:45:25.926767+00:00,KXPALLADIUM15M-26OCT011945-45,PALLADIUM,2026-10-01T23:45:00Z,no,1186.415,1185.85,determined,commod15min_v34b_settlements.csv,26OCT011945
2026-10-01T23:45:25.959395+00:00,KXPLATINUM15M-26OCT011945-45,PLATINUM,2026-10-01T23:45:00Z,no,1725.191,1724.974,determined,commod15min_v34b_settlements.csv,26OCT011945
2026-10-01T23:45:25.996081+00:00,KXWTI15M-26OCT011945-45,WTI,2026-10-01T23:45:00Z,no,93.03,92.96,determined,commod15min_v34b_settlements.csv,26OCT011945
2026-10-01T23:45:26.528405+00:00,KXGOLD15M-26OCT011945-45,GOLD,2026-10-01T23:45:00Z,no,4181.14,4179.36,determined,commod15min_v34b_settlements.csv,26OCT011945
2026-10-01T23:45:26.559853+00:00,KXCOPPER15M-26OCT011945-45,COPPER,2026-10-01T23:45:00Z,no,6.5805,6.57945,determined,commod15min_v34b_settlements.csv,26OCT011945
2026-10-01T23:45:27.161410+00:00,KXSILVER15M-26OCT011945-45,SILVER,2026-10-01T23:45:00Z,no,61.114,61.102,finalized,commod15min_v34b_settlements.csv,26OCT011945
2026-10-02T00:00:06.581327+00:00,KXXRP15M-26OCT012000-00,XRP,2026-10-02T00:00:00Z,yes,1.4938,1.4946,determined,commod15min_v34b_settlements.csv,26OCT012000
2026-10-02T00:00:15.261735+00:00,KXSOL15M-26OCT012000-00,SOL,2026-10-02T00:00:00Z,yes,118.402,118.4382,finalized,commod15min_v34b_settlements.csv,26OCT012000
2026-10-02T00:00:16.478053+00:00,KXBTC15M-26OCT012000-00,BTC,2026-10-02T00:00:00Z,yes,84819.52,84860.17,finalized,commod15min_v34b_settlements.csv,26OCT012000
2026-10-02T00:00:16.508919+00:00,KXETH15M-26OCT012000-00,ETH,2026-10-02T00:00:00Z,yes,2704.7,2705.73,finalized,commod15min_v34b_settlements.csv,26OCT012000
2026-10-02T00:00:17.078806+00:00,KXDOGE15M-26OCT012000-00,DOGE,2026-10-02T00:00:00Z,yes,0.09427,0.0943591,finalized,commod15min_v34b_settlements.csv,26OCT012000
2026-10-02T00:00:25.761936+00:00,KXSILVER15M-26OCT012000-00,SILVER,2026-10-02T00:00:00Z,yes,61.102,61.147,determined,commod15min_v34b_settlements.csv,26OCT012000
2026-10-02T00:00:26.296630+00:00,KXGOLD15M-26OCT012000-00,GOLD,2026-10-02T00:00:00Z,yes,4179.36,4182.03,determined,commod15min_v34b_settlements.csv,26OCT012000
2026-10-02T00:00:26.831054+00:00,KXCOPPER15M-26OCT012000-00,COPPER,2026-10-02T00:00:00Z,yes,6.57945,6.58342,determined,commod15min_v34b_settlements.csv,26OCT012000
2026-10-02T00:00:26.867179+00:00,KXPALLADIUM15M-26OCT012000-00,PALLADIUM,2026-10-02T00:00:00Z,yes,1185.85,1187.444,determined,commod15min_v34b_settlements.csv,26OCT012000
2026-10-02T00:00:27.405109+00:00,KXPLATINUM15M-26OCT012000-00,PLATINUM,2026-10-02T00:00:00Z,yes,1724.974,1728.527,determined,commod15min_v34b_settlements.csv,26OCT012000
2026-10-02T00:00:36.036968+00:00,KXWTI15M-26OCT012000-00,WTI,2026-10-02T00:00:00Z,yes,92.96,92.99,finalized,commod15min_v34b_settlements.csv,26OCT012000
2026-10-02T00:15:05.286757+00:00,KXBTC15M-26OCT012015-15,BTC,2026-10-02T00:15:00Z,yes,84860.17,84874.21,determined,commod15min_v34b_settlements.csv,26OCT012015
2026-10-02T00:15:06.031758+00:00,KXSOL15M-26OCT012015-15,SOL,2026-10-02T00:15:00Z,yes,118.4382,118.4965,determined,commod15min_v34b_settlements.csv,26OCT012015
2026-10-02T00:15:06.573783+00:00,KXDOGE15M-26OCT012015-15,DOGE,2026-10-02T00:15:00Z,no,0.094359,0.0943079,determined,commod15min_v34b_settlements.csv,26OCT012015
2026-10-02T00:15:15.622039+00:00,KXETH15M-26OCT012015-15,ETH,2026-10-02T00:15:00Z,no,2705.73,2705.57,finalized,commod15min_v34b_settlements.csv,26OCT012015
2026-10-02T00:15:16.192941+00:00,KXXRP15M-26OCT012015-15,XRP,2026-10-02T00:15:00Z,yes,1.4946,1.4958,determined,commod15min_v34b_settlements.csv,26OCT012015
2026-10-02T00:15:25.991956+00:00,KXCOPPER15M-26OCT012015-15,COPPER,2026-10-02T00:15:00Z,no,6.58342,6.57704,finalized,commod15min_v34b_settlements.csv,26OCT012015
2026-10-02T00:15:26.026018+00:00,KXWTI15M-26OCT012015-15,WTI,2026-10-02T00:15:00Z,yes,92.99,92.99,determined,commod15min_v34b_settlements.csv,26OCT012015
2026-10-02T00:15:26.572707+00:00,KXPALLADIUM15M-26OCT012015-15,PALLADIUM,2026-10-02T00:15:00Z,no,1187.444,1185.889,determined,commod15min_v34b_settlements.csv,26OCT012015
2026-10-02T00:15:27.140107+00:00,KXGOLD15M-26OCT012015-15,GOLD,2026-10-02T00:15:00Z,no,4182.03,4169.86,determined,commod15min_v34b_settlements.csv,26OCT012015
2026-10-02T00:15:27.172537+00:00,KXSILVER15M-26OCT012015-15,SILVER,2026-10-02T00:15:00Z,no,61.147,60.88,determined,commod15min_v34b_settlements.csv,26OCT012015
2026-10-02T00:15:36.819768+00:00,KXPLATINUM15M-26OCT012015-15,PLATINUM,2026-10-02T00:15:00Z,no,1728.527,1724.626,finalized,commod15min_v34b_settlements.csv,26OCT012015
2026-10-02T00:30:05.307328+00:00,KXXRP15M-26OCT012030-30,XRP,2026-10-02T00:30:00Z,no,1.4958,1.4957,determined,commod15min_v34b_settlements.csv,26OCT012030
2026-10-02T00:30:05.956422+00:00,KXETH15M-26OCT012030-30,ETH,2026-10-02T00:30:00Z,no,2705.57,2705.13,finalized,commod15min_v34b_settlements.csv,26OCT012030
2026-10-02T00:30:05.987031+00:00,KXSOL15M-26OCT012030-30,SOL,2026-10-02T00:30:00Z,yes,118.4965,118.7007,determined,commod15min_v34b_settlements.csv,26OCT012030
2026-10-02T00:30:15.829754+00:00,KXDOGE15M-26OCT012030-30,DOGE,2026-10-02T00:30:00Z,yes,0.094307,0.0943122,finalized,commod15min_v34b_settlements.csv,26OCT012030
2026-10-02T00:30:15.912481+00:00,KXBTC15M-26OCT012030-30,BTC,2026-10-02T00:30:00Z,no,84874.21,84786.81,finalized,commod15min_v34b_settlements.csv,26OCT012030
2026-10-02T00:30:26.260903+00:00,KXGOLD15M-26OCT012030-30,GOLD,2026-10-02T00:30:00Z,no,4169.86,4165.11,determined,commod15min_v34b_settlements.csv,26OCT012030
2026-10-02T00:30:26.794748+00:00,KXCOPPER15M-26OCT012030-30,COPPER,2026-10-02T00:30:00Z,no,6.57704,6.5727,finalized,commod15min_v34b_settlements.csv,26OCT012030
2026-10-02T00:30:26.829067+00:00,KXPALLADIUM15M-26OCT012030-30,PALLADIUM,2026-10-02T00:30:00Z,no,1185.889,1181.972,finalized,commod15min_v34b_settlements.csv,26OCT012030
2026-10-02T00:30:27.367158+00:00,KXPLATINUM15M-26OCT012030-30,PLATINUM,2026-10-02T00:30:00Z,no,1724.626,1722.238,determined,commod15min_v34b_settlements.csv,26OCT012030
2026-10-02T00:30:27.404199+00:00,KXWTI15M-26OCT012030-30,WTI,2026-10-02T00:30:00Z,yes,92.99,92.99,determined,commod15min_v34b_settlements.csv,26OCT012030
2026-10-02T00:30:27.438858+00:00,KXSILVER15M-26OCT012030-30,SILVER,2026-10-02T00:30:00Z,no,60.88,60.81,determined,commod15min_v34b_settlements.csv,26OCT012030
2026-10-02T00:45:05.048277+00:00,KXXRP15M-26OCT012045-45,XRP,2026-10-02T00:45:00Z,yes,1.4957,1.4964,finalized,commod15min_v34b_settlements.csv,26OCT012045
2026-10-02T00:45:05.725581+00:00,KXETH15M-26OCT012045-45,ETH,2026-10-02T00:45:00Z,yes,2705.13,2705.31,finalized,commod15min_v34b_settlements.csv,26OCT012045
2026-10-02T00:45:06.351436+00:00,KXBTC15M-26OCT012045-45,BTC,2026-10-02T00:45:00Z,yes,84786.81,84832.88,finalized,commod15min_v34b_settlements.csv,26OCT012045
2026-10-02T00:45:15.170484+00:00,KXSOL15M-26OCT012045-45,SOL,2026-10-02T00:45:00Z,yes,118.7007,118.8372,finalized,commod15min_v34b_settlements.csv,26OCT012045
2026-10-02T00:45:15.205475+00:00,KXDOGE15M-26OCT012045-45,DOGE,2026-10-02T00:45:00Z,no,0.094312,0.0941848,finalized,commod15min_v34b_settlements.csv,26OCT012045
2026-10-02T00:45:25.528008+00:00,KXGOLD15M-26OCT012045-45,GOLD,2026-10-02T00:45:00Z,no,4165.11,4159.68,determined,commod15min_v34b_settlements.csv,26OCT012045
2026-10-02T00:45:26.066279+00:00,KXCOPPER15M-26OCT012045-45,COPPER,2026-10-02T00:45:00Z,no,6.5727,6.57136,determined,commod15min_v34b_settlements.csv,26OCT012045
2026-10-02T00:45:26.600409+00:00,KXPLATINUM15M-26OCT012045-45,PLATINUM,2026-10-02T00:45:00Z,yes,1722.238,1722.382,determined,commod15min_v34b_settlements.csv,26OCT012045
2026-10-02T00:45:26.634560+00:00,KXWTI15M-26OCT012045-45,WTI,2026-10-02T00:45:00Z,yes,92.99,93.13,determined,commod15min_v34b_settlements.csv,26OCT012045
2026-10-02T00:45:27.178732+00:00,KXSILVER15M-26OCT012045-45,SILVER,2026-10-02T00:45:00Z,no,60.81,60.725,determined,commod15min_v34b_settlements.csv,26OCT012045
2026-10-02T00:45:27.216553+00:00,KXPALLADIUM15M-26OCT012045-45,PALLADIUM,2026-10-02T00:45:00Z,no,1181.972,1181.657,determined,commod15min_v34b_settlements.csv,26OCT012045
2026-10-02T01:00:05.272277+00:00,KXETH15M-26OCT012100-00,ETH,2026-10-02T01:00:00Z,yes,2705.31,2706.98,determined,commod15min_v34b_settlements.csv,26OCT012100
2026-10-02T01:00:05.342174+00:00,KXDOGE15M-26OCT012100-00,DOGE,2026-10-02T01:00:00Z,no,0.094184,0.094061,finalized,commod15min_v34b_settlements.csv,26OCT012100
2026-10-02T01:00:16.442318+00:00,KXSOL15M-26OCT012100-00,SOL,2026-10-02T01:00:00Z,yes,118.8372,118.867,finalized,commod15min_v34b_settlements.csv,26OCT012100
2026-10-02T01:00:16.513831+00:00,KXBTC15M-26OCT012100-00,BTC,2026-10-02T01:00:00Z,no,84832.88,84760.87,finalized,commod15min_v34b_settlements.csv,26OCT012100
2026-10-02T01:00:17.047935+00:00,KXXRP15M-26OCT012100-00,XRP,2026-10-02T01:00:00Z,no,1.4964,1.4952,finalized,commod15min_v34b_settlements.csv,26OCT012100
2026-10-02T01:00:26.248311+00:00,KXWTI15M-26OCT012100-00,WTI,2026-10-02T01:00:00Z,yes,93.13,93.15,finalized,commod15min_v34b_settlements.csv,26OCT012100
2026-10-02T01:00:26.287259+00:00,KXGOLD15M-26OCT012100-00,GOLD,2026-10-02T01:00:00Z,no,4159.68,4153.62,determined,commod15min_v34b_settlements.csv,26OCT012100
2026-10-02T01:00:26.852247+00:00,KXPLATINUM15M-26OCT012100-00,PLATINUM,2026-10-02T01:00:00Z,no,1722.382,1720.087,finalized,commod15min_v34b_settlements.csv,26OCT012100
2026-10-02T01:00:27.386064+00:00,KXSILVER15M-26OCT012100-00,SILVER,2026-10-02T01:00:00Z,no,60.725,60.57,determined,commod15min_v34b_settlements.csv,26OCT012100
2026-10-02T01:00:27.420807+00:00,KXCOPPER15M-26OCT012100-00,COPPER,2026-10-02T01:00:00Z,no,6.57136,6.56819,determined,commod15min_v34b_settlements.csv,26OCT012100
2026-10-02T01:00:37.046470+00:00,KXPALLADIUM15M-26OCT012100-00,PALLADIUM,2026-10-02T01:00:00Z,no,1181.657,1178.115,finalized,commod15min_v34b_settlements.csv,26OCT012100
2026-10-02T01:15:05.305928+00:00,KXDOGE15M-26OCT012115-15,DOGE,2026-10-02T01:15:00Z,no,0.094061,0.0937865,determined,commod15min_v34b_settlements.csv,26OCT012115
2026-10-02T01:15:06.485909+00:00,KXBTC15M-26OCT012115-15,BTC,2026-10-02T01:15:00Z,no,84760.87,84648.28,finalized,commod15min_v34b_settlements.csv,26OCT012115
2026-10-02T01:15:15.237153+00:00,KXETH15M-26OCT012115-15,ETH,2026-10-02T01:15:00Z,no,2706.98,2702.55,finalized,commod15min_v34b_settlements.csv,26OCT012115
2026-10-02T01:15:16.414874+00:00,KXSOL15M-26OCT012115-15,SOL,2026-10-02T01:15:00Z,no,118.867,118.7708,finalized,commod15min_v34b_settlements.csv,26OCT012115
2026-10-02T01:15:17.020509+00:00,KXXRP15M-26OCT012115-15,XRP,2026-10-02T01:15:00Z,no,1.4952,1.4912,finalized,commod15min_v34b_settlements.csv,26OCT012115
2026-10-02T01:15:26.765469+00:00,KXGOLD15M-26OCT012115-15,GOLD,2026-10-02T01:15:00Z,no,4153.62,4140.63,determined,commod15min_v34b_settlements.csv,26OCT012115
2026-10-02T01:15:26.799331+00:00,KXPALLADIUM15M-26OCT012115-15,PALLADIUM,2026-10-02T01:15:00Z,no,1178.115,1175.005,determined,commod15min_v34b_settlements.csv,26OCT012115
2026-10-02T01:15:26.834205+00:00,KXPLATINUM15M-26OCT012115-15,PLATINUM,2026-10-02T01:15:00Z,no,1720.087,1717.954,determined,commod15min_v34b_settlements.csv,26OCT012115
2026-10-02T01:15:27.373167+00:00,KXWTI15M-26OCT012115-15,WTI,2026-10-02T01:15:00Z,no,93.15,92.82,determined,commod15min_v34b_settlements.csv,26OCT012115
2026-10-02T01:15:36.006978+00:00,KXSILVER15M-26OCT012115-15,SILVER,2026-10-02T01:15:00Z,no,60.57,60.332,finalized,commod15min_v34b_settlements.csv,26OCT012115
2026-10-02T01:15:36.039123+00:00,KXCOPPER15M-26OCT012115-15,COPPER,2026-10-02T01:15:00Z,no,6.56819,6.55342,finalized,commod15min_v34b_settlements.csv,26OCT012115
2026-10-02T01:30:05.480161+00:00,KXXRP15M-26OCT012130-30,XRP,2026-10-02T01:30:00Z,no,1.4912,1.4896,determined,commod15min_v34b_settlements.csv,26OCT012130
2026-10-02T01:30:15.656175+00:00,KXSOL15M-26OCT012130-30,SOL,2026-10-02T01:30:00Z,no,118.7708,118.7487,finalized,commod15min_v34b_settlements.csv,26OCT012130
2026-10-02T01:30:16.223896+00:00,KXDOGE15M-26OCT012130-30,DOGE,2026-10-02T01:30:00Z,no,0.093786,0.0934192,finalized,commod15min_v34b_settlements.csv,26OCT012130
2026-10-02T01:30:16.256032+00:00,KXBTC15M-26OCT012130-30,BTC,2026-10-02T01:30:00Z,no,84648.28,84580.64,finalized,commod15min_v34b_settlements.csv,26OCT012130
2026-10-02T01:30:16.859950+00:00,KXETH15M-26OCT012130-30,ETH,2026-10-02T01:30:00Z,no,2702.55,2699.59,finalized,commod15min_v34b_settlements.csv,26OCT012130
2026-10-02T01:30:26.030406+00:00,KXSILVER15M-26OCT012130-30,SILVER,2026-10-02T01:30:00Z,yes,60.332,60.416,determined,commod15min_v34b_settlements.csv,26OCT012130
2026-10-02T01:30:26.064023+00:00,KXPLATINUM15M-26OCT012130-30,PLATINUM,2026-10-02T01:30:00Z,yes,1717.954,1718.812,determined,commod15min_v34b_settlements.csv,26OCT012130
2026-10-02T01:30:26.634885+00:00,KXGOLD15M-26OCT012130-30,GOLD,2026-10-02T01:30:00Z,yes,4140.63,4150.11,determined,commod15min_v34b_settlements.csv,26OCT012130
2026-10-02T01:30:27.170000+00:00,KXWTI15M-26OCT012130-30,WTI,2026-10-02T01:30:00Z,yes,92.82,92.92,determined,commod15min_v34b_settlements.csv,26OCT012130
2026-10-02T01:30:27.205345+00:00,KXCOPPER15M-26OCT012130-30,COPPER,2026-10-02T01:30:00Z,no,6.55342,6.54178,determined,commod15min_v34b_settlements.csv,26OCT012130
2026-10-02T01:30:36.827316+00:00,KXPALLADIUM15M-26OCT012130-30,PALLADIUM,2026-10-02T01:30:00Z,yes,1175.005,1175.685,finalized,commod15min_v34b_settlements.csv,26OCT012130
2026-10-02T01:45:05.719822+00:00,KXETH15M-26OCT012145-45,ETH,2026-10-02T01:45:00Z,yes,2699.59,2699.7,determined,commod15min_v34b_settlements.csv,26OCT012145
2026-10-02T01:45:05.753377+00:00,KXDOGE15M-26OCT012145-45,DOGE,2026-10-02T01:45:00Z,no,0.093419,0.0932852,determined,commod15min_v34b_settlements.csv,26OCT012145
2026-10-02T01:45:06.467064+00:00,KXBTC15M-26OCT012145-45,BTC,2026-10-02T01:45:00Z,no,84580.64,84553.06,determined,commod15min_v34b_settlements.csv,26OCT012145
2026-10-02T01:45:15.662157+00:00,KXSOL15M-26OCT012145-45,SOL,2026-10-02T01:45:00Z,no,118.7487,118.6318,finalized,commod15min_v34b_settlements.csv,26OCT012145
2026-10-02T01:45:16.869804+00:00,KXXRP15M-26OCT012145-45,XRP,2026-10-02T01:45:00Z,no,1.4896,1.4868,finalized,commod15min_v34b_settlements.csv,26OCT012145
2026-10-02T01:45:26.063494+00:00,KXGOLD15M-26OCT012145-45,GOLD,2026-10-02T01:45:00Z,no,4150.11,4149.31,determined,commod15min_v34b_settlements.csv,26OCT012145
2026-10-02T01:45:26.595547+00:00,KXWTI15M-26OCT012145-45,WTI,2026-10-02T01:45:00Z,yes,92.92,92.92,determined,commod15min_v34b_settlements.csv,26OCT012145
2026-10-02T01:45:26.630028+00:00,KXPLATINUM15M-26OCT012145-45,PLATINUM,2026-10-02T01:45:00Z,no,1718.812,1711.235,finalized,commod15min_v34b_settlements.csv,26OCT012145
2026-10-02T01:45:27.203028+00:00,KXPALLADIUM15M-26OCT012145-45,PALLADIUM,2026-10-02T01:45:00Z,no,1175.685,1165.202,finalized,commod15min_v34b_settlements.csv,26OCT012145
2026-10-02T01:45:36.296903+00:00,KXSILVER15M-26OCT012145-45,SILVER,2026-10-02T01:45:00Z,no,60.416,60.247,finalized,commod15min_v34b_settlements.csv,26OCT012145
2026-10-02T01:45:36.330695+00:00,KXCOPPER15M-26OCT012145-45,COPPER,2026-10-02T01:45:00Z,no,6.54178,6.52844,finalized,commod15min_v34b_settlements.csv,26OCT012145
2026-10-02T02:00:05.511117+00:00,KXXRP15M-26OCT012200-00,XRP,2026-10-02T02:00:00Z,yes,1.4868,1.4967,determined,commod15min_v34b_settlements.csv,26OCT012200
2026-10-02T02:00:06.134754+00:00,KXETH15M-26OCT012200-00,ETH,2026-10-02T02:00:00Z,yes,2699.7,2715.45,determined,commod15min_v34b_settlements.csv,26OCT012200
2026-10-02T02:00:06.171547+00:00,KXDOGE15M-26OCT012200-00,DOGE,2026-10-02T02:00:00Z,yes,0.093285,0.0938589,finalized,commod15min_v34b_settlements.csv,26OCT012200
2026-10-02T02:00:16.099682+00:00,KXBTC15M-26OCT012200-00,BTC,2026-10-02T02:00:00Z,yes,84553.06,84893.21,finalized,commod15min_v34b_settlements.csv,26OCT012200
2026-10-02T02:00:17.252611+00:00,KXSOL15M-26OCT012200-00,SOL,2026-10-02T02:00:00Z,yes,118.6318,119.5067,finalized,commod15min_v34b_settlements.csv,26OCT012200
2026-10-02T02:00:26.452492+00:00,KXSILVER15M-26OCT012200-00,SILVER,2026-10-02T02:00:00Z,yes,60.247,60.459,determined,commod15min_v34b_settlements.csv,26OCT012200
2026-10-02T02:00:27.021943+00:00,KXPALLADIUM15M-26OCT012200-00,PALLADIUM,2026-10-02T02:00:00Z,yes,1165.202,1171.735,determined,commod15min_v34b_settlements.csv,26OCT012200
2026-10-02T02:00:27.597357+00:00,KXPLATINUM15M-26OCT012200-00,PLATINUM,2026-10-02T02:00:00Z,yes,1711.235,1717.834,determined,commod15min_v34b_settlements.csv,26OCT012200
2026-10-02T02:00:27.631983+00:00,KXCOPPER15M-26OCT012200-00,COPPER,2026-10-02T02:00:00Z,yes,6.52844,6.53807,finalized,commod15min_v34b_settlements.csv,26OCT012200
2026-10-02T02:00:36.226458+00:00,KXWTI15M-26OCT012200-00,WTI,2026-10-02T02:00:00Z,yes,92.92,92.95,finalized,commod15min_v34b_settlements.csv,26OCT012200
2026-10-02T02:00:37.260829+00:00,KXGOLD15M-26OCT012200-00,GOLD,2026-10-02T02:00:00Z,yes,4149.31,4151.61,finalized,commod15min_v34b_settlements.csv,26OCT012200
2026-10-02T02:15:05.243513+00:00,KXBTC15M-26OCT012215-15,BTC,2026-10-02T02:15:00Z,yes,84893.21,85065.02,determined,commod15min_v34b_settlements.csv,26OCT012215
2026-10-02T02:15:05.875990+00:00,KXETH15M-26OCT012215-15,ETH,2026-10-02T02:15:00Z,yes,2715.45,2718.7,determined,commod15min_v34b_settlements.csv,26OCT012215
2026-10-02T02:15:05.911450+00:00,KXSOL15M-26OCT012215-15,SOL,2026-10-02T02:15:00Z,yes,119.5067,119.9813,finalized,commod15min_v34b_settlements.csv,26OCT012215
2026-10-02T02:15:06.522966+00:00,KXDOGE15M-26OCT012215-15,DOGE,2026-10-02T02:15:00Z,yes,0.093858,0.0941365,determined,commod15min_v34b_settlements.csv,26OCT012215
2026-10-02T02:15:15.755690+00:00,KXXRP15M-26OCT012215-15,XRP,2026-10-02T02:15:00Z,yes,1.4967,1.5011,finalized,commod15min_v34b_settlements.csv,26OCT012215
2026-10-02T02:15:26.036522+00:00,KXCOPPER15M-26OCT012215-15,COPPER,2026-10-02T02:15:00Z,no,6.53807,6.53523,determined,commod15min_v34b_settlements.csv,26OCT012215
2026-10-02T02:15:26.069725+00:00,KXGOLD15M-26OCT012215-15,GOLD,2026-10-02T02:15:00Z,yes,4151.61,4154.03,determined,commod15min_v34b_settlements.csv,26OCT012215
2026-10-02T02:15:26.606676+00:00,KXSILVER15M-26OCT012215-15,SILVER,2026-10-02T02:15:00Z,yes,60.459,60.563,determined,commod15min_v34b_settlements.csv,26OCT012215
2026-10-02T02:15:26.638666+00:00,KXWTI15M-26OCT012215-15,WTI,2026-10-02T02:15:00Z,no,92.95,92.82,finalized,commod15min_v34b_settlements.csv,26OCT012215
2026-10-02T02:15:27.176742+00:00,KXPALLADIUM15M-26OCT012215-15,PALLADIUM,2026-10-02T02:15:00Z,yes,1171.735,1176.324,determined,commod15min_v34b_settlements.csv,26OCT012215
2026-10-02T02:15:27.210506+00:00,KXPLATINUM15M-26OCT012215-15,PLATINUM,2026-10-02T02:15:00Z,yes,1717.834,1722.556,finalized,commod15min_v34b_settlements.csv,26OCT012215
