window,asset,class,mode,trade_no,side,buy_iso,buy_s2c,buy_px,sell_iso,sell_s2c,sell_px,result,reason,lowest_bid_held,fees_c,net_c,run_net_c,minute_in_market,spread_c,side_mid_c,dir30_c,dir60_c,range60_c,ticks60,open_side_mid_c,open_seen_s2c,open_lean_c,spot_px,strike,spot_dist_pct,spot_chg30_pct,spot_chg60_pct,btc_chg60_pct,open_positions,cycle_bought_before,prev_result_same_asset,book_bid_qty,book_ask_qty,book_bid_qty3,book_ask_qty3
KXSOL15M-26OCT040930-30,SOL,crypto,PAPER,1,NO,2026-10-04T13:15:30.176222+00:00,869.8,40,2026-10-04T13:17:33.175296+00:00,746.8,55,,sold,32,35,115,115,0,2,39.0,,,13.5,29,45.5,878.8,4.5,121.48,121.4603,-0.0162,-0.0247,-0.0247,0.0053,1,1,none yet,367.0,10.0,1099.01,397.0
KXDOGE15M-26OCT040930-30,DOGE,crypto,PAPER,1,NO,2026-10-04T13:17:22.176926+00:00,757.8,41,2026-10-04T13:19:58.176289+00:00,601.8,55,,sold,37,35,105,220,2,4,39.0,13.0,12.5,15.5,54,36.5,857.8,13.5,,,,,,0.0329,4,4,none yet,390.0,0.0,1542.65,0.0
KXXRP15M-26OCT040930-30,XRP,crypto,PAPER,1,NO,2026-10-04T13:15:21.020179+00:00,879.0,42,2026-10-04T13:20:00.175658+00:00,599.8,58,,sold,13,36,124,344,0,2,41.0,,,6.5,19,,,,1.4999,1.4996,-0.02,-0.0,-0.0,0.0076,0,0,none yet,,,,
KXBTC15M-26OCT040930-30,BTC,crypto,PAPER,1,NO,2026-10-04T13:15:36.176499+00:00,863.8,39,,,0,yes,settled,0,17,-407,-63,0,1,38.5,-9.0,,9.0,30,45.5,872.8,4.5,85161.89,85153.13,-0.0103,-0.0016,-0.0016,0.0016,2,2,none yet,0.0,6461.82,0.0,8768.17
KXETH15M-26OCT040930-30,ETH,crypto,PAPER,1,NO,2026-10-04T13:15:37.176980+00:00,862.8,41,,,0,yes,settled,0,17,-427,-490,0,1,40.5,-9.0,,12.5,26,46.5,867.8,3.5,2697.65,2696.85,-0.0297,-0.0193,-0.0193,0.013,3,3,none yet,0.0,0.0,205.99,241.92
KXETH15M-26OCT040945-45,ETH,crypto,PAPER,1,NO,2026-10-04T13:30:54.180577+00:00,845.8,39,2026-10-04T13:35:33.175777+00:00,566.8,61,,sold,22,34,186,-304,0,1,38.5,-8.0,,10.0,40,46.0,874.8,4.0,,,,,,0.0,2,2,loss,0.0,545.0,0.0,1581.0
KXXRP15M-26OCT040945-45,XRP,crypto,PAPER,1,NO,2026-10-04T13:31:03.178423+00:00,836.8,41,2026-10-04T13:35:41.175225+00:00,558.8,55,,sold,21,35,105,-199,1,1,40.5,-9.0,,12.0,32,49.0,859.8,1.0,1.5018,1.5012,-0.04,-0.0133,-0.0133,0.0214,4,4,win,0.0,9.0,200.0,502.0
KXBTC15M-26OCT040945-45,BTC,crypto,PAPER,1,NO,2026-10-04T13:30:54.177824+00:00,845.8,40,2026-10-04T13:41:15.177905+00:00,224.8,55,,sold,3,35,115,-84,0,1,39.5,-10.0,,10.0,30,48.5,864.8,1.5,85216.77,85211.39,-0.0063,-0.0,-0.0,0.0,1,1,loss,0.0,1250.0,0.0,10107.14
KXDOGE15M-26OCT040945-45,DOGE,crypto,PAPER,1,NO,2026-10-04T13:30:55.178810+00:00,844.8,39,,,0,yes,settled,0,17,-407,-491,0,1,38.5,-16.5,,16.5,36,47.5,869.8,2.5,,,,,,0.0,3,3,win,70.0,93.0,266.01,835.0
KXSOL15M-26OCT040945-45,SOL,crypto,PAPER,1,NO,2026-10-04T13:30:13.868801+00:00,886.1,38,,,0,yes,settled,0,17,-397,-888,0,1,37.5,,,8.0,10,,,,121.62,121.56,-0.0494,-0.0494,-0.0823,0.0072,1,0,win,,,,
KXETH15M-26OCT041000-00,ETH,crypto,PAPER,1,YES,2026-10-04T13:46:05.177608+00:00,834.8,42,2026-10-04T13:46:11.175869+00:00,828.8,65,,sold,40,34,196,-692,1,1,41.5,-5.0,-5.0,7.0,49,48.5,871.8,1.5,2697.22,2697.7,-0.0178,-0.0133,-0.0022,-0.0111,3,3,win,0.0,6.0,1142.37,552.9
KXBTC15M-26OCT041000-00,BTC,crypto,PAPER,1,YES,2026-10-04T13:45:55.177908+00:00,844.8,42,2026-10-04T13:46:11.179762+00:00,828.8,62,,sold,36,35,165,-527,0,1,41.5,-3.0,,7.0,28,43.5,855.8,6.5,85204.01,85221.14,-0.0201,-0.0066,-0.0064,-0.0064,2,2,win,0.0,8375.81,0.0,13828.86
KXSOL15M-26OCT041000-00,SOL,crypto,PAPER,1,YES,2026-10-04T13:45:41.177288+00:00,858.8,41,2026-10-04T13:46:11.182806+00:00,828.8,57,,sold,37,35,125,-402,0,1,40.5,-2.0,,5.0,17,42.5,860.8,7.5,121.58,121.6302,-0.0413,0.0,-0.0164,-0.0019,0,0,loss,8.0,68.0,751.0,798.0
KXXRP15M-26OCT041000-00,XRP,crypto,PAPER,1,YES,2026-10-04T13:45:52.177293+00:00,847.8,40,2026-10-04T13:46:11.183540+00:00,828.8,57,,sold,27,35,135,-267,0,1,39.5,-9.0,,10.0,49,47.5,881.8,2.5,1.5016,1.5018,-0.0133,-0.0067,-0.0133,0.0021,1,1,win,0.0,29.0,8.0,520.0
KXBTC15M-26OCT041015-15,BTC,crypto,PAPER,1,YES,2026-10-04T14:01:24.182645+00:00,815.8,42,2026-10-04T14:02:46.176293+00:00,733.8,55,,sold,41,36,94,-173,1,1,41.5,-3.0,-10.0,10.0,60,51.5,887.8,1.5,85224.79,85235.33,-0.0124,0.0,-0.0107,-0.0107,2,2,win,0.0,4774.89,0.0,8355.79
KXDOGE15M-26OCT041015-15,DOGE,crypto,PAPER,1,NO,2026-10-04T14:00:32.021291+00:00,868.0,40,2026-10-04T14:03:03.176444+00:00,716.8,60,,sold,33,34,166,-7,0,1,39.5,-9.0,,13.5,11,,,,0.0936,0.0936,-0.015,-0.0321,-0.0214,0.0,0,0,loss,,,,
KXSOL15M-26OCT041015-15,SOL,crypto,PAPER,1,YES,2026-10-04T14:02:22.178406+00:00,757.8,40,2026-10-04T14:05:07.178123+00:00,592.8,59,,sold,27,34,156,149,2,1,39.5,-5.0,-8.0,9.0,52,50.5,867.8,0.5,121.66,121.706,-0.0378,-0.0164,-0.0247,0.0,3,3,win,0.0,381.01,1.0,1112.01
KXETH15M-26OCT041015-15,ETH,crypto,PAPER,1,YES,2026-10-04T14:00:38.178465+00:00,861.8,41,,,0,no,settled,0,17,-427,-278,0,1,40.5,-15.0,,15.0,12,40.5,861.8,9.5,2698.38,2698.82,-0.0163,-0.0215,-0.0207,-0.0,1,1,win,514.0,154.0,1561.11,673.0
KXXRP15M-26OCT041015-15,XRP,crypto,PAPER,1,YES,2026-10-04T14:06:04.179216+00:00,535.8,39,,,0,no,settled,0,17,-407,-685,6,2,38.0,14.5,14.5,15.5,58,45.0,872.8,5.0,1.5007,1.5011,-0.0266,0.0333,0.04,0.0142,1,4,win,0.0,0.0,409.0,0.0
KXXRP15M-26OCT041030-30,XRP,crypto,PAPER,1,NO,2026-10-04T14:15:48.179914+00:00,851.8,41,2026-10-04T14:15:59.175361+00:00,840.8,57,,sold,40,35,125,-560,0,1,40.5,-5.0,,5.0,42,45.0,884.8,5.0,,,,,,-0.0054,0,0,loss,0.0,15.87,247.0,533.87
KXDOGE15M-26OCT041030-30,DOGE,crypto,PAPER,1,YES,2026-10-04T14:16:19.178210+00:00,820.8,42,2026-10-04T14:18:19.175279+00:00,700.8,55,,sold,39,36,94,-466,1,1,41.5,-3.5,-9.0,9.0,56,49.5,879.8,0.5,,,,,,-0.0204,3,4,win,0.0,20.0,289.0,110.0
KXETH15M-26OCT041030-30,ETH,crypto,PAPER,1,YES,2026-10-04T14:15:59.179398+00:00,840.8,41,,,0,no,settled,0,17,-427,-893,0,1,40.5,-9.0,,12.0,37,50.5,868.8,0.5,2696.34,2696.34,0.0,-0.003,-0.003,-0.0151,0,1,loss,0.0,441.05,108.0,1624.05
KXBTC15M-26OCT041030-30,BTC,crypto,PAPER,1,YES,2026-10-04T14:16:07.178763+00:00,832.8,40,,,0,no,settled,0,17,-417,-1310,1,1,39.5,-9.0,-12.0,12.0,61,51.5,884.8,1.5,85188.06,85199.51,-0.0134,-0.0099,-0.0118,-0.0118,2,3,win,0.0,8172.47,0.0,10901.77
KXSOL15M-26OCT041030-30,SOL,crypto,PAPER,1,YES,2026-10-04T14:16:01.179000+00:00,838.8,42,,,0,no,settled,0,18,-438,-1748,1,1,41.5,-6.0,,9.5,42,46.5,879.8,3.5,121.61,121.6618,-0.0426,-0.0164,-0.0164,-0.0152,1,2,win,0.0,356.0,30.0,1086.31
KXBTC15M-26OCT041045-45,BTC,crypto,PAPER,1,NO,2026-10-04T14:31:16.178913+00:00,823.8,38,2026-10-04T14:35:27.176437+00:00,572.8,59,,sold,34,34,176,-1572,1,1,37.5,-11.0,,13.0,59,48.5,881.8,1.5,85179.25,85169.62,-0.0113,-0.0111,-0.0111,0.0111,2,2,loss,0.0,5489.43,0.0,9529.54
KXXRP15M-26OCT041045-45,XRP,crypto,PAPER,1,NO,2026-10-04T14:30:02.524260+00:00,897.5,42,2026-10-04T14:37:09.176599+00:00,470.8,55,,sold,10,36,94,-1478,0,1,41.5,,,,0,,,,,,,,,-0.0,3,0,win,,,,
KXDOGE15M-26OCT041045-45,DOGE,crypto,PAPER,1,NO,2026-10-04T14:31:25.177658+00:00,814.8,40,2026-10-04T14:37:11.175527+00:00,468.8,62,,sold,9,34,186,-1292,1,1,39.5,-14.0,,14.5,38,53.5,860.8,3.5,0.0936,0.0936,-0.0064,-0.0214,-0.0641,0.0263,3,3,win,0.0,108.0,0.0,421.0
KXETH15M-26OCT041045-45,ETH,crypto,PAPER,1,NO,2026-10-04T14:32:38.177452+00:00,741.8,42,2026-10-04T14:37:11.176425+00:00,468.8,62,,sold,6,35,165,-1127,2,1,41.5,-2.0,-4.0,5.5,56,48.5,881.8,1.5,2696.41,2695.94,-0.0174,-0.0,-0.0004,-0.0,4,4,loss,0.0,518.64,0.0,1696.39
KXSOL15M-26OCT041045-45,SOL,crypto,PAPER,1,NO,2026-10-04T14:30:18.178005+00:00,881.8,41,2026-10-04T14:40:01.175313+00:00,298.8,58,,sold,7,35,135,-992,0,1,40.5,,,0.0,1,40.5,881.8,9.5,121.48,121.4677,-0.0101,-0.0,-0.0494,0.0025,1,1,loss,10.0,374.77,465.9,1104.78
KXDOGE15M-26OCT041100-00,DOGE,crypto,PAPER,1,YES,2026-10-04T14:45:44.178103+00:00,855.8,42,2026-10-04T14:45:57.176151+00:00,842.8,60,,sold,41,35,145,-847,0,1,41.5,-4.0,,4.0,21,42.5,861.8,7.5,,,,,,0.0,2,2,win,173.0,57.77,610.16,383.77
KXXRP15M-26OCT041100-00,XRP,crypto,PAPER,1,NO,2026-10-04T14:45:49.179122+00:00,850.8,39,2026-10-04T14:47:04.175538+00:00,775.8,59,,sold,31,34,166,-681,0,1,38.5,-9.5,,12.5,48,48.5,882.8,1.5,1.4999,1.4997,-0.0133,-0.02,-0.02,-0.0,3,3,win,1.0,26.0,92.01,547.0
KXSOL15M-26OCT041100-00,SOL,crypto,PAPER,1,YES,2026-10-04T14:45:38.178447+00:00,861.8,39,2026-10-04T14:47:08.174883+00:00,771.8,58,,sold,22,35,155,-526,0,1,38.5,-9.0,,11.5,16,38.5,861.8,11.5,,,,,,-0.0048,0,0,win,358.0,20.13,1168.0,483.13
KXBTC15M-26OCT041100-00,BTC,crypto,PAPER,1,YES,2026-10-04T14:46:29.179988+00:00,810.8,42,2026-10-04T14:47:18.175607+00:00,761.8,55,,sold,23,36,94,-432,1,1,41.5,-9.0,-7.0,9.0,60,48.5,882.8,1.5,85113.74,85125.9,-0.0143,-0.0042,-0.0041,-0.0041,3,4,win,0.0,6825.13,0.0,9937.27
KXETH15M-26OCT041100-00,ETH,crypto,PAPER,1,YES,2026-10-04T14:45:41.177923+00:00,858.8,41,2026-10-04T14:52:15.177485+00:00,464.8,55,,sold,13,35,105,-327,0,1,40.5,-4.0,,13.5,20,46.5,861.8,3.5,2694.64,2694.76,-0.0045,-0.0007,-0.0093,-0.0048,1,1,win,5.33,481.58,845.33,1367.96
KXBTC15M-26OCT041115-15,BTC,crypto,PAPER,1,NO,2026-10-04T15:01:42.185146+00:00,797.8,38,2026-10-04T15:02:17.178111+00:00,762.8,56,,sold,37,35,145,-182,1,1,37.5,-11.0,-12.0,14.0,60,49.5,867.8,0.5,85292.99,85266.07,-0.0316,-0.0195,-0.0195,0.0195,4,4,win,0.0,1304.15,0.0,4963.15
KXXRP15M-26OCT041115-15,XRP,crypto,PAPER,1,YES,2026-10-04T15:01:11.179640+00:00,828.8,42,2026-10-04T15:03:01.177346+00:00,718.8,56,,sold,25,36,104,-78,1,1,41.5,-7.5,-6.0,16.0,45,48.5,862.8,1.5,1.5021,1.5024,-0.02,-0.0067,-0.0067,0.0,2,2,win,0.0,391.76,0.0,468.76
KXSOL15M-26OCT041115-15,SOL,crypto,PAPER,1,NO,2026-10-04T15:00:41.687744+00:00,858.3,41,2026-10-04T15:06:04.177316+00:00,535.8,56,,sold,18,35,115,37,0,1,40.5,-5.0,,13.5,18,,,,121.85,121.819,-0.0254,-0.0082,-0.0082,0.0,1,1,win,,,,
KXETH15M-26OCT041115-15,ETH,crypto,PAPER,1,NO,2026-10-04T15:01:41.185206+00:00,798.8,39,2026-10-04T15:06:48.175285+00:00,491.8,56,,sold,7,35,135,172,1,1,38.5,-9.0,-11.0,13.0,58,49.0,872.8,1.0,2697.78,2697.23,-0.0204,-0.0089,-0.0119,0.0065,3,3,win,0.0,722.0,0.0,1785.0
KXDOGE15M-26OCT041115-15,DOGE,crypto,PAPER,1,NO,2026-10-04T15:00:29.178463+00:00,870.8,39,,,0,yes,settled,0,17,-407,-235,0,1,38.5,,,21.0,25,47.0,878.8,3.0,0.094,0.094,-0.0489,-0.0745,-0.0532,0.0,0,0,win,0.0,11.0,292.0,106.0
KXDOGE15M-26OCT041130-30,DOGE,crypto,PAPER,1,YES,2026-10-04T15:15:56.184459+00:00,843.8,39,2026-10-04T15:16:30.177409+00:00,809.8,57,,sold,38,35,145,-90,0,1,38.5,-6.0,,17.5,47,46.5,879.8,3.5,0.0942,0.0943,-0.0605,-0.0742,-0.0848,0.0141,2,2,loss,0.0,18.0,68.0,1005.67
KXETH15M-26OCT041130-30,ETH,crypto,PAPER,1,NO,2026-10-04T15:15:38.180821+00:00,861.8,42,2026-10-04T15:16:42.177450+00:00,797.8,57,,sold,39,36,114,24,0,3,40.5,-1.0,,8.0,35,47.5,885.7,2.5,2699.09,2698.38,-0.0263,0.0004,-0.0233,0.0329,1,1,win,0.0,539.0,604.0,2008.14
KXSOL15M-26OCT041130-30,SOL,crypto,PAPER,1,YES,2026-10-04T15:15:56.191390+00:00,843.8,42,2026-10-04T15:19:34.176197+00:00,625.8,59,,sold,31,35,135,159,0,2,41.0,-7.0,,15.5,32,50.5,863.8,0.5,121.89,121.9258,-0.0294,-0.0246,-0.0328,0.0141,3,3,win,0.0,10.0,730.0,382.0
KXXRP15M-26OCT041130-30,XRP,crypto,PAPER,1,NO,2026-10-04T15:16:32.180423+00:00,807.8,42,2026-10-04T15:25:31.176384+00:00,268.8,61,,sold,6,35,155,314,1,1,41.5,-15.0,-11.0,16.5,52,49.5,859.8,0.5,1.5064,1.5058,-0.0398,-0.0332,-0.0332,-0.0123,3,4,win,0.0,16.0,0.0,597.36
KXBTC15M-26OCT041130-30,BTC,crypto,PAPER,1,NO,2026-10-04T15:15:25.182484+00:00,874.8,42,2026-10-04T15:25:33.176903+00:00,266.8,57,,sold,7,36,114,428,0,1,41.5,,,4.0,12,41.5,874.8,8.5,85347.4,85320.6,-0.0314,-0.019,-0.0248,0.0248,0,0,win,5311.85,5838.33,8656.85,11030.33
KXDOGE15M-26OCT041145-45,DOGE,crypto,PAPER,1,YES,2026-10-04T15:30:32.734734+00:00,867.3,40,2026-10-04T15:31:20.176733+00:00,819.8,55,,sold,39,35,115,543,0,1,39.5,,,1.0,6,,,,,,,,,-0.0008,1,1,win,,,,
KXXRP15M-26OCT041145-45,XRP,crypto,PAPER,1,YES,2026-10-04T15:30:12.074659+00:00,887.9,42,2026-10-04T15:31:24.176594+00:00,815.8,55,,sold,41,36,94,637,0,1,41.5,,,1.0,10,,,,1.5049,1.5055,-0.0399,-0.0199,-0.0465,-0.0223,0,0,win,,,,
KXSOL15M-26OCT041145-45,SOL,crypto,PAPER,1,YES,2026-10-04T15:31:15.181194+00:00,824.8,41,2026-10-04T15:32:06.177413+00:00,773.8,55,,sold,39,35,105,742,1,2,40.0,-7.5,-4.0,11.5,50,50.5,876.8,0.5,121.67,121.726,-0.046,-0.0082,-0.0247,-0.0411,4,4,win,14.97,362.0,981.97,1020.98
KXETH15M-26OCT041145-45,ETH,crypto,PAPER,1,YES,2026-10-04T15:30:44.179465+00:00,855.8,41,2026-10-04T15:32:11.176632+00:00,768.8,55,,sold,34,35,105,847,0,1,40.5,-5.0,,13.0,36,52.5,881.8,2.5,2698.91,2699.27,-0.0133,0.0015,0.0015,-0.0151,3,3,win,0.0,5.0,464.0,105.0
KXBTC15M-26OCT041145-45,BTC,crypto,PAPER,1,YES,2026-10-04T15:30:43.180190+00:00,856.8,42,2026-10-04T15:41:01.176176+00:00,238.8,58,,sold,21,36,124,971,0,1,41.5,-4.0,,8.0,31,48.5,876.8,1.5,85299.43,85315.71,-0.0191,-0.0072,-0.0133,-0.0133,2,2,win,0.0,7331.8,0.0,11531.8
KXDOGE15M-26OCT041200-00,DOGE,crypto,PAPER,1,YES,2026-10-04T15:45:29.680293+00:00,870.3,42,2026-10-04T15:48:03.177199+00:00,716.8,58,,sold,36,36,124,1095,0,1,41.5,,,1.0,9,,,,0.0943,0.0943,-0.0403,-0.0424,-0.0106,0.0015,0,0,win,,,,
KXXRP15M-26OCT041200-00,XRP,crypto,PAPER,1,YES,2026-10-04T15:47:25.179345+00:00,754.8,42,2026-10-04T15:48:06.176381+00:00,713.8,59,,sold,36,35,135,1230,2,1,41.5,-4.5,-6.5,10.0,59,51.5,859.8,1.5,1.5035,1.5039,-0.0266,-0.0199,-0.0133,-0.0035,3,3,win,0.0,23.0,54.0,514.0
KXSOL15M-26OCT041200-00,SOL,crypto,PAPER,1,YES,2026-10-04T15:45:46.179656+00:00,853.8,42,2026-10-04T15:48:28.176206+00:00,691.8,55,,sold,33,36,94,1324,0,1,41.5,-2.0,,6.0,20,46.5,864.8,3.5,121.66,121.6853,-0.0208,0.0082,-0.0247,-0.0062,1,1,win,0.0,360.0,42.0,1167.0
KXBTC15M-26OCT041200-00,BTC,crypto,PAPER,1,NO,2026-10-04T15:47:59.183200+00:00,720.8,42,2026-10-04T15:54:43.176490+00:00,316.8,55,,sold,17,36,94,1418,2,1,41.5,-11.0,-8.0,12.0,60,50.5,854.8,0.5,85339.63,85329.37,-0.012,-0.009,-0.0055,0.0055,4,4,win,0.0,6456.38,0.0,10250.78
KXETH15M-26OCT041200-00,ETH,crypto,PAPER,1,NO,2026-10-04T15:46:03.181290+00:00,836.8,42,,,0,yes,settled,0,18,-438,980,1,1,41.5,-7.0,,9.0,59,49.5,885.8,0.5,2698.78,2698.4,-0.0141,-0.0115,-0.0115,0.0015,2,2,win,0.0,46.0,0.0,1061.0
KXXRP15M-26OCT041215-15,XRP,crypto,PAPER,1,YES,2026-10-04T16:00:37.680826+00:00,862.3,42,2026-10-04T16:00:58.179738+00:00,841.8,55,,sold,42,36,94,1074,0,1,41.5,0.0,,3.0,16,,,,1.5052,1.5052,0.0,0.0266,0.0,-0.0212,1,1,win,,,,
KXDOGE15M-26OCT041215-15,DOGE,crypto,PAPER,1,NO,2026-10-04T16:00:58.178405+00:00,841.8,41,2026-10-04T16:01:48.175330+00:00,791.8,55,,sold,35,35,105,1179,0,1,40.5,-5.5,,17.5,53,50.0,882.7,0.0,,,,,,0.0156,4,4,win,0.0,275.0,2.0,402.0
KXSOL15M-26OCT041215-15,SOL,crypto,PAPER,1,NO,2026-10-04T16:00:51.181920+00:00,848.8,42,2026-10-04T16:02:20.177533+00:00,759.8,57,,sold,31,36,114,1293,0,1,41.5,-7.0,,11.0,47,50.5,882.7,0.5,121.56,121.5668,0.0056,-0.0,-0.0082,0.0102,3,3,win,0.0,10.0,810.36,112.0
KXBTC15M-26OCT041215-15,BTC,crypto,PAPER,1,YES,2026-10-04T16:00:47.899665+00:00,852.1,38,2026-10-04T16:10:23.176027+00:00,276.8,55,,sold,7,35,135,1428,0,1,37.5,0.0,,4.0,17,,,,85254.98,85275.02,-0.0235,0.0068,0.0102,0.0102,2,2,win,,,,
KXETH15M-26OCT041215-15,ETH,crypto,PAPER,1,YES,2026-10-04T16:00:32.549126+00:00,867.5,41,2026-10-04T16:10:25.174712+00:00,274.8,58,,sold,5,35,135,1563,0,1,40.5,-1.5,,3.0,17,,,,2699.04,2699.08,-0.0015,0.02,-0.0011,-0.0224,0,0,loss,,,,
KXETH15M-26OCT041230-30,ETH,crypto,PAPER,1,NO,2026-10-04T16:15:50.180491+00:00,849.8,40,2026-10-04T16:17:46.176094+00:00,733.8,59,,sold,38,34,156,1719,0,1,39.5,-5.0,,15.0,25,32.5,863.8,17.5,2700.37,2699.58,-0.0293,-0.0119,-0.0352,0.037,3,3,win,508.0,0.0,1888.87,0.0
KXSOL15M-26OCT041230-30,SOL,crypto,PAPER,1,NO,2026-10-04T16:15:28.180791+00:00,871.8,42,2026-10-04T16:17:50.175436+00:00,729.8,58,,sold,27,36,124,1843,0,1,41.5,,,9.0,18,47.5,878.8,2.5,,,,-0.0329,-0.0329,0.0236,1,1,win,18.0,6.0,817.01,861.0
KXDOGE15M-26OCT041230-30,DOGE,crypto,PAPER,1,NO,2026-10-04T16:15:17.183643+00:00,882.8,42,2026-10-04T16:17:50.176313+00:00,729.8,56,,sold,37,36,104,1947,0,1,41.5,,,7.0,10,44.5,883.8,5.5,,,,,,0.0075,0,0,win,19.0,61.0,86.01,222.18
KXBTC15M-26OCT041230-30,BTC,crypto,PAPER,1,NO,2026-10-04T16:15:40.746245+00:00,859.3,42,2026-10-04T16:17:50.177372+00:00,729.8,57,,sold,28,36,114,2061,0,1,41.5,2.0,,3.0,10,,,,85292.98,85269.54,-0.0275,-0.0102,-0.0317,0.0317,2,2,win,,,,
KXXRP15M-26OCT041230-30,XRP,crypto,PAPER,1,NO,2026-10-04T16:16:07.179645+00:00,832.8,41,2026-10-04T16:20:38.177235+00:00,561.8,56,,sold,26,35,115,2176,1,1,40.5,12.0,-7.0,20.0,50,43.5,873.8,6.5,1.5045,1.5039,-0.0399,0.0266,-0.0066,-0.0145,4,4,win,35.0,0.0,689.0,0.0
KXDOGE15M-26OCT041245-45,DOGE,crypto,PAPER,1,NO,2026-10-04T16:30:36.182665+00:00,863.8,41,2026-10-04T16:38:12.178182+00:00,407.8,56,,sold,5,35,115,2291,0,1,40.5,-18.0,,18.0,32,48.0,876.8,2.0,,,,,,0.025,2,2,win,19.71,242.0,245.72,974.0
KXXRP15M-26OCT041245-45,XRP,crypto,PAPER,1,NO,2026-10-04T16:30:56.182836+00:00,843.8,39,,,0,yes,settled,0,17,-407,1884,0,1,38.5,-7.0,,21.0,31,28.5,855.8,21.5,1.5019,1.501,-0.06,-0.0333,-0.0466,0.0357,3,3,win,654.0,0.0,695.0,0.0
KXBTC15M-26OCT041245-45,BTC,crypto,PAPER,1,NO,2026-10-04T16:30:27.977857+00:00,872.0,40,,,0,yes,settled,0,17,-417,1467,0,1,39.5,,,8.0,20,,,,85249.38,85233.37,-0.0188,-0.0144,-0.0144,0.0144,0,0,win,,,,
KXSOL15M-26OCT041245-45,SOL,crypto,PAPER,1,NO,2026-10-04T16:30:34.187348+00:00,865.8,42,,,0,yes,settled,0,18,-438,1029,0,2,41.0,-6.5,,6.5,20,41.0,865.8,9.0,121.49,121.4813,-0.0072,-0.0,-0.0165,0.025,1,1,win,8.0,371.0,536.12,1149.0
KXDOGE15M-26OCT041300-00,DOGE,crypto,PAPER,1,YES,2026-10-04T16:45:10.042414+00:00,890.0,40,2026-10-04T16:47:21.177554+00:00,758.8,55,,sold,32,35,115,1144,0,1,39.5,,,0.0,5,,,,0.0944,0.0944,-0.0455,-0.0424,-0.0424,-0.0094,3,1,win,,,,
KXETH15M-26OCT041300-00,ETH,crypto,PAPER,1,YES,2026-10-04T16:45:21.184799+00:00,878.8,41,2026-10-04T16:48:06.176250+00:00,713.8,55,,sold,35,35,105,1249,0,1,40.5,,,3.0,6,40.5,878.8,9.5,2703.37,2703.83,-0.017,-0.0074,-0.0226,-0.0,2,2,win,40.0,54.0,1091.0,1089.62
KXSOL15M-26OCT041300-00,SOL,crypto,PAPER,1,YES,2026-10-04T16:45:25.730825+00:00,874.3,41,2026-10-04T16:48:24.176084+00:00,695.8,58,,sold,29,35,135,1384,0,1,40.5,,,1.0,5,,,,121.64,121.6707,-0.0252,-0.0082,-0.0164,-0.0047,3,3,loss,,,,
KXBTC15M-26OCT041300-00,BTC,crypto,PAPER,1,YES,2026-10-04T16:45:47.186293+00:00,852.8,38,2026-10-04T16:48:56.177272+00:00,663.8,55,,sold,37,35,135,1519,0,1,37.5,-8.0,,8.0,6,37.5,852.8,12.5,85319.96,85331.76,-0.0138,-0.014,-0.0182,-0.0182,4,4,loss,6638.59,925.19,10902.3,6543.45
KXXRP15M-26OCT041300-00,XRP,crypto,PAPER,1,YES,2026-10-04T16:45:10.031794+00:00,890.0,40,2026-10-04T16:49:20.176628+00:00,639.8,61,,sold,17,34,176,1695,0,1,39.5,,,1.0,5,,,,,,,-0.0598,-0.0266,-0.0094,2,0,loss,,,,
KXSOL15M-26OCT041315-15,SOL,crypto,PAPER,1,YES,2026-10-04T17:03:03.222470+00:00,716.8,39,2026-10-04T17:04:04.176978+00:00,655.8,57,,sold,36,35,145,1840,3,1,38.5,-3.5,-3.0,14.0,40,,,,121.71,121.7762,-0.0544,-0.0082,-0.0082,-0.0086,0,0,win,,,,
KXXRP15M-26OCT041315-15,XRP,crypto,PAPER,1,YES,2026-10-04T17:03:04.186684+00:00,715.8,38,2026-10-04T17:04:12.177088+00:00,647.8,55,,sold,33,35,135,1975,3,1,37.5,-4.0,-3.0,15.5,43,37.5,715.8,12.5,1.5031,1.5035,-0.0266,0.0,0.0,-0.0086,1,1,win,5.0,308.28,59.0,717.28
KXETH15M-26OCT041315-15,ETH,crypto,PAPER,1,YES,2026-10-04T17:03:52.184911+00:00,667.8,38,2026-10-04T17:05:43.179221+00:00,556.8,56,,sold,37,35,145,2120,3,1,37.5,7.0,4.5,9.0,38,31.0,705.8,19.0,2702.37,2703.08,-0.0263,0.0052,0.0033,0.0095,3,3,win,586.0,0.0,1732.9,24.9
KXBTC15M-26OCT041315-15,BTC,crypto,PAPER,1,NO,2026-10-04T17:03:49.205860+00:00,670.8,41,2026-10-04T17:07:50.175983+00:00,429.8,55,,sold,23,35,105,2225,3,1,40.5,-12.0,-11.0,12.0,60,50.5,731.8,0.5,85368.42,85358.37,-0.0118,-0.0093,-0.0095,0.0095,2,2,win,0.0,5591.0,0.0,10044.72
KXDOGE15M-26OCT041315-15,DOGE,crypto,PAPER,1,NO,2026-10-04T17:04:00.190832+00:00,659.8,42,,,0,yes,settled,0,18,-438,1787,4,1,41.5,-7.0,-3.0,8.5,53,45.5,731.8,4.5,0.0946,0.0945,-0.055,-0.0317,0.0106,0.0091,4,4,win,0.0,610.0,0.06,990.03
KXSOL15M-26OCT041330-30,SOL,crypto,PAPER,1,YES,2026-10-04T17:15:30.184227+00:00,869.8,42,2026-10-04T17:17:05.178050+00:00,774.8,55,,sold,38,36,94,1881,0,1,41.5,,,6.5,29,45.5,882.8,4.5,121.64,121.6833,-0.0356,0.0,-0.0247,0.0,0,0,win,0.0,350.0,128.43,1075.0
KXXRP15M-26OCT041330-30,XRP,crypto,PAPER,1,YES,2026-10-04T17:15:34.182691+00:00,865.8,41,2026-10-04T17:17:53.176205+00:00,726.8,56,,sold,29,35,115,1996,0,1,40.5,-10.0,,19.0,27,42.5,876.8,7.5,1.5014,1.502,-0.0399,-0.0067,-0.0266,0.0,1,1,win,38.0,201.0,110.0,342.0
KXDOGE15M-26OCT041330-30,DOGE,crypto,PAPER,1,NO,2026-10-04T17:15:38.183819+00:00,861.8,41,2026-10-04T17:18:49.176513+00:00,670.8,55,,sold,14,35,105,2101,0,1,40.5,-18.0,,19.0,16,40.5,861.8,9.5,0.0951,0.0951,-0.0715,-0.1263,-0.1052,0.0,2,2,loss,79.38,678.91,348.44,1151.91
KXETH15M-26OCT041330-30,ETH,crypto,PAPER,1,NO,2026-10-04T17:17:46.185231+00:00,733.8,41,2026-10-04T17:19:22.178034+00:00,637.8,56,,sold,34,35,115,2216,2,1,40.5,-7.0,-12.0,11.0,61,48.5,876.8,1.5,2702.67,2702.05,-0.0229,-0.0107,-0.0196,0.0119,3,4,win,0.0,611.0,0.0,2149.0
KXBTC15M-26OCT041330-30,BTC,crypto,PAPER,1,NO,2026-10-04T17:17:44.186126+00:00,735.8,42,,,0,yes,settled,0,18,-438,1778,2,1,41.5,-9.0,-8.0,10.0,60,48.5,882.8,1.5,85317.07,85308.62,-0.0099,-0.0104,-0.0119,0.0119,2,3,win,0.0,1076.94,0.0,7360.54
KXBTC15M-26OCT041345-45,BTC,crypto,PAPER,1,NO,2026-10-04T17:31:22.185032+00:00,817.8,41,2026-10-04T17:34:09.175672+00:00,650.8,56,,sold,31,35,115,1893,1,1,40.5,-4.0,-3.0,5.0,60,43.5,878.7,6.5,85387.2,85370.31,-0.0198,-0.0,-0.0,0.0,1,1,loss,0.0,5512.48,0.0,8926.79
KXDOGE15M-26OCT041345-45,DOGE,crypto,PAPER,1,YES,2026-10-04T17:31:22.194741+00:00,817.8,41,2026-10-04T17:35:32.177295+00:00,567.8,61,,sold,29,34,166,2059,1,1,40.5,-5.5,-6.0,12.5,52,44.5,868.8,5.5,0.0952,0.0952,-0.0599,-0.063,-0.0735,0.0,2,2,win,0.0,54.03,14.03,201.09
KXXRP15M-26OCT041345-45,XRP,crypto,PAPER,1,YES,2026-10-04T17:31:23.187539+00:00,816.8,41,2026-10-04T17:35:33.176170+00:00,566.8,57,,sold,38,35,125,2184,1,1,40.5,-6.0,-12.0,17.0,52,54.5,868.8,4.5,1.5002,1.5006,-0.0267,-0.0067,-0.04,0.0,3,3,win,0.0,449.0,0.0,1085.0
KXETH15M-26OCT041345-45,ETH,crypto,PAPER,1,YES,2026-10-04T17:31:52.190692+00:00,787.8,42,2026-10-04T17:44:42.176198+00:00,17.8,67,,sold,0,34,216,2400,1,1,41.5,-6.5,-4.0,7.0,55,48.5,863.8,1.5,2702.5,2702.86,-0.0133,-0.0104,-0.0011,0.0,4,4,win,0.0,9.44,58.77,950.41
KXSOL15M-26OCT041345-45,SOL,crypto,PAPER,1,YES,2026-10-04T17:31:20.184835+00:00,819.8,42,,,0,no,settled,0,18,-438,1962,1,1,41.5,-3.0,-1.0,6.5,59,42.5,878.7,7.5,121.73,121.7735,-0.0357,-0.0082,-0.0082,0.0137,0,0,win,0.0,356.0,108.1,986.34
KXSOL15M-26OCT041400-00,SOL,crypto,PAPER,1,NO,2026-10-04T17:47:00.195838+00:00,779.8,42,2026-10-04T17:48:52.188446+00:00,667.8,55,,sold,22,36,94,2056,2,1,41.5,13.5,8.0,21.5,60,35.5,860.8,14.5,121.65,121.6517,0.0014,0.0411,0.0164,0.0,3,3,loss,5.0,0.0,469.0,0.0
KXDOGE15M-26OCT041400-00,DOGE,crypto,PAPER,1,NO,2026-10-04T17:45:19.184817+00:00,880.8,42,2026-10-04T17:49:05.177090+00:00,654.8,60,,sold,25,35,145,2201,0,1,41.5,,,19.0,12,41.5,880.8,8.5,0.0961,0.096,-0.1282,-0.0938,-0.1042,0.01,2,2,win,57.07,505.3,76.07,782.3
KXBTC15M-26OCT041400-00,BTC,crypto,PAPER,1,NO,2026-10-04T17:45:13.125761+00:00,886.9,41,2026-10-04T17:49:38.177052+00:00,621.8,55,,sold,17,35,105,2306,0,1,40.5,,,17.0,10,,,,85399.89,85385.92,-0.0164,0.0001,-0.01,0.01,0,0,win,,,,
KXXRP15M-26OCT041400-00,XRP,crypto,PAPER,1,NO,2026-10-04T17:45:17.188243+00:00,882.8,42,2026-10-04T17:51:06.177336+00:00,533.8,55,,sold,14,36,94,2400,0,1,41.5,,,16.5,15,49.5,886.8,0.5,1.5026,1.5024,-0.0133,0.0266,-0.0266,0.01,1,1,win,81.0,16.0,558.01,507.0
KXETH15M-26OCT041400-00,ETH,crypto,PAPER,1,NO,2026-10-04T17:48:52.186846+00:00,667.8,38,2026-10-04T17:52:32.176822+00:00,447.8,60,,sold,20,34,186,2586,3,1,37.5,20.0,18.0,22.0,55,25.5,870.8,24.5,2704.4,2703.03,-0.0507,0.02,0.0144,-0.0538,4,4,win,558.64,0.0,1656.64,0.0
KXDOGE15M-26OCT041415-15,DOGE,crypto,PAPER,1,YES,2026-10-04T18:00:41.190837+00:00,858.8,42,2026-10-04T18:03:33.176695+00:00,686.8,57,,sold,24,36,114,2700,0,1,41.5,0.0,,5.5,26,45.5,867.8,4.5,0.0954,0.0955,-0.0691,0.0314,-0.0838,0.0283,1,1,win,230.0,95.01,399.0,794.01
KXETH15M-26OCT041415-15,ETH,crypto,PAPER,1,YES,2026-10-04T18:00:47.186323+00:00,852.8,42,2026-10-04T18:05:45.177798+00:00,554.8,56,,sold,25,36,104,2804,0,1,41.5,-5.5,,13.0,47,47.0,882.8,3.0,2701.33,2701.6,-0.01,-0.0052,-0.0141,0.0053,3,3,win,0.0,515.0,51.0,1367.24
KXBTC15M-26OCT041415-15,BTC,crypto,PAPER,1,NO,2026-10-04T18:00:43.186545+00:00,856.8,42,2026-10-04T18:07:58.177189+00:00,421.8,55,,sold,24,36,94,2898,0,1,41.5,-5.0,,16.0,28,36.5,867.8,13.5,85311.12,85307.54,-0.0042,-0.0096,-0.0136,0.0136,2,2,win,0.0,0.0,2950.4,3921.02
KXSOL15M-26OCT041415-15,SOL,crypto,PAPER,1,YES,2026-10-04T18:00:26.958324+00:00,873.1,41,,,0,no,settled,0,17,-427,2471,0,2,40.0,,,7.0,16,,,,121.46,121.5012,-0.0339,-0.0165,-0.0247,-0.0009,0,0,win,,,,
KXXRP15M-26OCT041415-15,XRP,crypto,PAPER,1,YES,2026-10-04T18:06:01.188333+00:00,538.8,38,,,0,no,settled,0,17,-397,2074,6,1,37.5,8.0,12.0,23.0,59,33.0,856.8,17.0,1.5007,1.5014,-0.0466,0.02,0.04,0.0134,2,4,win,0.0,0.0,508.0,0.0
KXXRP15M-26OCT041430-30,XRP,crypto,PAPER,1,NO,2026-10-04T18:16:04.192288+00:00,835.8,41,2026-10-04T18:20:03.175784+00:00,596.8,55,,sold,38,35,105,2179,1,2,40.0,-3.5,,9.5,49,47.0,873.8,3.0,1.5006,1.5003,-0.02,-0.0067,-0.02,0.002,4,4,loss,0.0,198.6,573.0,305.6
KXETH15M-26OCT041430-30,ETH,crypto,PAPER,1,NO,2026-10-04T18:15:30.185481+00:00,869.8,41,2026-10-04T18:21:33.177399+00:00,506.8,57,,sold,28,35,125,2304,0,1,40.5,,,7.5,21,47.0,879.8,3.0,2700.96,2700.71,-0.0093,-0.0044,-0.0089,0.0168,0,0,win,0.0,118.0,607.0,1489.0
KXSOL15M-26OCT041430-30,SOL,crypto,PAPER,1,NO,2026-10-04T18:15:43.184306+00:00,856.8,42,2026-10-04T18:21:38.176674+00:00,501.8,55,,sold,18,36,94,2398,0,1,41.5,-7.0,,7.0,37,48.5,884.8,1.5,121.4,121.39,-0.0082,-0.0082,-0.033,0.0168,2,2,loss,27.0,428.0,750.01,1295.89
KXDOGE15M-26OCT041430-30,DOGE,crypto,PAPER,1,NO,2026-10-04T18:15:46.185757+00:00,853.8,42,2026-10-04T18:23:31.176067+00:00,388.8,59,,sold,24,35,135,2533,0,1,41.5,-6.0,,15.0,25,43.0,873.8,7.0,0.0953,0.0953,-0.0283,-0.063,-0.084,0.0168,3,3,win,0.0,44.65,106.0,284.65
KXBTC15M-26OCT041430-30,BTC,crypto,PAPER,1,NO,2026-10-04T18:15:36.191020+00:00,863.8,40,2026-10-04T18:27:01.177136+00:00,178.8,55,,sold,26,35,115,2648,0,1,39.5,-1.0,,4.0,11,39.5,863.8,10.5,85320.48,85305.92,-0.0171,0.0,-0.0168,0.0168,1,1,win,671.42,5159.62,4886.43,12369.8
KXETH15M-26OCT041445-45,ETH,crypto,PAPER,1,NO,2026-10-04T18:30:49.185342+00:00,850.8,39,2026-10-04T18:33:37.180537+00:00,682.8,55,,sold,25,35,125,2773,0,1,38.5,,,0.0,1,38.5,850.8,11.5,2700.93,2700.59,-0.0126,-0.0033,-0.0041,0.0131,2,2,win,2.0,111.0,505.01,1514.0
KXSOL15M-26OCT041445-45,SOL,crypto,PAPER,1,NO,2026-10-04T18:31:29.185123+00:00,810.8,41,2026-10-04T18:33:38.177000+00:00,681.8,59,,sold,25,34,146,2919,1,2,40.0,-8.0,-12.5,13.5,59,51.5,896.8,1.5,,,,,,0.0198,3,3,win,1.0,356.0,400.0,1081.34
KXBTC15M-26OCT041445-45,BTC,crypto,PAPER,1,NO,2026-10-04T18:30:13.187410+00:00,886.8,40,2026-10-04T18:33:38.177802+00:00,681.8,58,,sold,28,35,145,3064,0,1,39.5,,,0.0,1,39.5,886.8,10.5,85318.67,85312.09,-0.0077,-0.006,-0.006,0.006,0,0,win,5972.22,4662.0,8316.48,6927.01
KXDOGE15M-26OCT041445-45,DOGE,crypto,PAPER,1,NO,2026-10-04T18:33:21.187848+00:00,698.8,38,2026-10-04T18:35:01.176481+00:00,598.8,56,,sold,37,35,145,3209,3,1,37.5,10.5,15.5,18.5,60,49.5,891.8,0.5,0.0955,0.0955,-0.088,0.0837,0.1045,-0.0144,4,4,win,0.0,0.0,0.0,0.0
KXXRP15M-26OCT041445-45,XRP,crypto,PAPER,1,NO,2026-10-04T18:30:27.976480+00:00,872.0,42,,,0,yes,settled,0,18,-438,2771,0,1,41.5,,,,0,,,,1.5015,1.5013,-0.0133,-0.0067,-0.02,0.006,1,1,win,,,,
KXXRP15M-26OCT041500-00,XRP,crypto,PAPER,1,NO,2026-10-04T18:45:28.184632+00:00,871.8,41,2026-10-04T18:48:52.176278+00:00,667.8,57,,sold,37,35,125,2896,0,1,40.5,,,8.0,13,48.5,878.8,1.5,1.5023,1.5022,-0.0067,-0.0067,-0.02,0.0064,1,1,loss,0.0,14.9,125.06,715.9
KXSOL15M-26OCT041500-00,SOL,crypto,PAPER,1,NO,2026-10-04T18:46:01.188714+00:00,838.8,42,2026-10-04T18:50:46.175283+00:00,553.8,55,,sold,14,36,94,2990,1,1,41.5,-3.0,,4.0,39,43.5,873.8,6.5,121.52,121.5098,-0.0084,-0.0082,-0.0165,0.0037,2,2,win,371.0,10.0,1093.0,30.0
KXBTC15M-26OCT041500-00,BTC,crypto,PAPER,1,YES,2026-10-04T18:48:51.188261+00:00,668.8,38,2026-10-04T18:54:27.175479+00:00,332.8,59,,sold,30,34,176,3166,3,1,37.5,-17.0,-15.0,17.0,60,56.5,878.8,6.5,85323.14,85335.57,-0.0146,-0.0189,-0.0175,-0.0175,3,3,win,0.0,3137.0,0.0,9175.01
KXETH15M-26OCT041500-00,ETH,crypto,PAPER,1,YES,2026-10-04T18:54:48.184160+00:00,311.8,42,2026-10-04T18:58:58.177219+00:00,61.8,73,,sold,15,32,278,3444,9,1,41.5,15.5,17.0,25.0,60,51.5,863.8,1.5,2701.0,2701.03,-0.0011,0.0056,0.0089,0.0129,1,4,win,0.0,0.0,0.0,0.0
KXDOGE15M-26OCT041500-00,DOGE,crypto,PAPER,1,YES,2026-10-04T18:45:17.184112+00:00,882.8,39,,,0,no,settled,0,17,-407,3037,0,1,38.5,,,7.0,12,45.5,889.8,4.5,0.0954,0.0955,-0.0628,-0.0524,-0.0524,0.0064,0,0,win,1.0,38.77,233.01,342.77
KXXRP15M-26OCT041515-15,XRP,crypto,PAPER,1,NO,2026-10-04T19:00:38.187575+00:00,861.8,38,2026-10-04T19:01:02.174738+00:00,837.8,55,,sold,37,35,135,3172,0,1,37.5,-10.0,,11.0,35,47.5,876.8,2.5,1.5028,1.5025,-0.02,-0.0067,-0.0266,0.006,1,1,win,37.0,9.0,321.01,269.0
KXETH15M-26OCT041515-15,ETH,crypto,PAPER,1,YES,2026-10-04T19:01:02.187772+00:00,837.8,40,2026-10-04T19:01:52.178656+00:00,787.8,68,,sold,34,33,247,3419,1,1,39.5,-8.5,,15.0,53,48.0,870.8,2.0,,,,,,0.0042,1,2,win,0.0,89.0,528.0,1121.92
KXSOL15M-26OCT041515-15,SOL,crypto,PAPER,1,NO,2026-10-04T19:00:35.194702+00:00,864.8,41,,,0,yes,settled,0,17,-427,2992,0,1,40.5,-15.0,,16.0,21,51.0,865.8,1.0,121.49,121.4838,-0.0051,-0.0247,-0.0247,0.005,0,0,win,351.0,15.0,1054.01,430.0
KXBTC15M-26OCT041515-15,BTC,crypto,PAPER,1,NO,2026-10-04T19:02:02.188898+00:00,777.8,41,,,0,yes,settled,0,17,-427,2565,2,1,40.5,-11.0,-10.0,26.0,61,50.5,865.8,0.5,85348.33,85327.74,-0.0241,-0.0232,-0.0193,0.0193,1,3,win,0.0,0.0,0.0,0.0
KXSOL15M-26OCT041530-30,SOL,crypto,PAPER,1,NO,2026-10-04T19:15:31.074761+00:00,868.9,42,2026-10-04T19:16:37.177037+00:00,802.8,55,,sold,36,36,94,2659,0,2,41.0,,,9.5,13,,,,,,,,,0.0059,2,2,loss,,,,
KXBTC15M-26OCT041530-30,BTC,crypto,PAPER,1,NO,2026-10-04T19:15:32.183965+00:00,867.8,41,2026-10-04T19:22:34.175499+00:00,445.8,55,,sold,32,35,105,2764,0,1,40.5,-10.0,,10.0,32,48.5,883.8,1.5,85378.07,85371.53,-0.0077,-0.0059,-0.0059,0.0059,3,3,loss,0.0,855.0,0.0,4290.49
KXXRP15M-26OCT041530-30,XRP,crypto,PAPER,1,NO,2026-10-04T19:15:21.189841+00:00,878.8,42,,,0,yes,settled,0,18,-438,2326,0,2,41.0,,,8.5,16,41.0,878.8,9.0,1.5054,1.5052,-0.0133,-0.0199,-0.0066,0.0,0,0,win,73.0,29.41,233.0,620.41
KXETH15M-26OCT041530-30,ETH,crypto,PAPER,1,NO,2026-10-04T19:15:31.065742+00:00,868.9,42,,,0,yes,settled,0,18,-438,1888,0,1,41.5,,,8.0,15,,,,2701.99,2700.9,-0.0404,-0.0304,-0.0304,0.0059,1,1,win,,,,
KXETH15M-26OCT041545-45,ETH,crypto,PAPER,1,NO,2026-10-04T19:32:09.186014+00:00,770.8,42,2026-10-04T19:32:52.176642+00:00,727.8,56,,sold,22,36,104,1992,2,1,41.5,-4.0,-6.0,29.0,59,46.5,875.8,3.5,2703.35,2702.6,-0.0278,-0.0041,-0.0141,0.0414,4,4,loss,0.0,0.0,492.77,0.0
KXSOL15M-26OCT041545-45,SOL,crypto,PAPER,1,NO,2026-10-04T19:31:34.185815+00:00,805.8,42,2026-10-04T19:32:52.177702+00:00,727.8,56,,sold,23,36,104,2096,1,1,41.5,-6.0,-5.5,7.5,42,49.0,849.8,1.0,121.45,121.441,-0.0074,-0.0082,-0.0165,0.0048,2,2,win,10.0,777.0,779.0,1502.0
KXXRP15M-26OCT041545-45,XRP,crypto,PAPER,1,NO,2026-10-04T19:30:22.190831+00:00,877.8,42,2026-10-04T19:37:12.178512+00:00,467.8,58,,sold,21,36,124,2220,0,2,41.0,,,9.5,20,45.5,881.8,4.5,1.5076,1.5073,-0.0199,-0.0398,-0.0199,0.0132,0,0,loss,0.0,20.0,120.0,618.0
KXDOGE15M-26OCT041545-45,DOGE,crypto,PAPER,1,NO,2026-10-04T19:31:33.187754+00:00,806.8,40,2026-10-04T19:39:32.177981+00:00,327.8,58,,sold,10,35,145,2365,1,1,39.5,-4.0,-3.0,5.5,49,42.5,855.8,7.5,0.0955,0.0955,-0.0492,-0.0209,-0.0209,0.0048,1,1,loss,0.0,51.07,1.0,159.95
KXBTC15M-26OCT041545-45,BTC,crypto,PAPER,1,NO,2026-10-04T19:31:51.201697+00:00,788.8,42,2026-10-04T19:40:41.177641+00:00,258.8,56,,sold,13,36,104,2469,1,1,41.5,-7.0,-8.0,11.0,60,48.5,881.8,1.5,85458.07,85447.0,-0.013,-0.0048,-0.0048,0.0048,3,3,win,0.0,1154.12,3305.01,4096.14
KXXRP15M-26OCT041600-00,XRP,crypto,PAPER,1,NO,2026-10-04T19:45:41.683716+00:00,858.3,40,2026-10-04T19:46:47.176413+00:00,792.8,57,,sold,40,35,135,2604,0,1,39.5,-1.0,,7.0,14,,,,1.5058,1.5058,-0.0,0.0199,-0.0,-0.009,1,1,win,,,,
KXSOL15M-26OCT041600-00,SOL,crypto,PAPER,1,NO,2026-10-04T19:47:02.183992+00:00,777.8,42,2026-10-04T19:50:55.299064+00:00,544.7,59,,sold,26,35,135,2739,2,2,41.0,-10.5,-13.5,13.5,51,48.5,877.8,1.5,121.37,121.3662,-0.0031,-0.0165,-0.0247,0.019,3,4,win,0.0,10.0,0.0,756.0
KXDOGE15M-26OCT041600-00,DOGE,crypto,PAPER,1,NO,2026-10-04T19:45:15.694300+00:00,884.3,42,2026-10-04T19:50:55.300446+00:00,544.7,58,,sold,31,36,124,2863,0,2,41.0,,,1.0,13,,,,,,,,,0.0013,0,0,win,,,,
KXETH15M-26OCT041600-00,ETH,crypto,PAPER,1,NO,2026-10-04T19:47:01.184354+00:00,778.8,38,2026-10-04T19:54:04.176082+00:00,355.8,56,,sold,18,35,145,3008,2,1,37.5,-9.0,-8.5,12.5,61,44.0,883.8,6.0,2702.8,2701.91,-0.0329,-0.0207,-0.0207,0.019,2,3,win,0.0,0.0,1016.52,568.0
KXBTC15M-26OCT041600-00,BTC,crypto,PAPER,1,NO,2026-10-04T19:46:55.190098+00:00,784.8,42,2026-10-04T19:54:11.175569+00:00,348.8,55,,sold,24,36,94,3102,1,1,41.5,-10.0,-11.0,12.0,61,52.5,877.8,2.5,85428.67,85417.94,-0.0126,-0.0171,-0.0171,0.0171,1,2,win,0.0,4932.3,0.0,8245.0
KXBTC15M-26OCT041615-15,BTC,crypto,PAPER,1,YES,2026-10-04T20:01:02.185930+00:00,837.8,39,2026-10-04T20:02:21.180355+00:00,758.8,62,,sold,32,34,196,3298,1,1,38.5,-7.0,,13.0,60,45.5,881.7,4.5,85400.0,85414.8,-0.0173,-0.0134,-0.0253,-0.0253,3,3,win,0.0,4405.51,0.0,6115.43
KXDOGE15M-26OCT041615-15,DOGE,crypto,PAPER,1,YES,2026-10-04T20:01:01.188458+00:00,838.8,42,2026-10-04T20:02:35.176478+00:00,744.8,55,,sold,23,36,94,3392,1,2,41.0,-6.0,,8.0,52,45.0,881.7,5.0,0.0954,0.0954,-0.0325,0.0105,-0.0105,-0.0071,2,2,win,0.0,20.0,1012.0,924.0
KXXRP15M-26OCT041615-15,XRP,crypto,PAPER,1,YES,2026-10-04T20:00:48.188449+00:00,851.8,42,,,0,no,settled,0,18,-438,2954,0,1,41.5,-5.5,,10.0,36,45.5,870.8,4.5,1.5065,1.5069,-0.0265,-0.0133,-0.0265,-0.0071,0,0,win,34.0,30.0,1494.0,1390.0
KXETH15M-26OCT041615-15,ETH,crypto,PAPER,1,YES,2026-10-04T20:00:54.281379+00:00,845.7,38,,,0,no,settled,0,17,-397,2557,0,1,37.5,0.0,,12.5,15,,,,,,,,,-0.0071,1,1,win,,,,
KXXRP15M-26OCT041630-30,XRP,crypto,PAPER,1,NO,2026-10-04T20:15:18.186451+00:00,881.8,42,2026-10-04T20:19:07.176397+00:00,652.8,58,,sold,33,36,124,2681,0,1,41.5,,,8.0,7,42.5,883.8,7.5,1.5064,1.506,-0.0266,-0.0266,-0.0266,0.0203,2,2,loss,58.18,434.0,212.09,496.0
KXSOL15M-26OCT041630-30,SOL,crypto,PAPER,1,NO,2026-10-04T20:15:24.185497+00:00,875.8,42,2026-10-04T20:26:03.175225+00:00,236.8,56,,sold,15,36,104,2785,0,1,41.5,,,4.5,23,45.5,893.8,4.5,,,,-0.0083,-0.0165,0.008,3,3,win,0.0,16.0,31.0,951.0
KXBTC15M-26OCT041630-30,BTC,crypto,PAPER,1,NO,2026-10-04T20:15:05.311773+00:00,894.7,42,,,0,yes,settled,0,18,-438,2347,0,1,41.5,,,0.0,5,,,,85427.18,85415.86,-0.0133,-0.0012,-0.0397,0.0397,2,0,win,,,,
KXETH15M-26OCT041630-30,ETH,crypto,PAPER,1,NO,2026-10-04T20:15:17.185559+00:00,882.8,41,,,0,yes,settled,0,17,-427,1920,0,1,40.5,,,7.0,7,42.5,883.8,7.5,2700.18,2699.89,-0.0107,-0.0,-0.0026,0.0203,1,1,loss,0.0,33.0,594.87,1044.0
KXSOL15M-26OCT041645-45,SOL,crypto,PAPER,1,NO,2026-10-04T20:30:28.187267+00:00,871.8,41,2026-10-04T20:30:59.179597+00:00,840.8,62,,sold,39,34,176,2096,0,1,40.5,,,10.5,16,40.5,871.8,9.5,120.91,120.8772,-0.0271,-0.0414,-0.0248,0.0105,0,0,win,79.0,66.0,831.0,855.1
KXBTC15M-26OCT041645-45,BTC,crypto,PAPER,1,YES,2026-10-04T20:31:06.194718+00:00,833.8,38,2026-10-04T20:33:37.175791+00:00,682.8,57,,sold,31,35,155,2251,1,1,37.5,-18.0,-13.0,21.0,46,55.5,866.8,5.5,85427.18,85452.46,-0.0296,-0.0407,-0.0407,-0.0407,1,2,loss,0.0,0.0,0.0,5034.77
KXDOGE15M-26OCT041645-45,DOGE,crypto,PAPER,1,YES,2026-10-04T20:30:38.207676+00:00,861.8,42,2026-10-04T20:33:47.176614+00:00,672.8,67,,sold,25,34,216,2467,0,1,41.5,-9.0,,12.0,13,,,,,,,,,0.0105,1,1,win,,,,
KXETH15M-26OCT041645-45,ETH,crypto,PAPER,1,YES,2026-10-04T20:33:31.189930+00:00,688.8,39,2026-10-04T20:33:47.177881+00:00,672.8,60,,sold,34,34,176,2643,3,1,38.5,12.0,13.0,13.0,60,53.5,881.8,3.5,2700.8,2701.32,-0.0192,0.0233,0.0344,0.0407,3,4,loss,0.0,0.0,0.0,0.0
KXXRP15M-26OCT041645-45,XRP,crypto,PAPER,1,YES,2026-10-04T20:33:17.189376+00:00,702.8,40,2026-10-04T20:33:47.178934+00:00,672.8,64,,sold,36,34,206,2849,3,4,38.0,9.5,8.5,10.5,59,48.5,866.8,1.5,,,,,,0.0287,2,3,win,234.96,0.0,719.96,0.0
KXETH15M-26OCT041700-00,ETH,crypto,PAPER,1,YES,2026-10-04T20:45:41.146207+00:00,858.9,39,2026-10-04T20:47:08.259999+00:00,771.7,67,,sold,35,33,247,3096,0,1,38.5,0.0,,7.0,10,,,,2701.81,2702.37,-0.0207,0.0107,-0.0281,-0.0109,3,3,win,,,,
KXBTC15M-26OCT041700-00,BTC,crypto,PAPER,1,YES,2026-10-04T20:45:34.188887+00:00,865.8,42,2026-10-04T20:47:08.263149+00:00,771.7,71,,sold,33,33,257,3353,0,1,41.5,-4.0,,13.0,14,44.5,868.8,5.5,85738.73,85742.33,-0.0042,0.0086,-0.0104,-0.0104,2,2,win,0.0,7721.29,1310.15,11551.72
KXXRP15M-26OCT041700-00,XRP,crypto,PAPER,1,YES,2026-10-04T20:45:10.464643+00:00,889.6,39,2026-10-04T20:47:08.265507+00:00,771.7,66,,sold,32,33,237,3590,0,1,38.5,,,6.0,10,,,,1.5022,1.5033,-0.0732,-0.0466,-0.0732,-0.051,0,0,win,,,,
KXDOGE15M-26OCT041700-00,DOGE,crypto,PAPER,1,YES,2026-10-04T20:45:15.684672+00:00,884.3,38,2026-10-04T20:47:08.266311+00:00,771.7,71,,sold,27,32,298,3888,0,1,37.5,,,6.0,9,,,,,,,,,-0.0322,1,1,win,,,,
KXSOL15M-26OCT041700-00,SOL,crypto,PAPER,1,NO,2026-10-04T20:46:47.188563+00:00,792.8,41,,,0,yes,settled,0,17,-427,3461,1,1,40.5,-10.0,-13.0,14.5,59,55.5,888.8,5.5,121.03,120.9988,-0.0258,-0.0248,-0.0331,0.0318,4,4,win,0.0,418.43,0.0,1134.43
KXBTC15M-26OCT041715-15,BTC,crypto,PAPER,1,YES,2026-10-04T21:00:49.197255+00:00,850.8,41,2026-10-04T21:02:07.182230+00:00,772.8,64,,sold,31,34,196,3657,0,1,40.5,-18.0,,18.0,41,54.5,865.8,4.5,85806.05,85817.53,-0.0134,-0.0497,-0.007,-0.007,4,4,win,0.0,1426.41,0.0,4175.44
KXETH15M-26OCT041715-15,ETH,crypto,PAPER,1,YES,2026-10-04T21:00:43.188598+00:00,856.8,42,2026-10-04T21:02:34.175985+00:00,745.8,59,,sold,31,35,135,3792,0,1,41.5,-12.0,,14.0,30,47.5,860.8,2.5,2705.3,2705.31,-0.0004,-0.014,-0.0133,0.0012,1,1,win,0.0,37.0,1093.02,780.0
KXXRP15M-26OCT041715-15,XRP,crypto,PAPER,1,YES,2026-10-04T21:00:42.188680+00:00,857.8,42,2026-10-04T21:02:36.184057+00:00,743.8,55,,sold,29,36,94,3886,0,1,41.5,-10.5,,15.0,39,49.5,870.8,0.5,1.5056,1.5062,-0.0398,-0.0266,-0.0066,0.009,0,0,win,36.01,15.0,1070.01,1366.73
KXSOL15M-26OCT041715-15,SOL,crypto,PAPER,1,YES,2026-10-04T21:00:44.188662+00:00,855.8,41,2026-10-04T21:02:56.176469+00:00,723.8,57,,sold,29,35,125,4011,0,1,40.5,-10.0,,12.0,35,50.0,865.8,0.0,121.22,121.2913,-0.0588,-0.0577,-0.033,-0.0046,2,2,loss,0.0,16.01,373.0,811.01
KXDOGE15M-26OCT041715-15,DOGE,crypto,PAPER,1,NO,2026-10-04T21:00:44.290841+00:00,855.7,41,,,0,yes,settled,0,17,-427,3584,0,1,40.5,0.0,,7.0,23,,,,0.0959,0.0958,-0.0532,-0.0,-0.0835,-0.0046,3,3,win,,,,
KXDOGE15M-26OCT041730-30,DOGE,crypto,PAPER,1,YES,2026-10-04T21:15:32.631792+00:00,867.4,41,2026-10-04T21:15:54.176504+00:00,845.8,59,,sold,35,34,146,3730,0,1,40.5,0.0,,6.0,9,,,,,,,,,0.0013,3,3,loss,,,,
KXETH15M-26OCT041730-30,ETH,crypto,PAPER,1,YES,2026-10-04T21:15:22.362972+00:00,877.7,40,2026-10-04T21:16:23.176661+00:00,816.8,55,,sold,37,35,115,3845,0,1,39.5,,,6.0,10,,,,2707.02,2707.03,-0.0004,0.0015,-0.0199,-0.0194,1,1,win,,,,
KXXRP15M-26OCT041730-30,XRP,crypto,PAPER,1,YES,2026-10-04T21:15:37.770275+00:00,862.2,38,2026-10-04T21:16:25.176180+00:00,814.8,55,,sold,37,35,135,3980,0,1,37.5,-4.0,,6.5,10,,,,1.5103,1.5103,0.0,0.0265,0.0132,0.0271,4,4,win,,,,
KXBTC15M-26OCT041730-30,BTC,crypto,PAPER,1,YES,2026-10-04T21:15:18.192808+00:00,881.8,38,2026-10-04T21:16:26.177670+00:00,813.8,55,,sold,35,35,135,4115,0,2,37.0,,,10.0,17,36.5,887.8,13.5,85981.25,86008.37,-0.0315,-0.0346,-0.0491,-0.0491,0,0,win,5518.89,0.0,7857.89,0.0
KXSOL15M-26OCT041730-30,SOL,crypto,PAPER,1,YES,2026-10-04T21:15:32.618807+00:00,867.4,40,2026-10-04T21:16:56.176256+00:00,783.8,57,,sold,39,35,135,4250,0,1,39.5,-6.0,,6.0,10,,,,,,,,,0.0013,2,2,win,,,,
KXDOGE15M-26OCT041745-45,DOGE,crypto,PAPER,1,NO,2026-10-04T21:30:54.189501+00:00,845.8,42,2026-10-04T21:35:09.176554+00:00,590.8,61,,sold,12,35,155,4405,0,1,41.5,-14.0,,20.0,35,56.5,869.8,6.5,0.0969,0.0968,-0.0485,-0.1344,-0.0413,0.0772,1,1,win,0.0,5.0,940.0,76.0
KXXRP15M-26OCT041745-45,XRP,crypto,PAPER,1,NO,2026-10-04T21:35:09.205790+00:00,590.8,38,2026-10-04T21:40:57.178007+00:00,242.8,55,,sold,17,35,135,4540,5,2,37.0,15.5,11.5,17.0,60,30.5,869.8,19.5,1.511,1.5103,-0.0463,0.0926,0.086,0.0453,3,4,win,20.0,0.0,493.0,0.0
KXSOL15M-26OCT041745-45,SOL,crypto,PAPER,1,NO,2026-10-04T21:31:58.191044+00:00,781.8,38,2026-10-04T21:42:00.175508+00:00,179.8,60,,sold,13,34,186,4726,1,2,37.0,6.0,10.5,12.5,54,32.5,864.8,17.5,121.44,121.3757,-0.053,0.0165,0.0494,-0.0352,3,3,win,17.0,0.0,1079.0,0.0
KXETH15M-26OCT041745-45,ETH,crypto,PAPER,1,NO,2026-10-04T21:30:14.256965+00:00,885.8,38,,,0,yes,settled,0,17,-397,4329,0,1,37.5,,,8.0,11,,,,2704.74,2703.51,-0.0455,-0.0362,-0.0418,0.0212,0,0,win,,,,
KXBTC15M-26OCT041745-45,BTC,crypto,PAPER,1,NO,2026-10-04T21:31:14.203400+00:00,825.8,38,,,0,yes,settled,0,17,-397,3932,1,1,37.5,-10.0,-10.0,15.0,26,32.5,849.8,17.5,85856.87,85812.33,-0.0519,0.0243,-0.0345,0.0345,2,2,win,4554.69,0.0,7604.74,0.0
KXXRP15M-26OCT041800-00,XRP,crypto,PAPER,1,NO,2026-10-04T21:45:59.194634+00:00,840.8,42,2026-10-04T21:49:09.174901+00:00,650.8,58,,sold,24,36,124,4056,0,1,41.5,-2.0,,5.5,33,43.5,861.8,6.5,1.5105,1.5102,-0.0199,-0.0,-0.0066,0.0243,3,3,win,0.0,49.0,132.07,504.98
KXBTC15M-26OCT041800-00,BTC,crypto,PAPER,1,NO,2026-10-04T21:45:44.185450+00:00,855.8,41,2026-10-04T21:49:14.176203+00:00,645.8,56,,sold,24,35,115,4171,0,1,40.5,-7.0,,10.0,23,45.5,866.8,4.5,85984.02,85964.27,-0.023,0.0083,-0.0394,0.0394,2,2,loss,0.0,6778.7,1929.86,11848.96
KXETH15M-26OCT041800-00,ETH,crypto,PAPER,1,NO,2026-10-04T21:46:06.185634+00:00,833.8,39,2026-10-04T21:49:32.175626+00:00,627.8,55,,sold,31,35,125,4296,1,1,38.5,-14.0,-16.0,15.0,60,52.5,887.8,2.5,2706.81,2705.93,-0.0325,-0.0303,-0.0403,0.0431,4,4,loss,0.0,131.0,0.0,1282.92
KXSOL15M-26OCT041800-00,SOL,crypto,PAPER,1,NO,2026-10-04T21:45:38.185111+00:00,861.8,38,2026-10-04T21:53:29.174708+00:00,390.8,56,,sold,16,35,145,4441,0,2,37.0,-10.5,,11.5,12,37.0,861.8,13.0,121.46,121.4065,-0.0441,-0.0577,-0.0494,0.0419,1,1,win,4.0,357.74,421.83,1108.74
KXDOGE15M-26OCT041800-00,DOGE,crypto,PAPER,1,NO,2026-10-04T21:45:28.188971+00:00,871.8,39,2026-10-04T21:54:14.175297+00:00,345.8,60,,sold,3,34,176,4617,0,2,38.0,,,25.0,17,34.5,876.8,15.5,,,,,,0.0316,0,0,win,23.96,0.0,1003.96,928.4
KXWTI15M-26OCT041815-15,WTI,commodity,PAPER,1,YES,2026-10-04T22:00:29.198309+00:00,870.8,42,2026-10-04T22:01:11.176706+00:00,828.8,56,,sold,28,36,104,104,0,1,41.5,,,4.0,9,44.5,873.8,5.5,,,,,,0.1795,0,0,none yet,16.01,66.0,28.01,121.0
KXDOGE15M-26OCT041815-15,DOGE,crypto,PAPER,1,NO,2026-10-04T22:00:20.262847+00:00,879.8,38,,,0,yes,settled,0,17,-397,4220,0,1,37.5,,,7.0,5,,,,0.0965,0.0963,-0.1879,-0.1973,-0.1661,0.1248,0,0,win,,,,
KXSOL15M-26OCT041830-30,SOL,crypto,PAPER,1,YES,2026-10-04T22:15:18.724498+00:00,881.3,40,2026-10-04T22:16:09.175462+00:00,830.8,56,,sold,40,35,125,4345,0,1,39.5,,,1.0,6,,,,121.92,121.9782,-0.0477,-0.0082,-0.0983,-0.0201,0,0,win,,,,
KXGOLD15M-26OCT041830-30,GOLD,commodity,PAPER,1,NO,2026-10-04T22:15:27.185510+00:00,872.8,42,2026-10-04T22:16:36.179428+00:00,803.8,56,,sold,40,36,104,208,0,1,41.5,,,11.5,15,45.5,880.8,4.5,,,,,,0.0018,1,1,none yet,426.0,500.0,737.0,1820.0
KXSILVER15M-26OCT041830-30,SILVER,commodity,PAPER,1,NO,2026-10-04T22:15:42.202693+00:00,857.8,42,2026-10-04T22:16:49.178104+00:00,790.8,56,,sold,40,36,104,312,0,1,41.5,-8.5,,11.0,28,52.5,885.8,2.5,,,,,,0.0105,2,2,none yet,117.0,453.0,298.0,1441.0
KXDOGE15M-26OCT041830-30,DOGE,crypto,PAPER,1,NO,2026-10-04T22:16:30.195570+00:00,809.8,40,2026-10-04T22:16:49.183846+00:00,790.8,55,,sold,38,35,115,4460,1,1,39.5,-14.0,-9.0,28.0,60,48.5,870.8,1.5,0.0968,0.0967,-0.0889,-0.1448,-0.0827,0.2541,3,4,loss,0.0,0.0,0.0,107.0
KXXRP15M-26OCT041830-30,XRP,crypto,PAPER,1,NO,2026-10-04T22:16:18.189192+00:00,821.8,42,2026-10-04T22:16:52.177702+00:00,787.8,56,,sold,21,36,104,4564,1,1,41.5,-8.0,-11.5,10.0,50,50.5,870.8,0.5,1.5209,1.5203,-0.0395,-0.0329,-0.0592,0.1078,2,3,win,0.0,20.0,991.5,88.5
KXETH15M-26OCT041830-30,ETH,crypto,PAPER,1,NO,2026-10-04T22:16:17.195062+00:00,822.8,42,2026-10-04T22:16:53.177512+00:00,786.8,55,,sold,22,36,94,4658,1,1,41.5,-6.5,-12.0,9.0,54,48.5,875.8,1.5,2719.57,2718.41,-0.0427,-0.0239,-0.0574,0.1016,1,2,win,0.0,554.0,287.0,1818.61
KXWTI15M-26OCT041830-30,WTI,commodity,PAPER,1,YES,2026-10-04T22:15:20.186292+00:00,879.8,42,2026-10-04T22:17:30.181534+00:00,749.8,57,,sold,32,36,114,426,0,1,41.5,,,9.5,13,51.0,885.8,1.0,,,,,,-0.0175,0,0,win,160.0,269.0,397.0,960.0
KXPALLADIUM15M-26OCT041830-30,PALLADIUM,commodity,PAPER,1,NO,2026-10-04T22:15:46.189370+00:00,853.8,41,2026-10-04T22:17:32.188166+00:00,747.8,55,,sold,39,35,105,531,0,2,40.0,,,5.0,3,45.0,857.8,5.0,,,,,,0.0196,3,3,none yet,130.0,24.0,190.0,79.25
KXCOPPER15M-26OCT041830-30,COPPER,commodity,PAPER,1,NO,2026-10-04T22:16:03.190193+00:00,836.8,39,2026-10-04T22:19:36.178663+00:00,623.8,64,,sold,30,34,216,747,1,2,38.0,-12.0,,15.5,37,49.5,886.8,0.5,,,,,,0.0501,4,4,none yet,140.0,239.0,390.0,439.0
KXPLATINUM15M-26OCT041830-30,PLATINUM,commodity,PAPER,1,NO,2026-10-04T22:18:08.201502+00:00,711.8,39,2026-10-04T22:24:15.176675+00:00,344.8,55,,sold,25,35,125,872,3,5,36.5,-7.0,-13.5,16.5,50,43.5,872.8,6.5,,,,,,-0.0482,1,5,none yet,50.0,0.0,113.75,180.0
KXBTC15M-26OCT041830-30,BTC,crypto,PAPER,1,NO,2026-10-04T22:16:04.193140+00:00,835.8,41,2026-10-04T22:28:49.178501+00:00,70.8,61,,sold,5,34,166,4824,1,1,40.5,-14.0,-12.0,14.0,35,50.5,864.8,0.5,86366.47,86315.92,-0.0586,-0.0452,-0.0671,0.0671,1,1,win,0.0,6379.62,0.0,8994.37
KXXRP15M-26OCT041845-45,XRP,crypto,PAPER,1,YES,2026-10-04T22:30:28.190065+00:00,871.8,42,2026-10-04T22:31:01.180690+00:00,838.8,55,,sold,40,36,94,4918,0,1,41.5,,,10.0,5,41.5,871.8,8.5,1.5149,1.5163,-0.0923,-0.0528,-0.1121,-0.065,2,2,win,4.06,45.5,162.06,1090.91
KXBTC15M-26OCT041845-45,BTC,crypto,PAPER,1,YES,2026-10-04T22:30:17.206606+00:00,882.8,40,2026-10-04T22:31:01.183434+00:00,838.8,56,,sold,39,35,125,5043,0,1,39.5,,,13.0,5,39.5,882.8,10.5,86221.08,86266.78,-0.053,-0.0235,-0.0465,-0.0465,1,1,win,2933.14,6529.83,6321.49,10384.68
KXDOGE15M-26OCT041845-45,DOGE,crypto,PAPER,1,YES,2026-10-04T22:31:52.192233+00:00,787.8,42,2026-10-04T22:32:36.177366+00:00,743.8,55,,sold,39,36,94,5137,1,1,41.5,-8.0,-10.0,16.0,60,46.5,861.8,3.5,0.0966,0.0966,-0.0735,-0.0724,-0.0931,-0.0322,2,4,win,0.0,37.0,0.0,1584.0
KXSOL15M-26OCT041845-45,SOL,crypto,PAPER,1,YES,2026-10-04T22:30:17.191409+00:00,882.8,39,2026-10-04T22:32:44.181408+00:00,735.8,59,,sold,37,34,166,5303,0,1,38.5,,,7.0,5,38.5,882.8,11.5,121.69,121.7947,-0.086,-0.0411,-0.0493,-0.0465,0,0,win,404.0,15.0,1137.0,415.76
KXPALLADIUM15M-26OCT041845-45,PALLADIUM,commodity,PAPER,1,YES,2026-10-04T22:30:56.191150+00:00,843.8,42,2026-10-04T22:35:21.176931+00:00,578.8,56,,sold,35,36,104,976,0,5,39.5,,,12.0,12,48.5,864.8,1.5,,,,,,0.0562,2,2,win,0.0,180.0,55.0,245.75
KXCOPPER15M-26OCT041845-45,COPPER,commodity,PAPER,1,NO,2026-10-04T22:30:46.202129+00:00,853.8,42,2026-10-04T22:35:49.176897+00:00,550.8,57,,sold,38,36,114,1090,0,1,41.5,-11.5,,12.5,26,51.0,882.8,1.0,,,,,,0.0288,0,0,win,146.0,466.0,346.0,567.1
KXETH15M-26OCT041845-45,ETH,crypto,PAPER,1,YES,2026-10-04T22:30:38.190444+00:00,861.8,40,2026-10-04T22:36:20.177576+00:00,519.8,55,,sold,34,35,115,5418,0,2,39.0,-10.5,,10.5,5,39.0,861.8,11.0,2724.94,2726.94,-0.0733,-0.0293,-0.0393,-0.0159,3,3,win,8.0,650.0,719.01,1696.0
KXSILVER15M-26OCT041845-45,SILVER,commodity,PAPER,1,NO,2026-10-04T22:31:00.212851+00:00,839.8,42,2026-10-04T22:38:28.176219+00:00,391.8,55,,sold,37,36,94,1184,1,1,41.5,-8.0,,9.0,53,48.5,893.8,1.5,,,,,,0.0517,3,3,win,136.0,713.0,319.0,2809.0
KXPLATINUM15M-26OCT041845-45,PLATINUM,commodity,PAPER,1,NO,2026-10-04T22:37:34.203141+00:00,445.8,38,2026-10-04T22:41:32.177732+00:00,207.8,56,,sold,30,35,145,1329,7,3,36.5,5.5,10.0,10.0,29,48.0,866.8,2.0,,,,,,-0.0369,3,5,win,0.0,0.0,50.0,208.0
KXGOLD15M-26OCT041845-45,GOLD,commodity,PAPER,1,NO,2026-10-04T22:31:00.241840+00:00,839.8,42,,,0,yes,settled,1,18,-438,891,1,2,41.0,-7.5,,13.5,48,51.0,882.8,1.0,,,,,,0.0517,4,4,win,0.0,35.0,158.0,1078.95
KXWTI15M-26OCT041845-45,WTI,commodity,PAPER,1,YES,2026-10-04T22:30:48.201486+00:00,851.8,38,,,0,no,settled,0,17,-397,494,0,1,37.5,-7.5,,12.5,34,45.0,882.8,5.0,,,,,,0.0465,1,1,win,0.0,5.0,804.0,295.0
KXWTI15M-26OCT041900-00,WTI,commodity,PAPER,1,NO,2026-10-04T22:46:25.202701+00:00,814.8,42,2026-10-04T22:48:37.178467+00:00,682.8,56,,sold,33,36,104,598,1,1,41.5,-1.5,-3.0,6.5,45,43.5,881.8,6.5,,,,,,0.0126,2,2,loss,0.0,1.0,2168.16,1189.0
KXCOPPER15M-26OCT041900-00,COPPER,commodity,PAPER,1,NO,2026-10-04T22:48:43.192061+00:00,676.8,39,2026-10-04T22:52:43.176791+00:00,436.8,58,,sold,33,35,155,753,3,2,38.0,-10.5,-17.0,17.0,30,51.0,871.8,1.0,,,,,,0.0036,3,4,win,24.0,105.0,324.0,453.0
KXPALLADIUM15M-26OCT041900-00,PALLADIUM,commodity,PAPER,1,NO,2026-10-04T22:48:56.189903+00:00,663.8,42,2026-10-04T22:52:43.177988+00:00,436.8,56,,sold,39,36,104,857,3,3,40.5,-1.5,-5.0,5.0,16,49.5,856.8,0.5,,,,,,-0.0147,4,5,win,5.0,180.0,64.0,217.75
KXETH15M-26OCT041900-00,ETH,crypto,PAPER,1,YES,2026-10-04T22:45:59.200210+00:00,840.8,42,2026-10-04T22:52:58.175500+00:00,421.8,57,,sold,14,36,114,5532,0,1,41.5,-5.0,,6.0,27,42.5,855.8,7.5,2727.98,2728.14,-0.0059,-0.0033,0.0059,-0.0158,4,4,win,0.0,1.0,1463.82,131.0
KXBTC15M-26OCT041900-00,BTC,crypto,PAPER,1,YES,2026-10-04T22:45:49.189987+00:00,850.8,41,2026-10-04T22:53:28.177731+00:00,391.8,58,,sold,14,35,135,5667,0,1,40.5,-2.0,,4.0,12,40.5,850.8,9.5,86341.15,86382.01,-0.0473,-0.0126,-0.0273,-0.0273,3,3,win,5863.22,6681.28,10057.72,9873.4
KXXRP15M-26OCT041900-00,XRP,crypto,PAPER,1,YES,2026-10-04T22:45:18.190878+00:00,881.8,42,2026-10-04T22:54:47.181887+00:00,312.8,55,,sold,10,36,94,5761,0,1,41.5,,,5.0,17,46.5,886.8,3.5,1.5192,1.5195,-0.0197,-0.0066,-0.0329,-0.0232,0,0,win,0.0,32.5,173.5,192.0
KXPLATINUM15M-26OCT041900-00,PLATINUM,commodity,PAPER,1,YES,2026-10-04T22:45:25.192087+00:00,874.8,39,2026-10-04T22:56:50.175730+00:00,189.8,56,,sold,4,35,135,992,0,2,38.0,,,16.0,15,45.5,886.8,4.5,,,,,,-0.049,3,1,win,0.1,51.0,104.85,122.0
KXDOGE15M-26OCT041900-00,DOGE,crypto,PAPER,1,YES,2026-10-04T22:45:32.207062+00:00,867.8,38,,,0,no,settled,0,17,-397,5364,0,1,37.5,,,11.0,29,47.5,886.8,2.5,0.0966,0.0967,-0.0982,-0.1034,-0.1241,-0.0508,2,2,win,104.0,20.0,1296.01,988.0
KXSOL15M-26OCT041900-00,SOL,crypto,PAPER,1,YES,2026-10-04T22:45:31.194988+00:00,868.8,42,,,0,no,settled,0,18,-438,4926,0,1,41.5,,,5.0,12,45.5,871.8,4.5,121.89,121.9438,-0.0441,-0.0246,-0.0574,-0.0452,1,1,win,350.0,360.0,1099.0,804.0
KXSILVER15M-26OCT041900-00,SILVER,commodity,PAPER,1,NO,2026-10-04T22:48:26.191407+00:00,693.8,42,,,0,yes,settled,0,18,-438,554,3,1,41.5,-5.0,-5.5,7.0,47,56.5,870.8,6.5,,,,,,0.0312,3,3,win,0.0,26.25,44.0,1203.26
KXGOLD15M-26OCT041900-00,GOLD,commodity,PAPER,1,NO,2026-10-04T22:45:23.190531+00:00,876.8,38,,,0,yes,settled,0,17,-397,157,0,1,37.5,,,12.0,11,37.5,876.8,12.5,,,,,,-0.051,2,0,win,712.96,627.39,1597.96,1443.39
KXXRP15M-26OCT041915-15,XRP,crypto,PAPER,1,NO,2026-10-04T23:00:56.195134+00:00,843.8,38,2026-10-04T23:01:02.176341+00:00,837.8,57,,sold,37,35,155,5081,0,1,37.5,3.0,,24.0,34,34.5,860.8,15.5,1.5197,1.5185,-0.079,-0.0066,-0.0724,0.0489,2,2,win,428.5,0.0,535.0,38.0
KXDOGE15M-26OCT041915-15,DOGE,crypto,PAPER,1,NO,2026-10-04T23:00:33.139674+00:00,866.9,41,2026-10-04T23:01:02.177629+00:00,837.8,59,,sold,40,34,146,5227,0,1,40.5,,,16.5,15,,,,,,,,,0.0442,0,0,loss,,,,
KXWTI15M-26OCT041915-15,WTI,commodity,PAPER,1,YES,2026-10-04T23:00:39.186752+00:00,860.8,42,2026-10-04T23:01:03.177174+00:00,836.8,55,,sold,41,36,94,251,0,1,41.5,-15.5,,20.0,33,49.0,881.8,1.0,,,,,,0.0585,2,2,win,2110.0,885.0,2174.0,1440.1
KXBTC15M-26OCT041915-15,BTC,crypto,PAPER,1,NO,2026-10-04T23:00:55.187542+00:00,844.8,38,2026-10-04T23:02:47.176575+00:00,732.8,57,,sold,36,35,155,5382,0,1,37.5,1.0,,20.0,23,34.5,850.8,15.5,86465.3,86404.71,-0.0701,-0.0173,-0.0489,0.0489,1,1,win,4851.32,0.0,8284.82,7481.28
KXETH15M-26OCT041915-15,ETH,crypto,PAPER,1,NO,2026-10-04T23:01:02.190049+00:00,837.8,40,2026-10-04T23:02:58.177542+00:00,721.8,58,,sold,32,35,145,5527,1,1,39.5,8.0,,17.0,45,34.5,865.8,15.5,2731.2,2729.27,-0.0707,0.0026,-0.0139,-0.008,1,3,win,598.6,0.0,1778.6,0.0
KXSOL15M-26OCT041915-15,SOL,crypto,PAPER,1,YES,2026-10-04T23:01:04.187727+00:00,835.8,41,2026-10-04T23:04:54.176457+00:00,605.8,56,,sold,28,35,115,5642,1,1,40.5,-16.0,-8.0,18.0,30,55.5,850.8,5.5,121.6,121.6913,-0.075,-0.0575,-0.0411,0.0175,2,4,loss,369.0,355.0,1151.0,404.0
KXETH15M-26OCT041930-30,ETH,crypto,PAPER,1,YES,2026-10-04T23:15:05.486613+00:00,894.5,41,2026-10-04T23:15:26.175390+00:00,873.8,55,,sold,41,35,105,5747,0,1,40.5,,,1.0,5,,,,2733.37,2733.99,-0.0227,0.0066,-0.0377,-0.0455,0,0,win,,,,
KXPALLADIUM15M-26OCT041915-15,PALLADIUM,commodity,PAPER,1,YES,2026-10-04T23:01:24.194840+00:00,815.8,42,,,0,no,settled,0,18,-438,-187,1,2,41.0,-11.5,-9.5,16.0,32,50.0,873.8,0.0,,,,,,-0.0035,4,5,win,25.0,0.1,85.0,149.1
KXPLATINUM15M-26OCT041915-15,PLATINUM,commodity,PAPER,1,YES,2026-10-04T23:00:52.186123+00:00,847.8,42,,,0,no,settled,0,18,-438,-625,0,5,39.5,-20.5,,29.0,40,47.5,875.8,2.5,,,,,,0.0645,4,4,win,1301.0,180.0,1425.0,231.0
KXSILVER15M-26OCT041915-15,SILVER,commodity,PAPER,1,YES,2026-10-04T23:00:29.186876+00:00,870.8,41,,,0,no,settled,0,17,-427,-1052,0,1,40.5,,,9.5,14,40.5,870.8,9.5,,,,,,0.056,1,0,loss,1.0,2966.1,2111.0,3666.1
KXCOPPER15M-26OCT041915-15,COPPER,commodity,PAPER,1,YES,2026-10-04T23:00:35.190198+00:00,864.8,42,,,0,no,settled,0,18,-438,-1490,0,1,41.5,-2.5,,4.0,12,41.5,864.8,8.5,,,,,,0.0467,2,1,win,104.0,93.0,304.0,194.1
KXGOLD15M-26OCT041915-15,GOLD,commodity,PAPER,1,YES,2026-10-04T23:00:39.199077+00:00,860.8,38,,,0,no,settled,0,17,-397,-1887,0,1,37.5,-3.0,,7.0,16,37.5,860.8,12.5,,,,,,0.0585,3,3,loss,107.0,739.0,3191.0,3655.0
KXDOGE15M-26OCT041930-30,DOGE,crypto,PAPER,1,NO,2026-10-04T23:15:45.190868+00:00,854.8,42,2026-10-04T23:16:15.176328+00:00,824.8,55,,sold,41,36,94,5841,0,1,41.5,-5.0,,7.0,19,47.5,867.8,2.5,,,,,,0.0461,0,1,win,0.0,69.0,1090.0,1018.68
KXWTI15M-26OCT041930-30,WTI,commodity,PAPER,1,NO,2026-10-04T23:15:31.190022+00:00,868.8,42,2026-10-04T23:16:34.177619+00:00,805.8,65,,sold,37,34,196,-1691,0,1,41.5,,,8.5,9,42.5,872.8,7.5,,,,,,0.0121,1,1,win,87.0,295.0,2676.0,3733.82
KXXRP15M-26OCT041930-30,XRP,crypto,PAPER,1,YES,2026-10-04T23:16:15.194528+00:00,824.8,41,2026-10-04T23:16:48.176576+00:00,791.8,57,,sold,38,35,125,5966,1,1,40.5,-13.0,-5.0,13.0,55,45.0,878.8,5.0,1.5195,1.5202,-0.046,-0.0723,-0.0263,-0.0161,0,2,win,0.0,914.0,0.0,1432.0
KXBTC15M-26OCT041930-30,BTC,crypto,PAPER,1,NO,2026-10-04T23:17:13.199609+00:00,766.8,42,2026-10-04T23:18:20.178750+00:00,699.8,56,,sold,27,36,104,6070,2,1,41.5,-13.0,-12.0,16.0,60,56.5,872.8,6.5,86617.82,86577.85,-0.0462,-0.058,-0.0566,0.0566,1,4,win,0.0,5721.11,0.0,13631.33
KXSOL15M-26OCT041930-30,SOL,crypto,PAPER,1,NO,2026-10-04T23:17:04.192596+00:00,775.8,41,2026-10-04T23:18:26.175804+00:00,693.8,55,,sold,35,35,105,6175,2,1,40.5,-14.0,-16.0,16.5,57,56.5,883.8,6.5,122.02,121.9947,-0.0207,-0.0738,-0.0738,0.0398,0,3,win,0.0,360.0,709.01,437.0
KXSILVER15M-26OCT041930-30,SILVER,commodity,PAPER,1,YES,2026-10-04T23:15:37.189701+00:00,862.8,38,2026-10-04T23:18:54.176607+00:00,665.8,58,,sold,29,35,165,-1526,0,1,37.5,-8.0,,12.5,5,37.5,862.8,12.5,,,,,,0.0422,3,3,loss,2113.0,161.0,3307.0,1456.0
KXPLATINUM15M-26OCT041930-30,PLATINUM,commodity,PAPER,1,YES,2026-10-04T23:15:54.200236+00:00,845.8,42,2026-10-04T23:18:54.178064+00:00,665.8,56,,sold,32,36,104,-1422,0,3,40.5,-2.0,,9.5,27,42.5,876.8,7.5,,,,,,-0.0025,4,4,loss,0.1,181.0,39.35,281.0
KXGOLD15M-26OCT041930-30,GOLD,commodity,PAPER,1,YES,2026-10-04T23:15:35.193371+00:00,864.8,41,2026-10-04T23:18:55.175763+00:00,664.8,55,,sold,29,35,105,-1317,0,1,40.5,-5.0,,9.5,8,43.5,867.8,6.5,,,,,,0.0409,2,2,loss,0.0,670.0,230.0,3911.0
KXPALLADIUM15M-26OCT041930-30,PALLADIUM,commodity,PAPER,1,YES,2026-10-04T23:18:11.192771+00:00,708.8,39,2026-10-04T23:20:07.176714+00:00,592.8,56,,sold,37,35,135,-1182,3,2,38.0,0.0,-1.0,3.0,16,40.0,856.8,10.0,,,,,,-0.0137,4,5,loss,30.0,0.01,255.35,199.76
KXCOPPER15M-26OCT041930-30,COPPER,commodity,PAPER,1,YES,2026-10-04T23:15:21.189539+00:00,878.8,42,2026-10-04T23:28:08.179522+00:00,111.8,60,,sold,26,35,145,-1037,0,2,41.0,,,11.5,6,41.0,878.8,9.0,,,,,,-0.0427,5,0,win,111.0,33.0,411.0,336.0
KXSOL15M-26OCT041945-45,SOL,crypto,PAPER,1,NO,2026-10-04T23:30:41.205817+00:00,858.8,40,2026-10-04T23:31:44.191472+00:00,795.8,57,,sold,38,35,135,6310,0,1,39.5,,,15.0,19,54.5,878.8,4.5,121.9,121.862,-0.0312,-0.0575,-0.041,-0.0214,0,0,win,0.0,396.84,1.0,1196.84
KXETH15M-26OCT041945-45,ETH,crypto,PAPER,1,NO,2026-10-04T23:31:03.191426+00:00,836.8,42,2026-10-04T23:31:45.176692+00:00,794.8,55,,sold,36,36,94,6404,1,1,41.5,-8.0,,13.0,59,51.5,894.8,1.5,2733.71,2732.57,-0.0417,-0.0311,-0.0439,0.0196,1,1,win,0.0,43.0,0.0,1249.81
KXSILVER15M-26OCT041945-45,SILVER,commodity,PAPER,1,NO,2026-10-04T23:30:35.733427+00:00,864.3,40,2026-10-04T23:32:34.191898+00:00,745.8,55,,sold,37,35,115,-922,0,1,39.5,,,,0,,,,,,,,,-0.0641,0,0,win,,,,
KXXRP15M-26OCT041945-45,XRP,crypto,PAPER,1,NO,2026-10-04T23:31:39.191569+00:00,800.8,38,2026-10-04T23:32:44.175746+00:00,735.8,55,,sold,37,35,135,6539,1,1,37.5,10.0,,12.0,57,31.5,857.8,18.5,1.5252,1.5239,-0.0853,0.0917,-0.0066,0.0554,2,2,win,1381.26,0.0,1466.26,0.0
KXWTI15M-26OCT041945-45,WTI,commodity,PAPER,1,YES,2026-10-04T23:31:13.189668+00:00,826.8,38,2026-10-04T23:33:03.177242+00:00,716.8,55,,sold,32,35,135,-787,1,2,37.0,4.5,,4.5,33,32.5,863.8,17.5,,,,,,0.0485,1,1,win,177.0,0.0,1291.57,328.0
KXDOGE15M-26OCT041945-45,DOGE,crypto,PAPER,1,YES,2026-10-04T23:31:44.190875+00:00,795.8,41,2026-10-04T23:33:05.176082+00:00,714.8,55,,sold,33,35,105,6644,1,1,40.5,-14.0,-13.5,15.5,60,42.5,878.8,7.5,0.0962,0.0963,-0.0727,-0.0727,-0.0727,-0.0364,3,3,win,0.0,14.99,25.0,659.99
KXCOPPER15M-26OCT041945-45,COPPER,commodity,PAPER,1,YES,2026-10-04T23:32:34.190813+00:00,745.8,42,2026-10-04T23:35:43.177587+00:00,556.8,61,,sold,36,35,155,-632,2,1,41.5,-11.5,-11.0,11.5,40,50.0,889.8,0.0,,,,,,-0.0951,3,3,win,0.0,167.0,104.0,320.0
KXPLATINUM15M-26OCT041945-45,PLATINUM,commodity,PAPER,1,YES,2026-10-04T23:33:25.189654+00:00,694.8,42,2026-10-04T23:40:17.178902+00:00,282.8,56,,sold,21,36,104,-528,3,5,39.5,-1.0,-10.0,11.0,42,60.0,883.8,10.0,,,,,,0.0256,2,4,win,79.0,0.01,1559.0,77.01
KXBTC15M-26OCT041945-45,BTC,crypto,PAPER,1,YES,2026-10-04T23:31:44.208884+00:00,795.8,39,,,0,no,settled,0,17,-407,6237,1,1,38.5,-8.0,-6.0,13.0,60,36.5,863.8,13.5,86652.34,86697.4,-0.052,-0.0364,-0.0364,-0.0364,3,4,win,0.0,0.0,0.0,4922.69
KXGOLD15M-26OCT041945-45,GOLD,commodity,PAPER,1,YES,2026-10-04T23:31:25.191310+00:00,814.8,42,,,0,no,settled,0,18,-438,-966,1,1,41.5,-2.0,,9.0,44,49.5,857.8,0.5,,,,,,0.0681,2,2,win,0.0,557.0,2472.51,3537.0
KXPALLADIUM15M-26OCT041945-45,PALLADIUM,commodity,PAPER,1,YES,2026-10-04T23:37:13.193514+00:00,466.8,40,,,0,no,settled,0,17,-417,-1383,7,1,39.5,-3.0,-5.0,7.5,28,49.0,863.8,1.0,,,,,,-0.0221,2,5,win,30.0,0.01,121.0,120.01
KXBTC15M-26OCT042000-00,BTC,crypto,PAPER,1,YES,2026-10-04T23:45:43.192706+00:00,856.8,42,2026-10-04T23:47:04.178460+00:00,775.8,57,,sold,39,36,114,6351,0,1,41.5,-13.0,,17.0,30,49.5,880.8,0.5,86455.74,86485.78,-0.0347,-0.0257,-0.0481,-0.0481,2,2,loss,0.0,8218.99,0.0,12723.16
KXETH15M-26OCT042000-00,ETH,crypto,PAPER,1,YES,2026-10-04T23:46:31.192855+00:00,808.8,42,2026-10-04T23:50:01.177990+00:00,598.8,55,,sold,37,36,94,6445,1,1,41.5,-5.0,-4.0,7.0,60,48.5,880.8,1.5,2725.89,2726.71,-0.0301,0.0051,-0.011,0.0053,4,4,win,0.0,32.0,0.0,1727.28
KXDOGE15M-26OCT042000-00,DOGE,crypto,PAPER,1,YES,2026-10-04T23:45:34.209865+00:00,865.8,38,2026-10-04T23:50:01.178970+00:00,598.8,57,,sold,35,35,155,6600,0,1,37.5,-22.0,,22.0,6,37.5,865.8,12.5,0.0958,0.0959,-0.0751,-0.0417,-0.0209,-0.0276,0,0,win,8.0,624.0,63.0,931.0
KXPLATINUM15M-26OCT042000-00,PLATINUM,commodity,PAPER,1,YES,2026-10-04T23:49:44.200070+00:00,615.8,41,2026-10-04T23:54:01.179789+00:00,358.8,58,,sold,29,35,135,-1248,4,5,38.5,-1.5,-12.0,16.5,46,56.0,890.8,6.0,,,,,,-0.0333,4,4,win,24.0,0.01,270.14,200.01
KXXRP15M-26OCT042000-00,XRP,crypto,PAPER,1,YES,2026-10-04T23:46:23.191972+00:00,816.8,40,,,0,no,settled,0,17,-417,6183,1,2,39.0,5.5,-4.5,8.5,48,34.5,865.8,15.5,1.5212,1.522,-0.0526,0.0329,-0.0066,0.0128,3,3,win,131.5,0.0,1443.5,0.0
KXGOLD15M-26OCT042000-00,GOLD,commodity,PAPER,1,YES,2026-10-04T23:46:36.193658+00:00,803.8,38,,,0,no,settled,0,17,-397,-1645,1,1,37.5,8.0,1.0,11.0,57,28.5,859.8,21.5,,,,,,0.0221,2,2,loss,42.85,0.0,3347.07,0.0
KXCOPPER15M-26OCT042000-00,COPPER,commodity,PAPER,1,YES,2026-10-04T23:45:07.985997+00:00,892.0,38,,,0,no,settled,0,17,-397,-2042,0,1,37.5,,,14.5,5,,,,,,,,,0.0125,2,0,win,,,,
KXSILVER15M-26OCT042000-00,SILVER,commodity,PAPER,1,YES,2026-10-04T23:46:18.192699+00:00,821.8,39,,,0,no,settled,0,17,-407,-2449,1,2,38.0,5.5,5.5,7.0,53,36.5,885.8,13.5,,,,,,-0.0054,1,1,win,89.0,0.0,1305.0,1124.0
KXWTI15M-26OCT042000-00,WTI,commodity,PAPER,1,YES,2026-10-04T23:47:12.191767+00:00,767.8,41,,,0,no,settled,0,17,-427,-2876,2,1,40.5,-5.0,-10.0,10.0,45,56.5,865.8,6.5,,,,,,0.0544,3,3,win,0.0,989.0,0.0,3690.0
KXSOL15M-26OCT042000-00,SOL,crypto,PAPER,1,YES,2026-10-04T23:45:40.188412+00:00,859.8,40,,,0,no,settled,1,17,-417,5766,0,1,39.5,-9.0,,10.0,6,39.5,859.8,10.5,121.51,121.5878,-0.064,-0.0658,-0.0411,-0.0459,1,1,win,414.0,48.0,1504.0,809.0
KXPLATINUM15M-26OCT042015-15,PLATINUM,commodity,PAPER,1,NO,2026-10-05T00:01:07.192491+00:00,832.8,38,2026-10-05T00:07:59.177164+00:00,420.8,55,,sold,4,35,135,-2741,1,5,35.5,-7.5,-14.5,20.0,45,50.0,887.7,0.0,,,,,,-0.0735,2,1,win,51.0,16.7,255.0,136.7
KXETH15M-26OCT042015-15,ETH,crypto,PAPER,1,YES,2026-10-05T00:05:23.207392+00:00,576.8,39,2026-10-05T00:11:34.177174+00:00,205.8,57,,sold,5,35,145,5911,5,2,38.0,8.5,13.5,18.5,60,33.5,844.8,16.5,2725.01,2726.68,-0.0612,0.0308,0.0477,0.0239,5,4,win,583.0,0.0,1634.0,0.0
KXPALLADIUM15M-26OCT042015-15,PALLADIUM,commodity,PAPER,1,NO,2026-10-05T00:01:13.203274+00:00,826.8,40,2026-10-05T00:14:33.176133+00:00,26.8,62,,sold,4,34,186,-2555,1,3,38.5,-6.5,-4.5,9.5,20,45.0,860.8,5.0,,,,,,-0.1096,3,3,loss,31.0,20.01,270.0,258.01
KXSOL15M-26OCT042015-15,SOL,crypto,PAPER,1,YES,2026-10-05T00:01:41.220502+00:00,798.8,38,,,0,no,settled,0,17,-397,5514,1,2,37.0,13.5,-8.5,18.5,37,25.5,834.8,24.5,121.43,121.5842,-0.1268,0.0577,-0.0329,-0.0962,4,3,win,3.0,0.0,747.0,0.0
KXBTC15M-26OCT042015-15,BTC,crypto,PAPER,1,YES,2026-10-05T00:00:30.193056+00:00,869.8,41,,,0,no,settled,0,17,-427,5087,0,1,40.5,,,9.0,24,45.0,881.8,5.0,86471.21,86505.93,-0.0401,-0.0415,-0.0616,-0.0616,2,1,win,0.0,3556.06,0.0,6043.81
KXDOGE15M-26OCT042015-15,DOGE,crypto,PAPER,1,YES,2026-10-05T00:00:18.190431+00:00,881.8,40,,,0,no,settled,0,17,-417,4670,0,1,39.5,,,10.0,11,39.5,881.8,10.5,0.0958,0.0959,-0.097,-0.1042,-0.073,-0.025,1,0,win,12.0,62.0,153.0,219.0
KXXRP15M-26OCT042015-15,XRP,crypto,PAPER,1,YES,2026-10-05T00:00:53.191039+00:00,846.8,39,,,0,no,settled,0,17,-407,4263,0,1,38.5,-7.0,,13.0,26,44.5,860.8,5.5,,,,-0.0592,-0.0987,-0.0808,3,2,loss,410.5,38.0,1336.5,121.0
KXWTI15M-26OCT042015-15,WTI,commodity,PAPER,1,YES,2026-10-05T00:00:23.190699+00:00,876.8,39,,,0,no,settled,0,17,-407,-2962,0,1,38.5,,,6.0,12,38.5,876.8,11.5,,,,,,-0.0326,4,0,win,129.5,108.71,371.5,303.71
KXSILVER15M-26OCT042015-15,SILVER,commodity,PAPER,1,NO,2026-10-05T00:01:07.210404+00:00,832.8,38,,,0,yes,settled,0,17,-397,-3359,1,1,37.5,-4.0,-2.5,9.0,13,36.5,839.8,13.5,,,,,,-0.0735,3,2,loss,2110.0,0.0,3600.0,1060.0
KXWTI15M-26OCT042030-30,WTI,commodity,PAPER,1,YES,2026-10-05T00:16:20.192179+00:00,819.8,38,2026-10-05T00:16:49.176025+00:00,790.8,57,,sold,36,35,155,-3204,1,2,37.0,5.5,,8.5,53,32.5,875.8,17.5,,,,,,0.0943,3,3,loss,169.0,0.0,2823.0,1046.0
KXGOLD15M-26OCT042030-30,GOLD,commodity,PAPER,1,NO,2026-10-05T00:15:08.193726+00:00,891.8,41,2026-10-05T00:17:19.183738+00:00,760.8,55,,sold,21,35,105,-3099,0,1,40.5,,,9.5,6,47.0,896.8,3.0,,,,,,0.0301,2,0,loss,0.0,747.0,0.0,939.0
KXXRP15M-26OCT042030-30,XRP,crypto,PAPER,1,NO,2026-10-05T00:15:30.190973+00:00,869.8,41,2026-10-05T00:18:11.176466+00:00,708.8,56,,sold,40,35,115,4378,0,1,40.5,,,2.0,2,42.5,870.8,7.5,1.519,1.5183,-0.0461,-0.0527,-0.0461,0.0922,2,2,loss,27.0,441.5,158.0,494.5
KXSOL15M-26OCT042030-30,SOL,crypto,PAPER,1,NO,2026-10-05T00:22:00.194838+00:00,479.8,38,2026-10-05T00:24:04.177725+00:00,355.8,56,,sold,28,35,145,4523,7,3,36.5,11.5,23.0,23.0,58,34.0,839.8,16.0,121.32,121.2873,-0.027,0.0494,0.0741,-0.0786,2,3,loss,10.0,0.0,370.0,0.0
KXETH15M-26OCT042030-30,ETH,crypto,PAPER,1,NO,2026-10-05T00:22:00.212281+00:00,479.8,38,2026-10-05T00:24:07.175707+00:00,352.8,56,,sold,26,35,145,4668,7,1,37.5,16.0,26.0,27.5,60,31.5,875.8,18.5,2725.21,2723.94,-0.0466,0.0444,0.1206,-0.0786,3,4,win,577.3,0.0,1728.58,0.0
KXBTC15M-26OCT042030-30,BTC,crypto,PAPER,1,NO,2026-10-05T00:15:28.839119+00:00,871.2,40,2026-10-05T00:25:22.176488+00:00,277.8,55,,sold,15,35,115,4783,0,1,39.5,,,,0,,,,86423.41,86344.42,-0.0915,-0.0939,-0.0947,0.0947,1,1,loss,,,,
KXDOGE15M-26OCT042030-30,DOGE,crypto,PAPER,1,NO,2026-10-05T00:15:08.012739+00:00,892.0,41,2026-10-05T00:25:39.176104+00:00,260.8,56,,sold,20,35,115,4898,0,1,40.5,,,,0,,,,,,,-0.0313,-0.0104,0.0301,3,0,win,,,,
KXPLATINUM15M-26OCT042030-30,PLATINUM,commodity,PAPER,1,NO,2026-10-05T00:17:02.189397+00:00,777.8,38,,,0,yes,settled,0,17,-397,-3496,2,5,35.5,14.5,18.0,18.5,55,40.5,890.8,9.5,,,,,,0.0253,3,4,win,50.0,0.01,197.0,7.76
KXSILVER15M-26OCT042030-30,SILVER,commodity,PAPER,1,NO,2026-10-05T00:15:16.186801+00:00,883.8,40,,,0,yes,settled,0,17,-417,-3913,0,3,38.5,,,1.0,3,39.5,885.8,10.5,,,,,,0.0301,3,1,loss,233.0,54.0,433.0,237.0
KXPALLADIUM15M-26OCT042030-30,PALLADIUM,commodity,PAPER,1,NO,2026-10-05T00:18:26.203144+00:00,693.8,39,,,0,yes,settled,0,17,-407,-4320,3,5,36.5,2.5,7.5,12.5,38,29.5,865.8,20.5,,,,,,-0.0147,3,5,win,169.25,0.0,259.25,0.0
KXCOPPER15M-26OCT042030-30,COPPER,commodity,PAPER,1,NO,2026-10-05T00:15:54.875097+00:00,845.1,39,,,0,yes,settled,0,17,-407,-4727,0,2,38.0,,,,0,,,,,,,,,0.0789,2,2,loss,,,,
KXETH15M-26OCT042045-45,ETH,crypto,PAPER,1,NO,2026-10-05T00:30:23.217136+00:00,876.8,42,2026-10-05T00:31:25.177072+00:00,814.8,57,,sold,41,36,114,5012,0,1,41.5,,,5.0,23,45.5,893.8,4.5,2719.57,2719.21,-0.0132,-0.0298,-0.0221,0.0123,0,0,win,0.0,0.0,0.0,171.0
KXDOGE15M-26OCT042045-45,DOGE,crypto,PAPER,1,YES,2026-10-05T00:31:32.192215+00:00,807.8,42,2026-10-05T00:32:02.178219+00:00,777.8,56,,sold,41,36,104,5116,1,1,41.5,-6.0,-6.0,12.0,59,47.5,867.8,2.5,0.0956,0.0956,-0.0816,-0.0209,-0.0209,-0.0744,3,4,win,917.36,17.99,1010.36,175.99
KXXRP15M-26OCT042045-45,XRP,crypto,PAPER,1,YES,2026-10-05T00:31:24.192755+00:00,815.8,41,2026-10-05T00:32:39.177142+00:00,740.8,56,,sold,36,35,115,5231,1,1,40.5,-4.5,-11.0,5.0,42,44.5,857.8,5.5,1.5128,1.5141,-0.0859,-0.0198,-0.0529,-0.0458,3,3,win,0.0,484.5,23.0,1470.0
KXSOL15M-26OCT042045-45,SOL,crypto,PAPER,1,YES,2026-10-05T00:30:35.209826+00:00,864.8,41,2026-10-05T00:33:04.176847+00:00,715.8,55,,sold,29,35,105,5336,0,1,40.5,-7.0,,13.0,13,43.5,872.8,6.5,120.91,120.9935,-0.069,-0.0248,-0.0165,-0.012,1,1,win,363.0,26.0,1105.01,791.0
KXPALLADIUM15M-26OCT042045-45,PALLADIUM,commodity,PAPER,1,NO,2026-10-05T00:31:07.192525+00:00,832.8,38,2026-10-05T00:33:05.177511+00:00,714.8,55,,sold,29,35,135,-4592,1,2,37.0,-12.0,-13.0,13.5,22,50.5,865.8,0.5,,,,,,-0.0303,4,4,loss,0.0,12.0,59.0,228.25
KXWTI15M-26OCT042045-45,WTI,commodity,PAPER,1,YES,2026-10-05T00:31:07.207963+00:00,832.8,39,2026-10-05T00:35:18.178019+00:00,581.8,65,,sold,26,33,227,-4365,1,1,38.5,-7.0,-7.0,20.0,26,45.5,857.8,4.5,,,,,,-0.0303,5,5,win,0.0,322.0,1053.0,356.0
KXBTC15M-26OCT042045-45,BTC,crypto,PAPER,1,YES,2026-10-05T00:31:13.192168+00:00,826.8,42,2026-10-05T00:36:01.178332+00:00,538.8,55,,sold,31,36,94,5430,1,1,41.5,-7.0,-11.0,16.0,53,55.5,878.8,5.5,86222.0,86262.95,-0.0475,-0.023,-0.0453,-0.0453,2,2,win,0.0,400.0,0.0,6668.61
KXCOPPER15M-26OCT042045-45,COPPER,commodity,PAPER,1,NO,2026-10-05T00:30:10.563105+00:00,889.5,41,,,0,yes,settled,0,17,-427,-4792,0,1,40.5,,,2.5,4,,,,,,,,,0.0146,4,0,loss,,,,
KXPLATINUM15M-26OCT042045-45,PLATINUM,commodity,PAPER,1,NO,2026-10-05T00:31:03.200398+00:00,836.8,40,,,0,yes,settled,2,17,-417,-5209,1,5,37.5,-13.0,-2.0,18.0,39,55.5,888.8,5.5,,,,,,-0.0309,3,3,loss,6.25,181.0,1308.25,1504.0
KXGOLD15M-26OCT042045-45,GOLD,commodity,PAPER,1,YES,2026-10-05T00:30:37.192794+00:00,862.8,41,,,0,no,settled,0,17,-427,-5636,0,1,40.5,-12.0,,12.0,6,40.5,862.8,9.5,,,,,,-0.0195,1,1,win,0.0,1043.0,3894.56,2265.59
KXSILVER15M-26OCT042045-45,SILVER,commodity,PAPER,1,NO,2026-10-05T00:30:47.204195+00:00,852.8,40,,,0,yes,settled,0,17,-417,-6053,0,2,39.0,-12.0,,12.0,6,39.0,852.8,11.0,,,,,,-0.0187,2,2,loss,440.0,2171.01,3450.0,3054.01
KXSILVER15M-26OCT042100-00,SILVER,commodity,PAPER,1,YES,2026-10-05T00:46:08.207836+00:00,831.8,42,2026-10-05T00:46:47.175876+00:00,792.8,55,,sold,40,36,94,-5959,1,1,41.5,-8.5,-9.0,11.0,24,49.5,854.8,0.5,,,,,,-0.0867,1,1,loss,0.0,700.0,87.0,3839.0
KXDOGE15M-26OCT042100-00,DOGE,crypto,PAPER,1,YES,2026-10-05T00:45:46.188916+00:00,853.8,41,2026-10-05T00:48:00.177063+00:00,719.8,55,,sold,39,35,105,5535,0,1,40.5,-5.5,,12.0,43,45.0,890.8,5.0,,,,,,-0.0635,2,2,win,0.0,42.0,65.0,992.03
KXETH15M-26OCT042100-00,ETH,crypto,PAPER,1,YES,2026-10-05T00:46:08.191642+00:00,831.8,39,2026-10-05T00:48:26.175407+00:00,693.8,55,,sold,32,35,125,5660,1,1,38.5,-9.0,-11.0,17.0,60,45.5,890.8,4.5,2725.82,2727.47,-0.0605,-0.0392,-0.0513,-0.0867,4,4,win,0.0,559.0,0.0,2124.0
KXSOL15M-26OCT042100-00,SOL,crypto,PAPER,1,YES,2026-10-05T00:45:30.198800+00:00,869.8,39,2026-10-05T00:48:36.175997+00:00,683.8,55,,sold,22,35,125,5785,0,1,38.5,,,14.0,6,38.5,869.8,11.5,121.26,121.3633,-0.0851,-0.0824,-0.0577,-0.0125,0,0,win,378.27,0.14,1509.03,381.66
KXBTC15M-26OCT042100-00,BTC,crypto,PAPER,1,YES,2026-10-05T00:45:38.193059+00:00,861.8,42,2026-10-05T00:48:41.176759+00:00,678.8,55,,sold,27,36,94,5879,0,1,41.5,-13.0,,13.0,24,46.5,879.8,3.5,86563.46,86587.36,-0.0276,-0.0492,-0.0414,-0.0414,1,1,win,0.0,7266.01,0.0,10700.24
KXPLATINUM15M-26OCT042100-00,PLATINUM,commodity,PAPER,1,NO,2026-10-05T00:48:54.191204+00:00,665.8,40,2026-10-05T00:57:02.177052+00:00,177.8,55,,sold,21,35,115,-5844,3,5,37.5,-16.5,-15.0,20.0,48,53.0,871.8,3.0,,,,,,0.0846,4,5,loss,0.0,181.0,51.0,1504.0
KXPALLADIUM15M-26OCT042100-00,PALLADIUM,commodity,PAPER,1,YES,2026-10-05T00:46:36.199474+00:00,803.8,42,2026-10-05T00:58:45.176464+00:00,74.8,60,,sold,11,35,145,-5699,1,2,41.0,-5.5,-6.0,6.0,33,46.5,872.8,3.5,,,,,,-0.0312,4,4,win,0.0,0.25,202.5,226.25
KXXRP15M-26OCT042100-00,XRP,crypto,PAPER,1,NO,2026-10-05T00:45:46.203087+00:00,853.8,39,,,0,yes,settled,0,17,-407,5472,0,1,38.5,-8.0,,13.0,7,34.5,854.8,15.5,1.5216,1.5199,-0.1118,-0.0658,-0.0921,-0.0635,3,3,win,36.0,0.0,1336.9,519.5
KXCOPPER15M-26OCT042100-00,COPPER,commodity,PAPER,1,NO,2026-10-05T00:46:12.193685+00:00,827.8,40,,,0,yes,settled,0,17,-417,-6116,1,2,39.0,-13.0,-11.0,16.0,39,51.0,869.8,1.0,,,,,,-0.0868,2,2,loss,152.0,274.0,402.0,504.0
KXGOLD15M-26OCT042100-00,GOLD,commodity,PAPER,1,NO,2026-10-05T00:46:30.188373+00:00,809.8,42,,,0,yes,settled,0,18,-438,-6554,1,1,41.5,-7.0,-9.0,15.0,55,49.5,864.8,0.5,,,,,,-0.0522,3,3,loss,0.0,4503.68,0.0,5583.68
KXWTI15M-26OCT042100-00,WTI,commodity,PAPER,1,YES,2026-10-05T00:45:25.189827+00:00,874.8,38,,,0,no,settled,0,17,-397,-6951,0,1,37.5,,,3.0,6,37.5,874.8,12.5,,,,,,-0.0065,4,0,win,2240.0,10.0,3490.0,406.29
KXCOPPER15M-26OCT042115-15,COPPER,commodity,PAPER,1,YES,2026-10-05T01:00:21.188176+00:00,878.8,40,2026-10-05T01:00:49.176443+00:00,850.8,64,,sold,38,34,206,-6745,0,2,39.0,,,14.0,11,39.0,878.8,11.0,,,,,,-0.12,1,0,loss,143.0,262.4,434.0,512.4
KXSILVER15M-26OCT042115-15,SILVER,commodity,PAPER,1,YES,2026-10-05T01:00:36.193312+00:00,863.8,41,2026-10-05T01:00:58.177269+00:00,841.8,55,,sold,40,35,105,-6640,0,1,40.5,-0.5,,17.0,15,28.5,867.8,21.5,,,,,,-0.1057,3,3,win,116.0,0.0,3107.0,3162.16
KXGOLD15M-26OCT042115-15,GOLD,commodity,PAPER,1,YES,2026-10-05T01:00:34.193621+00:00,865.8,39,2026-10-05T01:01:14.177504+00:00,825.8,55,,sold,36,35,125,-6515,0,1,38.5,-8.0,,18.0,18,32.5,873.8,17.5,,,,,,-0.1007,2,2,loss,25.0,0.0,2888.0,5327.0
KXPLATINUM15M-26OCT042115-15,PLATINUM,commodity,PAPER,1,YES,2026-10-05T01:00:33.195419+00:00,866.8,39,2026-10-05T01:01:57.176312+00:00,782.8,56,,sold,32,35,135,-6380,0,5,36.5,-13.5,,13.5,9,36.5,866.8,13.5,,,,,,-0.1019,1,1,win,18.75,0.1,1343.75,76.1
KXPALLADIUM15M-26OCT042115-15,PALLADIUM,commodity,PAPER,1,YES,2026-10-05T01:01:00.192938+00:00,839.8,41,2026-10-05T01:02:04.177227+00:00,775.8,55,,sold,38,35,105,-6275,1,3,39.5,10.0,,21.0,30,33.0,878.8,17.0,,,,,,-0.0856,2,4,win,31.0,0.0,1530.0,31.0
KXDOGE15M-26OCT042115-15,DOGE,crypto,PAPER,1,YES,2026-10-05T01:00:14.189806+00:00,885.8,42,2026-10-05T01:10:35.177705+00:00,264.8,59,,sold,6,35,135,5607,0,1,41.5,,,9.0,14,43.5,888.8,6.5,0.0963,0.0964,-0.0675,-0.083,-0.0934,-0.1141,0,0,win,17.0,94.0,145.0,807.98
KXXRP15M-26OCT042115-15,XRP,crypto,PAPER,1,YES,2026-10-05T01:00:33.215700+00:00,866.8,38,2026-10-05T01:12:10.179131+00:00,169.8,62,,sold,6,34,206,5813,0,1,37.5,-6.0,,16.0,23,29.5,878.8,20.5,1.5222,1.523,-0.0525,-0.0328,-0.0525,-0.1019,1,1,loss,882.6,0.0,970.1,168.0
KXWTI15M-26OCT051300-00,WTI,commodity,PAPER,1,YES,2026-10-05T16:45:29.054198+00:00,870.9,42,2026-10-05T16:45:50.053844+00:00,849.9,55,,sold,41,36,94,94,0,1,41.5,,,9.5,16,45.5,879.9,4.5,,,,,,0.0147,3,3,none yet,0.0,2636.0,65.0,3136.0
KXPALLADIUM15M-26OCT051300-00,PALLADIUM,commodity,PAPER,1,YES,2026-10-05T16:45:42.053601+00:00,857.9,42,2026-10-05T16:46:32.053635+00:00,807.9,55,,sold,41,36,94,188,0,1,41.5,-6.5,,6.5,2,41.5,857.9,8.5,,,,,,0.0081,5,5,none yet,132.75,5.1,1632.75,85.85
KXPLATINUM15M-26OCT051300-00,PLATINUM,commodity,PAPER,1,YES,2026-10-05T16:45:26.054163+00:00,873.9,39,2026-10-05T16:48:15.053564+00:00,704.9,55,,sold,29,35,125,313,0,4,37.0,,,10.5,19,44.0,889.9,6.0,,,,,,0.0165,2,2,none yet,36.0,135.0,1587.0,1640.0
KXSILVER15M-26OCT051300-00,SILVER,commodity,PAPER,1,YES,2026-10-05T16:45:26.053475+00:00,873.9,42,2026-10-05T16:48:34.053380+00:00,685.9,56,,sold,30,36,104,417,0,1,41.5,,,6.0,18,47.0,884.9,3.0,,,,,,0.0165,1,1,none yet,18.0,170.0,1156.99,523.0
KXGOLD15M-26OCT051300-00,GOLD,commodity,PAPER,1,YES,2026-10-05T16:45:36.055694+00:00,863.9,40,2026-10-05T16:52:55.060755+00:00,424.9,55,,sold,18,35,115,532,0,2,39.0,-7.5,,8.0,7,39.0,863.9,11.0,,,,,,0.0058,4,4,none yet,,,,
KXCOPPER15M-26OCT051300-00,COPPER,commodity,PAPER,1,NO,2026-10-05T16:45:14.054372+00:00,885.9,42,2026-10-05T16:54:27.053352+00:00,332.9,55,,sold,18,36,94,626,0,3,40.5,,,6.0,11,43.5,889.9,6.5,,,,,,0.0122,0,0,none yet,73.0,533.75,197.0,552.5
KXETH15M-26OCT051300-00,ETH,crypto,PAPER,1,NO,2026-10-05T16:46:32.055830+00:00,807.9,42,,,0,yes,settled,0,18,-438,-438,1,1,41.5,-8.0,-8.0,11.0,60,50.5,869.9,0.5,2690.0,2688.99,-0.0376,-0.0364,-0.0257,0.0467,4,4,none yet,0.0,99.0,0.0,1833.27
KXXRP15M-26OCT051300-00,XRP,crypto,PAPER,1,NO,2026-10-05T16:45:37.053479+00:00,862.9,40,,,0,yes,settled,0,17,-417,-855,0,1,39.5,-13.0,,14.0,13,44.5,869.9,5.5,1.4894,1.4889,-0.0336,-0.0605,-0.0672,0.0104,1,1,none yet,19.62,453.13,706.62,553.14
KXBTC15M-26OCT051300-00,BTC,crypto,PAPER,1,NO,2026-10-05T16:46:29.055080+00:00,810.9,38,,,0,yes,settled,0,17,-397,-1252,1,1,37.5,-14.0,-14.0,14.0,54,47.5,863.9,2.5,85193.63,85164.11,-0.0347,-0.0559,-0.0365,0.0365,3,3,none yet,0.0,2626.72,0.0,17351.95
KXSOL15M-26OCT051300-00,SOL,crypto,PAPER,1,NO,2026-10-05T16:45:36.053714+00:00,863.9,40,,,0,yes,settled,0,17,-417,-1669,0,1,39.5,-11.0,,11.0,6,39.5,863.9,10.5,119.31,119.2538,-0.0471,-0.0503,-0.0671,0.0058,0,0,none yet,,,,
KXDOGE15M-26OCT051300-00,DOGE,crypto,PAPER,1,NO,2026-10-05T16:45:37.054762+00:00,862.9,41,,,0,yes,settled,0,17,-427,-2096,0,1,40.5,-6.0,,6.5,7,40.5,862.9,9.5,,,,,,0.0104,2,2,none yet,73.37,30.0,926.88,708.03
KXXRP15M-26OCT051315-15,XRP,crypto,PAPER,1,NO,2026-10-05T17:00:20.054202+00:00,879.9,42,2026-10-05T17:01:37.054621+00:00,802.9,55,,sold,41,36,94,-2002,0,1,41.5,,,15.0,19,48.5,886.9,1.5,1.4919,1.4916,-0.0201,-0.0067,-0.0134,-0.0354,0,0,loss,0.0,338.89,46.25,757.89
KXWTI15M-26OCT051315-15,WTI,commodity,PAPER,1,NO,2026-10-05T17:00:15.055486+00:00,884.9,42,2026-10-05T17:01:46.053713+00:00,793.9,56,,sold,28,36,104,730,0,1,41.5,,,13.5,14,44.5,886.9,5.5,,,,,,-0.038,0,0,win,260.0,310.0,2360.0,1910.0
KXGOLD15M-26OCT051315-15,GOLD,commodity,PAPER,1,NO,2026-10-05T17:00:36.055234+00:00,863.9,42,2026-10-05T17:02:28.053176+00:00,751.9,58,,sold,31,36,124,854,0,1,41.5,-5.5,,7.5,30,45.5,881.9,4.5,,,,,,-0.0248,2,2,win,0.0,3627.26,0.0,6781.26
KXSILVER15M-26OCT051315-15,SILVER,commodity,PAPER,1,NO,2026-10-05T17:01:11.058479+00:00,828.9,42,2026-10-05T17:02:28.060921+00:00,751.9,56,,sold,35,36,104,958,1,1,41.5,-4.0,-5.5,13.0,50,54.5,876.9,4.5,,,,,,-0.0246,4,4,win,0.0,154.0,0.0,686.15
KXPALLADIUM15M-26OCT051315-15,PALLADIUM,commodity,PAPER,1,NO,2026-10-05T17:00:25.055916+00:00,874.9,41,2026-10-05T17:02:31.053263+00:00,748.9,56,,sold,29,35,115,1073,0,2,40.0,,,10.0,12,40.0,874.9,10.0,,,,,,-0.019,1,1,win,0.1,175.25,89.1,225.25
KXCOPPER15M-26OCT051315-15,COPPER,commodity,PAPER,1,NO,2026-10-05T17:00:44.054033+00:00,855.9,42,2026-10-05T17:03:01.053465+00:00,718.9,58,,sold,32,36,124,1197,0,1,41.5,-11.5,,13.0,11,41.5,855.9,8.5,,,,,,-0.0349,3,3,win,20.36,310.53,431.36,514.53
KXDOGE15M-26OCT051315-15,DOGE,crypto,PAPER,1,YES,2026-10-05T17:02:15.057170+00:00,764.9,41,,,0,no,settled,0,17,-427,-2429,2,1,40.5,-3.5,-2.0,12.0,56,49.5,881.9,0.5,,,,,,0.0112,3,4,loss,0.0,18.0,0.0,662.5
KXBTC15M-26OCT051315-15,BTC,crypto,PAPER,1,YES,2026-10-05T17:00:22.927278+00:00,877.1,40,,,0,no,settled,0,17,-417,-2846,0,1,39.5,,,6.0,11,,,,85280.83,85305.08,-0.0284,-0.0134,-0.0163,-0.0163,1,1,loss,,,,
KXSOL15M-26OCT051315-15,SOL,crypto,PAPER,1,YES,2026-10-05T17:01:59.057808+00:00,780.9,42,,,0,no,settled,0,18,-438,-3284,1,1,41.5,-1.0,-3.0,6.0,57,50.5,876.9,0.5,119.59,119.6352,-0.0378,0.0084,-0.0084,0.0184,2,3,loss,0.0,240.0,0.0,658.0
KXETH15M-26OCT051315-15,ETH,crypto,PAPER,1,YES,2026-10-05T17:00:54.057991+00:00,845.9,42,,,0,no,settled,0,18,-438,-3722,0,1,41.5,-2.0,,10.0,48,46.5,881.9,3.5,2695.95,2696.59,-0.0237,-0.007,-0.0056,-0.036,2,2,loss,0.0,91.0,0.0,693.8
KXPLATINUM15M-26OCT051315-15,PLATINUM,commodity,PAPER,1,YES,2026-10-05T17:01:59.055367+00:00,780.9,42,,,0,no,settled,0,18,-438,759,1,1,41.5,-3.5,-11.5,12.0,57,43.5,876.9,6.5,,,,,,0.0184,4,5,win,27.75,66.0,1704.13,1577.75
KXGOLD15M-26OCT051330-30,GOLD,commodity,PAPER,1,NO,2026-10-05T17:16:02.057002+00:00,837.9,39,2026-10-05T17:16:39.054341+00:00,800.9,56,,sold,37,35,135,894,1,2,38.0,1.5,-10.5,17.0,40,34.5,862.9,15.5,,,,,,0.0664,3,3,win,247.0,0.0,2758.38,0.0
KXSILVER15M-26OCT051330-30,SILVER,commodity,PAPER,1,NO,2026-10-05T17:15:41.199200+00:00,858.8,40,2026-10-05T17:17:20.053111+00:00,759.9,55,,sold,26,35,115,1009,0,1,39.5,-0.5,,17.5,14,,,,,,,,,0.0182,2,2,win,,,,
KXPALLADIUM15M-26OCT051330-30,PALLADIUM,commodity,PAPER,1,NO,2026-10-05T17:15:23.054643+00:00,876.9,42,2026-10-05T17:17:36.052674+00:00,743.9,55,,sold,30,36,94,1103,0,2,41.0,,,11.0,16,41.5,878.9,8.5,,,,,,0.0414,2,1,win,21.0,143.75,80.75,1698.75
KXWTI15M-26OCT051330-30,WTI,commodity,PAPER,1,YES,2026-10-05T17:15:17.054003+00:00,882.9,41,2026-10-05T17:18:03.053581+00:00,716.9,57,,sold,33,35,125,1228,0,2,40.0,,,9.5,15,46.0,883.9,4.0,,,,,,0.0403,1,0,win,26.0,0.0,1124.0,1159.61
KXCOPPER15M-26OCT051330-30,COPPER,commodity,PAPER,1,NO,2026-10-05T17:16:16.087277+00:00,823.9,40,2026-10-05T17:18:08.055787+00:00,711.9,57,,sold,38,35,135,1363,1,2,39.0,10.5,3.5,10.5,30,29.5,857.9,20.5,,,,,,0.0328,4,4,win,4.0,0.0,2547.0,0.0
KXPLATINUM15M-26OCT051330-30,PLATINUM,commodity,PAPER,1,NO,2026-10-05T17:16:22.057117+00:00,817.9,39,2026-10-05T17:18:24.054542+00:00,695.9,55,,sold,36,35,125,1488,1,3,37.5,5.5,-6.0,6.5,41,31.5,862.9,18.5,,,,,,0.0159,5,5,loss,193.0,22.0,399.75,95.0
KXBTC15M-26OCT051330-30,BTC,crypto,PAPER,1,NO,2026-10-05T17:15:24.055783+00:00,875.9,38,,,0,yes,settled,0,17,-397,-4119,0,1,37.5,,,12.0,19,35.5,878.9,14.5,85285.5,85250.58,-0.041,-0.0352,-0.0417,0.0417,1,1,loss,12433.18,0.0,25032.77,6177.2
KXETH15M-26OCT051330-30,ETH,crypto,PAPER,1,NO,2026-10-05T17:15:16.055630+00:00,883.9,42,,,0,yes,settled,0,18,-438,-4557,0,1,41.5,,,5.0,16,41.5,883.9,8.5,2696.51,2695.76,-0.0278,0.01,-0.043,0.0441,0,0,loss,63.39,602.8,284.39,2230.6
KXXRP15M-26OCT051330-30,XRP,crypto,PAPER,1,NO,2026-10-05T17:15:25.724104+00:00,874.3,42,,,0,yes,settled,0,18,-438,-4995,0,1,41.5,,,5.0,15,,,,1.4917,1.4909,-0.0537,-0.0469,-0.0604,0.0417,2,2,win,,,,
KXDOGE15M-26OCT051330-30,DOGE,crypto,PAPER,1,NO,2026-10-05T17:15:31.006215+00:00,869.0,42,,,0,yes,settled,0,18,-438,-5433,0,1,41.5,,,5.5,14,,,,,,,,,0.0416,3,3,loss,,,,
KXCOPPER15M-26OCT051345-45,COPPER,commodity,PAPER,1,NO,2026-10-05T17:30:32.055382+00:00,867.9,42,2026-10-05T17:30:56.054536+00:00,843.9,55,,sold,40,36,94,1582,0,1,41.5,,,0.5,7,42.0,874.9,8.0,,,,,,-0.0093,0,0,win,54.0,100.0,258.0,498.0
KXETH15M-26OCT051345-45,ETH,crypto,PAPER,1,YES,2026-10-05T17:30:47.055521+00:00,852.9,41,2026-10-05T17:34:51.054471+00:00,608.9,57,,sold,17,35,125,-5308,0,1,40.5,,,12.0,29,52.5,880.9,2.5,2700.12,2700.22,-0.0037,-0.0255,-0.0144,-0.0227,0,0,loss,0.0,388.0,586.0,1435.8
KXDOGE15M-26OCT051345-45,DOGE,crypto,PAPER,1,YES,2026-10-05T17:30:47.058488+00:00,852.9,42,2026-10-05T17:34:52.054982+00:00,607.9,57,,sold,25,36,114,-5194,0,1,41.5,,,14.0,28,55.5,880.9,5.5,,,,,,-0.0227,1,1,loss,0.0,84.9,1.0,180.9
KXGOLD15M-26OCT051345-45,GOLD,commodity,PAPER,1,YES,2026-10-05T17:30:44.056101+00:00,855.9,42,2026-10-05T17:39:13.056801+00:00,346.9,56,,sold,14,36,104,1686,0,1,41.5,-9.0,,9.0,31,50.5,885.9,0.5,,,,,,-0.0095,1,1,win,0.0,4679.0,0.0,10266.0
KXPALLADIUM15M-26OCT051345-45,PALLADIUM,commodity,PAPER,1,YES,2026-10-05T17:35:40.056068+00:00,559.9,39,2026-10-05T17:41:19.054839+00:00,220.9,59,,sold,14,34,166,1852,5,5,36.5,-8.5,-8.5,8.5,28,52.0,895.9,2.0,,,,,,-0.0128,4,5,win,0.0,195.0,431.0,520.0
KXPLATINUM15M-26OCT051345-45,PLATINUM,commodity,PAPER,1,YES,2026-10-05T17:31:19.055493+00:00,820.9,42,2026-10-05T17:41:39.053989+00:00,200.9,56,,sold,12,36,104,1956,1,2,41.0,-5.5,,17.0,49,58.0,879.9,8.0,,,,,,-0.0295,3,4,win,242.75,67.0,1756.59,93.25
KXSILVER15M-26OCT051345-45,SILVER,commodity,PAPER,1,YES,2026-10-05T17:30:46.057946+00:00,853.9,41,2026-10-05T17:42:23.053691+00:00,156.9,57,,sold,4,35,125,2081,0,1,40.5,,,6.0,7,46.5,859.9,3.5,,,,,,-0.0095,2,2,win,0.0,593.5,22.0,3103.5
KXSOL15M-26OCT051345-45,SOL,crypto,PAPER,1,YES,2026-10-05T17:30:56.057751+00:00,843.9,42,2026-10-05T17:42:37.054028+00:00,142.9,55,,sold,7,36,94,-5100,0,1,41.5,,,9.0,17,49.5,859.9,0.5,119.87,119.9292,-0.0494,-0.0334,-0.0417,-0.0252,3,3,loss,0.0,40.0,237.0,672.2
KXBTC15M-26OCT051345-45,BTC,crypto,PAPER,1,YES,2026-10-05T17:30:50.059218+00:00,849.9,42,,,0,no,settled,0,18,-438,-5538,0,1,41.5,-9.0,,10.0,32,50.5,880.9,0.5,85352.44,85366.38,-0.0163,-0.0266,-0.0226,-0.0226,2,2,loss,0.0,2413.71,0.0,19405.64
KXXRP15M-26OCT051345-45,XRP,crypto,PAPER,1,YES,2026-10-05T17:31:12.055381+00:00,827.9,42,,,0,no,settled,0,18,-438,-5976,1,1,41.5,-6.0,,7.0,43,48.5,869.9,1.5,1.4949,1.4955,-0.0401,-0.0201,-0.0602,-0.0295,4,4,loss,0.0,30.0,1052.94,166.99
KXWTI15M-26OCT051345-45,WTI,commodity,PAPER,1,YES,2026-10-05T17:31:15.057548+00:00,824.9,42,,,0,no,settled,0,18,-438,1643,1,1,41.5,,,4.0,30,45.5,854.9,4.5,,,,,,-0.0295,2,3,win,113.0,996.0,2330.0,4001.0
KXBTC15M-26OCT051400-00,BTC,crypto,PAPER,1,NO,2026-10-05T17:45:22.258536+00:00,877.7,41,2026-10-05T17:46:37.058709+00:00,802.9,55,,sold,38,35,105,-5871,0,1,40.5,,,2.0,16,,,,85335.59,85319.11,-0.0193,-0.0078,-0.0207,0.0207,2,2,loss,,,,
KXSOL15M-26OCT051400-00,SOL,crypto,PAPER,1,NO,2026-10-05T17:46:33.061716+00:00,806.9,41,2026-10-05T17:46:45.056835+00:00,794.9,57,,sold,40,35,125,-5746,1,1,40.5,-11.0,6.0,15.0,52,50.5,861.9,0.5,119.91,119.8612,-0.0407,-0.025,-0.0,-0.0252,4,4,win,0.0,9.0,0.0,39.01
KXXRP15M-26OCT051400-00,XRP,crypto,PAPER,1,NO,2026-10-05T17:45:28.056205+00:00,871.9,38,2026-10-05T17:47:14.056853+00:00,765.9,55,,sold,33,35,135,-5611,0,1,37.5,,,5.0,15,37.5,871.9,12.5,1.4946,1.4941,-0.0335,-0.0335,-0.0402,0.0311,3,3,loss,1261.99,45.78,1321.99,104.78
KXDOGE15M-26OCT051400-00,DOGE,crypto,PAPER,1,NO,2026-10-05T17:45:18.055162+00:00,881.9,38,2026-10-05T17:47:17.054023+00:00,762.9,56,,sold,36,35,145,-5466,0,2,37.0,,,3.5,17,35.5,882.9,14.5,,,,,,0.031,1,1,win,806.75,3.75,1051.35,87.75
KXETH15M-26OCT051400-00,ETH,crypto,PAPER,1,NO,2026-10-05T17:45:17.100883+00:00,882.9,41,2026-10-05T17:47:30.055082+00:00,749.9,57,,sold,39,35,125,-5341,0,1,40.5,,,6.0,15,,,,2701.25,2699.95,-0.0481,-0.0378,-0.053,0.031,0,0,win,,,,
KXWTI15M-26OCT051400-00,WTI,commodity,PAPER,1,NO,2026-10-05T17:46:01.058303+00:00,838.9,41,2026-10-05T17:48:21.054831+00:00,698.9,56,,sold,35,35,115,1758,1,1,40.5,-9.5,,13.0,47,52.0,871.9,2.0,,,,,,-0.025,1,1,loss,0.0,395.0,3455.0,2499.0
KXSILVER15M-26OCT051400-00,SILVER,commodity,PAPER,1,YES,2026-10-05T17:46:29.056049+00:00,810.9,42,2026-10-05T17:48:22.054511+00:00,697.9,56,,sold,41,36,104,1862,1,1,41.5,-3.0,-11.0,9.5,49,50.5,861.9,0.5,,,,,,-0.0337,3,3,win,0.0,72.0,2459.0,2676.25
KXGOLD15M-26OCT051400-00,GOLD,commodity,PAPER,1,YES,2026-10-05T17:46:02.055671+00:00,837.9,42,2026-10-05T17:48:24.055014+00:00,695.9,55,,sold,40,36,94,1956,1,1,41.5,-12.0,,14.0,46,52.5,866.9,2.5,,,,,,-0.025,2,2,win,0.0,2230.46,2063.72,6061.28
KXPALLADIUM15M-26OCT051400-00,PALLADIUM,commodity,PAPER,1,NO,2026-10-05T17:45:40.057660+00:00,859.9,39,,,0,yes,settled,0,17,-407,1549,0,4,37.0,-0.5,,16.0,29,34.0,882.9,16.0,,,,,,-0.0164,0,0,win,250.57,0.0,1780.57,106.75
KXPLATINUM15M-26OCT051400-00,PLATINUM,commodity,PAPER,1,NO,2026-10-05T17:46:37.063778+00:00,802.9,39,,,0,yes,settled,0,17,-407,1142,1,5,36.5,-14.0,-7.0,15.5,48,45.0,866.9,5.0,,,,,,-0.0152,4,4,win,0.0,580.0,218.0,714.0
KXETH15M-26OCT051415-15,ETH,crypto,PAPER,1,YES,2026-10-05T18:00:30.536190+00:00,869.5,38,2026-10-05T18:01:15.057990+00:00,824.9,59,,sold,37,34,176,-5165,0,1,37.5,,,10.0,10,,,,2704.92,2705.45,-0.0196,-0.0092,-0.0344,-0.0227,0,0,win,,,,
KXBTC15M-26OCT051415-15,BTC,crypto,PAPER,1,NO,2026-10-05T18:01:23.059536+00:00,816.9,42,2026-10-05T18:04:08.059652+00:00,651.9,55,,sold,22,36,94,-5071,1,1,41.5,-12.0,-14.0,14.0,33,53.5,848.9,3.5,85451.02,85423.41,-0.0323,-0.0382,-0.0509,0.0509,3,4,win,0.0,0.0,0.0,14862.75
KXXRP15M-26OCT051415-15,XRP,crypto,PAPER,1,NO,2026-10-05T18:01:22.056789+00:00,817.9,42,2026-10-05T18:04:57.054272+00:00,602.9,55,,sold,18,36,94,-4977,1,1,41.5,-13.0,-12.0,13.0,56,54.5,873.9,4.5,1.4966,1.4965,-0.0067,-0.0535,-0.0669,0.0422,2,3,win,0.0,408.0,63.53,1090.01
KXSOL15M-26OCT051415-15,SOL,crypto,PAPER,1,NO,2026-10-05T18:01:04.060705+00:00,835.9,41,2026-10-05T18:05:11.053040+00:00,588.9,56,,sold,18,35,115,-4862,1,1,40.5,-15.0,,15.0,38,50.5,863.9,0.5,120.08,120.0377,-0.0352,-0.05,-0.0417,0.0039,2,2,win,0.0,0.0,0.0,71.0
KXWTI15M-26OCT051415-15,WTI,commodity,PAPER,1,YES,2026-10-05T18:00:20.216340+00:00,879.8,40,2026-10-05T18:05:11.059861+00:00,588.9,63,,sold,15,34,196,1338,0,2,39.0,,,6.5,10,,,,,,,,,-0.0274,2,0,win,,,,
KXGOLD15M-26OCT051415-15,GOLD,commodity,PAPER,1,NO,2026-10-05T18:11:31.057536+00:00,208.9,39,2026-10-05T18:11:56.054030+00:00,183.9,56,,sold,34,35,135,1473,11,1,38.5,28.0,28.5,29.0,60,34.5,863.9,15.5,,,,,,-0.0233,4,5,win,453.31,0.0,3124.31,0.0
KXDOGE15M-26OCT051415-15,DOGE,crypto,PAPER,1,NO,2026-10-05T18:01:01.063515+00:00,838.9,41,2026-10-05T18:13:36.054546+00:00,83.9,63,,sold,16,34,186,-4676,1,2,40.0,-6.5,,14.0,51,49.5,878.9,0.5,,,,,,-0.0164,1,1,win,0.0,20.0,1106.75,40.0
KXCOPPER15M-26OCT051415-15,COPPER,commodity,PAPER,1,NO,2026-10-05T18:01:04.056688+00:00,835.9,42,2026-10-05T18:14:28.057497+00:00,31.9,57,,sold,5,36,114,1587,1,1,41.5,-1.5,,20.5,36,42.5,868.9,7.5,,,,,,0.0039,3,3,win,0.0,448.6,24.0,653.6
KXSILVER15M-26OCT051415-15,SILVER,commodity,PAPER,1,NO,2026-10-05T18:00:22.056587+00:00,877.9,42,,,0,yes,settled,0,18,-438,1149,0,2,41.0,,,9.5,18,46.0,884.9,4.0,,,,,,-0.0368,3,1,win,0.0,147.5,379.0,476.75
KXPALLADIUM15M-26OCT051415-15,PALLADIUM,commodity,PAPER,1,NO,2026-10-05T18:01:11.055462+00:00,828.9,42,,,0,yes,settled,1,18,-438,711,1,2,41.0,-0.5,-9.0,8.5,28,49.5,866.9,0.5,,,,,,-0.0004,4,4,loss,5.0,179.0,93.0,399.0
KXPLATINUM15M-26OCT051415-15,PLATINUM,commodity,PAPER,1,NO,2026-10-05T18:00:39.057019+00:00,860.9,39,,,0,yes,settled,0,17,-407,304,0,2,38.0,-9.0,,16.0,31,51.0,884.9,1.0,,,,,,-0.0146,2,2,loss,22.0,187.0,102.0,1715.0
KXWTI15M-26OCT051430-30,WTI,commodity,PAPER,1,NO,2026-10-05T18:15:53.061920+00:00,846.9,42,2026-10-05T18:17:07.054298+00:00,772.9,55,,sold,41,36,94,398,0,1,41.5,-3.5,,7.0,40,46.5,875.9,3.5,,,,,,0.0002,4,4,win,218.0,184.0,5581.0,3684.0
KXGOLD15M-26OCT051430-30,GOLD,commodity,PAPER,1,YES,2026-10-05T18:15:42.057015+00:00,857.9,41,2026-10-05T18:17:16.053994+00:00,763.9,56,,sold,40,35,115,513,0,1,40.5,-13.0,,13.0,30,45.5,875.9,4.5,,,,,,-0.0061,3,3,win,0.0,3143.4,0.0,6134.63
KXPALLADIUM15M-26OCT051430-30,PALLADIUM,commodity,PAPER,1,NO,2026-10-05T18:17:01.057053+00:00,778.9,40,2026-10-05T18:18:26.055621+00:00,693.9,57,,sold,36,35,135,648,2,1,39.5,-11.5,-10.5,11.5,43,50.5,883.9,0.5,,,,,,0.0183,5,5,loss,128.0,1.0,371.0,99.0
KXCOPPER15M-26OCT051430-30,COPPER,commodity,PAPER,1,YES,2026-10-05T18:15:34.054796+00:00,865.9,42,2026-10-05T18:28:14.053722+00:00,105.9,68,,sold,7,34,226,874,0,1,41.5,-9.0,,9.0,7,41.5,865.9,8.5,,,,,,0.0286,2,1,win,0.1,400.0,311.1,605.0
KXSILVER15M-26OCT051430-30,SILVER,commodity,PAPER,1,YES,2026-10-05T18:15:41.066231+00:00,858.9,42,2026-10-05T18:28:14.054545+00:00,105.9,64,,sold,5,35,185,1059,0,1,41.5,-11.0,,15.0,32,52.5,880.9,2.5,,,,,,-0.0011,2,2,loss,0.0,282.84,0.0,727.53
KXPLATINUM15M-26OCT051430-30,PLATINUM,commodity,PAPER,1,YES,2026-10-05T18:15:31.058971+00:00,868.9,42,2026-10-05T18:28:36.056599+00:00,83.9,67,,sold,2,34,216,1275,0,1,41.5,,,8.5,21,50.0,884.9,0.0,,,,,,0.0212,1,0,loss,0.0,6.25,181.75,179.55
KXXRP15M-26OCT051430-30,XRP,crypto,PAPER,1,NO,2026-10-05T18:15:41.059831+00:00,858.9,38,,,0,yes,settled,0,17,-397,-5073,0,1,37.5,-3.0,,12.0,24,34.5,870.9,15.5,1.4979,1.4974,-0.0334,0.0067,-0.0468,-0.0011,3,3,win,20.0,0.0,76.02,91.0
KXBTC15M-26OCT051430-30,BTC,crypto,PAPER,1,NO,2026-10-05T18:15:18.642762+00:00,881.4,40,,,0,yes,settled,0,17,-417,-5490,0,1,39.5,,,11.0,11,,,,85461.74,85432.83,-0.0338,-0.0192,-0.0304,0.0304,0,0,win,,,,
KXSOL15M-26OCT051430-30,SOL,crypto,PAPER,1,NO,2026-10-05T18:15:33.055105+00:00,866.9,39,,,0,yes,settled,0,17,-407,-5897,0,1,38.5,,,17.0,20,33.5,875.9,16.5,119.99,119.9743,-0.0131,-0.025,-0.025,0.0286,1,1,win,857.0,0.0,1607.21,0.0
KXETH15M-26OCT051430-30,ETH,crypto,PAPER,1,NO,2026-10-05T18:15:33.986831+00:00,866.0,41,,,0,yes,settled,0,17,-427,-6324,0,1,40.5,-16.0,,16.0,11,,,,2707.97,2706.49,-0.0547,-0.0222,-0.0436,0.0286,2,2,win,,,,
KXGOLD15M-26OCT051445-45,GOLD,commodity,PAPER,1,NO,2026-10-05T18:30:21.670408+00:00,878.3,42,2026-10-05T18:33:26.054387+00:00,693.9,55,,sold,23,36,94,1369,0,1,41.5,,,8.5,5,,,,,,,,,-0.0644,3,3,win,,,,
KXPALLADIUM15M-26OCT051445-45,PALLADIUM,commodity,PAPER,1,NO,2026-10-05T18:30:13.058022+00:00,886.9,42,2026-10-05T18:33:51.052783+00:00,668.9,60,,sold,29,35,145,1514,0,5,39.5,,,12.0,6,46.5,887.9,3.5,,,,,,-0.0829,2,2,win,95.0,253.25,1595.0,459.5
KXCOPPER15M-26OCT051445-45,COPPER,commodity,PAPER,1,NO,2026-10-05T18:30:43.058475+00:00,856.9,38,2026-10-05T18:33:51.054797+00:00,668.9,59,,sold,31,34,176,1690,0,2,37.0,4.0,,21.0,36,34.5,887.9,15.5,,,,,,0.005,5,5,win,95.0,0.0,343.55,197.0
KXPLATINUM15M-26OCT051445-45,PLATINUM,commodity,PAPER,1,NO,2026-10-05T18:30:11.294108+00:00,888.7,42,2026-10-05T18:33:54.052875+00:00,665.9,55,,sold,26,36,94,1784,0,3,40.5,,,5.5,5,,,,,,,,,-0.0869,0,0,win,,,,
KXBTC15M-26OCT051445-45,BTC,crypto,PAPER,1,YES,2026-10-05T18:30:28.063148+00:00,871.9,39,2026-10-05T18:34:11.054661+00:00,648.9,55,,sold,23,35,125,-6199,0,1,38.5,,,6.0,12,36.5,877.9,13.5,85548.9,85579.27,-0.0355,-0.0134,-0.0566,-0.0566,3,3,loss,6798.42,7006.28,13661.34,10296.29
KXWTI15M-26OCT051445-45,WTI,commodity,PAPER,1,NO,2026-10-05T18:30:13.055287+00:00,886.9,42,2026-10-05T18:34:46.053833+00:00,613.9,61,,sold,35,35,155,1939,0,2,41.0,,,13.5,7,45.0,887.9,5.0,,,,,,-0.0829,1,1,win,411.0,107.0,2471.0,309.57
KXSOL15M-26OCT051445-45,SOL,crypto,PAPER,1,YES,2026-10-05T18:30:06.055735+00:00,893.9,41,2026-10-05T18:34:53.056967+00:00,606.9,56,,sold,26,35,115,-6084,0,2,40.0,,,12.0,6,40.0,893.9,10.0,120.0,120.0573,-0.0477,0.0,-0.0749,-0.0733,4,0,win,399.6,147.0,1149.8,823.16
KXXRP15M-26OCT051445-45,XRP,crypto,PAPER,1,YES,2026-10-05T18:30:58.055085+00:00,841.9,39,2026-10-05T18:35:02.056627+00:00,597.9,57,,sold,24,35,145,-5939,0,1,38.5,2.0,,10.0,21,45.5,856.9,4.5,1.4995,1.5001,-0.04,0.0267,0.0,-0.0129,4,4,loss,0.0,35.0,165.01,1226.0
KXDOGE15M-26OCT051445-45,DOGE,crypto,PAPER,1,YES,2026-10-05T18:30:16.476320+00:00,883.5,38,2026-10-05T18:35:06.056528+00:00,593.9,56,,sold,17,35,145,-5794,0,1,37.5,,,11.5,5,,,,,,,,,-0.0829,3,1,win,,,,
KXETH15M-26OCT051445-45,ETH,crypto,PAPER,1,YES,2026-10-05T18:30:18.056116+00:00,881.9,40,,,0,no,settled,0,17,-417,-6211,0,1,39.5,,,7.0,7,36.5,882.9,13.5,2707.92,2708.92,-0.0369,-0.0148,-0.0838,-0.076,2,2,loss,837.8,0.0,2024.97,32.21
KXSILVER15M-26OCT051445-45,SILVER,commodity,PAPER,1,NO,2026-10-05T18:30:37.159364+00:00,862.8,41,,,0,yes,settled,0,17,-427,1512,0,1,40.5,0.0,,12.5,5,,,,,,,,,-0.0125,4,4,win,,,,
KXWTI15M-26OCT051500-00,WTI,commodity,PAPER,1,NO,2026-10-05T18:45:34.060163+00:00,865.9,42,2026-10-05T18:48:32.054566+00:00,687.9,57,,sold,37,36,114,1626,0,1,41.5,,,9.5,14,44.5,868.9,5.5,,,,,,-0.0101,1,0,win,1121.0,104.0,4120.0,3289.0
KXETH15M-26OCT051500-00,ETH,crypto,PAPER,1,YES,2026-10-05T18:47:15.058397+00:00,764.9,41,2026-10-05T18:49:06.055810+00:00,653.9,55,,sold,37,35,105,-6106,2,1,40.5,-7.0,-12.0,12.0,60,49.5,868.9,0.5,2707.31,2707.93,-0.0229,-0.0295,-0.0351,-0.0121,3,3,loss,0.0,541.0,0.0,2080.4
KXBTC15M-26OCT051500-00,BTC,crypto,PAPER,1,YES,2026-10-05T18:50:54.059716+00:00,545.9,41,2026-10-05T18:51:31.054799+00:00,508.9,55,,sold,40,35,105,-6001,5,1,40.5,-8.0,-4.0,13.0,61,48.5,863.9,1.5,85606.22,85615.46,-0.0108,-0.0101,-0.0023,-0.0023,3,4,win,0.0,10124.67,0.0,17084.59
KXSOL15M-26OCT051500-00,SOL,crypto,PAPER,1,YES,2026-10-05T18:46:43.059158+00:00,796.9,41,2026-10-05T18:52:22.054753+00:00,457.9,60,,sold,33,34,156,-5845,1,1,40.5,-11.0,-12.0,12.5,59,50.5,863.9,0.5,119.99,120.0175,-0.0229,-0.0083,-0.025,0.007,2,2,win,0.0,20.0,48.0,767.0
KXXRP15M-26OCT051500-00,XRP,crypto,PAPER,1,YES,2026-10-05T18:46:30.056046+00:00,809.9,42,2026-10-05T18:55:04.056203+00:00,295.9,57,,sold,19,36,114,-5731,1,1,41.5,-2.0,-4.0,7.5,60,43.5,873.9,6.5,1.4983,1.4991,-0.0534,-0.0133,-0.02,0.0121,1,1,win,0.0,329.0,31.0,1309.0
KXCOPPER15M-26OCT051500-00,COPPER,commodity,PAPER,1,NO,2026-10-05T18:45:55.059317+00:00,844.9,40,2026-10-05T18:56:59.057824+00:00,180.9,66,,sold,16,33,227,1853,0,1,39.5,-11.0,,12.0,51,51.5,884.9,1.5,,,,,,0.0,2,2,win,0.0,172.0,197.0,522.0
KXDOGE15M-26OCT051500-00,DOGE,crypto,PAPER,1,NO,2026-10-05T18:45:59.057220+00:00,840.9,40,,,0,yes,settled,0,17,-417,-6148,0,1,39.5,-10.0,,10.5,37,47.5,868.9,2.5,0.0948,0.0947,-0.019,-0.0528,-0.0528,0.0,0,0,win,6.75,20.0,651.76,584.75
KXSILVER15M-26OCT051500-00,SILVER,commodity,PAPER,1,NO,2026-10-05T18:46:46.057347+00:00,793.9,42,,,0,yes,settled,0,18,-438,1415,1,1,41.5,-8.0,-7.0,8.0,57,48.0,884.9,2.0,,,,,,0.007,3,3,loss,0.0,47.0,0.0,2400.0
KXPLATINUM15M-26OCT051500-00,PLATINUM,commodity,PAPER,1,NO,2026-10-05T18:47:40.055814+00:00,739.9,42,,,0,yes,settled,0,18,-438,977,2,3,40.5,-4.5,-9.0,9.0,51,49.5,873.9,0.5,,,,,,-0.0083,4,4,win,7.75,591.0,91.47,816.86
KXGOLD15M-26OCT051500-00,GOLD,commodity,PAPER,1,NO,2026-10-05T18:45:41.056018+00:00,858.9,42,,,0,yes,settled,0,18,-438,539,0,1,41.5,-2.0,,6.5,21,44.0,868.9,6.0,,,,,,-0.0121,1,1,win,0.0,2155.64,4776.62,7953.64
KXPALLADIUM15M-26OCT051500-00,PALLADIUM,commodity,PAPER,1,NO,2026-10-05T18:48:12.058212+00:00,707.9,38,,,0,yes,settled,0,17,-397,142,3,3,36.5,-7.0,-5.5,10.0,47,50.5,858.9,0.5,,,,,,-0.0118,5,5,win,0.0,120.0,177.0,350.0
KXGOLD15M-26OCT051515-15,GOLD,commodity,PAPER,1,YES,2026-10-05T19:00:12.257046+00:00,887.7,42,2026-10-05T19:00:53.060486+00:00,846.9,58,,sold,41,36,124,266,0,1,41.5,,,5.0,5,,,,,,,,,0.0078,4,0,win,,,,
KXSOL15M-26OCT051515-15,SOL,crypto,PAPER,1,NO,2026-10-05T19:00:22.702237+00:00,877.3,40,2026-10-05T19:01:07.054985+00:00,832.9,55,,sold,34,35,115,-6033,0,1,39.5,,,3.0,5,,,,120.11,120.091,-0.0158,-0.0167,-0.0167,0.007,0,0,win,,,,
KXXRP15M-26OCT051515-15,XRP,crypto,PAPER,1,NO,2026-10-05T19:00:27.919644+00:00,872.1,41,2026-10-05T19:01:13.054074+00:00,826.9,55,,sold,38,35,105,-5928,0,1,40.5,,,5.0,5,,,,1.4998,1.4996,-0.0133,-0.02,-0.02,-0.0012,1,1,win,,,,
KXCOPPER15M-26OCT051515-15,COPPER,commodity,PAPER,1,YES,2026-10-05T19:00:17.641093+00:00,882.4,41,2026-10-05T19:02:19.054075+00:00,760.9,56,,sold,40,35,115,381,0,1,40.5,,,5.5,5,,,,,,,,,0.0118,5,1,win,,,,
KXPALLADIUM15M-26OCT051515-15,PALLADIUM,commodity,PAPER,1,YES,2026-10-05T19:00:38.068306+00:00,861.9,41,2026-10-05T19:02:41.054895+00:00,738.9,55,,sold,39,35,105,486,0,2,40.0,0.0,,7.0,5,,,,,,,,,0.0118,3,3,loss,,,,
KXPLATINUM15M-26OCT051515-15,PLATINUM,commodity,PAPER,1,YES,2026-10-05T19:00:22.705299+00:00,877.3,42,2026-10-05T19:03:01.058739+00:00,718.9,60,,sold,36,35,145,631,0,1,41.5,,,2.5,5,,,,,,,,,0.007,6,2,win,,,,
KXSILVER15M-26OCT051515-15,SILVER,commodity,PAPER,1,NO,2026-10-05T19:00:53.058873+00:00,846.9,42,2026-10-05T19:07:19.053469+00:00,460.9,58,,sold,20,36,124,755,0,1,41.5,-14.5,,17.0,15,51.0,855.9,1.0,,,,,,-0.0228,5,5,loss,0.0,329.0,314.0,641.39
KXBTC15M-26OCT051515-15,BTC,crypto,PAPER,1,YES,2026-10-05T19:00:56.059945+00:00,843.9,41,2026-10-05T19:12:10.054496+00:00,169.9,55,,sold,6,35,105,-5823,0,1,40.5,-11.0,,17.0,54,52.5,891.9,2.5,85631.21,85652.99,-0.0254,-0.0383,-0.0316,-0.0316,4,4,win,0.0,9629.05,0.0,17688.12
KXETH15M-26OCT051515-15,ETH,crypto,PAPER,1,YES,2026-10-05T19:00:41.056851+00:00,858.9,42,2026-10-05T19:14:04.060815+00:00,55.9,58,,sold,1,36,124,-5699,0,1,41.5,-12.0,,13.0,29,51.5,881.9,1.5,2709.82,2709.97,-0.0055,-0.0148,-0.0118,-0.016,3,3,win,0.0,36.0,0.0,566.8
KXDOGE15M-26OCT051515-15,DOGE,crypto,PAPER,1,YES,2026-10-05T19:00:33.057627+00:00,866.9,41,,,0,no,settled,0,17,-427,-6126,0,1,40.5,,,6.0,5,40.5,866.9,9.5,0.0949,0.0949,-0.0569,0.0105,-0.0527,0.0118,2,2,loss,23.75,1.0,1229.75,189.0
KXWTI15M-26OCT051515-15,WTI,commodity,PAPER,1,NO,2026-10-05T19:00:39.057423+00:00,860.9,38,,,0,yes,settled,0,17,-397,358,0,1,37.5,-8.5,,17.0,20,47.5,875.9,2.5,,,,,,0.0118,4,4,win,0.0,370.0,3374.0,414.0
KXCOPPER15M-26OCT051530-30,COPPER,commodity,PAPER,1,NO,2026-10-05T19:15:56.058674+00:00,843.9,42,2026-10-05T19:16:28.055597+00:00,811.9,57,,sold,40,36,114,472,0,2,41.0,-11.0,,14.5,27,55.5,863.9,5.5,,,,,,-0.0031,3,3,win,205.0,83.0,405.0,238.0
KXWTI15M-26OCT051530-30,WTI,commodity,PAPER,1,YES,2026-10-05T19:16:12.057237+00:00,827.9,42,2026-10-05T19:16:42.053581+00:00,797.9,55,,sold,40,36,94,566,1,1,41.5,-12.0,-8.0,12.0,48,53.5,878.9,3.5,,,,,,-0.0344,4,4,loss,0.0,3140.03,211.0,4204.03
KXXRP15M-26OCT051530-30,XRP,crypto,PAPER,1,YES,2026-10-05T19:15:11.057672+00:00,888.9,42,2026-10-05T19:17:41.055429+00:00,738.9,57,,sold,32,36,114,-6012,0,1,41.5,,,8.5,6,41.5,888.9,8.5,1.4993,1.4998,-0.0333,-0.0267,-0.0333,-0.0382,2,1,win,37.0,36.78,573.0,172.08
KXDOGE15M-26OCT051530-30,DOGE,crypto,PAPER,1,YES,2026-10-05T19:15:45.058189+00:00,854.9,41,2026-10-05T19:18:15.054277+00:00,704.9,58,,sold,26,35,135,-5877,0,1,40.5,-5.0,,11.5,19,34.5,868.9,15.5,,,,,,-0.011,4,4,loss,555.75,0.0,1562.76,134.0
KXBTC15M-26OCT051530-30,BTC,crypto,PAPER,1,YES,2026-10-05T19:15:05.142959+00:00,894.9,41,2026-10-05T19:18:15.055989+00:00,704.9,56,,sold,28,35,115,-5762,0,1,40.5,,,6.0,5,,,,85667.23,85684.11,-0.0197,-0.0128,-0.0358,-0.0358,1,0,win,,,,
KXETH15M-26OCT051530-30,ETH,crypto,PAPER,1,YES,2026-10-05T19:15:16.055847+00:00,883.9,42,2026-10-05T19:18:20.055390+00:00,699.9,56,,sold,22,36,104,-5658,0,1,41.5,,,10.0,7,41.5,883.9,8.5,2709.6,2710.1,-0.0184,-0.0173,-0.0432,-0.0312,3,2,win,884.53,16.76,2398.73,186.36
KXSOL15M-26OCT051530-30,SOL,crypto,PAPER,1,YES,2026-10-05T19:15:20.517959+00:00,879.5,39,2026-10-05T19:18:21.055081+00:00,698.9,56,,sold,30,35,135,-5523,0,1,38.5,,,12.5,6,,,,120.19,120.2163,-0.0219,-0.0416,-0.0333,-0.0279,3,3,win,,,,
KXSILVER15M-26OCT051530-30,SILVER,commodity,PAPER,1,YES,2026-10-05T19:15:31.057043+00:00,868.9,42,2026-10-05T19:19:09.057576+00:00,650.9,55,,sold,31,36,94,660,0,2,41.0,-9.0,,9.0,7,41.0,868.9,9.0,,,,,,-0.0168,1,1,win,85.0,155.0,2889.97,2739.5
KXPLATINUM15M-26OCT051530-30,PLATINUM,commodity,PAPER,1,YES,2026-10-05T19:15:37.061856+00:00,862.9,39,2026-10-05T19:19:13.054127+00:00,646.9,55,,sold,36,35,125,785,0,2,38.0,-11.5,,19.5,15,30.5,878.9,19.5,,,,,,-0.0152,2,2,win,23.0,0.0,101.0,306.75
KXGOLD15M-26OCT051530-30,GOLD,commodity,PAPER,1,YES,2026-10-05T19:15:21.056801+00:00,878.9,42,2026-10-05T19:25:35.054726+00:00,264.9,55,,sold,21,36,94,879,0,1,41.5,,,12.0,12,46.0,883.9,4.0,,,,,,-0.0279,1,0,win,0.0,2054.3,685.22,5393.3
KXETH15M-26OCT051545-45,ETH,crypto,PAPER,1,YES,2026-10-05T19:30:15.056185+00:00,884.9,39,2026-10-05T19:31:02.055863+00:00,837.9,56,,sold,38,35,135,-5388,0,1,38.5,,,8.0,6,38.5,884.9,11.5,2708.89,2709.94,-0.0387,-0.0354,-0.0325,-0.0549,0,0,win,210.0,42.34,792.0,1342.94
KXXRP15M-26OCT051545-45,XRP,crypto,PAPER,1,YES,2026-10-05T19:30:40.471689+00:00,859.5,42,2026-10-05T19:31:20.053328+00:00,819.9,56,,sold,41,36,104,-5284,0,1,41.5,0.0,,4.5,5,,,,1.502,1.5023,-0.02,0.0266,-0.0067,-0.0189,3,3,win,,,,
KXBTC15M-26OCT051545-45,BTC,crypto,PAPER,1,YES,2026-10-05T19:30:20.059164+00:00,879.9,41,2026-10-05T19:31:20.054995+00:00,819.9,55,,sold,36,35,105,-5179,0,1,40.5,,,7.0,6,40.5,879.9,9.5,85707.99,85731.12,-0.027,-0.0257,-0.0319,-0.0319,1,1,win,6888.33,6457.89,14989.98,15910.89
KXSILVER15M-26OCT051545-45,SILVER,commodity,PAPER,1,YES,2026-10-05T19:30:42.056718+00:00,857.9,42,2026-10-05T19:31:29.054640+00:00,810.9,57,,sold,39,36,114,993,0,1,41.5,-10.0,,11.0,35,51.0,886.9,1.0,,,,,,-0.0209,0,0,win,0.0,157.5,0.0,408.97
KXDOGE15M-26OCT051545-45,DOGE,crypto,PAPER,1,YES,2026-10-05T19:30:30.347413+00:00,869.7,41,2026-10-05T19:31:33.054733+00:00,806.9,55,,sold,40,35,105,-5074,0,1,40.5,,,0.0,5,,,,,,,,,-0.0257,2,2,win,,,,
KXWTI15M-26OCT051545-45,WTI,commodity,PAPER,1,YES,2026-10-05T19:31:33.059420+00:00,806.9,41,2026-10-05T19:32:13.054018+00:00,766.9,55,,sold,40,35,105,1098,1,1,40.5,-12.0,-17.0,17.0,57,49.0,884.9,1.0,,,,,,0.0482,2,3,win,0.0,269.0,0.0,1403.0
KXSOL15M-26OCT051545-45,SOL,crypto,PAPER,1,NO,2026-10-05T19:31:07.057713+00:00,832.9,41,2026-10-05T19:33:24.053833+00:00,695.9,57,,sold,33,35,125,-4949,1,1,40.5,-7.5,-16.0,16.0,45,52.5,873.9,2.5,120.16,120.1195,-0.0337,-0.0416,-0.0583,0.0219,3,4,win,0.0,20.0,0.0,42.0
KXPALLADIUM15M-26OCT051545-45,PALLADIUM,commodity,PAPER,1,NO,2026-10-05T19:31:34.056478+00:00,805.9,41,2026-10-05T19:33:36.054546+00:00,683.9,56,,sold,39,35,115,1213,1,2,40.0,-9.5,-10.5,11.5,33,51.0,863.9,1.0,,,,,,0.0482,3,4,win,0.0,70.0,144.0,140.0
KXPLATINUM15M-26OCT051545-45,PLATINUM,commodity,PAPER,1,NO,2026-10-05T19:34:10.057215+00:00,649.9,42,2026-10-05T19:35:30.053843+00:00,569.9,61,,sold,41,35,155,1368,4,1,41.5,-9.0,-8.0,9.5,48,56.5,879.9,6.5,,,,,,-0.033,2,5,win,22.0,46.0,119.69,101.76
KXCOPPER15M-26OCT051545-45,COPPER,commodity,PAPER,1,YES,2026-10-05T19:30:49.057620+00:00,850.9,38,2026-10-05T19:41:35.061932+00:00,204.9,55,,sold,15,35,135,1503,0,1,37.5,-5.0,,9.0,20,43.0,868.9,7.0,,,,,,-0.025,1,1,win,0.0,385.0,391.0,585.0
KXGOLD15M-26OCT051545-45,GOLD,commodity,PAPER,1,NO,2026-10-05T19:31:28.056807+00:00,811.9,42,2026-10-05T19:44:07.055476+00:00,52.9,57,,sold,10,36,114,1617,1,1,41.5,-14.0,-11.0,15.0,61,52.5,879.9,2.5,,,,,,0.0482,2,2,win,0.0,1795.95,8826.0,9664.79
KXWTI15M-26OCT051600-00,WTI,commodity,PAPER,1,YES,2026-10-05T19:46:01.058288+00:00,838.9,41,2026-10-05T19:49:46.061043+00:00,613.9,55,,sold,36,35,105,1722,1,1,40.5,-5.0,,7.5,24,44.5,854.9,5.5,,,,,,-0.0363,2,2,win,0.0,976.89,2586.0,1690.89
KXSOL15M-26OCT051600-00,SOL,crypto,PAPER,1,YES,2026-10-05T19:47:08.060332+00:00,771.9,38,2026-10-05T19:52:09.053176+00:00,470.9,55,,sold,24,35,135,-4814,2,1,37.5,9.5,10.0,12.5,54,34.5,859.9,15.5,120.01,120.0882,-0.0651,0.0083,0.0,0.015,4,4,win,217.0,0.0,938.0,0.0
KXBTC15M-26OCT051600-00,BTC,crypto,PAPER,1,YES,2026-10-05T19:45:19.201057+00:00,880.8,42,2026-10-05T19:52:13.056635+00:00,466.9,59,,sold,25,35,135,-4679,0,1,41.5,,,5.0,10,,,,85699.49,85718.26,-0.0219,-0.025,-0.0053,-0.0053,1,1,win,,,,
KXDOGE15M-26OCT051600-00,DOGE,crypto,PAPER,1,YES,2026-10-05T19:45:48.057952+00:00,851.9,40,2026-10-05T19:56:10.054116+00:00,229.9,59,,sold,15,34,156,-4523,0,1,39.5,-9.0,,9.0,39,47.5,879.9,2.5,0.0952,0.0952,-0.0357,0.0,-0.042,-0.038,3,3,win,0.0,33.75,3.0,61.25
KXXRP15M-26OCT051600-00,XRP,crypto,PAPER,1,YES,2026-10-05T19:45:18.056279+00:00,881.9,41,2026-10-05T19:57:14.055301+00:00,165.9,60,,sold,3,34,156,-4367,0,1,40.5,,,8.0,15,42.0,885.9,8.0,,,,-0.0466,-0.0133,-0.0115,0,0,win,0.0,61.0,66.0,709.0
KXETH15M-26OCT051600-00,ETH,crypto,PAPER,1,YES,2026-10-05T19:45:30.057519+00:00,869.9,42,,,0,no,settled,0,18,-438,-4805,0,1,41.5,,,3.5,11,41.5,869.9,8.5,2709.37,2709.73,-0.0133,-0.0181,-0.0159,-0.0154,2,2,win,31.0,521.7,403.78,2156.4
KXGOLD15M-26OCT051600-00,GOLD,commodity,PAPER,1,YES,2026-10-05T19:46:52.057682+00:00,787.9,42,,,0,no,settled,0,18,-438,1284,1,1,41.5,-6.0,-4.0,7.0,61,45.5,879.9,4.5,,,,,,0.0005,4,4,win,0.0,5576.91,0.0,16873.11
KXPLATINUM15M-26OCT051600-00,PLATINUM,commodity,PAPER,1,YES,2026-10-05T19:45:31.056973+00:00,868.9,40,,,0,no,settled,0,17,-417,867,0,1,39.5,,,7.5,22,45.5,879.9,4.5,,,,,,-0.0154,1,1,win,301.1,5.0,601.1,398.0
KXPALLADIUM15M-26OCT051600-00,PALLADIUM,commodity,PAPER,1,YES,2026-10-05T19:45:27.056167+00:00,872.9,42,,,0,no,settled,0,18,-438,429,0,1,41.5,,,8.0,15,49.5,879.9,0.5,,,,,,-0.0154,0,0,win,51.0,251.0,182.0,485.0
KXSILVER15M-26OCT051600-00,SILVER,commodity,PAPER,1,YES,2026-10-05T19:46:27.057268+00:00,812.9,42,,,0,no,settled,0,18,-438,-9,1,2,41.0,-4.5,-11.0,7.5,37,46.5,849.9,3.5,,,,,,-0.0259,3,3,win,0.0,119.0,0.0,2714.3
KXCOPPER15M-26OCT051615-15,COPPER,commodity,PAPER,1,NO,2026-10-05T20:00:38.058549+00:00,861.9,38,2026-10-05T20:01:05.054360+00:00,834.9,57,,sold,35,35,155,146,0,1,37.5,-12.0,,12.5,9,43.0,870.9,7.0,,,,,,0.0568,3,3,win,125.0,128.1,376.0,282.1
KXGOLD15M-26OCT051615-15,GOLD,commodity,PAPER,1,NO,2026-10-05T20:00:29.057013+00:00,870.9,42,2026-10-05T20:01:12.060887+00:00,827.9,55,,sold,38,36,94,240,0,1,41.5,,,12.0,27,53.5,891.9,3.5,,,,,,0.034,2,2,loss,0.0,4512.03,0.0,9302.38
KXDOGE15M-26OCT051615-15,DOGE,crypto,PAPER,1,NO,2026-10-05T20:00:18.060217+00:00,881.9,41,2026-10-05T20:01:18.054956+00:00,821.9,57,,sold,27,35,125,-4680,0,1,40.5,,,5.0,5,40.5,881.9,9.5,,,,,,0.0001,0,0,win,16.0,103.75,102.5,238.26
KXPLATINUM15M-26OCT051615-15,PLATINUM,commodity,PAPER,1,NO,2026-10-05T20:00:18.056358+00:00,881.9,41,2026-10-05T20:01:23.053733+00:00,816.9,58,,sold,33,35,135,375,0,3,39.5,,,8.5,6,39.5,881.9,10.5,,,,,,0.0001,5,1,win,50.0,128.75,142.76,1648.75
KXSOL15M-26OCT051615-15,SOL,crypto,PAPER,1,NO,2026-10-05T20:00:23.056733+00:00,876.9,40,2026-10-05T20:01:25.053510+00:00,814.9,58,,sold,29,35,145,-4535,0,1,39.5,,,12.0,6,39.5,876.9,10.5,120.29,120.2302,-0.0497,-0.0666,-0.0333,0.0031,1,1,win,261.57,20.0,1017.57,834.08
KXBTC15M-26OCT051615-15,BTC,crypto,PAPER,1,NO,2026-10-05T20:00:29.062571+00:00,870.9,42,2026-10-05T20:01:25.055827+00:00,814.9,57,,sold,33,36,114,-4421,0,1,41.5,,,11.0,12,48.5,876.9,1.5,85755.17,85729.81,-0.0296,-0.0357,-0.034,0.034,2,2,win,0.0,3691.27,11729.33,9563.6
KXSILVER15M-26OCT051615-15,SILVER,commodity,PAPER,1,NO,2026-10-05T20:00:13.057588+00:00,886.9,42,2026-10-05T20:01:49.055061+00:00,790.9,55,,sold,32,36,94,469,0,4,40.0,,,10.5,6,40.0,886.9,10.0,,,,,,0.0078,4,0,win,68.5,159.0,91.5,180.0
KXWTI15M-26OCT051615-15,WTI,commodity,PAPER,1,NO,2026-10-05T20:01:35.058465+00:00,804.9,38,2026-10-05T20:04:18.054828+00:00,641.9,59,,sold,21,34,176,645,1,1,37.5,1.0,-14.0,19.0,56,52.5,870.9,2.5,,,,,,-0.0695,2,5,win,0.0,0.0,0.0,652.52
KXXRP15M-26OCT051615-15,XRP,crypto,PAPER,1,YES,2026-10-05T20:01:19.059395+00:00,820.9,42,2026-10-05T20:13:39.054158+00:00,80.9,55,,sold,9,36,94,-4327,1,1,41.5,-9.0,-11.0,12.0,35,53.5,855.9,3.5,1.5028,1.5033,-0.0333,-0.0532,-0.0133,-0.0215,3,4,win,2.0,402.5,107.0,564.16
KXETH15M-26OCT051615-15,ETH,crypto,PAPER,1,YES,2026-10-05T20:01:12.058579+00:00,827.9,42,,,0,no,settled,0,18,-438,-4765,1,1,41.5,-13.0,-8.0,16.0,55,46.5,881.9,3.5,2708.31,2708.66,-0.0129,-0.0295,-0.0089,-0.0082,3,3,loss,0.0,593.0,33.0,2059.0
KXPALLADIUM15M-26OCT051615-15,PALLADIUM,commodity,PAPER,1,YES,2026-10-05T20:01:23.058493+00:00,816.9,41,,,0,no,settled,0,17,-427,218,1,2,40.0,-15.0,-15.0,18.0,29,57.5,865.9,7.5,,,,,,-0.0264,1,4,loss,26.0,404.0,133.0,627.0
KXGOLD15M-26OCT051630-30,GOLD,commodity,PAPER,1,NO,2026-10-05T20:15:42.061540+00:00,857.9,42,2026-10-05T20:16:30.054081+00:00,809.9,55,,sold,38,36,94,312,0,1,41.5,-14.0,,15.0,12,41.5,857.9,8.5,,,,,,0.0364,2,2,win,4200.0,2183.46,8222.98,6915.46
KXWTI15M-26OCT051630-30,WTI,commodity,PAPER,1,NO,2026-10-05T20:15:42.057174+00:00,857.9,42,2026-10-05T20:20:36.055347+00:00,563.9,57,,sold,19,36,114,426,0,1,41.5,-13.5,,14.5,36,54.5,883.9,4.5,,,,,,0.0364,1,1,win,827.0,325.0,3761.0,3368.36
KXSILVER15M-26OCT051630-30,SILVER,commodity,PAPER,1,YES,2026-10-05T20:19:10.058333+00:00,649.9,41,2026-10-05T20:21:02.054822+00:00,537.9,55,,sold,29,35,105,531,4,1,40.5,-10.0,-8.5,12.0,42,45.0,878.9,5.0,,,,,,0.0162,4,5,win,0.0,435.03,0.0,1875.99
KXBTC15M-26OCT051630-30,BTC,crypto,PAPER,1,NO,2026-10-05T20:15:20.750016+00:00,879.3,39,,,0,yes,settled,0,17,-407,-5172,0,1,38.5,,,8.0,11,,,,85697.87,85679.51,-0.0214,-0.0278,-0.0278,0.0278,0,0,win,,,,
KXDOGE15M-26OCT051630-30,DOGE,crypto,PAPER,1,NO,2026-10-05T20:16:01.060920+00:00,838.9,40,,,0,yes,settled,0,17,-417,-5589,1,1,39.5,-7.0,,13.0,40,44.5,867.9,5.5,,,,,,0.0289,3,3,win,65.0,85.46,791.0,798.96
KXSOL15M-26OCT051630-30,SOL,crypto,PAPER,1,NO,2026-10-05T20:15:28.056600+00:00,871.9,42,,,0,yes,settled,0,18,-438,-6027,0,1,41.5,,,8.0,18,42.5,878.9,7.5,120.19,120.1852,-0.004,-0.0083,-0.0083,0.0392,1,1,win,93.0,103.0,484.0,850.73
KXXRP15M-26OCT051630-30,XRP,crypto,PAPER,1,NO,2026-10-05T20:15:35.060845+00:00,864.9,38,,,0,yes,settled,0,17,-397,-6424,0,1,37.5,,,14.0,21,31.5,873.9,18.5,1.5039,1.503,-0.0599,-0.0399,-0.0532,0.0364,2,2,win,435.0,0.0,651.62,0.0
KXCOPPER15M-26OCT051630-30,COPPER,commodity,PAPER,1,YES,2026-10-05T20:15:31.047121+00:00,869.0,41,,,0,no,settled,0,17,-427,104,0,3,39.5,,,0.5,6,,,,,,,,,0.0364,0,0,win,,,,
KXPLATINUM15M-26OCT051630-30,PLATINUM,commodity,PAPER,1,NO,2026-10-05T20:18:05.056608+00:00,714.9,42,,,0,yes,settled,0,18,-438,-334,3,3,40.5,-3.5,-9.5,5.5,33,46.5,867.9,3.5,,,,,,0.0166,3,4,win,24.0,250.75,218.0,672.76
KXPALLADIUM15M-26OCT051630-30,PALLADIUM,commodity,PAPER,1,NO,2026-10-05T20:17:04.062107+00:00,775.9,40,,,0,yes,settled,0,17,-417,-751,2,3,38.5,-7.5,-12.0,19.0,26,50.5,867.9,0.5,,,,,,0.0298,2,3,loss,0.0,543.0,1532.0,572.0
KXBTC15M-26OCT051645-45,BTC,crypto,PAPER,1,NO,2026-10-05T20:30:44.059226+00:00,855.9,42,2026-10-05T20:31:29.060490+00:00,810.9,55,,sold,39,36,94,-6330,0,1,41.5,-8.0,,9.0,26,46.5,865.9,3.5,85784.93,85770.8,-0.0165,-0.0128,-0.0174,0.0174,2,2,loss,0.0,6070.9,7279.37,12529.59
KXPLATINUM15M-26OCT051645-45,PLATINUM,commodity,PAPER,1,YES,2026-10-05T20:31:53.058578+00:00,786.9,42,2026-10-05T20:33:23.055714+00:00,696.9,66,,sold,33,34,206,-545,1,1,41.5,-4.0,-7.0,7.0,29,50.0,870.9,0.0,,,,,,-0.0275,3,3,loss,0.0,233.0,82.0,283.0
KXCOPPER15M-26OCT051645-45,COPPER,commodity,PAPER,1,YES,2026-10-05T20:30:17.952778+00:00,882.1,40,2026-10-05T20:37:58.055805+00:00,421.9,62,,sold,31,34,186,-359,0,1,39.5,,,3.5,10,,,,,,,,,0.0062,3,0,win,,,,
KXWTI15M-26OCT051645-45,WTI,commodity,PAPER,1,NO,2026-10-05T20:31:58.059158+00:00,781.9,41,2026-10-05T20:38:02.054389+00:00,417.9,57,,sold,21,35,125,-234,1,1,40.5,-10.0,-10.0,12.0,45,45.5,860.9,4.5,,,,,,-0.0275,4,4,win,0.0,114.0,327.0,3574.0
KXPALLADIUM15M-26OCT051645-45,PALLADIUM,commodity,PAPER,1,YES,2026-10-05T20:33:24.062002+00:00,695.9,39,2026-10-05T20:38:42.053642+00:00,377.9,55,,sold,18,35,125,-109,3,1,38.5,-8.5,-7.0,14.0,15,49.0,870.9,1.0,,,,,,0.0042,4,5,loss,0.0,5.0,94.25,230.0
KXDOGE15M-26OCT051645-45,DOGE,crypto,PAPER,1,NO,2026-10-05T20:31:22.059154+00:00,817.9,41,2026-10-05T20:43:51.053932+00:00,68.9,56,,sold,4,35,115,-6215,1,1,40.5,-4.0,-8.0,9.0,53,47.5,870.9,2.5,,,,,,-0.0094,3,3,loss,0.0,41.75,3.0,629.25
KXETH15M-26OCT051645-45,ETH,crypto,PAPER,1,NO,2026-10-05T20:32:01.059398+00:00,778.9,42,,,0,yes,settled,0,18,-438,-6653,2,1,41.5,-10.0,-8.0,12.0,60,50.5,881.9,0.5,2712.05,2711.34,-0.0262,-0.0236,-0.0251,-0.0008,3,4,loss,0.0,28.0,0.0,924.83
KXSOL15M-26OCT051645-45,SOL,crypto,PAPER,1,NO,2026-10-05T20:30:36.061664+00:00,863.9,42,,,0,yes,settled,0,18,-438,-7091,0,1,41.5,-4.0,,4.0,26,44.5,876.9,5.5,120.24,120.2298,-0.0085,0.0083,-0.025,0.0062,1,1,loss,0.0,359.0,16.53,1225.92
KXXRP15M-26OCT051645-45,XRP,crypto,PAPER,1,NO,2026-10-05T20:30:28.254028+00:00,871.8,40,,,0,yes,settled,0,17,-417,-7508,0,1,39.5,,,3.0,14,,,,1.5041,1.5036,-0.0333,-0.0399,-0.0399,0.0062,0,0,loss,,,,
KXGOLD15M-26OCT051645-45,GOLD,commodity,PAPER,1,YES,2026-10-05T20:30:37.057974+00:00,862.9,41,,,0,no,settled,0,17,-427,-536,0,1,40.5,-5.0,,7.0,24,45.5,870.9,4.5,,,,,,0.0047,1,1,win,0.0,3160.96,4304.0,8240.96
KXSILVER15M-26OCT051645-45,SILVER,commodity,PAPER,1,YES,2026-10-05T20:30:39.057172+00:00,860.9,41,,,0,no,settled,0,17,-427,-963,0,1,40.5,-2.0,,7.0,14,40.5,860.9,9.5,,,,,,0.0047,2,2,win,2090.56,97.0,2627.56,387.22
KXCOPPER15M-26OCT051700-00,COPPER,commodity,PAPER,1,YES,2026-10-05T20:45:30.058166+00:00,869.9,42,2026-10-05T20:45:36.053927+00:00,863.9,60,,sold,40,35,145,-818,0,2,41.0,,,26.5,23,29.5,877.9,20.5,,,,,,0.0083,1,1,win,28.0,0.0,535.0,298.0
KXETH15M-26OCT051700-00,ETH,crypto,PAPER,1,NO,2026-10-05T20:48:08.064774+00:00,711.9,41,2026-10-05T20:49:04.055440+00:00,655.9,55,,sold,34,35,105,-7403,3,1,40.5,-7.0,-12.0,13.0,60,48.5,882.9,1.5,2714.08,2713.78,-0.0111,-0.0048,-0.0151,0.0287,4,4,loss,0.0,124.0,0.0,1303.0
KXPALLADIUM15M-26OCT051700-00,PALLADIUM,commodity,PAPER,1,NO,2026-10-05T20:47:06.063686+00:00,773.9,40,2026-10-05T20:50:59.053453+00:00,540.9,55,,sold,24,35,115,-703,2,1,39.5,9.0,-3.0,18.0,28,50.5,869.9,0.5,,,,,,0.0161,4,5,win,148.0,0.0,378.0,264.75
KXSILVER15M-26OCT051700-00,SILVER,commodity,PAPER,1,NO,2026-10-05T20:45:52.063445+00:00,847.9,42,2026-10-05T20:54:08.054182+00:00,351.9,57,,sold,11,36,114,-589,0,1,41.5,-10.0,,13.5,25,44.0,857.9,6.0,,,,,,0.0083,2,3,loss,17.0,65.35,262.5,135.35
KXDOGE15M-26OCT051700-00,DOGE,crypto,PAPER,1,NO,2026-10-05T20:45:15.798072+00:00,884.2,39,2026-10-05T20:56:07.054109+00:00,232.9,56,,sold,23,35,135,-7268,0,1,38.5,,,6.5,15,,,,0.0958,0.0957,-0.0616,-0.0522,-0.0627,-0.0044,3,0,win,,,,
KXXRP15M-26OCT051700-00,XRP,crypto,PAPER,1,NO,2026-10-05T20:46:07.058938+00:00,832.9,40,,,0,yes,settled,0,17,-417,-7685,1,1,39.5,-5.0,-1.0,7.0,49,43.5,872.9,6.5,1.5052,1.505,-0.0133,-0.0133,-0.0,0.0002,2,2,loss,85.0,75.0,1120.96,1074.5
KXSOL15M-26OCT051700-00,SOL,crypto,PAPER,1,NO,2026-10-05T20:45:37.058349+00:00,862.9,38,,,0,yes,settled,0,17,-397,-8082,0,1,37.5,-13.0,,13.0,14,37.5,862.9,12.5,120.52,120.4745,-0.0378,-0.0581,-0.0332,0.0083,1,1,loss,46.6,377.65,493.29,1235.97
KXBTC15M-26OCT051700-00,BTC,crypto,PAPER,1,NO,2026-10-05T20:46:52.061516+00:00,787.9,41,,,0,yes,settled,0,17,-427,-8509,1,1,40.5,-7.0,-7.0,9.0,61,47.5,862.9,2.5,85809.86,85787.94,-0.0256,-0.0205,-0.0189,0.0189,3,3,win,0.0,14593.36,0.0,21599.98
KXWTI15M-26OCT051700-00,WTI,commodity,PAPER,1,NO,2026-10-05T20:45:28.057036+00:00,871.9,38,,,0,yes,settled,0,17,-397,-986,0,1,37.5,,,16.5,16,35.5,872.9,14.5,,,,,,0.0083,0,0,win,763.0,167.0,1345.49,977.0
KXPLATINUM15M-26OCT051700-00,PLATINUM,commodity,PAPER,1,NO,2026-10-05T20:45:57.057370+00:00,842.9,38,,,0,yes,settled,0,17,-397,-1383,0,3,36.5,-20.5,,20.5,24,48.5,857.9,1.5,,,,,,0.0083,3,4,win,26.0,175.0,112.38,1872.75
KXGOLD15M-26OCT051700-00,GOLD,commodity,PAPER,1,NO,2026-10-05T20:45:31.474794+00:00,868.5,41,,,0,yes,settled,0,17,-427,-1810,0,1,40.5,-3.5,,10.5,15,,,,,,,,,0.0083,2,2,loss,,,,
KXWTI15M-26OCT051715-15,WTI,commodity,PAPER,1,YES,2026-10-05T21:02:30.057775+00:00,749.9,39,2026-10-05T21:03:01.053014+00:00,718.9,55,,sold,37,35,125,-1685,2,1,38.5,-9.5,-17.0,16.5,54,47.5,854.9,2.5,,,,,,-0.0121,0,0,loss,0.0,801.09,0.0,1301.09
KXSOL15M-26OCT051715-15,SOL,crypto,PAPER,1,YES,2026-10-05T21:01:21.059841+00:00,818.9,41,2026-10-05T21:03:55.054151+00:00,664.9,55,,sold,33,35,105,-8404,1,1,40.5,-9.0,-8.5,10.0,40,45.5,859.9,4.5,120.63,120.6502,-0.0167,0.0,-0.0083,-0.0353,3,3,loss,351.0,435.0,376.0,1186.0
KXDOGE15M-26OCT051715-15,DOGE,crypto,PAPER,1,YES,2026-10-05T21:01:07.058335+00:00,832.9,38,,,0,no,settled,0,17,-397,-8801,1,1,37.5,6.0,-2.0,10.0,61,34.0,885.9,16.0,,,,,,0.0,2,2,win,9.0,0.0,909.75,35.01
KXBTC15M-26OCT051715-15,BTC,crypto,PAPER,1,YES,2026-10-05T21:00:18.837670+00:00,881.2,38,,,0,no,settled,0,17,-397,-9198,0,1,37.5,,,6.0,10,,,,85771.62,85791.7,-0.0234,-0.0178,-0.0183,-0.0183,0,0,loss,,,,
KXETH15M-26OCT051715-15,ETH,crypto,PAPER,1,YES,2026-10-05T21:06:50.062034+00:00,489.9,38,,,0,no,settled,0,17,-397,-9595,6,1,37.5,14.0,19.0,19.0,61,31.5,869.9,18.5,2712.62,2713.14,-0.0192,0.0347,0.055,0.0514,3,4,win,518.58,0.0,1561.58,0.0
KXXRP15M-26OCT051715-15,XRP,crypto,PAPER,1,YES,2026-10-05T21:00:30.057541+00:00,869.9,39,,,0,no,settled,0,17,-407,-10002,0,1,38.5,,,15.0,11,38.5,869.9,11.5,1.5046,1.5054,-0.0531,-0.0332,-0.0399,-0.0222,1,1,loss,892.48,97.55,1377.48,629.65
KXSOL15M-26OCT051730-30,SOL,crypto,PAPER,1,NO,2026-10-05T21:16:10.059968+00:00,829.9,42,2026-10-05T21:18:02.053600+00:00,717.9,60,,sold,36,35,145,-9857,1,1,41.5,-6.0,-7.0,8.0,56,48.5,878.9,1.5,120.71,120.7178,0.0065,-0.0166,-0.0,0.0266,3,3,win,0.0,356.0,108.0,1253.87
KXWTI15M-26OCT051730-30,WTI,commodity,PAPER,1,NO,2026-10-05T21:15:57.060223+00:00,842.9,42,2026-10-05T21:21:51.053383+00:00,488.9,58,,sold,20,36,124,-1561,0,1,41.5,-1.0,,19.5,41,42.5,867.9,7.5,,,,,,0.0237,0,0,win,0.0,11.86,155.72,654.43
KXXRP15M-26OCT051730-30,XRP,crypto,PAPER,1,NO,2026-10-05T21:16:05.057199+00:00,834.9,42,2026-10-05T21:27:28.053211+00:00,151.9,55,,sold,9,36,94,-9763,1,1,41.5,-5.0,-4.0,6.0,32,44.5,857.9,5.5,1.5048,1.5046,-0.0133,-0.0066,-0.0199,0.0237,2,2,loss,0.0,456.5,95.0,485.0
KXDOGE15M-26OCT051730-30,DOGE,crypto,PAPER,1,NO,2026-10-05T21:15:39.057810+00:00,860.9,41,,,0,yes,settled,0,17,-427,-10190,0,1,40.5,-10.0,,10.0,38,49.5,883.9,0.5,,,,,,0.0347,1,1,loss,0.0,905.75,1.0,1655.22
KXETH15M-26OCT051730-30,ETH,crypto,PAPER,1,NO,2026-10-05T21:15:32.059571+00:00,867.9,42,,,0,yes,settled,0,18,-438,-10628,0,1,41.5,-4.5,,7.0,16,41.5,867.9,8.5,2712.02,2711.58,-0.0162,-0.0055,-0.0144,0.0328,0,0,loss,102.59,610.0,1069.59,1976.76
KXWTI15M-26OCT051745-45,WTI,commodity,PAPER,1,YES,2026-10-05T21:31:07.058014+00:00,832.9,40,2026-10-05T21:36:13.053548+00:00,526.9,56,,sold,37,35,125,-1436,1,2,39.0,15.0,-14.0,21.5,45,20.5,876.9,29.5,,,,,,0.0097,0,0,win,621.14,0.0,1121.14,0.0
KXSOL15M-26OCT051745-45,SOL,crypto,PAPER,1,NO,2026-10-05T21:31:22.057622+00:00,817.9,41,2026-10-05T21:36:23.055500+00:00,516.9,59,,sold,16,34,146,-10482,1,1,40.5,-11.5,-7.5,14.0,58,54.5,892.9,4.5,120.69,120.6882,-0.0015,-0.0166,-0.0083,0.0075,1,1,win,0.0,385.0,0.0,1146.0
KXXRP15M-26OCT051745-45,XRP,crypto,PAPER,1,NO,2026-10-05T21:30:53.058650+00:00,846.9,42,2026-10-05T21:40:39.053499+00:00,260.9,61,,sold,10,35,155,-10327,0,1,41.5,-10.0,,12.0,31,53.5,871.9,3.5,1.5052,1.5051,-0.0066,-0.0199,-0.0199,-0.002,0,0,win,0.0,69.0,101.0,892.0
KXDOGE15M-26OCT051745-45,DOGE,crypto,PAPER,1,NO,2026-10-05T21:31:22.062728+00:00,817.9,42,2026-10-05T21:43:54.055250+00:00,65.9,85,,sold,2,27,403,-9924,1,1,41.5,-6.0,-4.0,6.0,56,54.5,881.9,4.5,0.0956,0.0956,0.022,0.0105,-0.0,0.0075,2,2,loss,0.0,13.75,439.45,696.01
KXETH15M-26OCT051745-45,ETH,crypto,PAPER,1,NO,2026-10-05T21:31:32.058220+00:00,807.9,42,,,0,yes,settled,0,18,-438,-10362,1,1,41.5,-8.0,-11.0,11.0,60,51.5,866.9,1.5,2713.95,2713.56,-0.0144,-0.0118,-0.0144,0.0074,3,3,loss,0.0,0.86,0.0,727.86
KXBTC15M-26OCT051745-45,BTC,crypto,PAPER,1,NO,2026-10-05T21:32:15.058449+00:00,764.9,42,,,0,yes,settled,0,18,-438,-10800,2,1,41.5,-11.0,-13.0,13.0,61,57.5,861.9,7.5,85818.55,85805.68,-0.015,-0.0212,-0.0212,0.0212,4,4,loss,0.0,1348.93,0.0,7063.11
KXWTI15M-26OCT051800-00,WTI,commodity,PAPER,1,YES,2026-10-05T21:46:22.064578+00:00,817.9,42,2026-10-05T21:46:57.053735+00:00,782.9,57,,sold,28,36,114,-1322,1,1,41.5,-8.5,-11.5,12.0,36,50.0,855.9,0.0,,,,,,-0.0066,0,0,win,0.0,753.0,0.0,1259.0
KXETH15M-26OCT051800-00,ETH,crypto,PAPER,1,YES,2026-10-05T21:45:33.710612+00:00,866.3,41,2026-10-05T21:47:51.055506+00:00,728.9,56,,sold,25,35,115,-10685,0,1,40.5,-4.0,,4.0,15,,,,2714.93,2715.55,-0.0228,-0.0029,-0.0295,-0.0226,1,1,loss,,,,
KXXRP15M-26OCT051800-00,XRP,crypto,PAPER,1,YES,2026-10-05T21:45:43.816086+00:00,856.2,42,2026-10-05T21:49:12.053088+00:00,647.9,55,,sold,22,36,94,-10591,0,1,41.5,-6.0,,10.5,14,,,,,,,,,-0.0154,2,2,win,,,,
KXDOGE15M-26OCT051800-00,DOGE,crypto,PAPER,1,YES,2026-10-05T21:46:01.059295+00:00,838.9,40,2026-10-05T21:49:17.053715+00:00,642.9,55,,sold,15,35,115,-10476,1,1,39.5,-15.0,,15.0,49,53.5,870.9,3.5,,,,,,-0.0154,4,4,win,0.0,33.75,75.0,966.5
KXBTC15M-26OCT051800-00,BTC,crypto,PAPER,1,YES,2026-10-05T21:45:22.058500+00:00,877.9,42,2026-10-05T21:50:02.230077+00:00,597.8,59,,sold,15,35,135,-10341,0,1,41.5,,,3.0,20,43.5,880.9,6.5,85901.04,85912.96,-0.0139,-0.0115,-0.0252,-0.0252,0,0,loss,0.0,500.0,3357.57,10527.13
KXSOL15M-26OCT051800-00,SOL,crypto,PAPER,1,YES,2026-10-05T21:45:46.060112+00:00,853.9,42,2026-10-05T21:50:21.053015+00:00,578.9,56,,sold,26,36,104,-10237,0,1,41.5,-7.5,,16.0,39,55.5,875.9,5.5,120.67,120.6977,-0.0229,-0.0331,-0.0414,-0.0154,3,3,win,0.0,10.0,363.0,495.0
KXETH15M-26OCT051815-15,ETH,crypto,PAPER,1,NO,2026-10-05T22:00:14.583035+00:00,885.4,42,2026-10-05T22:01:50.054055+00:00,789.9,56,,sold,17,36,104,-10133,0,1,41.5,,,6.0,10,,,,2718.41,2717.89,-0.0191,-0.0294,-0.0099,0.0136,0,0,win,,,,
KXBTC15M-26OCT051815-15,BTC,crypto,PAPER,1,NO,2026-10-05T22:00:26.064622+00:00,873.9,42,2026-10-05T22:03:00.053716+00:00,719.9,57,,sold,26,36,114,-10019,0,1,41.5,,,13.0,17,45.5,879.9,4.5,85970.5,85952.42,-0.021,-0.0256,-0.0241,0.0241,1,1,win,0.0,4861.49,6420.26,13544.99
KXWTI15M-26OCT051815-15,WTI,commodity,PAPER,1,NO,2026-10-05T22:00:40.094030+00:00,859.9,39,,,0,yes,settled,0,17,-407,-1729,0,2,38.0,-4.5,,9.0,9,,,,,,,,,0.0425,0,0,win,,,,
KXDOGE15M-26OCT051830-30,DOGE,crypto,PAPER,1,NO,2026-10-05T22:15:48.059654+00:00,851.9,41,2026-10-05T22:16:34.053069+00:00,805.9,56,,sold,40,35,115,-9904,0,1,40.5,-8.0,,14.0,6,40.5,851.9,9.5,0.096,0.096,-0.0448,-0.0417,-0.0,0.0273,2,2,win,57.75,62.19,960.25,1020.19
KXGOLD15M-26OCT051830-30,GOLD,commodity,PAPER,1,YES,2026-10-05T22:16:31.059331+00:00,808.9,42,2026-10-05T22:17:19.056646+00:00,760.9,56,,sold,41,36,104,-1625,1,1,41.5,-9.0,-8.5,10.0,59,46.5,887.9,3.5,,,,,,0.0062,1,1,loss,0.0,2.0,0.0,851.13
KXBTC15M-26OCT051830-30,BTC,crypto,PAPER,1,NO,2026-10-05T22:19:01.069559+00:00,658.9,41,2026-10-05T22:22:07.054653+00:00,472.9,63,,sold,24,34,186,-9718,4,1,40.5,-9.0,-8.0,13.0,60,50.5,877.9,0.5,85984.37,85962.14,-0.0259,-0.0191,-0.0132,0.0132,3,4,win,0.0,9505.59,0.0,17611.48
KXSOL15M-26OCT051830-30,SOL,crypto,PAPER,1,YES,2026-10-05T22:15:29.059811+00:00,870.9,42,,,0,no,settled,0,18,-438,-10156,0,1,41.5,,,5.0,8,46.5,872.9,3.5,121.47,121.5132,-0.0356,-0.0247,-0.0576,0.009,1,1,win,10.0,63.0,1081.01,809.0
KXXRP15M-26OCT051830-30,XRP,crypto,PAPER,1,YES,2026-10-05T22:15:26.822202+00:00,873.2,40,,,0,no,settled,0,17,-417,-10573,0,1,39.5,,,4.0,5,,,,1.5146,1.5146,0.0,0.0198,-0.0066,0.0071,0,0,win,,,,
KXETH15M-26OCT051830-30,ETH,crypto,PAPER,1,YES,2026-10-05T22:16:33.060274+00:00,806.9,40,,,0,no,settled,0,17,-417,-10990,1,1,39.5,-8.0,-13.0,14.0,60,52.5,867.9,2.5,2718.41,2719.04,-0.0232,-0.0107,-0.0327,-0.008,3,3,win,0.0,10.0,0.0,712.0
KXPALLADIUM15M-26OCT051830-30,PALLADIUM,commodity,PAPER,1,NO,2026-10-05T22:16:39.058758+00:00,800.9,42,,,0,yes,settled,0,18,-438,-2063,1,1,41.5,-1.0,-9.5,13.0,29,48.5,890.9,1.5,,,,,,-0.008,2,2,win,5.75,5.0,36.75,245.0
KXCOPPER15M-26OCT051830-30,COPPER,commodity,PAPER,1,NO,2026-10-05T22:16:27.059411+00:00,812.9,40,,,0,yes,settled,1,17,-417,-2480,1,1,39.5,-7.5,-7.0,8.0,44,47.0,877.9,3.0,,,,,,0.0062,0,0,win,104.0,87.0,394.0,142.0
KXSILVER15M-26OCT051830-30,SILVER,commodity,PAPER,1,NO,2026-10-05T22:17:09.059893+00:00,770.9,42,,,0,yes,settled,0,18,-438,-2918,2,1,41.5,-8.5,-5.0,8.5,54,46.0,866.9,4.0,,,,,,-0.0129,4,4,win,0.0,289.0,11.0,374.68
KXWTI15M-26OCT051830-30,WTI,commodity,PAPER,1,YES,2026-10-05T22:18:32.058829+00:00,687.9,41,,,0,no,settled,0,17,-427,-3345,3,1,40.5,-4.0,-7.5,7.5,46,52.5,867.9,2.5,,,,,,-0.0059,4,5,loss,0.0,94.42,672.0,2247.42
KXPLATINUM15M-26OCT051830-30,PLATINUM,commodity,PAPER,1,NO,2026-10-05T22:17:00.070019+00:00,779.9,42,,,0,yes,settled,0,18,-438,-3783,2,1,41.5,-2.5,-4.0,4.5,35,23.0,861.9,27.0,,,,,,-0.0221,3,3,loss,49.0,0.0,1371.0,11.25
KXETH15M-26OCT051845-45,ETH,crypto,PAPER,1,YES,2026-10-05T22:30:29.721120+00:00,870.3,39,2026-10-05T22:34:21.055070+00:00,638.9,56,,sold,33,35,135,-10855,0,1,38.5,,,15.0,16,,,,2715.44,2716.09,-0.0239,-0.0335,-0.0203,-0.0197,1,1,loss,,,,
KXPLATINUM15M-26OCT051845-45,PLATINUM,commodity,PAPER,1,NO,2026-10-05T22:33:11.060217+00:00,708.9,42,2026-10-05T22:37:16.054064+00:00,463.9,55,,sold,38,36,94,-3689,3,1,41.5,-3.5,-2.0,6.0,51,47.5,863.9,2.5,,,,,,-0.0002,3,3,loss,0.0,210.0,131.0,301.76
KXCOPPER15M-26OCT051845-45,COPPER,commodity,PAPER,1,NO,2026-10-05T22:30:24.507488+00:00,875.5,41,2026-10-05T22:38:44.055750+00:00,375.9,57,,sold,33,35,125,-3564,0,2,40.0,,,4.0,13,,,,,,,,,-0.0197,5,0,win,,,,
KXWTI15M-26OCT051845-45,WTI,commodity,PAPER,1,YES,2026-10-05T22:38:24.060291+00:00,395.9,39,2026-10-05T22:40:35.055805+00:00,264.9,59,,sold,25,34,166,-3398,8,3,37.5,7.0,7.0,9.0,49,52.5,864.9,2.5,,,,,,-0.0262,4,5,loss,0.0,0.0,0.0,0.0
KXXRP15M-26OCT051845-45,XRP,crypto,PAPER,1,YES,2026-10-05T22:31:32.058924+00:00,807.9,42,2026-10-05T22:43:00.053930+00:00,119.9,62,,sold,9,35,165,-10690,1,1,41.5,-11.0,-9.0,13.0,48,51.5,854.9,1.5,1.5114,1.512,-0.0397,-0.0529,-0.0397,-0.0344,3,3,loss,0.0,39.0,0.0,596.6
KXDOGE15M-26OCT051845-45,DOGE,crypto,PAPER,1,YES,2026-10-05T22:30:19.444171+00:00,880.6,38,,,0,no,settled,0,17,-397,-11087,0,1,37.5,,,14.0,15,,,,,,,,,-0.0197,0,0,win,,,,
KXBTC15M-26OCT051845-45,BTC,crypto,PAPER,1,YES,2026-10-05T22:30:34.797367+00:00,865.2,41,,,0,no,settled,0,17,-427,-11514,0,1,40.5,-17.0,,17.0,16,,,,85939.72,85978.33,-0.0449,-0.0697,-0.0419,-0.0419,2,2,win,,,,
KXGOLD15M-26OCT051845-45,GOLD,commodity,PAPER,1,NO,2026-10-05T22:30:29.728387+00:00,870.3,38,,,0,yes,settled,0,17,-397,-3795,0,1,37.5,,,9.0,16,,,,,,,,,-0.0197,1,1,win,,,,
KXPALLADIUM15M-26OCT051845-45,PALLADIUM,commodity,PAPER,1,YES,2026-10-05T22:37:46.059323+00:00,433.9,39,,,0,no,settled,0,17,-407,-4202,7,3,37.5,18.5,20.0,19.5,32,47.5,864.9,2.5,,,,,,-0.0797,3,4,loss,0.0,0.0,32.0,0.0
KXSILVER15M-26OCT051845-45,SILVER,commodity,PAPER,1,NO,2026-10-05T22:32:04.060808+00:00,775.9,42,,,0,yes,settled,1,18,-438,-4640,2,3,40.5,-8.5,-5.0,12.5,55,45.0,849.9,5.0,,,,,,-0.0216,2,2,loss,0.0,5.0,0.0,2818.3
KXSOL15M-26OCT051900-00,SOL,crypto,PAPER,1,NO,2026-10-05T22:45:34.060099+00:00,865.9,42,2026-10-05T22:46:32.060850+00:00,807.9,57,,sold,41,36,114,-11400,0,1,41.5,-5.0,,9.0,21,44.5,871.9,5.5,121.19,121.1672,-0.0188,-0.0083,-0.0165,0.0068,1,1,loss,71.0,156.68,869.0,929.78
KXDOGE15M-26OCT051900-00,DOGE,crypto,PAPER,1,NO,2026-10-05T22:45:33.059552+00:00,866.9,40,2026-10-05T22:46:33.057676+00:00,806.9,65,,sold,39,33,217,-11183,0,1,39.5,-5.5,,9.5,17,39.5,866.9,10.5,,,,,,0.0068,0,0,loss,11.0,979.33,117.0,1044.55
KXETH15M-26OCT051900-00,ETH,crypto,PAPER,1,YES,2026-10-05T22:46:03.061798+00:00,836.9,42,2026-10-05T22:48:33.057344+00:00,686.9,55,,sold,30,36,94,-11089,1,1,41.5,-10.0,-10.0,11.0,61,52.5,882.9,2.5,2716.51,2716.48,0.0011,-0.007,-0.0114,-0.012,2,2,win,0.0,162.0,0.0,774.99
KXCOPPER15M-26OCT051900-00,COPPER,commodity,PAPER,1,YES,2026-10-05T22:46:01.060494+00:00,838.9,39,2026-10-05T22:49:13.054855+00:00,646.9,63,,sold,37,34,206,-4434,1,2,38.0,-13.0,,16.0,25,54.0,861.9,4.0,,,,,,0.0036,2,2,win,53.0,38.0,309.0,238.0
KXWTI15M-26OCT051900-00,WTI,commodity,PAPER,1,NO,2026-10-05T22:55:19.061480+00:00,280.9,42,2026-10-05T22:58:52.054186+00:00,67.9,59,,sold,27,35,135,-4299,10,1,41.5,-2.0,-3.0,5.0,49,51.0,877.9,1.0,,,,,,-0.0132,4,5,win,0.0,100.0,0.0,2214.0
KXXRP15M-26OCT051900-00,XRP,crypto,PAPER,1,YES,2026-10-05T22:46:17.063325+00:00,822.9,42,,,0,no,settled,0,18,-438,-11527,1,1,41.5,-7.0,-9.0,11.0,46,51.5,871.9,1.5,1.5114,1.5119,-0.0331,-0.0265,-0.0529,-0.0135,3,3,win,0.0,80.0,104.0,558.54
KXBTC15M-26OCT051900-00,BTC,crypto,PAPER,1,YES,2026-10-05T22:47:18.061245+00:00,761.9,41,,,0,no,settled,0,17,-427,-11954,2,1,40.5,-4.0,-11.0,11.0,61,52.5,861.9,2.5,85950.01,85963.6,-0.0158,0.0,-0.028,-0.028,2,4,loss,0.0,6110.27,0.0,12949.32
KXGOLD15M-26OCT051900-00,GOLD,commodity,PAPER,1,YES,2026-10-05T22:45:35.063126+00:00,864.9,42,,,0,no,settled,0,18,-438,-4737,0,1,41.5,-7.0,,9.0,23,43.5,871.9,6.5,,,,,,0.0048,2,1,loss,536.6,726.0,1753.6,2503.8
KXPLATINUM15M-26OCT051900-00,PLATINUM,commodity,PAPER,1,YES,2026-10-05T22:45:32.229127+00:00,867.8,41,,,0,no,settled,0,17,-427,-5164,0,3,39.5,-2.5,,3.0,9,,,,,,,,,0.0068,1,0,win,,,,
KXSILVER15M-26OCT051900-00,SILVER,commodity,PAPER,1,YES,2026-10-05T22:49:01.061781+00:00,658.9,40,,,0,no,settled,0,17,-417,-5581,4,3,38.5,7.5,9.5,11.5,54,44.5,861.9,5.5,,,,,,-0.0117,4,4,loss,2264.03,0.0,2607.38,0.0
KXPALLADIUM15M-26OCT051900-00,PALLADIUM,commodity,PAPER,1,YES,2026-10-05T22:47:07.060464+00:00,772.9,38,,,0,no,settled,0,17,-397,-5978,2,1,37.5,4.5,3.5,6.5,34,42.0,848.9,8.0,,,,,,-0.0247,3,3,loss,5.0,1.0,36.0,32.0
KXCOPPER15M-26OCT051915-15,COPPER,commodity,PAPER,1,YES,2026-10-05T23:00:38.059660+00:00,861.9,40,2026-10-05T23:01:45.054115+00:00,794.9,58,,sold,26,35,145,-5833,0,3,38.5,-5.0,,12.0,18,47.0,869.9,3.0,,,,,,0.0111,1,1,win,104.0,263.0,571.0,463.0
KXSOL15M-26OCT051915-15,SOL,crypto,PAPER,1,NO,2026-10-05T23:00:45.058662+00:00,854.9,41,2026-10-05T23:02:56.053042+00:00,723.9,56,,sold,8,35,115,-11839,0,1,40.5,-6.0,,7.0,42,46.5,885.9,3.5,121.05,121.0112,-0.0321,-0.0331,-0.0413,0.024,2,2,win,0.0,20.0,776.0,506.0
KXXRP15M-26OCT051915-15,XRP,crypto,PAPER,1,NO,2026-10-05T23:00:44.062829+00:00,855.9,41,2026-10-05T23:13:27.054947+00:00,92.9,56,,sold,10,35,115,-11724,0,1,40.5,-12.0,,14.0,26,52.5,869.9,2.5,1.5109,1.5108,-0.0066,-0.0199,-0.0199,0.024,1,1,loss,3.0,63.0,117.0,584.5
KXBTC15M-26OCT051915-15,BTC,crypto,PAPER,1,NO,2026-10-05T23:00:40.069948+00:00,859.9,41,2026-10-05T23:13:29.056034+00:00,90.9,55,,sold,3,35,105,-11619,0,1,40.5,-9.0,,9.0,17,43.5,864.9,6.5,85947.0,85925.79,-0.0247,-0.0205,-0.0205,0.0205,0,0,loss,0.0,10670.65,0.0,15136.53
KXDOGE15M-26OCT051915-15,DOGE,crypto,PAPER,1,NO,2026-10-05T23:00:47.059981+00:00,852.9,42,2026-10-05T23:13:31.054033+00:00,88.9,59,,sold,2,35,135,-11484,0,1,41.5,-8.0,,14.0,24,49.5,864.9,0.5,,,,,,0.0258,4,4,win,86.74,58.0,591.75,300.75
KXETH15M-26OCT051915-15,ETH,crypto,PAPER,1,NO,2026-10-05T23:00:45.075441+00:00,854.9,38,2026-10-05T23:13:57.054564+00:00,62.9,78,,sold,0,30,370,-11114,0,1,37.5,-11.0,,13.0,12,37.5,854.9,12.5,2716.58,2715.72,-0.0317,-0.0365,-0.0365,0.024,3,3,win,727.38,108.0,1874.38,429.0
KXWTI15M-26OCT051915-15,WTI,commodity,PAPER,1,NO,2026-10-05T23:00:40.060517+00:00,859.9,42,2026-10-05T23:14:04.055334+00:00,55.9,63,,sold,3,35,175,-5658,0,1,41.5,-4.5,,5.5,9,41.5,859.9,8.5,,,,,,0.0205,2,2,win,80.0,114.0,2226.0,2384.75
KXPLATINUM15M-26OCT051915-15,PLATINUM,commodity,PAPER,1,YES,2026-10-05T23:00:34.059564+00:00,865.9,42,,,0,no,settled,0,18,-438,-6096,0,3,40.5,-7.5,,12.0,22,52.5,883.9,2.5,,,,,,0.0111,0,0,loss,49.0,173.0,1586.75,1705.98
KXGOLD15M-26OCT051915-15,GOLD,commodity,PAPER,1,YES,2026-10-05T23:03:19.070866+00:00,700.9,41,,,0,no,settled,0,17,-427,-6523,3,1,40.5,-10.0,-11.0,12.0,60,57.5,869.9,7.5,,,,,,-0.0077,3,4,loss,0.0,2588.06,0.0,3572.31
KXPALLADIUM15M-26OCT051915-15,PALLADIUM,commodity,PAPER,1,YES,2026-10-05T23:00:45.065781+00:00,854.9,41,,,0,no,settled,0,17,-427,-6950,0,3,39.5,-8.0,,20.5,7,39.5,854.9,10.5,,,,,,0.024,3,3,loss,30.0,5.0,1365.0,130.25
KXETH15M-26OCT051930-30,ETH,crypto,PAPER,1,NO,2026-10-05T23:15:32.061413+00:00,867.9,39,2026-10-05T23:15:46.059888+00:00,853.9,56,,sold,38,35,135,-10979,0,1,38.5,-16.0,,16.0,12,38.5,867.9,11.5,2715.03,2714.24,-0.0291,-0.0483,-0.0575,0.0662,1,1,win,750.65,121.62,1946.89,1189.72
KXDOGE15M-26OCT051930-30,DOGE,crypto,PAPER,1,NO,2026-10-05T23:15:25.058824+00:00,874.9,40,2026-10-05T23:16:43.053671+00:00,796.9,57,,sold,39,35,135,-10844,0,1,39.5,,,17.0,20,49.5,882.9,0.5,0.0956,0.0956,-0.046,-0.0523,-0.0419,0.0447,0,0,win,20.0,80.0,327.0,380.85
KXBTC15M-26OCT051930-30,BTC,crypto,PAPER,1,YES,2026-10-05T23:15:46.075275+00:00,853.9,42,2026-10-05T23:17:42.057379+00:00,737.9,58,,sold,41,36,124,-10720,0,1,41.5,-2.0,,14.0,36,49.5,877.9,0.5,85846.88,85868.65,-0.0254,-0.0069,0.0,0.0,2,3,win,0.0,5664.54,0.0,16069.16
KXSOL15M-26OCT051930-30,SOL,crypto,PAPER,1,YES,2026-10-05T23:17:01.061049+00:00,778.9,40,2026-10-05T23:17:43.053244+00:00,736.9,56,,sold,39,35,125,-10595,2,1,39.5,-14.5,-12.0,15.0,56,57.5,872.9,7.5,120.79,120.8223,-0.0267,-0.0414,-0.0414,-0.0327,2,4,win,0.0,20.0,0.0,446.0
KXGOLD15M-26OCT051930-30,GOLD,commodity,PAPER,1,YES,2026-10-05T23:16:51.060330+00:00,788.9,41,2026-10-05T23:17:49.054328+00:00,730.9,55,,sold,37,35,105,-6845,1,1,40.5,-11.0,-10.0,12.0,60,54.5,882.9,4.5,,,,,,-0.0089,2,2,loss,0.0,5521.0,0.0,11036.8
KXSILVER15M-26OCT051930-30,SILVER,commodity,PAPER,1,YES,2026-10-05T23:17:26.061287+00:00,753.9,39,2026-10-05T23:18:10.053263+00:00,709.9,57,,sold,33,35,145,-6700,2,1,38.5,-8.0,-17.0,17.0,53,56.5,867.9,6.5,,,,,,0.019,4,4,loss,0.0,227.0,100.0,2435.0
KXXRP15M-26OCT051930-30,XRP,crypto,PAPER,1,NO,2026-10-05T23:15:41.060782+00:00,858.9,42,2026-10-05T23:19:24.053787+00:00,635.9,57,,sold,23,36,114,-10481,0,1,41.5,-8.0,,24.0,25,32.5,872.9,17.5,1.5091,1.5089,-0.0133,-0.0199,-0.0663,0.022,2,2,win,15.0,0.0,91.0,96.5
KXWTI15M-26OCT051930-30,WTI,commodity,PAPER,1,YES,2026-10-05T23:16:31.060092+00:00,808.9,41,,,0,no,settled,0,17,-427,-7127,1,1,40.5,-4.0,-9.0,9.0,44,50.0,887.9,0.0,,,,,,-0.0203,1,1,win,0.0,174.0,2354.25,284.0
KXCOPPER15M-26OCT051930-30,COPPER,commodity,PAPER,1,NO,2026-10-05T23:15:22.063443+00:00,877.9,39,,,0,yes,settled,0,17,-407,-7534,0,2,38.0,,,12.0,10,38.0,877.9,12.0,,,,,,0.017,3,0,win,0.0,104.0,295.0,575.0
KXPALLADIUM15M-26OCT051930-30,PALLADIUM,commodity,PAPER,1,YES,2026-10-05T23:17:08.060206+00:00,771.9,42,,,0,no,settled,1,18,-438,-7972,2,3,40.5,-4.5,-5.0,5.5,20,46.5,856.9,3.5,,,,,,0.01,3,3,loss,1.0,53.0,1336.0,270.25
KXXRP15M-26OCT051945-45,XRP,crypto,PAPER,1,YES,2026-10-05T23:30:41.439780+00:00,858.6,41,2026-10-05T23:30:52.053677+00:00,847.9,55,,sold,40,35,105,-10376,0,1,40.5,0.0,,9.5,11,,,,1.5104,1.5103,0.0066,0.0132,0.0265,0.0037,0,0,win,,,,
KXCOPPER15M-26OCT051945-45,COPPER,commodity,PAPER,1,YES,2026-10-05T23:31:18.061835+00:00,821.9,38,2026-10-05T23:32:38.054595+00:00,741.9,56,,sold,37,35,145,-7827,1,1,37.5,-12.5,-13.0,13.5,61,50.5,883.9,0.5,,,,,,-0.0385,3,3,loss,0.0,440.0,204.0,543.0
KXPLATINUM15M-26OCT051945-45,PLATINUM,commodity,PAPER,1,YES,2026-10-05T23:30:30.059236+00:00,869.9,42,2026-10-05T23:33:21.052629+00:00,698.9,55,,sold,27,36,94,-7733,0,1,41.5,,,6.0,13,42.0,871.9,8.0,,,,,,0.0037,2,2,loss,5.0,90.0,169.0,1644.85
KXGOLD15M-26OCT051945-45,GOLD,commodity,PAPER,1,YES,2026-10-05T23:30:20.869574+00:00,879.1,42,2026-10-05T23:33:43.053517+00:00,676.9,55,,sold,25,36,94,-7639,0,1,41.5,,,16.5,11,,,,,,,,,0.002,3,0,win,,,,
KXSILVER15M-26OCT051945-45,SILVER,commodity,PAPER,1,YES,2026-10-05T23:30:20.876461+00:00,879.1,42,2026-10-05T23:35:56.054572+00:00,543.9,55,,sold,16,36,94,-7545,0,1,41.5,,,16.0,9,,,,,,,,,0.002,4,1,win,,,,
KXDOGE15M-26OCT051945-45,DOGE,crypto,PAPER,1,YES,2026-10-05T23:31:02.059504+00:00,837.9,42,,,0,no,settled,0,18,-438,-10814,1,1,41.5,-3.5,-9.5,11.0,34,52.5,862.9,2.5,,,,,,-0.0164,1,2,win,0.0,202.76,70.36,1691.52
KXSOL15M-26OCT051945-45,SOL,crypto,PAPER,1,YES,2026-10-05T23:31:03.059187+00:00,836.9,41,,,0,no,settled,0,17,-427,-11241,1,1,40.5,-13.0,-8.0,14.0,43,52.5,873.9,2.5,120.77,120.8158,-0.0379,-0.0497,-0.0331,-0.0193,2,3,win,0.0,10.0,0.0,40.0
KXETH15M-26OCT051945-45,ETH,crypto,PAPER,1,YES,2026-10-05T23:31:01.060542+00:00,838.9,42,,,0,no,settled,0,18,-438,-11679,1,1,41.5,-9.0,-8.5,9.0,40,50.5,867.9,0.5,2715.49,2715.65,-0.0059,-0.0099,0.0018,-0.0034,0,1,win,333.0,94.0,1583.0,669.0
KXBTC15M-26OCT051945-45,BTC,crypto,PAPER,1,YES,2026-10-05T23:31:03.067342+00:00,836.9,38,,,0,no,settled,0,17,-397,-12076,1,1,37.5,-11.0,-11.0,14.0,35,49.5,862.9,0.5,85899.0,85917.79,-0.0219,-0.023,-0.0193,-0.0193,3,4,win,0.0,5822.45,0.0,8673.45
KXWTI15M-26OCT051945-45,WTI,commodity,PAPER,1,NO,2026-10-05T23:31:38.059436+00:00,801.9,40,,,0,yes,settled,1,17,-417,-7962,1,1,39.5,-8.0,-8.0,8.0,49,50.0,888.9,0.0,,,,,,-0.0487,4,4,loss,0.0,205.0,2171.0,368.0
KXPALLADIUM15M-26OCT051945-45,PALLADIUM,commodity,PAPER,1,YES,2026-10-05T23:32:48.059883+00:00,731.9,38,,,0,no,settled,0,17,-397,-8359,2,5,35.5,12.5,12.5,14.5,32,31.0,873.9,19.0,,,,,,-0.015,4,5,loss,5.0,0.01,36.0,248.76
KXPLATINUM15M-26OCT052000-00,PLATINUM,commodity,PAPER,1,NO,2026-10-05T23:46:39.061124+00:00,800.9,40,2026-10-05T23:50:51.053549+00:00,548.9,56,,sold,31,35,125,-8234,1,3,38.5,-10.5,-20.0,20.5,46,56.5,875.9,6.5,,,,,,0.001,4,4,win,103.0,72.0,1603.0,299.0
KXPALLADIUM15M-26OCT052000-00,PALLADIUM,commodity,PAPER,1,YES,2026-10-05T23:49:32.066737+00:00,627.9,38,2026-10-05T23:54:06.055246+00:00,353.9,57,,sold,15,35,155,-8079,4,5,35.5,-7.0,-6.0,16.5,38,53.5,858.9,3.5,,,,,,0.0077,5,5,loss,60.0,30.0,225.0,86.0
KXCOPPER15M-26OCT052000-00,COPPER,commodity,PAPER,1,YES,2026-10-05T23:45:18.356413+00:00,881.7,41,2026-10-05T23:54:19.056788+00:00,340.9,56,,sold,16,35,115,-7964,0,1,40.5,,,8.5,4,,,,,,,,,-0.0265,4,2,win,,,,
KXBTC15M-26OCT052000-00,BTC,crypto,PAPER,1,YES,2026-10-05T23:45:18.349701+00:00,881.7,39,2026-10-05T23:55:24.054570+00:00,275.9,59,,sold,14,34,166,-11910,0,1,38.5,,,12.0,5,,,,85791.8,85831.89,-0.0467,-0.0497,-0.0265,-0.0265,0,0,loss,,,,
KXSOL15M-26OCT052000-00,SOL,crypto,PAPER,1,YES,2026-10-05T23:45:28.672791+00:00,871.3,40,2026-10-05T23:58:02.055020+00:00,117.9,55,,sold,15,35,115,-11795,0,1,39.5,,,8.0,5,,,,120.69,120.7687,-0.0652,-0.0662,-0.0662,-0.0669,1,1,loss,,,,
KXXRP15M-26OCT052000-00,XRP,crypto,PAPER,1,YES,2026-10-05T23:45:28.679682+00:00,871.3,39,,,0,no,settled,0,17,-407,-12202,0,1,38.5,,,5.0,5,,,,1.5088,1.5098,-0.0662,-0.0464,-0.0596,-0.0669,2,2,win,,,,
KXDOGE15M-26OCT052000-00,DOGE,crypto,PAPER,1,YES,2026-10-05T23:45:47.060272+00:00,852.9,40,,,0,no,settled,0,17,-417,-12619,0,1,39.5,-5.0,,18.0,14,31.5,860.9,18.5,0.0955,0.0955,-0.0429,-0.0105,-0.0419,-0.0527,3,3,loss,1.0,101.75,200.0,389.75
KXSILVER15M-26OCT052000-00,SILVER,commodity,PAPER,1,YES,2026-10-05T23:45:07.936585+00:00,892.1,41,,,0,no,settled,0,17,-427,-8391,0,1,40.5,,,6.0,5,,,,,,,,,-0.0114,2,0,win,,,,
KXWTI15M-26OCT052000-00,WTI,commodity,PAPER,1,NO,2026-10-05T23:45:12.989012+00:00,887.0,38,,,0,yes,settled,0,17,-397,-8788,0,2,37.0,,,1.5,4,,,,,,,,,-0.0179,3,1,loss,,,,
KXGOLD15M-26OCT052000-00,GOLD,commodity,PAPER,1,YES,2026-10-05T23:45:53.060457+00:00,846.9,42,,,0,no,settled,0,18,-438,-9226,0,1,41.5,-1.0,,9.0,10,50.5,850.9,0.5,,,,,,-0.0847,3,3,win,2563.0,543.32,7864.0,3994.32
KXDOGE15M-26OCT052015-15,DOGE,crypto,PAPER,1,YES,2026-10-06T00:01:06.060282+00:00,833.9,41,2026-10-06T00:03:22.054402+00:00,697.9,55,,sold,32,35,105,-12514,1,1,40.5,-5.0,-6.0,6.0,45,45.5,872.9,4.5,,,,,,0.0291,1,1,loss,4.0,127.75,300.0,861.5
KXXRP15M-26OCT052015-15,XRP,crypto,PAPER,1,YES,2026-10-06T00:02:43.060593+00:00,736.9,39,2026-10-06T00:03:25.056718+00:00,694.9,56,,sold,36,35,135,-12379,2,1,38.5,13.0,8.0,14.0,60,47.5,857.9,2.5,1.5068,1.5077,-0.0597,0.0266,0.0133,0.0131,4,4,loss,0.0,0.0,509.0,0.0
KXSILVER15M-26OCT052015-15,SILVER,commodity,PAPER,1,NO,2026-10-06T00:00:19.059340+00:00,880.9,41,2026-10-06T00:05:50.055822+00:00,549.9,56,,sold,24,35,115,-9111,0,1,40.5,,,14.0,19,43.5,888.9,6.5,,,,,,-0.0155,4,1,win,111.0,112.0,199.0,815.0
KXGOLD15M-26OCT052015-15,GOLD,commodity,PAPER,1,NO,2026-10-06T00:00:22.063442+00:00,877.9,41,2026-10-06T00:05:54.065886+00:00,545.9,56,,sold,21,35,115,-8996,0,1,40.5,,,13.0,11,40.5,877.9,9.5,,,,,,-0.0026,5,2,win,1.0,4104.0,2633.0,5246.0
KXPLATINUM15M-26OCT052015-15,PLATINUM,commodity,PAPER,1,NO,2026-10-06T00:03:10.061837+00:00,709.9,39,2026-10-06T00:06:02.053877+00:00,537.9,61,,sold,31,34,186,-8810,3,2,38.0,17.0,14.5,18.0,49,31.0,862.9,19.0,,,,,,0.0457,4,4,win,572.0,0.0,727.0,71.0
KXCOPPER15M-26OCT052015-15,COPPER,commodity,PAPER,1,NO,2026-10-06T00:05:54.060686+00:00,545.9,38,2026-10-06T00:06:04.055435+00:00,535.9,57,,sold,36,35,155,-8655,5,2,37.0,31.5,24.5,32.5,50,28.5,867.9,21.5,,,,,,-0.0055,4,5,win,75.17,0.0,333.62,0.0
KXBTC15M-26OCT052015-15,BTC,crypto,PAPER,1,NO,2026-10-06T00:01:12.063400+00:00,827.9,41,2026-10-06T00:06:09.054730+00:00,530.9,55,,sold,19,35,105,-12274,1,1,40.5,-13.0,-14.0,14.0,36,54.5,862.9,4.5,85789.91,85776.0,-0.0162,-0.0276,-0.0291,0.0291,2,2,win,0.0,7637.23,0.0,10790.48
KXPALLADIUM15M-26OCT052015-15,PALLADIUM,commodity,PAPER,1,NO,2026-10-06T00:00:32.059515+00:00,867.9,39,2026-10-06T00:06:10.054537+00:00,529.9,55,,sold,23,35,125,-8530,0,2,38.0,-12.0,,17.0,12,46.5,875.9,3.5,,,,,,-0.0026,3,3,win,30.0,19.01,1365.0,52.01
KXWTI15M-26OCT052015-15,WTI,commodity,PAPER,1,NO,2026-10-06T00:00:16.059694+00:00,883.9,42,2026-10-06T00:12:27.052920+00:00,152.9,55,,sold,7,36,94,-8436,0,1,41.5,,,20.0,13,51.0,887.9,1.0,,,,,,-0.0225,3,0,loss,12.53,93.0,68.53,122.0
KXETH15M-26OCT052015-15,ETH,crypto,PAPER,1,NO,2026-10-06T00:01:47.066705+00:00,792.9,41,,,0,yes,settled,0,17,-427,-12701,1,1,40.5,-12.0,-8.0,13.0,60,55.5,883.9,5.5,2711.08,2710.59,-0.0181,-0.0336,-0.0125,0.0265,3,3,loss,0.0,32.0,0.0,808.0
KXSOL15M-26OCT052015-15,SOL,crypto,PAPER,1,NO,2026-10-06T00:00:35.063743+00:00,864.9,42,,,0,yes,settled,0,18,-438,-13139,0,1,41.5,-6.0,,7.0,18,43.5,872.9,6.5,120.79,120.7718,-0.0151,-0.0083,-0.0248,-0.0026,0,0,win,85.0,26.0,808.0,803.0
KXSOL15M-26OCT052030-30,SOL,crypto,PAPER,1,YES,2026-10-06T00:15:39.064253+00:00,860.9,42,2026-10-06T00:16:06.053366+00:00,833.9,55,,sold,39,36,94,-13045,0,2,41.0,,,5.0,9,46.0,868.9,4.0,120.84,120.8917,-0.0428,0.0166,-0.0414,-0.0002,0,0,loss,0.01,347.83,422.02,1137.83
KXDOGE15M-26OCT052030-30,DOGE,crypto,PAPER,1,NO,2026-10-06T00:16:05.066661+00:00,834.9,42,2026-10-06T00:18:39.053371+00:00,680.9,55,,sold,32,36,94,-12951,1,1,41.5,-9.0,,13.0,56,53.5,889.9,3.5,0.0954,0.0954,0.0325,0.0105,-0.042,0.0726,3,3,win,0.0,91.47,33.0,800.22
KXETH15M-26OCT052030-30,ETH,crypto,PAPER,1,NO,2026-10-06T00:16:12.069983+00:00,827.9,41,2026-10-06T00:19:14.054055+00:00,645.9,61,,sold,29,34,166,-12785,1,1,40.5,-15.0,,16.0,42,54.5,868.9,4.5,2714.05,2713.86,-0.007,-0.0269,-0.0206,0.0427,3,4,loss,0.0,14.0,808.03,1202.0
KXWTI15M-26OCT052030-30,WTI,commodity,PAPER,1,YES,2026-10-06T00:15:51.060997+00:00,848.9,42,2026-10-06T00:19:33.054372+00:00,626.9,56,,sold,41,36,104,-8332,0,1,41.5,,,0.0,1,41.5,848.9,8.5,,,,,,0.0226,3,3,win,2601.55,81.0,2765.55,429.75
KXBTC15M-26OCT052030-30,BTC,crypto,PAPER,1,NO,2026-10-06T00:15:57.061691+00:00,842.9,41,2026-10-06T00:28:37.057835+00:00,82.9,69,,sold,4,32,248,-12537,0,1,40.5,,,12.0,22,47.5,863.9,2.5,85872.94,85845.19,-0.0323,-0.0261,-0.0637,0.0637,2,2,win,0.0,7382.39,0.0,9781.36
KXXRP15M-26OCT052030-30,XRP,crypto,PAPER,1,NO,2026-10-06T00:15:55.061214+00:00,844.9,41,,,0,yes,settled,0,17,-427,-12964,0,1,40.5,,,10.5,25,48.0,868.9,2.0,1.509,1.5083,-0.0464,-0.0133,-0.0663,0.0461,1,1,win,170.5,30.0,368.5,507.0
KXPALLADIUM15M-26OCT052030-30,PALLADIUM,commodity,PAPER,1,NO,2026-10-06T00:15:42.060030+00:00,857.9,38,,,0,yes,settled,0,17,-397,-8729,0,4,36.0,1.5,,3.5,16,34.5,894.9,15.5,,,,,,0.0209,0,0,win,5.0,17.76,1340.0,1352.76
KXGOLD15M-26OCT052030-30,GOLD,commodity,PAPER,1,NO,2026-10-06T00:17:08.061622+00:00,771.9,39,,,0,yes,settled,0,17,-407,-9136,2,1,38.5,-11.0,-14.0,18.0,60,43.5,879.9,6.5,,,,,,0.0294,5,5,win,0.0,546.69,0.0,6492.72
KXCOPPER15M-26OCT052030-30,COPPER,commodity,PAPER,1,NO,2026-10-06T00:15:47.066408+00:00,852.9,39,,,0,yes,settled,0,17,-407,-9543,0,1,38.5,,,12.0,20,32.5,874.9,17.5,,,,,,0.0226,2,2,win,213.0,0.0,266.1,98.79
KXPLATINUM15M-26OCT052030-30,PLATINUM,commodity,PAPER,1,NO,2026-10-06T00:15:42.067333+00:00,857.9,41,,,0,yes,settled,0,17,-427,-9970,0,3,39.5,,,8.0,7,32.5,863.9,17.5,,,,,,0.0209,1,1,win,161.0,127.0,1661.0,1697.0
KXSILVER15M-26OCT052030-30,SILVER,commodity,PAPER,1,NO,2026-10-06T00:16:25.065104+00:00,814.9,42,,,0,yes,settled,0,18,-438,-10408,1,1,41.5,-9.0,,15.0,35,53.5,848.9,3.5,,,,,,0.0402,4,4,win,0.0,92.0,177.0,2321.45
KXETH15M-26OCT052045-45,ETH,crypto,PAPER,1,YES,2026-10-06T00:30:30.064197+00:00,869.9,38,2026-10-06T00:30:37.056639+00:00,862.9,55,,sold,37,35,135,-12829,0,1,37.5,,,11.0,11,37.5,869.9,12.5,2712.43,2713.18,-0.0276,-0.0299,-0.0295,-0.0573,2,2,win,32.09,1268.45,441.15,2662.46
KXBTC15M-26OCT052045-45,BTC,crypto,PAPER,1,YES,2026-10-06T00:30:21.060896+00:00,878.9,42,2026-10-06T00:30:39.054683+00:00,860.9,57,,sold,36,36,114,-12715,0,1,41.5,,,4.0,13,42.5,880.9,7.5,85798.15,85828.14,-0.0349,-0.0404,-0.0234,-0.0234,1,1,win,0.0,4863.13,10277.15,13012.32
KXSOL15M-26OCT052045-45,SOL,crypto,PAPER,1,YES,2026-10-06T00:30:34.178629+00:00,865.8,39,2026-10-06T00:30:41.053812+00:00,858.9,55,,sold,38,35,125,-12590,0,1,38.5,-3.0,,3.0,8,,,,120.79,120.8587,-0.0568,-0.0166,-0.0248,-0.0254,3,3,win,,,,
KXXRP15M-26OCT052045-45,XRP,crypto,PAPER,1,YES,2026-10-06T00:30:13.380267+00:00,886.6,39,2026-10-06T00:30:41.056349+00:00,858.9,57,,sold,29,35,145,-12445,0,1,38.5,,,2.0,10,,,,1.508,1.5084,-0.0265,-0.0133,-0.053,-0.0334,0,0,loss,,,,
KXGOLD15M-26OCT052045-45,GOLD,commodity,PAPER,1,YES,2026-10-06T00:30:23.827570+00:00,876.2,42,2026-10-06T00:31:30.054355+00:00,809.9,56,,sold,25,36,104,-10304,0,1,41.5,,,6.5,10,,,,,,,,,-0.044,6,1,win,,,,
KXSILVER15M-26OCT052045-45,SILVER,commodity,PAPER,1,YES,2026-10-06T00:30:18.743097+00:00,881.3,41,2026-10-06T00:32:16.056431+00:00,763.9,55,,sold,22,35,105,-10199,0,1,40.5,,,6.5,9,,,,,,,,,-0.0305,5,0,win,,,,
KXPALLADIUM15M-26OCT052045-45,PALLADIUM,commodity,PAPER,1,YES,2026-10-06T00:30:42.059716+00:00,857.9,39,2026-10-06T00:32:21.053432+00:00,758.9,57,,sold,34,35,145,-10054,0,5,36.5,-15.5,,16.5,12,40.5,864.9,9.5,,,,,,0.0458,2,2,loss,30.0,5.0,1545.0,234.01
KXCOPPER15M-26OCT052045-45,COPPER,commodity,PAPER,1,NO,2026-10-06T00:31:07.066214+00:00,832.9,39,2026-10-06T00:35:52.054082+00:00,547.9,56,,sold,12,35,135,-9919,1,1,38.5,-16.5,-12.5,17.0,33,54.5,864.9,4.5,,,,,,0.0652,3,3,loss,0.0,100.0,271.0,455.0
KXDOGE15M-26OCT052045-45,DOGE,crypto,PAPER,1,NO,2026-10-06T00:34:02.062878+00:00,657.9,38,2026-10-06T00:36:25.058095+00:00,514.9,67,,sold,33,33,257,-12188,4,1,37.5,21.0,15.5,21.0,59,32.5,854.9,17.5,,,,,,-0.0528,0,4,win,34.0,0.0,209.56,0.0
KXPLATINUM15M-26OCT052045-45,PLATINUM,commodity,PAPER,1,YES,2026-10-06T00:31:27.061219+00:00,812.9,41,,,0,no,settled,0,17,-427,-10346,1,2,40.0,15.5,-7.5,16.5,49,27.5,864.9,22.5,,,,,,0.0836,4,4,loss,107.0,0.0,151.0,1434.0
KXDOGE15M-26OCT071600-00,DOGE,crypto,PAPER,1,YES,2026-10-07T19:49:57.424365+00:00,602.6,42,2026-10-07T19:50:04.780642+00:00,595.2,56,,sold,39,36,104,104,4,3,40.5,,,0.0,1,40.5,602.6,9.5,0.0886,0.0886,-0.0361,,,,0,0,none yet,47.48,577.62,1372.79,602.62
KXWTI15M-26OCT071600-00,WTI,commodity,PAPER,1,NO,2026-10-07T19:50:30.422435+00:00,569.6,39,2026-10-07T19:53:40.422818+00:00,379.6,58,,sold,33,35,155,155,5,1,38.5,9.0,,11.0,34,29.5,602.6,20.5,,,,,,,2,2,none yet,349.0,220.0,3237.0,2749.96
KXSILVER15M-26OCT071600-00,SILVER,commodity,PAPER,1,YES,2026-10-07T19:50:06.422851+00:00,593.6,41,2026-10-07T19:54:01.422879+00:00,358.6,57,,sold,28,35,125,280,5,1,40.5,,,14.0,10,47.0,602.6,3.0,,,,,,,1,1,none yet,0.0,1154.03,16.0,4194.03
KXETH15M-26OCT071600-00,ETH,crypto,PAPER,1,YES,2026-10-07T19:50:05.931242+00:00,594.1,41,2026-10-07T19:55:01.423641+00:00,298.6,55,,sold,17,35,105,209,5,1,40.5,,,20.0,5,20.5,602.6,29.5,2567.46,2568.17,-0.0276,,,,0,1,none yet,0.0,0.0,0.0,114.5
KXBTC15M-26OCT071600-00,BTC,crypto,PAPER,1,YES,2026-10-07T19:55:36.423280+00:00,263.6,41,,,0,no,settled,0,17,-427,-218,10,1,40.5,13.0,32.5,33.5,60,13.5,602.6,36.5,83400.3,83411.94,-0.014,0.0478,0.1057,0.1057,1,3,none yet,9092.6,0.0,14874.68,0.0
KXXRP15M-26OCT071600-00,XRP,crypto,PAPER,1,YES,2026-10-07T19:50:05.931762+00:00,594.1,40,,,0,no,settled,0,17,-417,-635,5,3,38.5,,,24.0,5,14.5,602.6,35.5,1.4224,1.4238,-0.0983,,,,1,2,none yet,0.0,0.0,403.0,28.01
KXPLATINUM15M-26OCT071600-00,PLATINUM,commodity,PAPER,1,NO,2026-10-07T19:52:38.422004+00:00,441.6,41,,,0,yes,settled,0,17,-427,-147,7,4,39.0,6.5,15.5,15.0,50,25.5,602.6,24.5,,,,,,-0.0036,3,3,none yet,200.0,23.0,406.25,266.0
KXPALLADIUM15M-26OCT071600-00,PALLADIUM,commodity,PAPER,1,YES,2026-10-07T19:50:04.541592+00:00,595.5,40,,,0,no,settled,0,17,-417,-564,5,5,37.5,,,3.0,4,34.5,602.6,15.5,,,,,,,0,0,none yet,43.0,25.25,1393.0,62.25
KXCOPPER15M-26OCT071615-15,COPPER,commodity,PAPER,1,NO,2026-10-07T20:00:48.421546+00:00,851.6,40,2026-10-07T20:02:10.421825+00:00,769.6,65,,sold,31,33,217,-347,0,3,38.5,-16.0,,27.5,11,38.5,851.6,11.5,,,,,,0.0304,3,3,none yet,,,,
KXXRP15M-26OCT071615-15,XRP,crypto,PAPER,1,NO,2026-10-07T20:04:27.423018+00:00,632.6,39,2026-10-07T20:05:25.425273+00:00,574.6,56,,sold,37,35,135,-500,4,1,38.5,20.0,26.0,26.0,59,20.5,856.6,29.5,1.4172,1.4165,-0.0494,0.1339,0.2112,-0.1346,4,4,loss,0.0,0.0,527.5,0.0
KXWTI15M-26OCT071615-15,WTI,commodity,PAPER,1,YES,2026-10-07T20:01:09.421527+00:00,830.6,42,2026-10-07T20:11:27.419339+00:00,212.6,57,,sold,17,36,114,-233,1,1,41.5,-2.0,-5.5,13.0,60,49.5,882.6,0.5,,,,,,0.0259,5,5,win,2241.0,247.0,2891.21,1479.0
KXPALLADIUM15M-26OCT071615-15,PALLADIUM,commodity,PAPER,1,YES,2026-10-07T20:00:57.422130+00:00,842.6,42,2026-10-07T20:12:02.422989+00:00,177.6,55,,sold,25,36,94,-139,0,4,40.0,-5.0,,22.5,37,44.0,871.6,6.0,,,,,,0.0209,4,4,loss,44.0,21.0,1394.0,136.0
KXBTC15M-26OCT071615-15,BTC,crypto,PAPER,1,NO,2026-10-07T20:00:34.422186+00:00,865.6,42,,,0,yes,settled,0,18,-438,-938,0,1,41.5,,,7.0,26,44.5,877.6,5.5,83396.23,83382.33,-0.0167,0.0017,-0.0196,0.0196,1,1,loss,,,,
KXETH15M-26OCT071615-15,ETH,crypto,PAPER,1,NO,2026-10-07T20:02:04.422766+00:00,775.6,39,,,0,yes,settled,0,17,-407,-1345,2,1,38.5,17.0,5.0,20.0,61,36.5,867.6,13.5,2569.64,2568.49,-0.0448,0.0716,0.0163,0.026,3,3,win,803.42,0.0,2394.79,0.0
KXSOL15M-26OCT071615-15,SOL,crypto,PAPER,1,NO,2026-10-07T20:00:16.477613+00:00,883.5,39,,,0,yes,settled,1,17,-407,-1752,0,1,38.5,,,5.0,13,,,,115.79,115.7275,-0.054,0.0086,-0.0951,0.0121,1,0,none yet,,,,
KXDOGE15M-26OCT071615-15,DOGE,crypto,PAPER,1,NO,2026-10-07T20:00:47.421735+00:00,852.6,38,,,0,yes,settled,0,17,-397,-2149,0,2,37.0,-5.5,,14.5,29,33.5,867.6,16.5,0.0885,0.0885,-0.0441,-0.0226,-0.0678,0.0305,2,2,win,61.01,38.0,604.03,918.25
KXGOLD15M-26OCT071615-15,GOLD,commodity,PAPER,1,NO,2026-10-07T20:00:32.113567+00:00,867.9,38,,,0,yes,settled,0,17,-397,-536,0,1,37.5,,,18.0,13,,,,,,,,,0.0172,2,1,none yet,,,,
KXPLATINUM15M-26OCT071615-15,PLATINUM,commodity,PAPER,1,NO,2026-10-07T20:00:39.421632+00:00,860.6,42,,,0,yes,settled,0,18,-438,-974,0,3,40.5,-16.0,,21.0,20,46.5,867.6,3.5,,,,,,0.0391,2,2,loss,24.0,200.0,56.0,310.0
KXSILVER15M-26OCT071615-15,SILVER,commodity,PAPER,1,NO,2026-10-07T20:00:26.780867+00:00,873.2,38,,,0,yes,settled,0,17,-397,-1371,0,1,37.5,,,19.5,13,,,,,,,,,0.015,1,0,win,,,,
KXWTI15M-26OCT071630-30,WTI,commodity,PAPER,1,YES,2026-10-07T20:15:32.422973+00:00,867.6,42,2026-10-07T20:15:47.421111+00:00,852.6,55,,sold,41,36,94,-1277,0,1,41.5,,,9.0,24,42.5,868.6,7.5,,,,,,0.0007,2,1,win,18.66,1003.81,2550.66,3805.1
KXETH15M-26OCT071630-30,ETH,crypto,PAPER,1,NO,2026-10-07T20:16:22.423378+00:00,817.6,39,2026-10-07T20:18:46.429712+00:00,673.6,55,,sold,24,35,125,-2024,1,1,38.5,-17.0,-15.0,17.0,44,54.5,857.6,4.5,2575.89,2574.26,-0.0633,-0.0653,-0.0614,0.0364,3,3,loss,0.0,236.48,0.0,858.48
KXBTC15M-26OCT071630-30,BTC,crypto,PAPER,1,NO,2026-10-07T20:16:12.423546+00:00,827.6,41,2026-10-07T20:18:50.427005+00:00,669.6,55,,sold,24,35,105,-1919,1,1,40.5,-10.0,-15.0,15.0,61,51.5,873.6,1.5,83526.13,83506.46,-0.0236,-0.0204,-0.0286,0.0286,1,1,loss,0.0,6940.7,0.0,13347.03
KXSOL15M-26OCT071630-30,SOL,crypto,PAPER,1,NO,2026-10-07T20:16:17.424900+00:00,822.6,41,2026-10-07T20:18:51.429751+00:00,668.6,58,,sold,21,35,135,-1784,1,1,40.5,-10.0,-13.0,15.5,56,55.5,868.6,5.5,116.23,116.1922,-0.0325,-0.0172,-0.043,0.0255,2,2,loss,0.0,10.0,705.0,953.88
KXCOPPER15M-26OCT071630-30,COPPER,commodity,PAPER,1,NO,2026-10-07T20:15:34.424207+00:00,865.6,41,2026-10-07T20:20:21.426088+00:00,578.6,55,,sold,36,35,105,-1172,0,4,39.0,,,11.5,20,42.5,868.6,7.5,,,,,,0.0007,4,3,win,0.1,210.27,5.1,414.27
KXPALLADIUM15M-26OCT071630-30,PALLADIUM,commodity,PAPER,1,NO,2026-10-07T20:17:19.429875+00:00,760.6,42,2026-10-07T20:22:23.427057+00:00,456.6,56,,sold,27,36,104,-1068,2,3,40.5,-8.0,-11.0,11.0,38,46.5,873.6,3.5,,,,,,0.0393,3,4,win,0.0,254.25,48.0,1611.95
KXXRP15M-26OCT071630-30,XRP,crypto,PAPER,1,NO,2026-10-07T20:16:09.424244+00:00,830.6,41,2026-10-07T20:24:35.428129+00:00,324.6,59,,sold,14,34,146,-1638,1,1,40.5,-7.0,-11.0,11.0,45,47.5,857.6,2.5,1.4219,1.4216,-0.0211,-0.0211,-0.0422,0.0351,0,0,win,0.0,0.0,186.14,110.5
KXDOGE15M-26OCT071630-30,DOGE,crypto,PAPER,1,NO,2026-10-07T20:18:45.428594+00:00,674.6,38,,,0,yes,settled,0,17,-397,-2035,3,1,37.5,7.0,12.0,13.0,59,49.5,863.6,0.5,0.0888,0.0887,-0.0518,0.045,0.0675,-0.0636,4,4,loss,0.0,0.0,619.04,0.0
KXSILVER15M-26OCT071630-30,SILVER,commodity,PAPER,1,NO,2026-10-07T20:15:34.422603+00:00,865.6,42,,,0,yes,settled,0,18,-438,-1506,0,1,41.5,-8.0,,9.0,32,46.5,873.6,3.5,,,,,,0.0007,3,2,win,0.0,200.0,3240.0,273.23
KXGOLD15M-26OCT071630-30,GOLD,commodity,PAPER,1,NO,2026-10-07T20:15:30.633292+00:00,869.4,38,,,0,yes,settled,0,17,-397,-1903,0,2,37.0,,,14.5,23,,,,,,,,,0.0007,2,0,loss,,,,
KXPLATINUM15M-26OCT071630-30,PLATINUM,commodity,PAPER,1,NO,2026-10-07T20:22:03.427013+00:00,476.6,42,,,0,yes,settled,0,18,-438,-2341,7,5,39.5,-3.5,-6.5,7.5,35,43.0,868.6,7.0,,,,,,-0.0199,3,5,loss,0.0,180.0,25.0,223.75
KXCOPPER15M-26OCT071645-45,COPPER,commodity,PAPER,1,YES,2026-10-07T20:30:35.421835+00:00,864.6,42,2026-10-07T20:31:00.421890+00:00,839.6,55,,sold,39,36,94,-2247,0,2,41.0,-10.0,,11.5,25,51.0,884.6,1.0,,,,,,-0.0058,1,1,win,23.0,104.0,230.0,309.75
KXSILVER15M-26OCT071645-45,SILVER,commodity,PAPER,1,YES,2026-10-07T20:30:32.422842+00:00,867.6,42,2026-10-07T20:31:02.423872+00:00,837.6,56,,sold,39,36,104,-2143,0,1,41.5,,,12.5,19,49.5,874.6,0.5,,,,,,-0.0058,0,0,loss,15.0,2110.0,728.0,3313.0
KXGOLD15M-26OCT071645-45,GOLD,commodity,PAPER,1,NO,2026-10-07T20:30:59.423772+00:00,840.6,40,2026-10-07T20:31:28.421467+00:00,811.6,55,,sold,38,35,115,-2028,0,1,39.5,-12.0,,16.0,57,52.5,885.6,2.5,,,,,,-0.0096,2,2,loss,0.0,4163.0,0.0,6959.0
KXSOL15M-26OCT071645-45,SOL,crypto,PAPER,1,NO,2026-10-07T20:30:31.423045+00:00,868.6,41,2026-10-07T20:31:52.421667+00:00,787.6,57,,sold,40,35,125,-1910,0,1,40.5,,,4.0,13,40.5,868.6,9.5,116.33,116.27,-0.0516,-0.0172,-0.0086,-0.0058,0,0,win,274.0,11.0,1026.0,800.0
KXPLATINUM15M-26OCT071645-45,PLATINUM,commodity,PAPER,1,NO,2026-10-07T20:31:50.423242+00:00,789.6,42,2026-10-07T20:33:48.421102+00:00,671.6,58,,sold,33,36,124,-1904,1,3,40.5,-11.5,-14.0,13.0,33,57.0,862.6,7.0,,,,,,-0.0149,2,5,loss,0.0,5.0,125.0,1491.0
KXPALLADIUM15M-26OCT071645-45,PALLADIUM,commodity,PAPER,1,NO,2026-10-07T20:31:02.421799+00:00,837.6,42,2026-10-07T20:34:55.421272+00:00,604.6,55,,sold,36,36,94,-1810,1,5,39.5,-6.5,,11.5,24,46.0,873.6,4.0,,,,,,-0.0072,2,3,win,76.0,5.0,1426.0,211.75
KXBTC15M-26OCT071645-45,BTC,crypto,PAPER,1,YES,2026-10-07T20:31:52.428199+00:00,787.6,38,,,0,no,settled,0,17,-397,-2307,1,1,37.5,-14.0,-16.0,16.0,60,54.5,879.6,4.5,83507.24,83518.14,-0.0131,-0.0084,-0.0155,-0.0155,1,2,win,0.0,10974.42,0.0,15792.21
KXETH15M-26OCT071645-45,ETH,crypto,PAPER,1,YES,2026-10-07T20:31:34.424227+00:00,805.6,41,,,0,no,settled,0,17,-427,-2734,1,1,40.5,-5.0,-3.0,5.0,60,51.5,885.6,1.5,2575.39,2575.76,-0.0144,-0.014,-0.0128,-0.0094,1,1,win,0.0,0.0,302.31,261.91
KXDOGE15M-26OCT071645-45,DOGE,crypto,PAPER,1,YES,2026-10-07T20:32:08.422573+00:00,771.6,42,,,0,no,settled,0,18,-438,-3172,2,2,41.0,-10.5,-13.5,16.5,61,56.5,879.6,6.5,0.0888,0.0889,-0.0113,-0.0225,-0.045,-0.0203,2,3,loss,0.0,1.0,558.25,707.25
KXXRP15M-26OCT071645-45,XRP,crypto,PAPER,1,YES,2026-10-07T20:32:13.422740+00:00,766.6,41,,,0,no,settled,0,17,-427,-3599,2,1,40.5,-8.0,-9.0,11.0,60,52.5,874.6,2.5,1.4205,1.4212,-0.0493,-0.0352,-0.0352,-0.0325,3,4,win,570.68,18.73,1133.18,92.23
KXWTI15M-26OCT071645-45,WTI,commodity,PAPER,1,YES,2026-10-07T20:31:13.421934+00:00,826.6,40,,,0,no,settled,0,17,-417,-2227,1,1,39.5,-8.0,-9.5,14.5,56,52.5,885.6,2.5,,,,,,-0.0092,2,4,win,0.0,910.0,0.0,1450.0
KXWTI15M-26OCT071700-00,WTI,commodity,PAPER,1,YES,2026-10-07T20:46:21.423599+00:00,818.6,42,2026-10-07T20:47:29.420293+00:00,750.6,55,,sold,39,36,94,-2133,1,1,41.5,-11.0,-1.0,15.0,47,47.5,865.6,2.5,,,,,,0.0082,4,4,loss,175.0,137.62,2784.0,3036.62
KXGOLD15M-26OCT071700-00,GOLD,commodity,PAPER,1,YES,2026-10-07T20:45:45.422092+00:00,854.6,42,2026-10-07T20:48:04.420455+00:00,715.6,56,,sold,40,36,104,-2029,0,1,41.5,-10.0,,10.0,38,48.5,881.6,1.5,,,,,,0.0067,2,2,win,0.0,2918.07,3358.0,7120.07
KXPLATINUM15M-26OCT071700-00,PLATINUM,commodity,PAPER,1,NO,2026-10-07T20:45:53.425977+00:00,846.6,42,2026-10-07T20:50:35.420248+00:00,564.6,58,,sold,34,36,124,-1905,0,3,40.5,-5.0,,15.5,31,43.5,873.6,6.5,,,,,,0.0046,3,3,win,49.0,20.0,1449.0,45.1
KXBTC15M-26OCT071700-00,BTC,crypto,PAPER,1,YES,2026-10-07T20:47:02.427384+00:00,777.6,41,2026-10-07T20:50:54.421228+00:00,545.6,57,,sold,35,35,125,-3474,2,1,40.5,-13.0,-12.0,13.0,60,53.5,881.6,3.5,83317.17,83349.21,-0.0384,-0.0349,-0.037,-0.037,4,4,loss,0.0,143.67,0.0,12952.0
KXSILVER15M-26OCT071700-00,SILVER,commodity,PAPER,1,YES,2026-10-07T20:45:36.423392+00:00,863.6,42,2026-10-07T20:55:16.427139+00:00,283.6,58,,sold,9,36,124,-1781,0,1,41.5,-12.0,,12.5,15,48.0,870.6,2.0,,,,,,-0.0022,1,1,win,24.4,966.0,3473.59,3574.5
KXSOL15M-26OCT071700-00,SOL,crypto,PAPER,1,NO,2026-10-07T20:45:43.421995+00:00,856.6,42,,,0,yes,settled,0,18,-438,-3912,0,1,41.5,-8.0,,15.0,20,47.5,865.6,2.5,116.02,115.9632,-0.049,-0.0259,-0.0431,0.0064,3,3,win,9.66,683.64,450.66,1423.64
KXXRP15M-26OCT071700-00,XRP,crypto,PAPER,1,NO,2026-10-07T20:45:33.812926+00:00,866.2,42,,,0,yes,settled,0,18,-438,-4350,0,1,41.5,-5.0,,12.0,10,,,,1.4203,1.4199,-0.0282,-0.0493,-0.0423,-0.0044,1,1,loss,,,,
KXDOGE15M-26OCT071700-00,DOGE,crypto,PAPER,1,NO,2026-10-07T20:45:33.813902+00:00,866.2,40,,,0,yes,settled,0,17,-417,-4767,0,1,39.5,-6.5,,7.5,10,,,,0.0887,0.0887,-0.0553,-0.0564,-0.0677,-0.0044,2,2,loss,,,,
KXETH15M-26OCT071700-00,ETH,crypto,PAPER,1,NO,2026-10-07T20:45:17.738419+00:00,882.3,42,,,0,yes,settled,0,18,-438,-5205,0,1,41.5,,,10.0,10,,,,2569.93,2568.99,-0.0366,-0.0148,-0.0339,0.0068,2,0,loss,,,,
KXCOPPER15M-26OCT071700-00,COPPER,commodity,PAPER,1,NO,2026-10-07T20:45:35.421967+00:00,864.6,42,,,0,yes,settled,0,18,-438,-2219,0,2,41.0,-1.5,,4.0,6,41.5,865.6,8.5,,,,,,-0.0085,0,0,win,22.0,101.0,126.0,295.82
KXBTC15M-26OCT071715-15,BTC,crypto,PAPER,1,NO,2026-10-07T21:00:41.422670+00:00,858.6,41,2026-10-07T21:01:00.420141+00:00,839.6,55,,sold,39,35,105,-5100,0,1,40.5,-10.0,,12.0,24,45.5,864.6,4.5,83410.03,83392.87,-0.0206,-0.025,-0.0434,0.0434,1,1,win,0.0,3525.38,0.0,6671.45
KXETH15M-26OCT071715-15,ETH,crypto,PAPER,1,NO,2026-10-07T21:00:24.422479+00:00,875.6,41,2026-10-07T21:03:04.425157+00:00,715.6,58,,sold,35,35,135,-4965,0,1,40.5,,,9.0,18,40.5,875.6,9.5,2573.28,2572.46,-0.0319,-0.0272,-0.0319,0.0132,0,0,loss,147.0,148.0,1494.0,1447.0
KXSOL15M-26OCT071715-15,SOL,crypto,PAPER,1,YES,2026-10-07T21:00:52.421840+00:00,847.6,41,,,0,no,settled,0,17,-427,-5392,0,1,40.5,-7.0,,13.0,49,48.0,880.6,2.0,116.12,116.1417,-0.0187,-0.0258,-0.0258,0.0112,4,4,loss,18.0,376.0,445.01,1204.0
KXXRP15M-26OCT071715-15,XRP,crypto,PAPER,1,YES,2026-10-07T21:00:49.422127+00:00,850.6,42,,,0,no,settled,1,18,-438,-5830,0,1,41.5,-11.0,,13.0,44,52.5,880.6,2.5,1.4207,1.4212,-0.0352,-0.0563,-0.0563,0.0112,2,2,loss,1.0,983.0,65.0,1587.0
KXDOGE15M-26OCT071715-15,DOGE,crypto,PAPER,1,YES,2026-10-07T21:00:51.421262+00:00,848.6,39,,,0,no,settled,0,17,-407,-6237,0,1,38.5,-8.0,,10.5,18,38.5,848.6,11.5,0.0888,0.0889,-0.0484,-0.0225,-0.0338,0.0112,3,3,loss,,,,
KXSOL15M-26OCT071730-30,SOL,crypto,PAPER,1,NO,2026-10-07T21:15:31.080078+00:00,868.9,41,2026-10-07T21:16:03.416008+00:00,836.6,57,,sold,41,35,125,-6112,0,1,40.5,,,1.0,10,,,,116.06,116.0438,-0.014,-0.0086,-0.0,0.0082,1,1,loss,,,,
KXETH15M-26OCT071730-30,ETH,crypto,PAPER,1,YES,2026-10-07T21:15:25.418508+00:00,874.6,41,2026-10-07T21:18:07.419703+00:00,712.6,55,,sold,32,35,105,-6007,0,1,40.5,,,14.0,16,45.5,878.6,4.5,2570.35,2570.55,-0.0078,-0.0167,-0.0167,0.0083,0,0,win,84.0,548.95,785.02,1706.95
KXWTI15M-26OCT071730-30,WTI,commodity,PAPER,1,YES,2026-10-07T21:15:16.417597+00:00,883.6,42,2026-10-07T21:19:00.421625+00:00,659.6,57,,sold,38,36,114,-2105,0,2,41.0,,,8.0,9,45.5,884.5,4.5,,,,,,0.0243,0,0,win,93.0,809.0,1135.25,1375.0
KXXRP15M-26OCT071730-30,XRP,crypto,PAPER,1,YES,2026-10-07T21:16:03.419105+00:00,836.6,39,2026-10-07T21:23:46.421234+00:00,373.6,60,,sold,34,34,176,-5831,1,1,38.5,-8.5,,20.0,58,49.5,884.5,0.5,1.4191,1.4193,-0.0141,-0.0141,-0.0493,-0.0087,3,4,loss,12.0,386.98,1019.97,1359.95
KXBTC15M-26OCT071730-30,BTC,crypto,PAPER,1,NO,2026-10-07T21:15:36.321525+00:00,863.7,42,2026-10-07T21:26:58.420949+00:00,181.6,68,,sold,11,34,226,-5605,0,1,41.5,-1.0,,1.0,11,,,,83323.23,83317.42,-0.007,0.0021,-0.0082,0.0082,2,2,win,,,,
KXDOGE15M-26OCT071730-30,DOGE,crypto,PAPER,1,YES,2026-10-07T21:15:44.417824+00:00,855.6,40,,,0,no,settled,0,17,-417,-6022,0,1,39.5,-12.0,,15.0,29,45.5,873.6,4.5,0.0887,0.0888,-0.0642,-0.0563,-0.0563,0.0061,3,3,loss,0.0,103.25,5.0,748.25
KXWTI15M-26OCT071745-45,WTI,commodity,PAPER,1,NO,2026-10-07T21:31:28.422385+00:00,811.6,42,2026-10-07T21:41:22.422675+00:00,217.6,56,,sold,17,36,104,-2001,1,1,41.5,-13.0,-4.0,13.0,57,43.0,875.6,7.0,,,,,,0.0026,0,0,win,0.0,856.0,45.77,1356.0
KXSOL15M-26OCT071745-45,SOL,crypto,PAPER,1,YES,2026-10-07T21:30:44.423372+00:00,855.6,42,,,0,no,settled,0,18,-438,-6460,0,1,41.5,-7.0,,7.0,43,48.5,891.6,1.5,115.87,115.8815,-0.0099,0.0,-0.0259,-0.0184,3,3,win,0.0,10.0,838.0,421.72
KXXRP15M-26OCT071745-45,XRP,crypto,PAPER,1,YES,2026-10-07T21:30:39.423543+00:00,860.6,41,,,0,no,settled,0,17,-427,-6887,0,1,40.5,-11.0,,14.0,36,51.5,891.6,1.5,,,,-0.0282,-0.0353,,1,1,win,0.0,480.0,71.0,551.0
KXDOGE15M-26OCT071745-45,DOGE,crypto,PAPER,1,YES,2026-10-07T21:30:23.244048+00:00,876.8,41,,,0,no,settled,0,17,-427,-7314,0,1,40.5,,,6.0,6,,,,0.0886,0.0886,-0.0271,0.0,-0.0113,-0.0,0,0,loss,,,,
KXETH15M-26OCT071745-45,ETH,crypto,PAPER,1,YES,2026-10-07T21:30:48.422939+00:00,851.6,42,,,0,no,settled,0,18,-438,-7752,0,1,41.5,-7.5,,10.0,21,43.5,865.6,6.5,2568.29,2568.35,-0.0023,-0.009,-0.009,-0.0184,4,4,win,279.61,0.5,1522.68,1205.5
KXBTC15M-26OCT071745-45,BTC,crypto,PAPER,1,YES,2026-10-07T21:30:39.426314+00:00,860.6,40,,,0,no,settled,0,17,-417,-8169,0,1,39.5,-10.0,,11.0,7,39.5,860.6,10.5,,,,,,,2,2,win,1928.37,3612.71,7607.45,9481.98
KXXRP15M-26OCT071800-00,XRP,crypto,PAPER,1,NO,2026-10-07T21:47:09.422622+00:00,770.6,41,2026-10-07T21:49:19.420647+00:00,640.6,55,,sold,37,35,105,-8064,2,1,40.5,-5.5,-9.0,9.0,61,43.5,867.6,6.5,1.4126,1.4124,-0.0142,-0.0142,-0.0354,,4,4,loss,0.0,55.0,468.39,1089.89
KXETH15M-26OCT071800-00,ETH,crypto,PAPER,1,NO,2026-10-07T21:45:52.422639+00:00,847.6,38,2026-10-07T21:50:36.420079+00:00,563.6,55,,sold,21,35,135,-7929,0,1,37.5,-9.0,,9.0,41,45.5,877.6,4.5,,,,,,-0.002,3,3,loss,74.0,0.0,867.0,1149.0
KXWTI15M-26OCT071800-00,WTI,commodity,PAPER,1,NO,2026-10-07T21:46:04.422268+00:00,835.6,42,2026-10-07T21:53:09.421004+00:00,410.6,59,,sold,13,35,135,-1866,1,1,41.5,-11.5,-9.0,13.5,34,47.0,861.6,3.0,,,,,,-0.0195,0,0,win,0.0,88.0,951.1,137.07
KXSOL15M-26OCT071800-00,SOL,crypto,PAPER,1,NO,2026-10-07T21:45:10.895903+00:00,889.1,41,2026-10-07T21:53:23.420687+00:00,396.6,55,,sold,16,35,105,-7824,0,1,40.5,,,3.5,9,,,,115.4,115.3405,-0.0516,-0.026,-0.0781,-0.025,0,0,loss,,,,
KXDOGE15M-26OCT071800-00,DOGE,crypto,PAPER,1,NO,2026-10-07T21:45:37.240455+00:00,862.8,40,2026-10-07T21:54:04.423249+00:00,355.6,59,,sold,8,34,156,-7668,0,1,39.5,0.0,,2.0,9,,,,,,,,,0.0006,1,1,loss,,,,
KXBTC15M-26OCT071800-00,BTC,crypto,PAPER,1,YES,2026-10-07T21:45:47.422895+00:00,852.6,42,,,0,no,settled,0,18,-438,-8106,0,1,41.5,-8.0,,14.0,41,49.5,882.6,0.5,83151.01,83177.69,-0.0321,-0.0102,-0.0065,-0.0065,2,2,loss,0.0,11.02,0.0,5646.02
KXDOGE15M-26OCT071815-15,DOGE,crypto,PAPER,1,YES,2026-10-07T22:00:36.984393+00:00,863.0,41,2026-10-07T22:00:37.422131+00:00,862.6,58,,sold,41,35,135,-7971,0,2,40.0,-18.5,,21.0,16,,,,0.0885,0.0885,0.0192,0.0,0.0339,-0.0023,0,0,win,,,,
KXXRP15M-26OCT071815-15,XRP,crypto,PAPER,1,YES,2026-10-07T22:00:42.144145+00:00,857.9,42,2026-10-07T22:00:42.422384+00:00,857.6,65,,sold,42,34,196,-7775,0,1,41.5,1.0,,17.0,16,,,,1.4149,1.4138,0.0778,0.1416,0.0849,0.0109,1,2,win,,,,
KXETH15M-26OCT071815-15,ETH,crypto,PAPER,1,NO,2026-10-07T22:00:39.424954+00:00,860.6,42,2026-10-07T22:03:02.421839+00:00,717.6,55,,sold,21,36,94,-7681,0,1,41.5,-12.0,,24.0,19,42.5,862.6,7.5,2567.26,2566.0,-0.0491,-0.0518,-0.039,0.0068,0,1,win,61.63,15.0,1553.63,1559.02
KXWTI15M-26OCT071815-15,WTI,commodity,PAPER,1,NO,2026-10-07T22:00:48.427172+00:00,851.6,41,2026-10-07T22:04:50.422500+00:00,609.6,58,,sold,20,35,135,-1731,0,4,39.0,-19.0,,19.0,17,39.0,851.6,11.0,,,,,,0.0167,0,0,win,64.7,5.0,86.2,452.78
KXBTC15M-26OCT071815-15,BTC,crypto,PAPER,1,NO,2026-10-07T22:00:43.425440+00:00,856.6,41,,,0,yes,settled,0,17,-427,-8108,0,1,40.5,-18.0,,18.0,43,57.5,883.5,7.5,83125.51,83120.05,-0.0066,-0.0448,-0.0165,0.0165,1,3,loss,0.0,0.0,0.0,10950.05
KXSOL15M-26OCT071815-15,SOL,crypto,PAPER,1,NO,2026-10-07T22:00:47.533361+00:00,852.5,41,,,0,yes,settled,0,17,-427,-8535,0,1,40.5,0.0,,15.0,16,,,,115.66,115.483,-0.1533,-0.1472,-0.1385,0.0172,2,4,win,,,,
KXWTI15M-26OCT071830-30,WTI,commodity,PAPER,1,YES,2026-10-07T22:15:32.424233+00:00,867.6,42,2026-10-07T22:18:30.422690+00:00,689.6,56,,sold,40,36,104,-1627,0,1,41.5,,,11.5,12,43.0,869.6,7.0,,,,,,-0.0055,0,0,win,53.53,85.0,352.53,1198.0
KXGOLD15M-26OCT071830-30,GOLD,commodity,PAPER,1,NO,2026-10-07T22:17:36.425934+00:00,743.6,42,2026-10-07T22:20:00.423559+00:00,599.6,58,,sold,38,36,124,-1503,2,1,41.5,-10.0,-7.0,10.5,59,43.5,864.6,6.5,,,,,,-0.0,1,1,win,1589.33,0.0,2752.33,2053.4
KXBTC15M-26OCT071830-30,BTC,crypto,PAPER,1,YES,2026-10-07T22:15:51.425071+00:00,848.6,41,2026-10-07T22:20:05.423088+00:00,594.6,57,,sold,30,35,125,-8410,0,1,40.5,-10.0,,10.0,17,48.5,853.6,1.5,83166.44,83195.63,-0.0351,-0.0314,-0.0393,-0.0393,3,3,loss,0.0,1859.01,0.0,6341.5
KXSOL15M-26OCT071830-30,SOL,crypto,PAPER,1,YES,2026-10-07T22:15:44.425196+00:00,855.6,42,2026-10-07T22:20:45.422356+00:00,554.6,56,,sold,22,36,104,-8306,0,1,41.5,-1.0,,7.0,19,48.5,864.6,1.5,115.65,115.682,-0.0277,-0.0086,-0.0691,-0.0126,2,2,loss,0.0,10.0,787.38,514.16
KXDOGE15M-26OCT071830-30,DOGE,crypto,PAPER,1,YES,2026-10-07T22:19:23.425750+00:00,636.6,38,2026-10-07T22:21:35.422483+00:00,504.6,55,,sold,34,35,135,-8171,4,2,37.0,11.5,11.0,14.5,60,49.5,863.6,0.5,0.0886,0.0886,-0.0519,0.0339,0.0226,-0.0018,4,4,win,0.0,0.0,57.28,0.0
KXETH15M-26OCT071830-30,ETH,crypto,PAPER,1,YES,2026-10-07T22:15:21.424488+00:00,878.6,42,2026-10-07T22:23:35.418598+00:00,384.6,56,,sold,18,36,104,-8067,0,1,41.5,,,6.0,19,43.5,886.6,6.5,2566.0,2566.15,-0.0058,-0.0214,-0.0105,0.0057,0,0,win,0.0,666.81,208.0,2301.14
KXXRP15M-26OCT071830-30,XRP,crypto,PAPER,1,YES,2026-10-07T22:15:40.425740+00:00,859.6,40,2026-10-07T22:24:13.418993+00:00,346.6,59,,sold,15,34,156,-7911,0,1,39.5,-9.0,,9.0,12,39.5,859.6,10.5,1.4149,1.4159,-0.0706,-0.0283,-0.0706,-0.0086,1,1,win,2.0,150.5,36.0,1486.0
KXPALLADIUM15M-26OCT071830-30,PALLADIUM,commodity,PAPER,1,NO,2026-10-07T22:24:53.422058+00:00,306.6,42,2026-10-07T22:29:02.420040+00:00,57.6,55,,sold,5,36,94,-1409,9,4,40.0,-0.5,-2.0,2.5,56,47.0,875.6,3.0,,,,,,0.0346,2,4,win,0.0,2.0,93.94,29.0
KXPLATINUM15M-26OCT071830-30,PLATINUM,commodity,PAPER,1,NO,2026-10-07T22:18:19.424807+00:00,700.6,42,,,0,yes,settled,0,18,-438,-1847,3,3,40.5,-4.5,-13.5,6.5,42,49.0,872.6,1.0,,,,,,0.0,2,2,win,0.0,150.0,127.0,189.0
KXCOPPER15M-26OCT071830-30,COPPER,commodity,PAPER,1,YES,2026-10-07T22:26:45.422623+00:00,194.6,42,,,0,no,settled,2,18,-438,-2285,11,3,40.5,-12.0,-11.5,13.0,59,51.0,869.6,1.0,,,,,,0.0008,3,5,loss,103.0,0.0,394.0,109.0
KXSILVER15M-26OCT071830-30,SILVER,commodity,PAPER,1,YES,2026-10-07T22:20:00.427190+00:00,599.6,41,,,0,no,settled,0,17,-427,-2712,5,1,40.5,-8.0,-7.0,11.0,52,55.5,859.6,5.5,,,,,,0.0248,1,3,win,0.0,155.85,0.1,1205.85
KXXRP15M-26OCT071845-45,XRP,crypto,PAPER,1,YES,2026-10-07T22:30:51.421317+00:00,848.6,42,2026-10-07T22:31:49.418162+00:00,790.6,55,,sold,36,36,94,-7817,0,1,41.5,-2.0,,3.0,16,43.5,856.6,6.5,1.4176,1.4181,-0.0353,0.0071,-0.0212,-0.019,2,2,win,34.0,36.0,1043.0,1249.67
KXDOGE15M-26OCT071845-45,DOGE,crypto,PAPER,1,YES,2026-10-07T22:30:38.421137+00:00,861.6,38,2026-10-07T22:32:27.420887+00:00,752.6,55,,sold,28,35,135,-7682,0,2,37.0,2.5,,3.5,24,36.5,878.6,13.5,0.0887,0.0888,-0.0698,0.0113,-0.0338,-0.019,1,1,win,8.0,110.25,1032.5,1165.5
KXBTC15M-26OCT071845-45,BTC,crypto,PAPER,1,YES,2026-10-07T22:30:15.647122+00:00,884.4,39,2026-10-07T22:32:29.419071+00:00,750.6,55,,sold,32,35,125,-7557,0,1,38.5,,,0.0,7,,,,83250.0,83271.96,-0.0264,-0.019,-0.0307,-0.0307,0,0,win,,,,
KXGOLD15M-26OCT071845-45,GOLD,commodity,PAPER,1,NO,2026-10-07T22:30:47.423818+00:00,852.6,42,2026-10-07T22:33:52.416047+00:00,667.6,61,,sold,36,35,155,-2557,0,1,41.5,-1.5,,10.0,34,48.5,878.6,1.5,,,,,,-0.0181,2,2,win,0.0,3169.0,546.07,8245.03
KXETH15M-26OCT071845-45,ETH,crypto,PAPER,1,NO,2026-10-07T22:31:45.422119+00:00,794.6,42,2026-10-07T22:34:05.416829+00:00,654.6,55,,sold,28,36,94,-7463,1,1,41.5,-15.0,-11.0,15.0,60,54.5,889.5,4.5,2568.9,2568.24,-0.0257,-0.0292,-0.0238,-0.0046,4,4,win,219.23,55.09,1334.23,862.99
KXSILVER15M-26OCT071845-45,SILVER,commodity,PAPER,1,NO,2026-10-07T22:30:52.421226+00:00,847.6,38,2026-10-07T22:35:23.417365+00:00,576.6,72,,sold,32,32,308,-2249,0,1,37.5,3.5,,4.5,21,36.5,862.6,13.5,,,,,,-0.019,3,3,loss,2800.0,41.06,3559.0,542.06
KXSOL15M-26OCT071845-45,SOL,crypto,PAPER,1,NO,2026-10-07T22:31:42.421623+00:00,797.6,41,2026-10-07T22:40:36.417935+00:00,263.6,55,,sold,20,35,105,-7358,1,1,40.5,-10.0,-8.0,11.5,60,54.5,883.6,4.5,115.93,115.906,-0.0207,-0.0259,-0.0086,-0.0049,3,3,win,0.0,6.0,0.0,1117.52
KXPALLADIUM15M-26OCT071845-45,PALLADIUM,commodity,PAPER,1,YES,2026-10-07T22:30:37.422276+00:00,862.6,41,,,0,no,settled,0,17,-427,-2676,0,2,40.0,,,12.0,13,42.5,878.6,7.5,,,,,,-0.019,1,1,win,50.0,200.0,1427.81,274.1
KXWTI15M-26OCT071845-45,WTI,commodity,PAPER,1,NO,2026-10-07T22:30:26.451603+00:00,873.6,42,,,0,yes,settled,0,18,-438,-3114,0,2,41.0,,,6.0,7,,,,,,,,,-0.0181,3,0,win,,,,
KXCOPPER15M-26OCT071845-45,COPPER,commodity,PAPER,1,YES,2026-10-07T22:34:38.419519+00:00,621.6,42,,,0,no,settled,1,18,-438,-3552,4,1,41.5,-3.0,-7.5,7.5,49,48.5,872.6,1.5,,,,,,-0.0234,4,5,loss,0.0,90.0,0.0,171.0
KXPLATINUM15M-26OCT071845-45,PLATINUM,commodity,PAPER,1,YES,2026-10-07T22:33:51.420178+00:00,668.6,41,,,0,no,settled,0,17,-427,-3979,3,3,39.5,-2.5,-9.0,15.5,37,54.5,862.6,4.5,,,,,,-0.0502,4,4,loss,32.0,150.0,1438.0,162.0
KXDOGE15M-26OCT071900-00,DOGE,crypto,PAPER,1,YES,2026-10-07T22:46:18.420166+00:00,821.6,38,2026-10-07T22:48:20.416660+00:00,699.6,55,,sold,26,35,135,-7223,1,2,37.0,12.5,3.5,16.5,59,35.5,883.6,14.5,0.0887,0.0888,-0.1081,-0.0225,-0.0451,-0.0412,3,3,win,11.25,0.0,79.25,0.0
KXCOPPER15M-26OCT071900-00,COPPER,commodity,PAPER,1,YES,2026-10-07T22:46:53.419501+00:00,786.6,42,2026-10-07T22:51:26.417139+00:00,513.6,55,,sold,40,36,94,-3885,1,1,41.5,-3.5,-3.5,4.0,44,47.0,855.6,3.0,,,,,,-0.0001,0,0,loss,39.0,93.0,143.0,299.0
KXSILVER15M-26OCT071900-00,SILVER,commodity,PAPER,1,NO,2026-10-07T22:48:09.420025+00:00,710.6,42,2026-10-07T22:56:33.424999+00:00,206.6,56,,sold,15,36,104,-3781,3,1,41.5,-2.5,-4.0,5.0,53,52.0,862.6,2.0,,,,,,0.0374,3,3,win,0.0,813.0,1.0,3694.0
KXETH15M-26OCT071900-00,ETH,crypto,PAPER,1,YES,2026-10-07T22:45:31.503973+00:00,868.5,42,,,0,no,settled,0,18,-438,-7661,0,1,41.5,,,4.0,6,,,,2568.01,2568.96,-0.037,-0.0311,-0.0646,-0.0483,0,0,win,,,,
KXSOL15M-26OCT071900-00,SOL,crypto,PAPER,1,YES,2026-10-07T22:45:31.506832+00:00,868.5,38,,,0,no,settled,0,17,-397,-8058,0,1,37.5,,,4.0,6,,,,115.91,115.971,-0.0526,-0.0345,-0.0776,-0.0483,1,1,win,,,,
KXBTC15M-26OCT071900-00,BTC,crypto,PAPER,1,YES,2026-10-07T22:45:36.865415+00:00,863.1,39,,,0,no,settled,0,17,-407,-8465,0,1,38.5,-3.0,,3.0,6,,,,83238.31,83267.54,-0.0351,-0.0078,-0.0292,-0.0292,2,2,win,,,,
KXGOLD15M-26OCT071900-00,GOLD,commodity,PAPER,1,NO,2026-10-07T22:47:16.420278+00:00,763.6,42,,,0,yes,settled,0,18,-438,-4219,2,1,41.5,-3.0,-7.0,7.0,61,50.5,862.6,0.5,,,,,,-0.0173,1,1,win,0.0,1250.0,0.0,5301.65
KXPLATINUM15M-26OCT071900-00,PLATINUM,commodity,PAPER,1,NO,2026-10-07T22:50:04.419678+00:00,595.6,40,,,0,yes,settled,0,17,-417,-4636,5,3,38.5,-10.0,-10.0,10.0,21,50.5,862.6,0.5,,,,,,-0.0024,5,5,loss,20.0,5.0,1423.79,1336.0
KXPALLADIUM15M-26OCT071900-00,PALLADIUM,commodity,PAPER,1,NO,2026-10-07T22:49:41.420734+00:00,618.6,38,,,0,yes,settled,0,17,-397,-5033,4,5,35.5,-12.5,-12.5,12.5,20,49.0,877.6,1.0,,,,,,-0.0217,4,4,loss,1.0,35.0,125.0,241.0
KXWTI15M-26OCT071900-00,WTI,commodity,PAPER,1,YES,2026-10-07T22:47:51.422123+00:00,728.6,39,,,0,no,settled,0,17,-407,-5440,2,1,38.5,-10.0,-9.0,11.5,55,53.0,872.6,3.0,,,,,,-0.0153,2,2,loss,0.0,2110.0,0.0,2605.0
KXPLATINUM15M-26OCT071915-15,PLATINUM,commodity,PAPER,1,NO,2026-10-07T23:00:50.421018+00:00,849.6,42,2026-10-07T23:01:16.418216+00:00,823.6,55,,sold,36,36,94,-5346,0,5,39.5,-10.5,,10.5,14,50.0,863.6,0.0,,,,,,-0.0162,1,1,loss,11.1,180.0,311.1,201.0
KXWTI15M-26OCT071915-15,WTI,commodity,PAPER,1,NO,2026-10-07T23:01:09.421989+00:00,830.6,42,2026-10-07T23:02:55.419030+00:00,724.6,58,,sold,39,36,124,-5222,1,1,41.5,-6.0,-7.5,9.0,39,45.5,873.6,4.5,,,,,,0.0025,3,3,loss,0.0,241.0,2666.36,273.0
KXETH15M-26OCT071915-15,ETH,crypto,PAPER,1,NO,2026-10-07T23:02:35.422363+00:00,744.6,39,2026-10-07T23:03:28.417964+00:00,691.6,56,,sold,31,35,135,-8330,2,1,38.5,-7.0,-15.0,16.0,60,52.5,863.6,2.5,2568.79,2568.37,-0.0164,0.0051,-0.0109,0.0076,3,3,loss,0.0,0.0,0.0,1415.63
KXSOL15M-26OCT071915-15,SOL,crypto,PAPER,1,NO,2026-10-07T23:00:36.422313+00:00,863.6,42,2026-10-07T23:08:19.419390+00:00,400.6,57,,sold,13,36,114,-8216,0,2,41.0,-8.5,,9.0,8,41.0,863.6,9.0,115.97,115.9397,-0.0261,-0.0086,-0.0086,-0.0187,1,1,loss,419.1,33.74,1503.11,1107.48
KXPALLADIUM15M-26OCT071915-15,PALLADIUM,commodity,PAPER,1,NO,2026-10-07T23:01:03.423208+00:00,836.6,41,2026-10-07T23:09:04.419014+00:00,355.6,55,,sold,19,35,105,-5117,1,4,39.0,,,15.0,18,43.5,863.6,6.5,,,,,,0.0017,2,2,loss,5.0,30.0,102.0,100.0
KXSILVER15M-26OCT071930-30,SILVER,commodity,PAPER,1,NO,2026-10-07T23:15:21.104933+00:00,878.9,41,2026-10-07T23:20:06.417850+00:00,593.6,59,,sold,28,34,146,-4971,0,1,40.5,,,,0,,,,,,,,,0.0009,3,1,win,,,,
KXCOPPER15M-26OCT071915-15,COPPER,commodity,PAPER,1,NO,2026-10-07T23:03:05.421798+00:00,714.6,42,,,0,yes,settled,0,18,-438,-5409,3,3,40.5,-12.5,-14.0,14.0,48,55.5,885.6,5.5,,,,,,0.0078,2,4,win,0.0,291.54,0.0,751.6
KXGOLD15M-26OCT071915-15,GOLD,commodity,PAPER,1,NO,2026-10-07T23:00:20.061801+00:00,879.9,42,,,0,yes,settled,0,18,-438,-5847,0,1,41.5,,,11.0,7,,,,,,,,,-0.0274,4,0,win,,,,
KXDOGE15M-26OCT071915-15,DOGE,crypto,PAPER,1,YES,2026-10-07T23:02:02.422598+00:00,777.6,42,,,0,no,settled,0,18,-438,-8654,2,1,41.5,-3.0,-2.0,5.0,58,42.5,884.6,7.5,0.0887,0.0887,-0.0259,0.0226,0.0113,-0.007,2,2,win,10.0,38.0,690.0,92.25
KXXRP15M-26OCT071915-15,XRP,crypto,PAPER,1,YES,2026-10-07T23:03:03.421543+00:00,716.6,42,,,0,no,settled,0,18,-438,-9092,3,1,41.5,-6.0,-3.0,16.0,61,45.5,852.6,4.5,1.4166,1.4171,-0.0353,-0.0141,-0.0071,0.0065,4,4,win,0.0,0.0,86.5,498.0
KXBTC15M-26OCT071915-15,BTC,crypto,PAPER,1,YES,2026-10-07T23:00:20.058490+00:00,879.9,40,,,0,no,settled,0,17,-417,-9509,0,1,39.5,,,3.0,7,,,,83186.47,83205.15,-0.0225,-0.0122,-0.0274,-0.0274,0,0,loss,,,,
KXGOLD15M-26OCT071930-30,GOLD,commodity,PAPER,1,NO,2026-10-07T23:15:14.420513+00:00,885.6,41,2026-10-07T23:24:25.418029+00:00,334.6,55,,sold,8,35,105,-5742,0,1,40.5,,,8.0,11,48.5,895.6,1.5,,,,,,0.0056,2,0,loss,0.0,42.0,0.0,5698.0
KXWTI15M-26OCT071930-30,WTI,commodity,PAPER,1,NO,2026-10-07T23:15:56.426894+00:00,843.6,39,2026-10-07T23:27:13.418155+00:00,166.6,59,,sold,12,34,166,-5576,0,1,38.5,,,7.0,25,43.5,872.6,6.5,,,,,,0.0689,6,4,win,0.0,850.0,2129.0,1424.0
KXCOPPER15M-26OCT071930-30,COPPER,commodity,PAPER,1,NO,2026-10-07T23:15:42.224466+00:00,857.8,42,2026-10-07T23:29:15.418100+00:00,44.6,62,,sold,6,35,165,-5411,0,2,41.0,,,,0,,,,,,,,,0.0508,4,2,win,,,,
KXPALLADIUM15M-26OCT071930-30,PALLADIUM,commodity,PAPER,1,NO,2026-10-07T23:16:54.421431+00:00,785.6,41,,,0,yes,settled,0,17,-427,-5838,1,3,39.5,6.0,3.0,8.0,23,50.0,892.6,0.0,,,,,,0.0232,7,5,win,6.0,0.0,32.0,207.0
KXPLATINUM15M-26OCT071930-30,PLATINUM,commodity,PAPER,1,NO,2026-10-07T23:15:47.422434+00:00,852.6,39,,,0,yes,settled,1,17,-407,-6245,0,5,36.5,,,4.0,8,40.5,862.6,9.5,,,,,,0.0522,5,3,win,1325.0,180.0,1605.0,305.0
KXWTI15M-26OCT071945-45,WTI,commodity,PAPER,1,NO,2026-10-07T23:31:11.420423+00:00,828.6,41,2026-10-07T23:32:17.418076+00:00,762.6,56,,sold,31,35,115,-6130,1,2,40.0,-10.5,-6.0,20.0,41,53.0,876.6,3.0,,,,,,0.0105,0,0,win,0.0,453.43,2071.48,3073.43
KXXRP15M-26OCT071945-45,XRP,crypto,PAPER,1,NO,2026-10-07T23:32:12.420789+00:00,767.6,40,2026-10-07T23:32:29.420468+00:00,750.6,57,,sold,37,35,135,-9374,2,1,39.5,-11.0,-10.0,11.0,60,51.5,870.6,1.5,1.4212,1.4209,-0.0211,-0.0282,-0.0282,0.0152,7,4,loss,0.0,41.5,0.0,1010.0
KXSOL15M-26OCT071945-45,SOL,crypto,PAPER,1,NO,2026-10-07T23:30:28.505243+00:00,871.5,42,2026-10-07T23:35:10.417362+00:00,589.6,55,,sold,25,36,94,-9280,0,1,41.5,,,7.0,10,,,,116.29,116.2803,-0.0083,-0.0,-0.0086,0.0478,4,1,win,,,,
KXDOGE15M-26OCT071930-30,DOGE,crypto,PAPER,1,NO,2026-10-07T23:15:31.606001+00:00,868.4,39,,,0,yes,settled,0,17,-407,-9687,0,1,38.5,,,,0,,,,0.0887,0.0886,-0.044,-0.0451,-0.0338,0.036,5,2,win,,,,
KXETH15M-26OCT071930-30,ETH,crypto,PAPER,1,NO,2026-10-07T23:15:21.101387+00:00,878.9,38,,,0,yes,settled,0,17,-397,-10084,0,1,37.5,,,,0,,,,2567.99,2567.16,-0.0323,-0.0156,-0.0113,0.0009,3,0,win,,,,
KXXRP15M-26OCT071930-30,XRP,crypto,PAPER,1,NO,2026-10-07T23:15:31.602574+00:00,868.4,42,,,0,yes,settled,0,18,-438,-10522,0,1,41.5,,,,0,,,,1.4168,1.4166,-0.0141,-0.0282,-0.0282,0.036,4,1,win,,,,
KXBTC15M-26OCT071945-45,BTC,crypto,PAPER,1,NO,2026-10-07T23:30:29.422075+00:00,870.6,41,2026-10-07T23:40:38.418726+00:00,261.6,59,,sold,11,34,146,-10376,0,1,40.5,,,9.0,11,40.5,870.6,9.5,83324.22,83296.37,-0.0334,0.002,-0.0478,0.0478,5,2,loss,5403.16,2638.77,12791.48,7469.29
KXETH15M-26OCT071945-45,ETH,crypto,PAPER,1,NO,2026-10-07T23:30:42.421259+00:00,857.6,38,2026-10-07T23:40:41.419528+00:00,258.6,60,,sold,12,34,186,-10190,0,1,37.5,3.0,,14.0,40,34.5,886.6,15.5,2575.09,2573.93,-0.0451,0.0132,-0.0144,-0.0001,6,3,win,0.0,0.0,796.86,0.0
KXWTI15M-26OCT072000-00,WTI,commodity,PAPER,1,NO,2026-10-07T23:45:11.419533+00:00,888.6,42,2026-10-07T23:45:15.415975+00:00,884.6,55,,sold,37,36,94,-6036,0,2,41.0,,,6.5,5,47.5,894.6,2.5,,,,,,-0.0194,4,0,win,0.0,24.0,38.25,44.0
KXDOGE15M-26OCT071945-45,DOGE,crypto,PAPER,1,NO,2026-10-07T23:30:26.420954+00:00,873.6,41,,,0,yes,settled,0,17,-427,-10617,0,1,40.5,,,9.0,22,34.5,886.6,15.5,0.0888,0.0888,-0.027,-0.0,-0.0451,0.0594,3,0,loss,1019.25,20.0,1104.25,118.0
KXCOPPER15M-26OCT071945-45,COPPER,commodity,PAPER,1,NO,2026-10-07T23:31:18.420852+00:00,821.6,40,,,0,yes,settled,0,17,-417,-6453,1,4,38.0,-11.5,-4.5,11.5,39,49.5,876.6,0.5,,,,,,0.0131,1,1,win,0.0,105.0,0.0,305.0
KXPLATINUM15M-26OCT071945-45,PLATINUM,commodity,PAPER,1,NO,2026-10-07T23:33:04.420318+00:00,715.6,42,,,0,yes,settled,0,18,-438,-6891,3,5,39.5,-1.0,-1.5,6.0,36,52.0,865.6,2.0,,,,,,0.0109,3,4,loss,20.0,6.0,1460.0,190.0
KXGOLD15M-26OCT071945-45,GOLD,commodity,PAPER,1,NO,2026-10-07T23:31:21.421469+00:00,818.6,42,,,0,yes,settled,0,18,-438,-7329,1,1,41.5,-6.0,-10.0,12.5,43,51.5,860.6,1.5,,,,,,0.013,3,3,win,0.0,1078.0,0.0,4981.97
KXSILVER15M-26OCT071945-45,SILVER,commodity,PAPER,1,NO,2026-10-07T23:31:18.425294+00:00,821.6,39,,,0,yes,settled,1,17,-407,-7736,1,1,38.5,-7.0,-9.0,16.0,54,47.5,881.6,2.5,,,,,,0.0131,2,2,win,0.0,2863.92,1.0,4763.92
KXXRP15M-26OCT072000-00,XRP,crypto,PAPER,1,YES,2026-10-07T23:45:59.419976+00:00,840.6,41,2026-10-07T23:47:28.416986+00:00,751.6,58,,sold,30,35,135,-10482,0,1,40.5,-4.0,,5.0,35,45.5,874.6,4.5,1.4212,1.4218,-0.0422,-0.007,-0.0422,-0.0355,1,1,loss,409.72,47.25,1409.21,194.09
KXSOL15M-26OCT072000-00,SOL,crypto,PAPER,1,YES,2026-10-07T23:45:24.809094+00:00,875.2,41,2026-10-07T23:47:28.417954+00:00,751.6,59,,sold,28,34,146,-10336,0,1,40.5,,,,0,,,,116.18,116.214,-0.0293,-0.0258,-0.0258,-0.0181,0,0,win,,,,
KXETH15M-26OCT072000-00,ETH,crypto,PAPER,1,NO,2026-10-07T23:47:02.420300+00:00,777.6,42,2026-10-07T23:48:03.417276+00:00,716.6,56,,sold,36,36,104,-10232,2,1,41.5,-15.0,-11.0,16.0,60,53.5,853.6,3.5,2574.07,2573.49,-0.0225,-0.0311,-0.0237,0.0219,4,4,win,0.0,13.5,0.0,1379.5
KXPALLADIUM15M-26OCT072000-00,PALLADIUM,commodity,PAPER,1,YES,2026-10-07T23:48:13.421798+00:00,706.6,42,2026-10-07T23:51:48.417072+00:00,491.6,58,,sold,36,36,124,-7612,3,3,40.5,-6.5,-1.5,6.5,19,44.5,867.6,5.5,,,,,,-0.013,4,5,loss,26.0,6.0,1367.0,217.0
KXDOGE15M-26OCT072000-00,DOGE,crypto,PAPER,1,NO,2026-10-07T23:46:44.419234+00:00,795.6,42,,,0,yes,settled,0,18,-438,-10670,1,1,41.5,-11.5,-7.0,14.0,60,47.0,890.6,3.0,0.0889,0.0889,-0.0619,-0.0112,-0.0337,0.0031,2,2,loss,0.0,80.25,10.0,560.48
KXBTC15M-26OCT072000-00,BTC,crypto,PAPER,1,YES,2026-10-07T23:47:00.420630+00:00,779.6,40,,,0,no,settled,0,17,-417,-11087,2,1,39.5,7.0,8.0,8.0,61,35.5,874.6,14.5,83277.07,83300.39,-0.028,0.0081,0.0082,0.0082,3,3,win,3826.75,0.0,10795.49,0.0
KXGOLD15M-26OCT072000-00,GOLD,commodity,PAPER,1,YES,2026-10-07T23:45:41.419047+00:00,858.6,38,,,0,no,settled,0,17,-397,-8009,0,2,37.0,,,0.0,1,37.0,858.6,13.0,,,,,,-0.0298,3,4,loss,,,,
KXCOPPER15M-26OCT072000-00,COPPER,commodity,PAPER,1,YES,2026-10-07T23:45:28.423809+00:00,871.6,42,,,0,no,settled,0,18,-438,-8447,0,3,40.5,,,9.5,19,49.5,893.6,0.5,,,,,,-0.0305,5,3,loss,105.0,0.1,313.75,201.1
KXSILVER15M-26OCT072000-00,SILVER,commodity,PAPER,1,YES,2026-10-07T23:45:28.419604+00:00,871.6,42,,,0,no,settled,0,18,-438,-8885,0,1,41.5,,,11.5,14,50.0,884.6,0.0,,,,,,-0.0305,4,2,win,110.0,113.0,1150.87,813.0
KXPLATINUM15M-26OCT072000-00,PLATINUM,commodity,PAPER,1,YES,2026-10-07T23:45:24.420081+00:00,875.6,42,,,0,no,settled,0,18,-438,-9323,0,1,41.5,,,4.5,9,40.5,884.6,9.5,,,,,,-0.0181,4,1,loss,200.0,0.1,400.0,1.2
KXSILVER15M-26OCT072015-15,SILVER,commodity,PAPER,1,YES,2026-10-08T00:00:15.420522+00:00,884.6,41,2026-10-08T00:00:44.417998+00:00,855.6,57,,sold,40,35,125,-9198,0,1,40.5,,,18.0,14,44.0,886.6,6.0,,,,,,-0.0295,4,0,loss,110.0,761.0,845.0,1464.0
KXPALLADIUM15M-26OCT072015-15,PALLADIUM,commodity,PAPER,1,NO,2026-10-08T00:01:09.428707+00:00,830.6,42,2026-10-08T00:02:34.418766+00:00,745.6,55,,sold,26,36,94,-9104,1,2,41.0,-11.5,2.5,16.0,34,48.0,870.6,2.0,,,,,,-0.0441,4,5,win,19.25,5.0,85.74,1425.0
KXPLATINUM15M-26OCT072015-15,PLATINUM,commodity,PAPER,1,YES,2026-10-08T00:00:55.423940+00:00,844.6,41,2026-10-08T00:04:54.418043+00:00,605.6,55,,sold,28,35,105,-8999,0,4,39.0,-10.5,,22.0,32,33.5,870.6,16.5,,,,,,-0.0414,3,4,loss,0.0,5.0,105.0,35.0
KXGOLD15M-26OCT072015-15,GOLD,commodity,PAPER,1,NO,2026-10-08T00:00:49.421733+00:00,850.6,42,2026-10-08T00:06:33.419290+00:00,506.6,56,,sold,19,36,104,-8895,0,1,41.5,-6.0,,9.0,21,50.5,859.6,0.5,,,,,,-0.0364,2,3,loss,0.0,2565.0,0.0,10350.0
KXDOGE15M-26OCT072015-15,DOGE,crypto,PAPER,1,YES,2026-10-08T00:00:40.422808+00:00,859.6,38,2026-10-08T00:13:09.417157+00:00,110.6,73,,sold,3,31,319,-10768,0,1,37.5,-9.0,,14.5,12,37.5,859.6,12.5,,,,,,-0.0308,4,4,loss,,,,
KXWTI15M-26OCT072015-15,WTI,commodity,PAPER,1,NO,2026-10-08T00:00:36.421359+00:00,863.6,39,2026-10-08T00:14:03.416566+00:00,56.6,62,,sold,1,34,196,-8699,0,1,38.5,-16.0,,17.0,13,42.0,864.6,8.0,,,,,,-0.0136,1,1,win,,,,
KXSOL15M-26OCT072015-15,SOL,crypto,PAPER,1,YES,2026-10-08T00:00:29.421556+00:00,870.6,42,2026-10-08T00:14:10.419367+00:00,49.6,56,,sold,2,36,104,-10664,0,1,41.5,,,13.0,12,41.5,870.6,8.5,116.21,116.2498,-0.0342,-0.0344,-0.0258,-0.0136,2,2,win,,,,
KXETH15M-26OCT072015-15,ETH,crypto,PAPER,1,YES,2026-10-08T00:00:12.962024+00:00,887.0,42,,,0,no,settled,0,18,-438,-11102,0,1,41.5,,,5.0,11,,,,2572.26,2572.89,-0.0245,-0.0225,-0.0396,-0.0295,0,0,win,,,,
KXBTC15M-26OCT072015-15,BTC,crypto,PAPER,1,YES,2026-10-08T00:00:19.421103+00:00,880.6,41,,,0,no,settled,0,17,-427,-11529,0,1,40.5,,,5.0,12,40.5,880.6,9.5,83272.78,83287.07,-0.0172,-0.0027,-0.0222,-0.0222,1,1,loss,3126.54,1478.61,9777.54,10873.09
KXXRP15M-26OCT072015-15,XRP,crypto,PAPER,1,YES,2026-10-08T00:00:31.420396+00:00,868.6,40,,,0,no,settled,1,17,-417,-11946,0,1,39.5,,,7.0,24,34.0,880.6,16.0,1.4205,1.4214,-0.0633,-0.0141,-0.0282,0.0086,3,3,win,1291.0,47.0,1409.5,221.0
KXCOPPER15M-26OCT072015-15,COPPER,commodity,PAPER,1,NO,2026-10-08T00:00:47.420561+00:00,852.6,42,,,0,yes,settled,0,18,-438,-9137,0,2,41.0,-2.0,,18.5,23,50.5,864.6,0.5,,,,,,-0.0418,1,2,loss,0.0,63.0,0.0,316.0
KXCOPPER15M-26OCT072030-30,COPPER,commodity,PAPER,1,NO,2026-10-08T00:15:18.176205+00:00,881.8,38,2026-10-08T00:16:05.421275+00:00,834.6,55,,sold,38,35,135,-9002,0,1,37.5,,,13.5,11,,,,,,,,,0.0074,1,0,loss,,,,
KXPLATINUM15M-26OCT072030-30,PLATINUM,commodity,PAPER,1,YES,2026-10-08T00:16:40.435485+00:00,799.6,41,2026-10-08T00:18:22.417565+00:00,697.6,55,,sold,35,35,105,-8897,1,5,38.5,-5.0,-2.0,10.0,35,54.5,886.6,4.5,,,,,,-0.0031,2,3,win,6.0,116.75,134.0,236.75
KXPALLADIUM15M-26OCT072030-30,PALLADIUM,commodity,PAPER,1,NO,2026-10-08T00:17:38.422664+00:00,741.6,42,2026-10-08T00:21:03.418232+00:00,536.6,55,,sold,20,36,94,-8803,2,5,39.5,-2.5,-6.0,6.0,33,50.5,886.6,0.5,,,,,,0.044,3,4,win,26.0,24.0,1532.0,133.0
KXWTI15M-26OCT072030-30,WTI,commodity,PAPER,1,NO,2026-10-08T00:19:19.421419+00:00,640.6,41,2026-10-08T00:21:19.420717+00:00,520.6,55,,sold,34,35,105,-8698,4,2,40.0,-5.5,-5.5,10.0,50,50.0,881.6,0.0,,,,,,0.0282,3,5,win,0.0,0.0,0.0,1099.85
KXBTC15M-26OCT072030-30,BTC,crypto,PAPER,1,NO,2026-10-08T00:15:39.424204+00:00,860.6,41,2026-10-08T00:25:06.417310+00:00,293.6,55,,sold,7,35,105,-11841,0,1,40.5,-13.0,,13.0,13,40.5,860.6,9.5,83234.12,83220.82,-0.016,-0.0228,-0.0104,0.0104,1,1,loss,6626.85,4842.21,15987.86,17458.96
KXSOL15M-26OCT072030-30,SOL,crypto,PAPER,1,NO,2026-10-08T00:15:54.425764+00:00,845.6,42,2026-10-08T00:25:28.416829+00:00,271.6,56,,sold,5,36,104,-11737,0,2,41.0,-8.0,,15.5,28,43.5,860.6,6.5,116.29,116.2482,-0.036,-0.043,-0.0344,0.0573,4,4,win,395.41,10.0,1477.41,1083.79
KXETH15M-26OCT072030-30,ETH,crypto,PAPER,1,NO,2026-10-08T00:15:39.437359+00:00,860.6,41,2026-10-08T00:26:07.417946+00:00,232.6,56,,sold,3,35,115,-11622,0,1,40.5,-14.0,,14.0,13,40.5,860.6,9.5,2570.73,2570.17,-0.0218,-0.0284,-0.0054,0.0104,3,3,loss,229.0,71.43,929.01,1621.41
KXXRP15M-26OCT072030-30,XRP,crypto,PAPER,1,NO,2026-10-08T00:15:39.431197+00:00,860.6,39,,,0,yes,settled,0,17,-407,-12029,0,1,38.5,-14.0,,14.5,34,51.5,881.6,1.5,1.421,1.421,-0.0,-0.0352,-0.007,0.0104,2,2,loss,0.0,71.0,123.5,1241.5
KXDOGE15M-26OCT072030-30,DOGE,crypto,PAPER,1,NO,2026-10-08T00:15:33.447458+00:00,866.6,39,,,0,yes,settled,0,17,-407,-12436,0,1,38.5,-14.5,,17.0,27,54.5,881.6,4.5,0.089,0.089,0.0034,0.0337,0.0337,0.0,0,0,win,0.0,40.0,971.25,166.25
KXGOLD15M-26OCT072030-30,GOLD,commodity,PAPER,1,YES,2026-10-08T00:15:29.425249+00:00,870.6,42,,,0,no,settled,0,18,-438,-9136,0,1,41.5,,,10.5,13,41.5,870.6,8.5,,,,,,-0.0,3,2,win,878.2,1185.7,5205.2,5989.7
KXSILVER15M-26OCT072030-30,SILVER,commodity,PAPER,1,YES,2026-10-08T00:15:18.425641+00:00,881.6,42,,,0,no,settled,0,18,-438,-9574,0,1,41.5,,,9.5,18,46.5,886.6,3.5,,,,,,0.0074,2,1,win,2298.0,876.0,3362.0,2815.0
KXETH15M-26OCT072045-45,ETH,crypto,PAPER,1,YES,2026-10-08T00:30:31.421548+00:00,868.6,41,2026-10-08T00:30:37.416836+00:00,862.6,57,,sold,40,35,125,-12311,0,1,40.5,,,5.0,11,40.5,868.6,9.5,2570.51,2570.97,-0.0179,-0.0109,-0.0272,-0.0193,1,1,win,116.19,114.27,1163.19,1698.88
KXXRP15M-26OCT072045-45,XRP,crypto,PAPER,1,YES,2026-10-08T00:30:14.861066+00:00,885.1,39,2026-10-08T00:30:37.417734+00:00,862.6,55,,sold,38,35,125,-12186,0,1,38.5,,,1.0,10,,,,1.4205,1.4214,-0.0633,0.007,-0.0563,-0.0292,2,0,loss,,,,
KXWTI15M-26OCT072045-45,WTI,commodity,PAPER,1,YES,2026-10-08T00:30:35.420422+00:00,864.6,39,2026-10-08T00:31:25.417595+00:00,814.6,55,,sold,38,35,125,-9449,0,1,38.5,,,11.0,13,49.5,868.6,0.5,,,,,,-0.014,3,2,win,200.0,783.0,986.0,1301.0
KXSOL15M-26OCT072045-45,SOL,crypto,PAPER,1,NO,2026-10-08T00:30:38.421526+00:00,861.6,41,2026-10-08T00:32:31.417112+00:00,748.6,55,,sold,27,35,105,-12081,0,1,40.5,-11.0,,14.0,27,52.0,879.6,2.0,116.31,116.2773,-0.0281,-0.0258,-0.0344,0.0154,0,2,win,0.11,757.0,1095.13,1544.0
KXDOGE15M-26OCT072045-45,DOGE,crypto,PAPER,1,NO,2026-10-08T00:30:38.426496+00:00,861.6,40,2026-10-08T00:32:37.418555+00:00,742.6,57,,sold,31,35,135,-11946,0,1,39.5,-20.0,,20.0,18,55.5,868.6,5.5,,,,,,0.0154,1,3,loss,0.0,52.25,0.0,1793.5
KXBTC15M-26OCT072045-45,BTC,crypto,PAPER,1,NO,2026-10-08T00:30:48.422120+00:00,851.6,42,2026-10-08T00:32:45.418585+00:00,734.6,56,,sold,30,36,104,-11842,0,1,41.5,-12.0,,13.0,23,52.5,863.6,2.5,83240.0,83227.31,-0.0152,-0.0297,-0.0368,0.0368,2,4,win,0.0,6868.5,0.0,14120.84
KXSILVER15M-26OCT072045-45,SILVER,commodity,PAPER,1,YES,2026-10-08T00:31:59.421988+00:00,780.6,39,2026-10-08T00:33:03.417328+00:00,716.6,56,,sold,37,35,135,-9314,1,1,38.5,-17.0,-9.0,18.5,58,42.5,873.6,7.5,,,,,,0.0255,4,5,loss,0.0,0.0,0.0,387.92
KXGOLD15M-26OCT072045-45,GOLD,commodity,PAPER,1,YES,2026-10-08T00:31:00.425202+00:00,839.6,42,2026-10-08T00:33:11.416667+00:00,708.6,55,,sold,34,36,94,-9220,1,1,41.5,-3.0,,7.0,30,43.5,858.6,6.5,,,,,,0.0285,4,4,loss,0.0,1271.39,2476.52,6919.39
KXPALLADIUM15M-26OCT072045-45,PALLADIUM,commodity,PAPER,1,YES,2026-10-08T00:30:26.420708+00:00,873.6,42,2026-10-08T00:33:14.416674+00:00,705.6,58,,sold,17,36,124,-9096,0,2,41.0,,,9.0,7,41.0,873.6,9.0,,,,,,-0.0228,2,0,win,0.1,70.0,126.35,170.0
KXPLATINUM15M-26OCT072045-45,PLATINUM,commodity,PAPER,1,YES,2026-10-08T00:31:00.420840+00:00,839.6,42,2026-10-08T00:36:48.416067+00:00,491.6,56,,sold,15,36,104,-8992,1,4,40.0,-3.0,,9.0,27,42.5,858.6,7.5,,,,,,0.0285,3,3,win,120.0,5.0,1428.75,180.75
KXCOPPER15M-26OCT072045-45,COPPER,commodity,PAPER,1,YES,2026-10-08T00:30:34.420540+00:00,865.6,42,,,0,no,settled,0,18,-438,-9430,0,1,41.5,,,5.5,13,42.5,868.6,7.5,,,,,,-0.0228,2,1,win,126.0,74.0,352.0,263.75
KXDOGE15M-26OCT072100-00,DOGE,crypto,PAPER,1,YES,2026-10-08T00:45:51.423612+00:00,848.6,40,2026-10-08T00:46:16.421568+00:00,823.6,57,,sold,37,35,135,-11707,0,1,39.5,-11.0,,14.0,40,46.5,865.6,3.5,0.0891,0.0892,-0.0348,-0.0112,0.0,-0.0325,2,2,win,0.0,86.25,15.0,1089.25
KXETH15M-26OCT072100-00,ETH,crypto,PAPER,1,YES,2026-10-08T00:45:29.422430+00:00,870.6,40,2026-10-08T00:46:16.423889+00:00,823.6,58,,sold,35,35,145,-11562,0,1,39.5,,,15.0,23,39.5,870.6,10.5,2570.42,2571.0,-0.0226,-0.0296,-0.0222,0.0126,0,0,win,719.5,126.77,1975.8,902.27
KXBTC15M-26OCT072100-00,BTC,crypto,PAPER,1,YES,2026-10-08T00:45:44.421516+00:00,855.6,39,2026-10-08T00:46:35.423288+00:00,804.6,57,,sold,34,35,145,-11417,0,1,38.5,-18.0,,20.0,23,38.5,855.6,11.5,83213.21,83235.53,-0.0268,-0.0437,-0.0229,-0.0229,1,1,win,3886.42,7833.67,10063.05,17788.92
KXSOL15M-26OCT072100-00,SOL,crypto,PAPER,1,YES,2026-10-08T00:46:10.429714+00:00,829.6,39,2026-10-08T00:46:40.419924+00:00,799.6,59,,sold,37,34,166,-11251,1,2,38.0,-4.5,-6.5,18.0,43,42.5,860.6,7.5,116.12,116.18,-0.0516,-0.0344,-0.043,-0.0409,3,3,win,0.0,10.0,725.0,454.0
KXWTI15M-26OCT072100-00,WTI,commodity,PAPER,1,YES,2026-10-08T00:46:07.421754+00:00,832.6,41,2026-10-08T00:55:09.418042+00:00,290.6,57,,sold,8,35,125,-9305,1,1,40.5,-10.0,-9.5,13.0,48,51.5,870.6,1.5,,,,,,-0.0481,2,2,win,0.0,791.0,2361.0,1317.0
KXXRP15M-26OCT072100-00,XRP,crypto,PAPER,1,NO,2026-10-08T00:46:35.422043+00:00,804.6,39,,,0,yes,settled,0,17,-407,-11658,1,1,38.5,-32.0,-7.5,33.0,59,54.5,870.6,4.5,1.4208,1.4207,-0.007,-0.1127,-0.0352,0.0415,2,4,win,0.0,30.0,63.5,143.5
KXPLATINUM15M-26OCT072100-00,PLATINUM,commodity,PAPER,1,NO,2026-10-08T00:46:16.420616+00:00,823.6,42,,,0,yes,settled,0,18,-438,-9743,1,5,39.5,-4.0,-8.5,8.0,37,42.5,860.6,7.5,,,,,,-0.0159,4,4,win,32.0,5.0,1599.0,12.0
KXPALLADIUM15M-26OCT072100-00,PALLADIUM,commodity,PAPER,1,NO,2026-10-08T00:46:37.422190+00:00,802.6,38,,,0,yes,settled,0,17,-397,-10140,1,3,36.5,-9.0,-12.5,14.0,30,49.0,860.6,1.0,,,,,,0.0372,5,5,win,50.0,6.0,97.0,32.0
KXSILVER15M-26OCT072100-00,SILVER,commodity,PAPER,1,NO,2026-10-08T00:46:10.422790+00:00,829.6,42,,,0,yes,settled,0,18,-438,-10578,1,2,41.0,-7.0,-13.5,14.0,61,48.0,876.6,2.0,,,,,,-0.0409,3,3,win,40.0,740.0,1165.0,3543.0
KXSOL15M-26OCT072115-15,SOL,crypto,PAPER,1,YES,2026-10-08T01:00:18.052248+00:00,882.0,41,2026-10-08T01:00:26.415850+00:00,873.6,55,,sold,41,35,105,-11553,0,1,40.5,,,6.0,15,,,,116.37,116.371,-0.0009,0.0086,-0.0344,-0.0329,0,0,win,,,,
KXCOPPER15M-26OCT072100-00,COPPER,commodity,PAPER,1,NO,2026-10-08T00:45:31.421251+00:00,868.6,41,,,0,yes,settled,0,17,-427,-11005,0,2,40.0,,,10.0,20,40.0,868.6,10.0,,,,,,-0.0213,0,0,loss,98.0,104.0,363.0,407.0
KXGOLD15M-26OCT072100-00,GOLD,commodity,PAPER,1,NO,2026-10-08T00:46:02.422108+00:00,837.6,42,,,0,yes,settled,0,18,-438,-11443,1,1,41.5,-4.0,-5.5,11.0,50,47.5,865.6,2.5,,,,,,-0.0452,1,1,win,0.0,2873.0,1087.8,7705.0
KXBTC15M-26OCT072115-15,BTC,crypto,PAPER,1,YES,2026-10-08T01:00:33.928202+00:00,866.1,42,2026-10-08T01:00:34.417943+00:00,865.6,62,,sold,42,35,165,-11388,0,1,41.5,0.0,,6.0,15,,,,83371.53,83334.64,0.0443,0.0645,0.0511,0.0511,1,2,win,,,,
KXWTI15M-26OCT072115-15,WTI,commodity,PAPER,1,YES,2026-10-08T01:01:40.423097+00:00,799.6,42,2026-10-08T01:03:10.417724+00:00,709.6,55,,sold,37,36,94,-11349,1,1,41.5,16.0,24.0,28.0,60,17.5,859.6,32.5,,,,,,0.0113,0,0,win,0.0,0.0,3128.68,0.0
KXETH15M-26OCT072115-15,ETH,crypto,PAPER,1,NO,2026-10-08T01:00:28.423114+00:00,871.6,41,,,0,yes,settled,0,17,-427,-11815,0,1,40.5,,,28.0,21,46.5,876.6,3.5,2575.75,2575.05,-0.0272,-0.0478,-0.0221,0.0437,0,1,win,195.09,568.98,730.09,1843.4
KXXRP15M-26OCT072115-15,XRP,crypto,PAPER,1,NO,2026-10-08T01:01:04.423928+00:00,835.6,41,,,0,yes,settled,0,17,-427,-12242,1,1,40.5,-27.0,-20.0,27.0,29,47.5,849.6,2.5,1.424,1.4238,-0.014,-0.0422,-0.0773,0.0869,2,4,loss,0.0,10.0,917.64,443.83
KXDOGE15M-26OCT072115-15,DOGE,crypto,PAPER,1,NO,2026-10-08T01:00:38.422237+00:00,861.6,41,,,0,yes,settled,0,17,-427,-12669,0,1,40.5,-19.0,,19.0,31,47.5,876.6,2.5,0.0894,0.0894,-0.0201,-0.0784,-0.0448,0.0617,1,3,win,21.0,101.25,1074.04,1689.78
KXSILVER15M-26OCT072130-30,SILVER,commodity,PAPER,1,YES,2026-10-08T01:15:16.169346+00:00,883.8,41,2026-10-08T01:15:56.422062+00:00,843.6,55,,sold,36,35,105,-11244,0,1,40.5,,,6.0,11,,,,,,,,,-0.0167,0,0,loss,,,,
KXDOGE15M-26OCT072130-30,DOGE,crypto,PAPER,1,YES,2026-10-08T01:16:14.427386+00:00,825.6,42,2026-10-08T01:16:34.421569+00:00,805.6,56,,sold,41,36,104,-12565,1,1,41.5,-12.0,-12.0,15.0,39,48.5,861.6,1.5,0.0894,0.0895,-0.0693,-0.0447,-0.0559,-0.0127,3,3,loss,103.25,20.0,1727.25,978.25
KXXRP15M-26OCT072130-30,XRP,crypto,PAPER,1,YES,2026-10-08T01:15:27.425824+00:00,872.6,42,2026-10-08T01:16:35.420374+00:00,804.6,58,,sold,38,36,124,-12441,0,1,41.5,,,10.0,12,41.5,872.6,8.5,,,,,,-0.0062,0,0,loss,9.0,30.74,1430.51,1033.74
KXETH15M-26OCT072130-30,ETH,crypto,PAPER,1,YES,2026-10-08T01:15:33.426189+00:00,866.6,42,2026-10-08T01:16:37.426158+00:00,802.6,56,,sold,31,36,104,-12337,0,1,41.5,,,8.0,29,48.5,883.6,1.5,2579.5,2580.0,-0.0194,-0.0275,-0.0101,-0.0032,1,1,loss,0.0,141.0,642.5,723.5
KXBTC15M-26OCT072130-30,BTC,crypto,PAPER,1,NO,2026-10-08T01:16:39.427287+00:00,800.6,40,2026-10-08T01:16:45.421535+00:00,794.6,57,,sold,36,35,135,-12202,1,1,39.5,-10.0,-17.0,17.0,61,56.5,861.6,6.5,83346.05,83324.6,-0.0257,-0.0304,-0.041,0.041,1,4,win,0.0,7054.15,0.0,16832.94
KXGOLD15M-26OCT072130-30,GOLD,commodity,PAPER,1,YES,2026-10-08T01:15:48.174510+00:00,851.8,39,2026-10-08T01:18:29.421676+00:00,690.6,55,,sold,35,35,125,-11119,0,1,38.5,0.0,,4.0,11,,,,,,,,,-0.0041,1,1,loss,,,,
KXSOL15M-26OCT072130-30,SOL,crypto,PAPER,1,NO,2026-10-08T01:15:50.426026+00:00,849.6,42,2026-10-08T01:18:46.421752+00:00,673.6,57,,sold,22,36,114,-12088,0,2,41.0,-10.5,,12.5,44,51.5,882.6,1.5,116.64,116.5838,-0.0482,-0.0429,-0.0429,-0.009,2,2,win,48.0,386.0,446.0,1473.57
KXWTI15M-26OCT072130-30,WTI,commodity,PAPER,1,YES,2026-10-08T01:16:33.426501+00:00,806.6,41,2026-10-08T01:19:19.421115+00:00,640.6,55,,sold,28,35,105,-11014,1,1,40.5,-9.0,-15.0,17.0,56,55.5,861.6,5.5,,,,,,0.0301,3,4,win,0.0,760.0,0.0,3604.0
KXPALLADIUM15M-26OCT072130-30,PALLADIUM,commodity,PAPER,1,NO,2026-10-08T01:16:38.427014+00:00,801.6,41,,,0,yes,settled,0,17,-427,-11441,1,4,39.0,-16.0,-18.0,16.0,43,50.5,851.6,0.5,,,,,,0.0405,4,5,loss,76.0,35.0,1387.0,1510.75
KXPLATINUM15M-26OCT072130-30,PLATINUM,commodity,PAPER,1,NO,2026-10-08T01:16:32.432701+00:00,807.6,40,,,0,yes,settled,0,17,-417,-11858,1,4,38.0,-12.5,-15.0,17.0,56,57.0,883.6,7.0,,,,,,0.0191,2,3,loss,6.0,133.0,110.01,174.0
KXCOPPER15M-26OCT072130-30,COPPER,commodity,PAPER,1,NO,2026-10-08T01:16:22.426518+00:00,817.6,42,,,0,yes,settled,0,18,-438,-12296,1,2,41.0,-4.0,-10.5,12.5,60,51.5,877.6,1.5,,,,,,0.0069,1,2,loss,0.0,0.0,375.06,308.03
KXSOL15M-26OCT072145-45,SOL,crypto,PAPER,1,NO,2026-10-08T01:30:31.431835+00:00,868.6,40,2026-10-08T01:31:04.427060+00:00,835.6,55,,sold,39,35,115,-11973,0,1,39.5,,,5.5,13,39.5,868.6,10.5,116.39,116.3668,-0.0199,-0.0,-0.0,-0.03,0,0,win,372.0,10.0,749.01,745.0
KXWTI15M-26OCT072145-45,WTI,commodity,PAPER,1,YES,2026-10-08T01:30:37.466573+00:00,862.6,41,2026-10-08T01:32:06.420682+00:00,773.6,59,,sold,35,34,146,-12150,0,1,40.5,-8.0,,9.5,14,43.5,863.6,6.5,,,,,,-0.0505,2,0,win,4074.0,936.0,5155.0,1492.91
KXETH15M-26OCT072145-45,ETH,crypto,PAPER,1,YES,2026-10-08T01:30:41.428116+00:00,858.6,39,2026-10-08T01:32:44.422552+00:00,735.6,59,,sold,35,34,166,-11807,0,1,38.5,-15.0,,18.0,13,38.5,858.6,11.5,2578.6,2579.45,-0.033,-0.0403,-0.0612,-0.0525,4,4,win,566.23,212.13,2182.25,844.13
KXDOGE15M-26OCT072145-45,DOGE,crypto,PAPER,1,YES,2026-10-08T01:30:39.437478+00:00,860.6,42,2026-10-08T01:32:45.421344+00:00,734.6,55,,sold,30,36,94,-11713,0,1,41.5,-13.0,,13.0,15,50.5,863.6,0.5,0.0892,0.0893,-0.0504,-0.0336,-0.0224,-0.0523,3,3,win,0.0,28.0,75.25,1588.47
KXBTC15M-26OCT072145-45,BTC,crypto,PAPER,1,YES,2026-10-08T01:30:37.485710+00:00,862.5,42,2026-10-08T01:32:57.422154+00:00,722.6,55,,sold,32,36,94,-11619,0,1,41.5,-11.0,,12.0,14,47.5,863.6,2.5,83213.2,83236.9,-0.0285,-0.0379,-0.0505,-0.0505,2,2,win,0.0,3860.89,0.0,9624.13
KXXRP15M-26OCT072145-45,XRP,crypto,PAPER,1,YES,2026-10-08T01:30:37.441354+00:00,862.6,40,2026-10-08T01:33:01.420073+00:00,718.6,56,,sold,24,35,125,-11494,0,1,39.5,-13.0,,13.0,19,45.5,868.6,4.5,1.4247,1.4256,-0.0631,-0.0421,-0.0561,-0.0505,1,1,win,0.0,921.0,89.0,1091.09
KXGOLD15M-26OCT072145-45,GOLD,commodity,PAPER,1,YES,2026-10-08T01:31:00.434426+00:00,839.6,42,2026-10-08T01:33:21.422639+00:00,698.6,55,,sold,37,36,94,-12056,1,1,41.5,-6.0,,15.0,42,53.5,868.6,3.5,,,,,,-0.0216,2,2,win,0.0,0.0,0.0,3333.82
KXPLATINUM15M-26OCT072145-45,PLATINUM,commodity,PAPER,1,YES,2026-10-08T01:32:20.428723+00:00,759.6,41,2026-10-08T01:33:27.421726+00:00,692.6,55,,sold,37,35,105,-11951,2,1,40.5,-6.5,-14.5,14.0,53,52.0,868.6,2.0,,,,,,-0.015,4,5,loss,1.0,76.0,27.0,1420.0
KXSILVER15M-26OCT072145-45,SILVER,commodity,PAPER,1,YES,2026-10-08T01:30:40.429703+00:00,859.6,42,2026-10-08T01:33:39.420420+00:00,680.6,56,,sold,31,36,104,-11847,0,1,41.5,-6.0,,7.0,22,45.5,868.6,4.5,,,,,,-0.0514,1,1,win,102.0,1118.72,2554.75,4324.72
KXPALLADIUM15M-26OCT072145-45,PALLADIUM,commodity,PAPER,1,YES,2026-10-08T01:32:05.429086+00:00,774.6,42,2026-10-08T01:34:01.419591+00:00,658.6,55,,sold,28,36,94,-11753,2,3,40.5,-5.0,-5.0,7.5,49,42.0,885.5,8.0,,,,,,-0.0067,3,3,loss,5.0,48.0,56.0,1504.25
KXCOPPER15M-26OCT072145-45,COPPER,commodity,PAPER,1,NO,2026-10-08T01:32:10.426425+00:00,769.6,41,,,0,yes,settled,0,17,-427,-12180,2,1,40.5,-10.0,-12.5,12.5,55,48.5,863.6,1.5,,,,,,-0.0028,3,4,loss,0.0,243.03,224.46,2291.09
KXCOPPER15M-26OCT072200-00,COPPER,commodity,PAPER,1,NO,2026-10-08T01:45:17.426768+00:00,882.6,41,2026-10-08T01:45:44.422575+00:00,855.6,55,,sold,37,35,105,-12075,0,1,40.5,,,13.0,5,40.5,882.6,9.5,,,,,,-0.0011,1,0,loss,21.0,109.0,272.0,444.0
KXGOLD15M-26OCT072200-00,GOLD,commodity,PAPER,1,YES,2026-10-08T01:45:33.427370+00:00,866.6,41,2026-10-08T01:46:49.417225+00:00,790.6,56,,sold,30,35,115,-11960,0,1,40.5,,,5.0,7,40.5,866.6,9.5,,,,,,-0.0186,1,1,win,2531.52,3374.22,5220.52,5079.39
KXSILVER15M-26OCT072200-00,SILVER,commodity,PAPER,1,YES,2026-10-08T01:45:38.433705+00:00,861.6,41,2026-10-08T01:47:05.416935+00:00,774.6,55,,sold,28,35,105,-11855,0,1,40.5,-7.5,,8.0,17,47.5,872.6,2.5,,,,,,-0.0134,2,2,win,0.1,3458.02,2440.1,5392.02
KXPLATINUM15M-26OCT072200-00,PLATINUM,commodity,PAPER,1,YES,2026-10-08T01:45:40.427368+00:00,859.6,42,2026-10-08T01:47:15.415685+00:00,764.6,56,,sold,33,36,104,-11751,0,3,40.5,-8.0,,13.0,34,49.5,888.6,0.5,,,,,,-0.0253,3,3,win,12.0,0.1,118.75,150.2
KXPALLADIUM15M-26OCT072200-00,PALLADIUM,commodity,PAPER,1,YES,2026-10-08T01:46:02.432680+00:00,837.6,41,2026-10-08T01:47:39.419652+00:00,740.6,55,,sold,35,35,105,-11646,1,4,39.0,-9.0,,12.5,38,49.0,872.6,1.0,,,,,,-0.0542,4,5,win,66.0,42.0,122.25,249.5
KXXRP15M-26OCT072200-00,XRP,crypto,PAPER,1,YES,2026-10-08T01:45:51.427436+00:00,848.6,42,2026-10-08T01:48:04.416499+00:00,715.6,58,,sold,28,36,124,-11370,0,1,41.5,-16.0,,19.0,37,57.5,882.6,7.5,1.4249,1.4257,-0.0561,-0.0701,-0.0561,-0.0311,4,4,win,0.0,58.0,0.0,574.2
KXDOGE15M-26OCT072200-00,DOGE,crypto,PAPER,1,YES,2026-10-08T01:45:40.443853+00:00,859.6,42,2026-10-08T01:49:49.417240+00:00,610.6,60,,sold,25,35,145,-11225,0,1,41.5,-10.0,,11.0,13,50.0,866.6,0.0,,,,,,-0.0253,2,2,win,71.0,73.25,200.0,1068.25
KXSOL15M-26OCT072200-00,SOL,crypto,PAPER,1,YES,2026-10-08T01:45:40.434461+00:00,859.6,41,2026-10-08T01:49:50.417166+00:00,609.6,55,,sold,27,35,105,-11120,0,1,40.5,-10.0,,11.0,20,51.5,872.6,1.5,116.22,116.2707,-0.0436,-0.043,-0.0344,-0.0253,1,1,win,0.0,409.88,736.0,464.88
KXETH15M-26OCT072200-00,ETH,crypto,PAPER,1,YES,2026-10-08T01:45:38.426016+00:00,861.6,41,2026-10-08T01:49:56.415332+00:00,603.6,56,,sold,22,35,115,-11005,0,1,40.5,-7.0,,7.0,7,40.5,861.6,9.5,2580.57,2581.23,-0.0256,-0.0256,-0.0205,-0.0134,0,0,win,,,,
KXBTC15M-26OCT072200-00,BTC,crypto,PAPER,1,YES,2026-10-08T01:45:40.452222+00:00,859.6,39,,,0,no,settled,0,17,-407,-11412,0,1,38.5,-10.0,,11.0,25,49.5,877.6,0.5,83192.16,83217.57,-0.0305,-0.0202,-0.0253,-0.0253,3,3,win,0.0,4632.3,0.0,19893.72
KXWTI15M-26OCT072200-00,WTI,commodity,PAPER,1,NO,2026-10-08T01:45:55.433346+00:00,844.6,38,,,0,yes,settled,0,17,-397,-12043,0,1,37.5,-11.0,,11.5,29,43.5,866.6,6.5,,,,,,-0.0416,3,4,win,0.0,160.0,2616.0,932.0
KXXRP15M-26OCT072215-15,XRP,crypto,PAPER,1,NO,2026-10-08T02:00:49.496063+00:00,850.5,40,2026-10-08T02:00:50.418933+00:00,849.6,55,,sold,39,35,115,-11297,0,1,39.5,0.0,,0.0,6,,,,1.4219,1.4224,0.0352,0.0211,0.0281,-0.0259,3,3,win,,,,
KXETH15M-26OCT072215-15,ETH,crypto,PAPER,1,NO,2026-10-08T02:00:38.863566+00:00,861.1,39,2026-10-08T02:00:53.417338+00:00,846.6,61,,sold,38,34,186,-11111,0,1,38.5,0.0,,2.0,6,,,,2576.56,2575.97,-0.0229,0.0237,-0.0225,-0.0091,2,2,win,,,,
KXDOGE15M-26OCT072215-15,DOGE,crypto,PAPER,1,NO,2026-10-08T02:00:28.510822+00:00,871.5,40,2026-10-08T02:00:53.418804+00:00,846.6,63,,sold,39,34,196,-10915,0,1,39.5,,,1.0,6,,,,,,,,,-0.0138,1,1,win,,,,
KXBTC15M-26OCT072215-15,BTC,crypto,PAPER,1,YES,2026-10-08T02:00:54.431104+00:00,845.6,38,2026-10-08T02:01:06.424726+00:00,833.6,56,,sold,37,35,145,-10770,0,1,37.5,-11.0,,27.0,53,57.5,892.5,7.5,83010.63,83050.75,-0.0483,-0.0288,-0.0482,-0.0482,1,4,loss,0.0,6298.71,0.0,34914.71
KXCOPPER15M-26OCT072215-15,COPPER,commodity,PAPER,1,NO,2026-10-08T02:00:56.425255+00:00,843.6,42,2026-10-08T02:01:09.417184+00:00,830.6,56,,sold,39,36,104,-11939,0,2,41.0,-11.5,,14.0,45,55.0,886.6,5.0,,,,,,-0.061,4,4,win,0.0,97.0,359.46,371.0
KXSILVER15M-26OCT072215-15,SILVER,commodity,PAPER,1,YES,2026-10-08T02:00:54.422953+00:00,845.6,42,2026-10-08T02:03:09.417189+00:00,710.6,59,,sold,39,35,135,-11804,0,1,41.5,-2.5,,6.0,22,47.0,860.6,3.0,,,,,,-0.0456,3,3,win,77.0,2836.03,2883.75,3866.03
KXWTI15M-26OCT072215-15,WTI,commodity,PAPER,1,NO,2026-10-08T02:00:33.424257+00:00,866.6,42,2026-10-08T02:03:10.420657+00:00,709.6,55,,sold,33,36,94,-11710,0,1,41.5,-7.5,,9.0,11,42.5,870.6,7.5,,,,,,-0.0091,0,0,loss,0.0,150.84,1734.1,3765.84
KXPLATINUM15M-26OCT072215-15,PLATINUM,commodity,PAPER,1,YES,2026-10-08T02:00:48.422662+00:00,851.6,41,2026-10-08T02:03:25.415815+00:00,694.6,55,,sold,28,35,105,-11605,0,5,38.5,-11.0,,11.0,8,44.5,860.6,5.5,,,,,,-0.0259,1,1,win,0.1,49.0,126.35,1509.75
KXPALLADIUM15M-26OCT072215-15,PALLADIUM,commodity,PAPER,1,YES,2026-10-08T02:00:48.428854+00:00,851.6,40,2026-10-08T02:04:54.424864+00:00,605.6,55,,sold,24,35,115,-11490,0,3,38.5,,,10.0,21,48.5,876.6,1.5,,,,,,-0.0259,2,2,win,50.0,23.0,220.0,78.47
KXSOL15M-26OCT072215-15,SOL,crypto,PAPER,1,NO,2026-10-08T02:00:23.042244+00:00,877.0,38,2026-10-08T02:10:59.416767+00:00,240.6,56,,sold,9,35,145,-10625,0,1,37.5,,,4.0,6,,,,116.02,116.0092,-0.0093,-0.0086,-0.0172,-0.0091,0,0,win,,,,
KXGOLD15M-26OCT072215-15,GOLD,commodity,PAPER,1,NO,2026-10-08T02:00:58.425818+00:00,841.6,42,,,0,yes,settled,0,18,-438,-11928,0,1,41.5,-11.0,,11.0,31,48.5,865.6,1.5,,,,,,-0.0293,5,5,win,1334.89,0.0,3553.2,3254.13
KXETH15M-26OCT072230-30,ETH,crypto,PAPER,1,NO,2026-10-08T02:15:43.422743+00:00,856.6,38,2026-10-08T02:17:13.416055+00:00,766.6,55,,sold,25,35,135,-10490,0,1,37.5,-5.0,,8.0,7,37.5,856.6,12.5,2577.48,2575.9,-0.0613,-0.0415,-0.0349,0.0156,4,4,win,,,,
KXXRP15M-26OCT072230-30,XRP,crypto,PAPER,1,NO,2026-10-08T02:15:32.100293+00:00,867.9,42,2026-10-08T02:17:20.416221+00:00,759.6,57,,sold,15,36,114,-10376,0,1,41.5,-3.0,,3.0,6,,,,1.4218,1.422,0.0141,0.0211,-0.0352,0.0395,3,3,win,,,,
KXBTC15M-26OCT072230-30,BTC,crypto,PAPER,1,NO,2026-10-08T02:15:32.093930+00:00,867.9,40,2026-10-08T02:17:20.417274+00:00,759.6,55,,sold,21,35,115,-10261,0,1,39.5,-4.0,,4.0,6,,,,83062.25,83037.75,-0.0295,-0.0015,-0.0395,0.0395,2,2,win,,,,
KXDOGE15M-26OCT072230-30,DOGE,crypto,PAPER,1,NO,2026-10-08T02:15:10.845633+00:00,889.2,42,2026-10-08T02:18:06.418087+00:00,713.6,57,,sold,13,36,114,-10147,0,2,41.0,,,5.5,5,,,,,,,,,0.0493,0,0,win,,,,
KXSOL15M-26OCT072230-30,SOL,crypto,PAPER,1,NO,2026-10-08T02:15:26.773180+00:00,873.2,40,2026-10-08T02:18:19.423857+00:00,700.6,57,,sold,14,35,135,-10012,0,1,39.5,,,10.5,6,,,,116.18,116.1355,-0.0383,-0.0,-0.0603,0.0146,1,1,win,,,,
KXWTI15M-26OCT072230-30,WTI,commodity,PAPER,1,NO,2026-10-08T02:18:19.422992+00:00,700.6,41,2026-10-08T02:19:18.416902+00:00,641.6,56,,sold,39,35,115,-11813,3,2,40.0,-15.5,-6.5,15.5,54,52.5,871.6,2.5,,,,,,-0.0318,4,4,win,0.0,168.0,2894.0,2294.0
KXPALLADIUM15M-26OCT072230-30,PALLADIUM,commodity,PAPER,1,NO,2026-10-08T02:16:11.423474+00:00,828.6,42,2026-10-08T02:21:17.416308+00:00,522.6,56,,sold,31,36,104,-11709,1,4,40.0,-5.5,-9.5,6.5,24,45.0,860.6,5.0,,,,,,0.0436,3,3,win,0.0,26.0,6.35,196.0
KXGOLD15M-26OCT072230-30,GOLD,commodity,PAPER,1,NO,2026-10-08T02:16:04.430525+00:00,835.6,39,2026-10-08T02:21:21.424267+00:00,518.6,58,,sold,30,35,155,-11554,1,1,38.5,-13.0,-12.0,13.0,19,49.5,851.6,0.5,,,,,,0.0072,2,2,loss,0.0,1552.0,4222.48,5098.66
KXCOPPER15M-26OCT072230-30,COPPER,commodity,PAPER,1,YES,2026-10-08T02:21:21.423563+00:00,518.6,42,2026-10-08T02:22:52.416758+00:00,427.6,55,,sold,37,36,94,-11460,6,3,40.5,-12.5,-12.0,17.0,55,49.0,856.6,1.0,,,,,,-0.0061,3,5,win,0.0,103.0,0.03,304.0
KXSILVER15M-26OCT072230-30,SILVER,commodity,PAPER,1,NO,2026-10-08T02:16:04.422690+00:00,835.6,40,2026-10-08T02:29:25.417366+00:00,34.6,58,,sold,8,35,145,-11315,1,1,39.5,-10.0,-10.0,11.0,29,48.5,861.6,1.5,,,,,,0.0072,1,1,win,3155.1,329.0,4248.1,1297.0
KXPLATINUM15M-26OCT072230-30,PLATINUM,commodity,PAPER,1,NO,2026-10-08T02:15:57.425922+00:00,842.6,40,,,0,yes,settled,0,17,-417,-11732,0,4,38.0,-12.5,,15.0,43,51.0,890.6,1.0,,,,,,0.0272,0,0,win,0.0,60.75,23.0,1516.75
KXPLATINUM15M-26OCT072245-45,PLATINUM,commodity,PAPER,1,YES,2026-10-08T02:30:40.423302+00:00,859.6,42,2026-10-08T02:31:26.417732+00:00,813.6,56,,sold,40,36,104,-11628,0,2,41.0,-15.5,,24.0,37,48.5,881.6,1.5,,,,,,-0.0011,2,2,loss,24.0,29.69,161.0,1479.79
KXGOLD15M-26OCT072245-45,GOLD,commodity,PAPER,1,YES,2026-10-08T02:30:27.423563+00:00,872.6,40,2026-10-08T02:31:49.417899+00:00,790.6,55,,sold,38,35,115,-11513,0,1,39.5,,,11.0,25,42.5,881.6,7.5,,,,,,0.0279,2,1,win,0.0,1490.0,3177.0,3651.0
KXPALLADIUM15M-26OCT072245-45,PALLADIUM,commodity,PAPER,1,YES,2026-10-08T02:31:09.423239+00:00,830.6,40,2026-10-08T02:32:04.417322+00:00,775.6,55,,sold,36,35,115,-11398,1,3,38.5,-7.5,-11.0,14.5,47,42.5,881.6,7.5,,,,,,-0.0067,4,4,win,35.0,22.0,1542.75,68.25
KXWTI15M-26OCT072245-45,WTI,commodity,PAPER,1,NO,2026-10-08T02:31:12.423442+00:00,827.6,40,2026-10-08T02:32:17.416856+00:00,762.6,56,,sold,39,35,125,-11273,1,1,39.5,-6.0,-8.0,18.0,56,56.5,876.6,6.5,,,,,,-0.0067,5,5,win,0.0,0.0,390.0,3253.1
KXXRP15M-26OCT072245-45,XRP,crypto,PAPER,1,YES,2026-10-08T02:31:37.425683+00:00,802.6,41,2026-10-08T02:32:38.415485+00:00,741.6,55,,sold,37,35,105,-9907,1,1,40.5,-7.0,-7.0,13.0,58,54.5,870.6,4.5,1.423,1.4237,-0.0492,-0.0211,-0.0211,-0.0098,4,4,win,0.0,9.95,0.0,1005.45
KXDOGE15M-26OCT072245-45,DOGE,crypto,PAPER,1,YES,2026-10-08T02:30:36.420988+00:00,863.6,42,2026-10-08T02:32:39.416166+00:00,740.6,58,,sold,37,36,124,-9783,0,1,41.5,-15.0,,17.0,17,42.5,865.6,7.5,0.0891,0.0891,-0.0157,-0.0337,0.0,0.0086,1,1,win,12.25,35.0,931.26,996.5
KXSILVER15M-26OCT072245-45,SILVER,commodity,PAPER,1,YES,2026-10-08T02:31:04.423977+00:00,835.6,38,2026-10-08T02:32:50.416580+00:00,729.6,55,,sold,25,35,135,-11138,1,1,37.5,10.0,5.0,17.5,60,29.5,881.6,20.5,,,,,,0.0051,3,3,win,317.0,2810.0,3276.75,3682.0
KXSOL15M-26OCT072245-45,SOL,crypto,PAPER,1,NO,2026-10-08T02:30:45.423210+00:00,854.6,39,2026-10-08T02:36:44.417248+00:00,495.6,58,,sold,26,35,155,-9628,0,1,38.5,-6.5,,12.0,22,47.5,860.6,2.5,116.4,116.3838,-0.0139,0.0172,-0.0086,-0.0078,2,2,win,24.0,10.0,753.36,424.98
KXCOPPER15M-26OCT072245-45,COPPER,commodity,PAPER,1,YES,2026-10-08T02:30:22.986881+00:00,877.0,41,2026-10-08T02:38:56.416722+00:00,363.6,56,,sold,17,35,115,-11023,0,1,40.5,,,14.0,15,,,,,,,,,0.026,1,0,win,,,,
KXBTC15M-26OCT072245-45,BTC,crypto,PAPER,1,NO,2026-10-08T02:30:22.980037+00:00,877.0,42,,,0,yes,settled,0,18,-438,-10066,0,1,41.5,,,5.0,15,,,,83121.05,83099.61,-0.0258,-0.0134,-0.026,0.026,0,0,win,,,,
KXETH15M-26OCT072245-45,ETH,crypto,PAPER,1,NO,2026-10-08T02:30:52.423804+00:00,847.6,42,,,0,yes,settled,0,18,-438,-10504,0,1,41.5,-3.0,,6.5,29,46.5,860.6,3.5,2577.5,2576.69,-0.0314,-0.0116,-0.0206,0.0227,3,3,win,0.0,752.58,360.0,2101.58
KXDOGE15M-26OCT072300-00,DOGE,crypto,PAPER,1,YES,2026-10-08T02:45:36.438190+00:00,863.6,42,2026-10-08T02:46:15.416848+00:00,824.6,56,,sold,39,36,104,-10400,0,1,41.5,-4.0,,4.0,5,41.5,863.6,8.5,,,,,,0.0123,3,3,win,49.25,61.0,1716.5,1053.25
KXBTC15M-26OCT072300-00,BTC,crypto,PAPER,1,NO,2026-10-08T02:45:35.510758+00:00,864.5,41,2026-10-08T02:47:17.417379+00:00,762.6,55,,sold,33,35,105,-10295,0,1,40.5,-6.0,,6.0,5,,,,83208.02,83199.33,-0.0104,-0.0,-0.0046,0.0046,2,2,loss,,,,
KXCOPPER15M-26OCT072300-00,COPPER,commodity,PAPER,1,NO,2026-10-08T02:46:05.459092+00:00,834.6,41,2026-10-08T02:48:59.416345+00:00,660.6,55,,sold,29,35,105,-10918,1,3,39.5,-11.0,-5.5,12.5,49,51.0,879.6,1.0,,,,,,0.019,3,3,win,0.0,34.0,103.03,259.0
KXETH15M-26OCT072300-00,ETH,crypto,PAPER,1,NO,2026-10-08T02:45:28.428389+00:00,871.6,40,2026-10-08T02:50:16.418256+00:00,583.6,55,,sold,29,35,115,-10180,0,1,39.5,,,11.0,14,43.5,879.6,6.5,2583.04,2582.08,-0.0372,-0.0372,-0.0256,0.0204,1,1,loss,0.0,358.5,178.0,1137.5
KXXRP15M-26OCT072300-00,XRP,crypto,PAPER,1,NO,2026-10-08T02:46:16.423732+00:00,823.6,38,2026-10-08T02:50:18.418106+00:00,581.6,55,,sold,30,35,135,-10045,1,1,37.5,-19.5,-10.0,20.0,52,53.5,874.6,3.5,1.4269,1.4261,-0.0561,-0.0842,-0.0561,0.0336,3,4,win,0.0,407.03,0.0,866.03
KXSOL15M-26OCT072300-00,SOL,crypto,PAPER,1,NO,2026-10-08T02:45:25.424032+00:00,874.6,41,2026-10-08T02:51:06.418191+00:00,533.6,55,,sold,20,35,105,-9940,0,1,40.5,,,13.5,6,40.5,874.6,9.5,116.6,116.5213,-0.0675,-0.0772,-0.0601,0.0185,0,0,win,10.0,11.0,1141.0,769.91
KXGOLD15M-26OCT072300-00,GOLD,commodity,PAPER,1,YES,2026-10-08T02:45:24.424483+00:00,875.6,42,,,0,no,settled,0,18,-438,-11356,0,1,41.5,,,10.0,21,49.5,890.6,0.5,,,,,,0.011,0,0,win,0.0,3641.0,0.0,5985.46
KXPLATINUM15M-26OCT072300-00,PLATINUM,commodity,PAPER,1,YES,2026-10-08T02:45:52.424481+00:00,847.6,42,,,0,no,settled,0,18,-438,-11794,0,3,40.5,-6.0,,10.5,38,50.0,883.6,0.0,,,,,,0.004,1,1,win,1364.75,1364.75,1564.75,1564.75
KXPALLADIUM15M-26OCT072300-00,PALLADIUM,commodity,PAPER,1,YES,2026-10-08T02:47:33.424613+00:00,746.6,41,,,0,no,settled,0,17,-427,-12221,2,1,40.5,-6.0,-4.5,8.0,42,53.0,868.6,3.0,,,,,,-0.0454,5,5,win,40.0,6.0,76.0,33.75
KXWTI15M-26OCT072300-00,WTI,commodity,PAPER,1,NO,2026-10-08T02:46:16.431423+00:00,823.6,42,,,0,yes,settled,0,18,-438,-12659,1,1,41.5,-13.0,-12.5,14.0,41,53.5,863.6,3.5,,,,,,0.0336,4,4,win,0.0,59.0,276.72,1069.0
KXSILVER15M-26OCT072300-00,SILVER,commodity,PAPER,1,YES,2026-10-08T02:45:52.440267+00:00,847.6,40,,,0,no,settled,0,17,-417,-13076,0,2,39.0,-14.5,,17.5,12,42.5,853.6,7.5,,,,,,0.004,2,2,win,2500.0,250.0,3536.75,1092.0
KXSOL15M-26OCT072315-15,SOL,crypto,PAPER,1,YES,2026-10-08T03:00:30.426660+00:00,869.6,42,2026-10-08T03:00:39.434462+00:00,860.6,65,,sold,38,34,196,-9744,0,1,41.5,,,11.0,20,44.5,878.6,5.5,116.38,116.4028,-0.0196,-0.0344,-0.0258,-0.0023,2,2,win,0.0,11.0,1151.0,43.0
KXETH15M-26OCT072315-15,ETH,crypto,PAPER,1,YES,2026-10-08T03:00:27.426848+00:00,872.6,41,2026-10-08T03:00:52.421811+00:00,847.6,55,,sold,31,35,105,-9639,0,1,40.5,,,9.0,12,40.5,872.6,9.5,2577.93,2578.55,-0.024,-0.0256,-0.0248,-0.0014,1,1,win,1085.5,130.0,2300.5,539.96
KXWTI15M-26OCT072315-15,WTI,commodity,PAPER,1,YES,2026-10-08T03:00:32.426967+00:00,867.6,42,2026-10-08T03:01:21.421453+00:00,818.6,56,,sold,40,36,104,-12972,0,1,41.5,,,10.0,12,41.5,867.6,8.5,,,,,,-0.0194,1,1,loss,213.0,198.0,803.0,1238.0
KXPLATINUM15M-26OCT072315-15,PLATINUM,commodity,PAPER,1,NO,2026-10-08T03:00:42.427622+00:00,857.6,41,2026-10-08T03:01:33.419833+00:00,806.6,56,,sold,33,35,115,-12857,0,2,40.0,-8.5,,10.0,20,44.5,872.6,5.5,,,,,,0.0387,4,4,loss,23.0,5.0,68.75,1343.0
KXPALLADIUM15M-26OCT072315-15,PALLADIUM,commodity,PAPER,1,NO,2026-10-08T03:00:42.435178+00:00,857.6,40,2026-10-08T03:01:48.422091+00:00,791.6,55,,sold,35,35,115,-12742,0,3,38.5,-10.0,,23.0,10,38.5,857.6,11.5,,,,,,0.0387,5,5,loss,61.0,21.0,1366.0,216.0
KXBTC15M-26OCT072315-15,BTC,crypto,PAPER,1,NO,2026-10-08T03:00:39.428478+00:00,860.6,39,2026-10-08T03:01:49.426437+00:00,790.6,56,,sold,34,35,135,-9504,0,1,38.5,-13.0,,19.0,30,54.5,878.6,4.5,83137.54,83116.95,-0.0248,-0.0381,-0.0269,0.0269,3,3,win,0.0,1305.46,0.0,6010.96
KXSILVER15M-26OCT072315-15,SILVER,commodity,PAPER,1,NO,2026-10-08T03:00:42.063404+00:00,857.9,39,2026-10-08T03:02:05.421920+00:00,774.6,55,,sold,23,35,125,-12617,0,1,38.5,-3.0,,4.0,11,,,,,,,,,0.0387,3,3,loss,,,,
KXDOGE15M-26OCT072315-15,DOGE,crypto,PAPER,1,NO,2026-10-08T03:01:58.426423+00:00,781.6,39,2026-10-08T03:02:48.417071+00:00,731.6,55,,sold,37,35,125,-9379,1,1,38.5,14.0,14.0,17.0,60,49.5,867.6,0.5,0.0891,0.089,-0.0753,0.0673,0.0897,-0.0702,1,4,win,0.0,0.0,63.0,0.0
KXXRP15M-26OCT072315-15,XRP,crypto,PAPER,1,NO,2026-10-08T03:00:20.883640+00:00,879.1,40,2026-10-08T03:04:22.423224+00:00,637.6,56,,sold,20,35,125,-9254,0,1,39.5,,,6.0,11,,,,1.4258,1.4251,-0.0491,-0.0421,-0.0561,-0.0148,0,0,win,,,,
KXGOLD15M-26OCT072315-15,GOLD,commodity,PAPER,1,NO,2026-10-08T03:00:37.427173+00:00,862.6,39,2026-10-08T03:06:07.418525+00:00,532.6,58,,sold,27,35,155,-12462,0,1,38.5,-10.0,,12.0,12,38.5,862.6,11.5,,,,,,-0.0271,2,2,loss,2857.58,1319.56,6993.58,5785.56
KXGOLD15M-26OCT080930-30,GOLD,commodity,PAPER,1,YES,2026-10-08T13:22:05.846829+00:00,474.2,42,2026-10-08T13:23:07.847187+00:00,412.2,56,,sold,40,36,104,104,7,1,41.5,,,13.0,10,54.5,483.2,4.5,,,,,,,1,1,none yet,0.0,3899.0,0.0,6780.0
KXSOL15M-26OCT080930-30,SOL,crypto,PAPER,1,NO,2026-10-08T13:23:14.853762+00:00,405.1,38,2026-10-08T13:23:43.848105+00:00,376.2,55,,sold,37,35,135,135,8,1,37.5,16.0,20.5,22.0,60,31.5,483.2,18.5,112.57,112.5205,-0.044,0.1065,0.1419,-0.0662,0,0,none yet,374.27,0.0,1140.87,0.17
KXPALLADIUM15M-26OCT080930-30,PALLADIUM,commodity,PAPER,1,NO,2026-10-08T13:22:04.862246+00:00,475.1,40,2026-10-08T13:24:34.845226+00:00,325.2,59,,sold,31,34,156,260,7,4,38.0,,,11.0,7,27.0,483.2,23.0,,,,,,,0,0,none yet,50.0,50.0,2155.0,102.89
KXBTC15M-26OCT080930-30,BTC,crypto,PAPER,1,NO,2026-10-08T13:24:26.847124+00:00,333.2,38,2026-10-08T13:26:40.849920+00:00,199.2,64,,sold,26,34,226,361,9,1,37.5,16.0,16.0,20.0,61,19.5,483.2,30.5,82440.23,82420.2,-0.0243,0.0549,0.0609,-0.0609,0,1,none yet,9576.52,0.0,15135.03,0.0
KXETH15M-26OCT080930-30,ETH,crypto,PAPER,1,NO,2026-10-08T13:26:58.845980+00:00,181.2,38,2026-10-08T13:27:18.846128+00:00,161.2,57,,sold,37,35,155,516,11,1,37.5,15.0,12.0,16.0,60,18.5,483.2,31.5,2535.31,2534.66,-0.0256,0.0422,0.0449,-0.0648,1,3,none yet,62.09,0.0,940.09,0.0
KXXRP15M-26OCT080930-30,XRP,crypto,PAPER,1,NO,2026-10-08T13:24:29.846298+00:00,330.2,38,2026-10-08T13:27:42.846352+00:00,137.2,57,,sold,16,35,155,671,9,1,37.5,10.0,12.0,13.5,61,23.5,483.2,26.5,1.3998,1.3993,-0.0357,0.05,0.0643,-0.0593,1,2,none yet,22.0,0.0,110.0,0.0
KXPLATINUM15M-26OCT080930-30,PLATINUM,commodity,PAPER,1,YES,2026-10-08T13:22:13.845254+00:00,466.2,41,,,0,no,settled,0,17,-427,-167,7,5,38.5,,,20.0,17,58.5,483.2,8.5,,,,,,,2,2,none yet,0.0,525.0,0.0,1987.0
KXBTC15M-26OCT080945-45,BTC,crypto,PAPER,1,YES,2026-10-08T13:30:36.969787+00:00,863.0,41,2026-10-08T13:30:53.852826+00:00,846.1,55,,sold,37,35,105,776,0,1,40.5,3.0,,4.0,16,,,,82283.76,82343.04,-0.072,-0.0072,-0.0701,-0.0701,1,1,win,,,,
KXSOL15M-26OCT080945-45,SOL,crypto,PAPER,1,YES,2026-10-08T13:30:33.846654+00:00,866.2,42,2026-10-08T13:30:56.846144+00:00,843.2,56,,sold,39,36,104,880,0,1,41.5,-6.0,,11.0,34,49.5,884.0,0.5,112.23,112.3168,-0.0773,-0.0178,-0.0623,-0.0308,0,0,win,0.0,0.0,388.0,86.0
KXETH15M-26OCT080945-45,ETH,crypto,PAPER,1,NO,2026-10-08T13:30:55.850661+00:00,844.2,41,2026-10-08T13:31:49.845602+00:00,790.2,55,,sold,26,35,105,985,0,1,40.5,-11.0,,17.0,56,51.5,884.0,1.5,2534.99,2533.25,-0.0687,-0.0841,-0.092,0.0862,3,4,win,0.0,41.0,974.0,1181.6
KXDOGE15M-26OCT080945-45,DOGE,crypto,PAPER,1,NO,2026-10-08T13:30:54.846031+00:00,845.2,42,2026-10-08T13:32:08.850510+00:00,771.1,55,,sold,25,36,94,1079,0,1,41.5,-11.0,,15.5,50,52.0,878.2,2.0,0.087,0.0869,-0.0898,-0.046,-0.069,0.0756,2,3,none yet,128.0,94.0,349.01,187.78
KXCOPPER15M-26OCT080945-45,COPPER,commodity,PAPER,1,YES,2026-10-08T13:31:03.845718+00:00,836.2,39,2026-10-08T13:32:42.850036+00:00,737.2,65,,sold,28,33,227,60,1,3,37.5,-11.0,-7.0,11.0,42,43.0,862.2,7.0,,,,,,0.1348,3,3,none yet,128.0,101.0,415.27,301.0
KXXRP15M-26OCT080945-45,XRP,crypto,PAPER,1,NO,2026-10-08T13:30:53.856065+00:00,846.1,40,2026-10-08T13:33:32.850842+00:00,687.1,55,,sold,25,35,115,1194,0,1,39.5,-12.0,,17.0,49,50.5,878.2,0.5,1.3994,1.3991,-0.0214,-0.05,-0.0787,0.0774,1,2,win,111.0,410.0,153.0,503.0
KXPALLADIUM15M-26OCT080945-45,PALLADIUM,commodity,PAPER,1,NO,2026-10-08T13:30:41.846541+00:00,858.2,38,2026-10-08T13:40:33.850696+00:00,266.1,55,,sold,6,35,135,195,0,4,36.0,-8.5,,14.0,30,43.0,878.2,7.0,,,,,,-0.0704,2,2,win,,,,
KXGOLD15M-26OCT080945-45,GOLD,commodity,PAPER,1,NO,2026-10-08T13:31:12.847528+00:00,827.2,42,2026-10-08T13:40:59.848635+00:00,240.2,58,,sold,13,36,124,319,1,1,41.5,-9.0,-11.0,14.0,40,48.5,862.2,1.5,,,,,,0.1696,4,4,win,0.0,96.0,0.0,2896.0
KXWTI15M-26OCT080945-45,WTI,commodity,PAPER,1,NO,2026-10-08T13:30:36.970573+00:00,863.0,40,,,0,yes,settled,0,17,-417,-98,0,2,39.0,-13.5,,16.5,16,,,,,,,,,-0.0701,1,1,none yet,,,,
KXPLATINUM15M-26OCT080945-45,PLATINUM,commodity,PAPER,1,NO,2026-10-08T13:30:22.847115+00:00,877.2,42,,,0,yes,settled,0,18,-438,-536,0,5,39.5,,,11.0,18,40.5,878.2,9.5,,,,,,-0.0645,1,0,none yet,,,,
KXPLATINUM15M-26OCT081000-00,PLATINUM,commodity,PAPER,1,NO,2026-10-08T13:45:46.846076+00:00,853.2,42,2026-10-08T13:46:04.846025+00:00,835.2,55,,sold,39,36,94,-442,0,2,41.0,-7.5,,14.0,38,48.5,884.2,1.5,,,,,,-0.3183,2,2,loss,0.0,17.0,0.1,279.37
KXGOLD15M-26OCT081000-00,GOLD,commodity,PAPER,1,YES,2026-10-08T13:45:19.846823+00:00,880.2,40,2026-10-08T13:46:29.846009+00:00,810.2,58,,sold,38,35,145,-297,0,1,39.5,,,12.0,16,46.5,884.2,3.5,,,,,,-0.1228,1,0,win,0.0,1250.0,0.0,2259.0
KXCOPPER15M-26OCT081000-00,COPPER,commodity,PAPER,1,YES,2026-10-08T13:45:31.846378+00:00,868.2,39,2026-10-08T13:47:18.847995+00:00,761.2,56,,sold,33,35,135,-162,0,3,37.5,,,13.5,12,37.5,868.2,12.5,,,,,,-0.1836,1,1,win,0.1,128.0,208.47,333.0
KXSILVER15M-26OCT081000-00,SILVER,commodity,PAPER,1,YES,2026-10-08T13:46:00.847023+00:00,839.2,41,2026-10-08T13:47:31.847494+00:00,748.2,55,,sold,35,35,105,-57,1,1,40.5,-9.0,,15.0,26,50.5,853.2,0.5,,,,,,-0.1842,5,5,none yet,19.25,853.0,2619.71,3813.0
KXWTI15M-26OCT081000-00,WTI,commodity,PAPER,1,YES,2026-10-08T13:45:50.849870+00:00,849.2,38,2026-10-08T13:48:14.845456+00:00,705.2,55,,sold,37,35,135,78,0,1,37.5,-6.0,,14.5,16,36.5,853.2,13.5,,,,,,-0.3082,3,3,loss,219.0,757.42,1787.37,1480.42
KXPALLADIUM15M-26OCT081000-00,PALLADIUM,commodity,PAPER,1,YES,2026-10-08T13:45:58.850671+00:00,841.2,42,2026-10-08T13:48:23.847992+00:00,696.2,56,,sold,34,36,104,182,0,3,40.5,-7.5,,10.5,49,45.5,882.2,4.5,,,,,,-0.2247,4,4,win,0.0,5.0,28.0,201.0
KXSOL15M-26OCT081000-00,SOL,crypto,PAPER,1,YES,2026-10-08T13:45:37.848263+00:00,862.2,42,2026-10-08T13:48:52.846432+00:00,667.2,55,,sold,26,36,94,1288,0,1,41.5,-12.0,,13.0,18,44.0,868.2,6.0,111.47,111.6333,-0.1463,-0.197,-0.1523,-0.1923,4,4,win,530.6,10.0,1295.6,436.6
KXDOGE15M-26OCT081000-00,DOGE,crypto,PAPER,1,YES,2026-10-08T13:45:31.849025+00:00,868.2,39,2026-10-08T13:49:23.845373+00:00,636.2,55,,sold,24,35,125,1413,0,1,38.5,,,9.5,12,38.5,868.2,11.5,0.0865,0.0866,-0.1224,-0.0924,-0.1386,-0.1836,3,3,win,72.0,64.0,262.01,411.0
KXETH15M-26OCT081000-00,ETH,crypto,PAPER,1,YES,2026-10-08T13:45:20.294392+00:00,879.7,40,2026-10-08T13:49:35.846824+00:00,624.2,56,,sold,16,35,125,1538,0,1,39.5,,,5.0,11,,,,2508.89,2514.4,-0.2191,-0.2195,-0.1679,-0.1343,2,2,win,,,,
KXXRP15M-26OCT081000-00,XRP,crypto,PAPER,1,YES,2026-10-08T13:45:18.846865+00:00,881.2,41,2026-10-08T13:49:37.846918+00:00,622.2,56,,sold,22,35,115,1653,0,1,40.5,,,5.0,15,45.5,884.2,4.5,1.3924,1.3944,-0.1434,-0.0718,-0.1004,-0.0977,0,0,win,35.0,44.0,668.0,572.0
KXBTC15M-26OCT081000-00,BTC,crypto,PAPER,1,YES,2026-10-08T13:45:20.292997+00:00,879.7,41,2026-10-08T13:49:46.847687+00:00,613.2,56,,sold,21,35,115,1768,0,1,40.5,,,6.0,11,,,,81848.34,81993.37,-0.1769,-0.1877,-0.1343,-0.1343,1,1,win,,,,
KXSOL15M-26OCT081015-15,SOL,crypto,PAPER,1,NO,2026-10-08T14:00:46.846859+00:00,853.2,38,2026-10-08T14:01:07.848192+00:00,832.2,55,,sold,37,35,135,1903,0,1,37.5,-13.0,,15.0,7,37.5,853.2,12.5,112.33,112.2032,-0.113,-0.1873,-0.1069,0.0794,4,4,win,,,,
KXBTC15M-26OCT081015-15,BTC,crypto,PAPER,1,NO,2026-10-08T14:00:42.849088+00:00,857.2,42,2026-10-08T14:01:08.850907+00:00,831.1,56,,sold,39,36,104,2007,0,1,41.5,-8.0,,16.0,29,52.5,879.2,2.5,82197.86,82127.78,-0.0853,-0.0876,-0.1095,0.1095,3,3,win,,,,
KXXRP15M-26OCT081015-15,XRP,crypto,PAPER,1,NO,2026-10-08T14:00:41.852091+00:00,858.2,39,2026-10-08T14:01:08.853156+00:00,831.1,56,,sold,37,35,135,2142,0,1,38.5,-12.0,,24.0,7,38.5,858.2,11.5,1.4011,1.3992,-0.1358,-0.1286,-0.1859,0.0719,2,2,win,,,,
KXDOGE15M-26OCT081015-15,DOGE,crypto,PAPER,1,NO,2026-10-08T14:00:41.847349+00:00,858.2,39,2026-10-08T14:01:09.846821+00:00,830.2,55,,sold,35,35,125,2267,0,1,38.5,-12.0,,20.0,7,38.5,858.2,11.5,0.0871,0.087,-0.1828,-0.1379,-0.1379,0.0719,1,1,win,,,,
KXETH15M-26OCT081015-15,ETH,crypto,PAPER,1,YES,2026-10-08T14:00:09.944507+00:00,890.1,42,2026-10-08T14:01:42.846827+00:00,797.2,57,,sold,31,36,114,2381,0,1,41.5,,,7.0,5,,,,2519.0,2520.3,-0.0516,-0.067,-0.0397,-0.0016,0,0,win,,,,
KXWTI15M-26OCT081015-15,WTI,commodity,PAPER,1,YES,2026-10-08T14:00:24.847055+00:00,875.2,41,2026-10-08T14:01:58.847334+00:00,781.2,56,,sold,29,35,115,297,0,1,40.5,,,9.0,11,42.5,879.2,7.5,,,,,,-0.033,0,0,win,,,,
KXPALLADIUM15M-26OCT081015-15,PALLADIUM,commodity,PAPER,1,YES,2026-10-08T14:00:59.847523+00:00,840.2,41,2026-10-08T14:02:22.847552+00:00,757.2,55,,sold,34,35,105,402,0,5,38.5,-14.5,,15.5,17,48.5,855.2,1.5,,,,,,0.0909,5,5,win,,,,
KXCOPPER15M-26OCT081015-15,COPPER,commodity,PAPER,1,YES,2026-10-08T14:00:27.851471+00:00,872.2,42,2026-10-08T14:03:26.847758+00:00,693.2,55,,sold,19,36,94,496,0,3,40.5,,,5.0,8,41.0,874.2,9.0,,,,,,-0.0144,2,2,win,,,,
KXSILVER15M-26OCT081015-15,SILVER,commodity,PAPER,1,YES,2026-10-08T14:00:53.847466+00:00,846.2,38,,,0,no,settled,0,17,-397,99,0,1,37.5,-10.5,,11.5,8,36.5,847.2,13.5,,,,,,0.088,3,3,win,,,,
KXGOLD15M-26OCT081015-15,GOLD,commodity,PAPER,1,YES,2026-10-08T14:00:27.847834+00:00,872.2,42,,,0,no,settled,0,18,-438,-339,0,1,41.5,,,7.0,14,45.5,879.2,4.5,,,,,,-0.0144,1,1,win,,,,
KXPLATINUM15M-26OCT081015-15,PLATINUM,commodity,PAPER,1,YES,2026-10-08T14:00:57.848486+00:00,842.2,40,,,0,no,settled,0,17,-417,-756,0,2,39.0,-8.0,,10.0,35,47.0,874.2,3.0,,,,,,0.1061,4,4,win,,,,
KXBTC15M-26OCT081030-30,BTC,crypto,PAPER,1,NO,2026-10-08T14:15:40.850447+00:00,859.2,42,2026-10-08T14:16:02.846072+00:00,837.2,55,,sold,41,36,94,2475,0,1,41.5,-6.0,,11.0,39,47.5,892.1,2.5,82517.4,82477.28,-0.0486,-0.0333,-0.0588,0.0588,1,1,win,,,,
KXSOL15M-26OCT081030-30,SOL,crypto,PAPER,1,NO,2026-10-08T14:15:32.847734+00:00,867.2,41,2026-10-08T14:16:27.847374+00:00,812.2,55,,sold,37,35,105,2580,0,1,40.5,,,9.0,26,47.5,886.2,2.5,112.56,112.5003,-0.0531,-0.0355,-0.0267,0.0463,0,0,win,,,,
KXCOPPER15M-26OCT081030-30,COPPER,commodity,PAPER,1,YES,2026-10-08T14:15:28.847561+00:00,871.2,41,2026-10-08T14:18:04.847056+00:00,715.2,59,,sold,29,34,146,-610,0,4,39.0,,,13.0,17,48.5,881.2,1.5,,,,,,0.0276,0,0,win,,,,
KXXRP15M-26OCT081030-30,XRP,crypto,PAPER,1,YES,2026-10-08T14:16:02.849221+00:00,837.2,42,2026-10-08T14:19:27.846187+00:00,632.2,55,,sold,27,36,94,2674,1,2,41.0,-13.5,,13.5,24,53.0,854.2,3.0,1.4014,1.4025,-0.0784,-0.114,-0.0713,-0.0178,2,3,win,,,,
KXDOGE15M-26OCT081030-30,DOGE,crypto,PAPER,1,YES,2026-10-08T14:15:49.846797+00:00,850.2,42,2026-10-08T14:20:20.845238+00:00,579.2,56,,sold,25,36,104,2778,0,1,41.5,-12.0,,12.0,21,47.5,864.2,2.5,,,,,,-0.0148,2,2,win,,,,
KXETH15M-26OCT081030-30,ETH,crypto,PAPER,1,YES,2026-10-08T14:16:03.849759+00:00,836.2,41,2026-10-08T14:20:39.845574+00:00,560.2,55,,sold,27,35,105,2883,1,1,40.5,-12.0,-8.0,14.0,51,51.5,881.2,1.5,2528.67,2530.5,-0.0723,-0.0755,-0.0703,-0.0419,3,4,win,,,,
KXWTI15M-26OCT081030-30,WTI,commodity,PAPER,1,NO,2026-10-08T14:15:47.846921+00:00,852.2,38,2026-10-08T14:20:45.845546+00:00,554.2,55,,sold,30,35,135,-475,0,1,37.5,-15.5,,17.0,40,45.0,886.2,5.0,,,,,,0.0084,2,2,win,,,,
KXGOLD15M-26OCT081030-30,GOLD,commodity,PAPER,1,NO,2026-10-08T14:15:29.848881+00:00,870.2,42,,,0,yes,settled,0,18,-438,-913,0,1,41.5,,,9.0,7,41.5,870.2,8.5,,,,,,0.0267,1,1,loss,,,,
KXPALLADIUM15M-26OCT081030-30,PALLADIUM,commodity,PAPER,1,NO,2026-10-08T14:17:37.848274+00:00,742.2,41,,,0,yes,settled,0,17,-427,-1340,2,2,40.0,-7.0,-6.5,10.5,48,46.5,864.2,3.5,,,,,,-0.0648,3,3,win,,,,
KXPLATINUM15M-26OCT081030-30,PLATINUM,commodity,PAPER,1,NO,2026-10-08T14:17:47.846570+00:00,732.2,42,,,0,yes,settled,0,18,-438,-1778,2,4,40.0,-5.5,-10.0,15.0,50,48.5,881.2,1.5,,,,,,-0.0126,5,5,loss,,,,
KXSILVER15M-26OCT081030-30,SILVER,commodity,PAPER,1,NO,2026-10-08T14:17:38.847472+00:00,741.2,42,,,0,yes,settled,0,18,-438,-2216,2,1,41.5,-11.0,-11.0,15.0,60,43.5,870.2,6.5,,,,,,-0.0321,4,4,loss,,,,
KXPLATINUM15M-26OCT081045-45,PLATINUM,commodity,PAPER,1,YES,2026-10-08T14:30:29.847390+00:00,870.2,42,2026-10-08T14:31:55.845727+00:00,784.2,55,,sold,36,36,94,-2122,0,5,39.5,,,11.0,7,40.5,871.2,9.5,,,,,,-0.1138,4,2,loss,,,,
KXWTI15M-26OCT081045-45,WTI,commodity,PAPER,1,YES,2026-10-08T14:30:27.847558+00:00,872.2,42,2026-10-08T14:32:11.846527+00:00,768.2,56,,sold,24,36,104,-2018,0,1,41.5,,,10.5,27,43.0,893.1,7.0,,,,,,-0.1241,5,1,win,,,,
KXXRP15M-26OCT081045-45,XRP,crypto,PAPER,1,YES,2026-10-08T14:30:43.848691+00:00,856.2,38,2026-10-08T14:33:52.847595+00:00,667.2,55,,sold,33,35,135,3018,0,1,37.5,-6.0,,13.0,7,37.5,856.2,12.5,1.4039,1.4056,-0.1209,-0.0356,-0.0996,-0.0447,4,4,win,,,,
KXGOLD15M-26OCT081045-45,GOLD,commodity,PAPER,1,YES,2026-10-08T14:30:22.592232+00:00,877.4,41,2026-10-08T14:34:13.845845+00:00,646.2,55,,sold,29,35,105,-1913,0,1,40.5,,,9.0,6,,,,,,,,,-0.0998,4,0,loss,,,,
KXCOPPER15M-26OCT081045-45,COPPER,commodity,PAPER,1,NO,2026-10-08T14:30:37.848094+00:00,862.2,42,2026-10-08T14:34:23.847700+00:00,636.2,57,,sold,29,36,114,-1799,0,3,40.5,-8.0,,12.5,32,46.0,887.2,4.0,,,,,,-0.0631,5,3,win,,,,
KXDOGE15M-26OCT081045-45,DOGE,crypto,PAPER,1,YES,2026-10-08T14:30:22.849154+00:00,877.2,42,2026-10-08T14:34:26.846016+00:00,633.2,55,,sold,32,36,94,3112,0,1,41.5,,,8.5,7,41.5,877.2,8.5,,,,,,-0.0997,1,1,win,,,,
KXSOL15M-26OCT081045-45,SOL,crypto,PAPER,1,YES,2026-10-08T14:30:39.846986+00:00,860.2,40,2026-10-08T14:34:28.846737+00:00,631.2,55,,sold,26,35,115,3227,0,1,39.5,-6.0,,9.0,7,39.5,860.2,10.5,112.45,112.5355,-0.076,-0.0533,-0.0977,-0.0568,3,3,win,,,,
KXETH15M-26OCT081045-45,ETH,crypto,PAPER,1,YES,2026-10-08T14:30:14.846973+00:00,885.2,42,2026-10-08T14:34:33.846072+00:00,626.2,57,,sold,27,36,114,3341,0,1,41.5,,,8.5,13,47.5,893.1,2.5,2531.74,2532.8,-0.0419,-0.0324,-0.0513,-0.0696,0,0,win,,,,
KXBTC15M-26OCT081045-45,BTC,crypto,PAPER,1,YES,2026-10-08T14:30:34.848039+00:00,865.2,38,2026-10-08T14:34:34.846172+00:00,625.2,58,,sold,27,35,165,3506,0,1,37.5,-9.0,,16.0,19,36.5,877.2,13.5,82612.95,82676.42,-0.0768,-0.0574,-0.0797,-0.0797,2,2,win,,,,
KXPALLADIUM15M-26OCT081045-45,PALLADIUM,commodity,PAPER,1,NO,2026-10-08T14:31:58.847206+00:00,781.2,42,2026-10-08T14:35:54.845770+00:00,545.2,55,,sold,25,36,94,-1705,1,5,39.5,-12.5,-8.0,13.5,50,52.0,856.2,2.0,,,,,,-0.0224,4,5,loss,,,,
KXSILVER15M-26OCT081045-45,SILVER,commodity,PAPER,1,YES,2026-10-08T14:31:44.850601+00:00,795.2,39,,,0,no,settled,0,17,-407,-2112,1,1,38.5,6.0,11.0,12.0,60,29.5,877.2,20.5,,,,,,-0.0622,4,4,loss,,,,
KXPALLADIUM15M-26OCT081100-00,PALLADIUM,commodity,PAPER,1,NO,2026-10-08T14:46:21.849821+00:00,818.2,41,2026-10-08T14:48:12.845274+00:00,707.2,55,,sold,37,35,105,-2007,1,1,40.5,-14.0,,17.5,41,51.0,877.2,1.0,,,,,,0.0647,5,5,win,,,,
KXGOLD15M-26OCT081100-00,GOLD,commodity,PAPER,1,YES,2026-10-08T14:45:30.847641+00:00,869.2,40,2026-10-08T14:51:36.846543+00:00,503.2,56,,sold,23,35,125,-1882,0,1,39.5,,,0.0,1,39.5,869.2,10.5,,,,,,-0.0203,2,2,win,,,,
KXCOPPER15M-26OCT081100-00,COPPER,commodity,PAPER,1,NO,2026-10-08T14:46:16.847876+00:00,823.2,42,2026-10-08T14:53:09.845957+00:00,410.2,56,,sold,19,36,104,-1778,1,2,41.0,-7.5,,9.5,35,48.5,863.2,1.5,,,,,,0.0711,3,3,win,,,,
KXDOGE15M-26OCT081100-00,DOGE,crypto,PAPER,1,NO,2026-10-08T14:45:54.846472+00:00,845.2,42,2026-10-08T14:53:35.846400+00:00,384.2,55,,sold,10,36,94,3600,0,1,41.5,-5.0,,8.0,41,49.5,885.2,0.5,,,,,,0.0451,4,4,win,,,,
KXSILVER15M-26OCT081100-00,SILVER,commodity,PAPER,1,YES,2026-10-08T14:45:23.848220+00:00,876.2,42,2026-10-08T14:53:48.151280+00:00,371.8,55,,sold,25,36,94,-1684,0,1,41.5,,,12.0,10,43.5,885.2,6.5,,,,,,0.0148,2,1,loss,,,,
KXXRP15M-26OCT081100-00,XRP,crypto,PAPER,1,NO,2026-10-08T14:45:44.848628+00:00,855.2,42,2026-10-08T14:54:27.846064+00:00,332.2,55,,sold,6,36,94,3694,0,1,41.5,-6.0,,10.0,41,46.5,895.2,3.5,,,,-0.0428,-0.0071,0.0127,1,1,win,,,,
KXETH15M-26OCT081100-00,ETH,crypto,PAPER,1,NO,2026-10-08T14:45:53.847268+00:00,846.2,42,2026-10-08T14:54:34.846735+00:00,325.2,58,,sold,9,36,124,3818,0,1,41.5,-7.0,,8.0,50,47.5,895.2,2.5,2527.36,2526.0,-0.0538,-0.036,-0.0534,0.0529,3,3,win,,,,
KXBTC15M-26OCT081100-00,BTC,crypto,PAPER,1,NO,2026-10-08T14:45:50.851028+00:00,849.2,42,,,0,yes,settled,0,18,-438,3380,0,1,41.5,,,7.0,15,47.5,863.2,2.5,82538.63,82501.3,-0.0452,-0.0154,-0.0395,0.0395,2,2,win,,,,
KXSOL15M-26OCT081100-00,SOL,crypto,PAPER,1,NO,2026-10-08T14:45:34.847734+00:00,865.2,42,,,0,yes,settled,1,18,-438,2942,0,1,41.5,,,4.0,10,45.5,874.2,4.5,112.24,112.1713,-0.0612,-0.0446,-0.0357,0.0012,0,0,win,,,,
KXPLATINUM15M-26OCT081100-00,PLATINUM,commodity,PAPER,1,NO,2026-10-08T14:46:21.847202+00:00,818.2,42,,,0,yes,settled,0,18,-438,-2122,1,3,40.5,-16.5,-12.0,17.0,59,49.5,895.2,0.5,,,,,,0.0647,4,4,win,,,,
KXWTI15M-26OCT081100-00,WTI,commodity,PAPER,1,NO,2026-10-08T14:45:14.847305+00:00,885.2,41,,,0,yes,settled,0,17,-427,-2549,0,4,39.0,,,0.0,1,39.0,885.2,11.0,,,,,,0.0354,1,0,win,,,,
KXPALLADIUM15M-26OCT081115-15,PALLADIUM,commodity,PAPER,1,NO,2026-10-08T15:01:29.850346+00:00,810.2,41,2026-10-08T15:08:43.847009+00:00,376.2,55,,sold,24,35,105,-2444,1,4,39.0,8.0,11.0,12.0,32,28.5,854.2,21.5,,,,,,-0.032,3,3,win,,,,
KXETH15M-26OCT081115-15,ETH,crypto,PAPER,1,YES,2026-10-08T15:00:08.222262+00:00,891.8,40,,,0,no,settled,0,17,-417,2525,0,1,39.5,,,4.0,6,,,,2529.1,2530.71,-0.0636,-0.0332,-0.1149,-0.0971,3,1,win,,,,
KXDOGE15M-26OCT081115-15,DOGE,crypto,PAPER,1,YES,2026-10-08T15:00:08.223824+00:00,891.8,41,,,0,no,settled,0,17,-427,2098,0,1,40.5,,,5.0,6,,,,0.0871,0.0871,-0.0643,0.0115,-0.1262,-0.0956,4,2,win,,,,
KXSOL15M-26OCT081115-15,SOL,crypto,PAPER,1,YES,2026-10-08T15:00:49.859339+00:00,850.1,39,,,0,no,settled,0,17,-407,1691,0,1,38.5,0.0,,2.0,6,,,,112.4,112.4975,-0.0867,-0.0267,-0.0534,-0.0387,4,4,loss,,,,
KXBTC15M-26OCT081115-15,BTC,crypto,PAPER,1,YES,2026-10-08T15:00:08.219989+00:00,891.8,40,,,0,no,settled,0,17,-417,1274,0,1,39.5,,,4.0,6,,,,82617.49,82668.86,-0.0621,-0.0331,-0.0971,-0.0971,2,0,win,,,,
KXXRP15M-26OCT081115-15,XRP,crypto,PAPER,1,YES,2026-10-08T15:00:29.076756+00:00,870.9,41,,,0,no,settled,0,17,-427,847,0,1,40.5,,,7.5,6,,,,1.4048,1.4046,0.0142,0.0712,0.0285,-0.047,3,3,win,,,,
KXSILVER15M-26OCT081115-15,SILVER,commodity,PAPER,1,YES,2026-10-08T15:00:39.858429+00:00,860.1,41,,,0,no,settled,0,17,-427,-2871,0,2,40.0,-10.5,,11.5,7,40.0,860.1,10.0,,,,,,-0.0347,1,1,win,,,,
KXCOPPER15M-26OCT081115-15,COPPER,commodity,PAPER,1,YES,2026-10-08T15:01:42.850838+00:00,797.2,38,,,0,no,settled,0,17,-397,-3268,1,2,37.0,-14.5,-14.0,20.5,52,54.5,885.2,4.5,,,,,,-0.0264,4,4,win,,,,
KXPLATINUM15M-26OCT081115-15,PLATINUM,commodity,PAPER,1,YES,2026-10-08T15:00:55.848400+00:00,844.2,41,,,0,no,settled,0,17,-427,-3695,0,2,40.0,-10.0,,13.0,33,49.5,870.2,0.5,,,,,,-0.0474,2,2,loss,,,,
KXWTI15M-26OCT081115-15,WTI,commodity,PAPER,1,NO,2026-10-08T15:00:39.850568+00:00,860.2,38,,,0,yes,settled,0,17,-397,-4092,0,1,37.5,-15.5,,15.5,7,37.5,860.2,12.5,,,,,,-0.0347,0,0,loss,,,,
KXPLATINUM15M-26OCT081130-30,PLATINUM,commodity,PAPER,1,YES,2026-10-08T15:15:23.847466+00:00,876.2,42,2026-10-08T15:15:42.845165+00:00,857.2,55,,sold,39,36,94,-3998,0,3,40.5,,,8.0,5,40.5,876.2,9.5,,,,,,-0.0683,3,0,loss,,,,
KXETH15M-26OCT081130-30,ETH,crypto,PAPER,1,YES,2026-10-08T15:15:37.850955+00:00,862.2,39,2026-10-08T15:16:05.846576+00:00,834.2,55,,sold,36,35,125,972,0,1,38.5,-7.0,,14.0,11,32.5,866.2,17.5,2507.54,2510.08,-0.1012,-0.053,-0.0745,-0.068,2,2,loss,,,,
KXSOL15M-26OCT081130-30,SOL,crypto,PAPER,1,YES,2026-10-08T15:15:17.847551+00:00,882.2,39,2026-10-08T15:16:17.847260+00:00,822.2,56,,sold,30,35,135,1107,0,1,38.5,,,7.5,7,38.5,882.2,11.5,110.92,111.0838,-0.1475,-0.0451,-0.189,-0.0886,1,0,loss,,,,
KXCOPPER15M-26OCT081130-30,COPPER,commodity,PAPER,1,NO,2026-10-08T15:16:08.847534+00:00,831.2,42,2026-10-08T15:16:39.845850+00:00,800.2,57,,sold,39,36,114,-3884,1,1,41.5,-12.5,-11.0,16.5,56,54.5,892.2,4.5,,,,,,0.0259,4,5,loss,,,,
KXGOLD15M-26OCT081130-30,GOLD,commodity,PAPER,1,YES,2026-10-08T15:15:27.847352+00:00,872.2,38,2026-10-08T15:17:40.846775+00:00,739.2,55,,sold,35,35,135,-3749,0,1,37.5,,,13.0,17,42.0,882.2,8.0,,,,,,-0.0825,3,1,win,,,,
KXWTI15M-26OCT081130-30,WTI,commodity,PAPER,1,NO,2026-10-08T15:15:35.847870+00:00,864.2,38,2026-10-08T15:20:53.845526+00:00,546.2,56,,sold,25,35,145,-3604,0,1,37.5,5.0,,12.5,9,36.5,866.2,13.5,,,,,,-0.0988,2,2,loss,,,,
KXXRP15M-26OCT081130-30,XRP,crypto,PAPER,1,YES,2026-10-08T15:16:00.848847+00:00,839.2,39,,,0,no,settled,0,17,-407,700,1,1,38.5,7.0,,12.0,34,26.5,866.2,23.5,1.3826,1.3851,-0.1805,0.1594,0.2175,-0.0008,3,3,loss,,,,
KXDOGE15M-26OCT081130-30,DOGE,crypto,PAPER,1,YES,2026-10-08T15:16:07.848374+00:00,832.2,38,,,0,no,settled,0,17,-397,303,1,1,37.5,14.0,6.0,18.0,51,29.5,882.2,20.5,0.0859,0.086,-0.2057,0.1867,-0.0349,0.0231,3,4,loss,,,,
KXBTC15M-26OCT081130-30,BTC,crypto,PAPER,1,YES,2026-10-08T15:15:23.851308+00:00,876.2,38,,,0,no,settled,0,17,-397,-94,0,1,37.5,,,8.0,7,37.5,876.2,12.5,82094.8,82166.73,-0.0875,-0.0412,-0.0683,-0.0683,1,1,loss,,,,
KXPALLADIUM15M-26OCT081130-30,PALLADIUM,commodity,PAPER,1,NO,2026-10-08T15:15:40.852155+00:00,859.1,42,,,0,yes,settled,0,18,-438,-4042,0,3,40.5,-11.5,,15.0,18,53.5,876.2,3.5,,,,,,-0.0249,4,4,win,,,,
KXSILVER15M-26OCT081130-30,SILVER,commodity,PAPER,1,NO,2026-10-08T15:15:40.848305+00:00,859.2,42,,,0,yes,settled,0,18,-438,-4480,0,1,41.5,-15.5,,19.0,14,55.0,866.2,5.0,,,,,,-0.0249,3,3,loss,,,,
KXSOL15M-26OCT081145-45,SOL,crypto,PAPER,1,YES,2026-10-08T15:30:31.847821+00:00,868.2,42,2026-10-08T15:30:48.845328+00:00,851.2,55,,sold,40,36,94,0,0,1,41.5,,,8.0,7,41.5,868.2,8.5,108.68,108.9025,-0.2043,-0.0736,-0.1287,-0.0876,1,1,win,,,,
KXDOGE15M-26OCT081145-45,DOGE,crypto,PAPER,1,YES,2026-10-08T15:30:47.060647+00:00,852.9,39,2026-10-08T15:30:51.846973+00:00,848.2,55,,sold,38,35,125,125,0,1,38.5,0.0,,2.0,6,,,,0.0835,0.0836,-0.1076,0.2882,-0.0718,0.032,3,3,loss,,,,
KXBTC15M-26OCT081145-45,BTC,crypto,PAPER,1,NO,2026-10-08T15:30:49.849356+00:00,850.2,40,2026-10-08T15:31:55.848866+00:00,784.2,55,,sold,34,35,115,240,0,1,39.5,-9.0,,17.0,36,47.5,879.2,2.5,81370.43,81292.75,-0.0956,-0.0866,-0.1045,0.1045,3,4,loss,,,,
KXXRP15M-26OCT081145-45,XRP,crypto,PAPER,1,NO,2026-10-08T15:30:41.849331+00:00,858.2,42,2026-10-08T15:32:04.846571+00:00,775.2,57,,sold,33,36,114,354,0,1,41.5,-7.0,,15.0,17,54.5,868.2,4.5,1.3563,1.3544,-0.1403,-0.1773,-0.2587,0.0132,2,2,loss,,,,
KXETH15M-26OCT081145-45,ETH,crypto,PAPER,1,YES,2026-10-08T15:30:30.848771+00:00,869.2,41,2026-10-08T15:32:58.847087+00:00,721.2,55,,sold,31,35,105,459,0,1,40.5,,,12.0,11,50.0,873.2,0.0,2458.68,2462.65,-0.1612,-0.1734,-0.1462,-0.0121,0,0,win,,,,
KXSILVER15M-26OCT081145-45,SILVER,commodity,PAPER,1,YES,2026-10-08T15:30:28.847813+00:00,871.2,42,2026-10-08T15:33:16.845821+00:00,703.2,57,,sold,35,36,114,-4366,0,1,41.5,,,7.0,9,42.0,873.2,8.0,,,,,,0.0658,3,2,loss,,,,
KXCOPPER15M-26OCT081145-45,COPPER,commodity,PAPER,1,YES,2026-10-08T15:30:31.243084+00:00,868.8,41,2026-10-08T15:33:20.846505+00:00,699.2,55,,sold,34,35,105,-4261,0,4,39.0,,,2.5,5,,,,,,,,,-0.0462,3,3,win,,,,
KXPLATINUM15M-26OCT081145-45,PLATINUM,commodity,PAPER,1,NO,2026-10-08T15:32:59.850108+00:00,720.2,40,2026-10-08T15:35:02.846649+00:00,597.2,61,,sold,22,34,176,-4085,2,5,37.5,-13.0,-9.5,16.0,55,53.5,868.2,3.5,,,,,,0.2643,5,5,win,,,,
KXWTI15M-26OCT081145-45,WTI,commodity,PAPER,1,NO,2026-10-08T15:30:27.850562+00:00,872.2,41,2026-10-08T15:38:19.846559+00:00,400.2,60,,sold,9,34,156,-3929,0,1,40.5,,,18.0,8,36.5,873.2,13.5,,,,,,0.1092,3,1,win,,,,
KXGOLD15M-26OCT081145-45,GOLD,commodity,PAPER,1,YES,2026-10-08T15:30:21.848200+00:00,878.2,41,2026-10-08T15:40:25.847667+00:00,274.2,58,,sold,25,35,135,-3794,0,1,40.5,,,13.0,18,48.5,889.2,1.5,,,,,,0.055,2,0,win,,,,
KXPALLADIUM15M-26OCT081145-45,PALLADIUM,commodity,PAPER,1,YES,2026-10-08T15:32:09.850012+00:00,770.2,38,,,0,no,settled,0,17,-397,-4191,2,1,37.5,-13.0,-14.5,17.5,46,46.5,868.2,3.5,,,,,,-0.2712,4,4,loss,,,,
KXWTI15M-26OCT081200-00,WTI,commodity,PAPER,1,NO,2026-10-08T15:45:36.851618+00:00,863.2,42,2026-10-08T15:47:04.846164+00:00,775.2,57,,sold,39,36,114,-4077,0,1,41.5,-2.5,,9.0,23,46.0,879.2,4.0,,,,,,0.0102,4,4,win,,,,
KXSILVER15M-26OCT081200-00,SILVER,commodity,PAPER,1,YES,2026-10-08T15:45:20.847921+00:00,879.2,39,2026-10-08T15:47:17.845093+00:00,762.2,56,,sold,34,35,135,-3942,0,1,38.5,,,11.0,7,38.5,879.2,11.5,,,,,,0.0873,2,1,win,,,,
KXGOLD15M-26OCT081200-00,GOLD,commodity,PAPER,1,YES,2026-10-08T15:45:36.848903+00:00,863.2,42,2026-10-08T15:47:33.846866+00:00,746.2,58,,sold,30,36,124,-3818,0,1,41.5,-11.0,,12.0,7,41.5,863.2,8.5,,,,,,0.0133,3,3,win,,,,
KXBTC15M-26OCT081200-00,BTC,crypto,PAPER,1,YES,2026-10-08T15:46:46.926149+00:00,793.1,42,2026-10-08T15:47:33.847973+00:00,746.2,56,,sold,41,36,104,563,1,1,41.5,-5.0,-13.0,16.0,60,51.5,863.1,1.5,81082.92,81164.11,-0.1,-0.0493,-0.124,-0.124,4,4,win,,,,
KXDOGE15M-26OCT081200-00,DOGE,crypto,PAPER,1,NO,2026-10-08T15:45:09.847426+00:00,890.2,41,2026-10-08T15:48:39.847000+00:00,680.2,55,,sold,33,35,105,668,0,1,40.5,,,2.5,7,40.5,890.2,9.5,,,,-0.072,-0.1322,0.0435,0,0,win,,,,
KXPLATINUM15M-26OCT081200-00,PLATINUM,commodity,PAPER,1,NO,2026-10-08T15:47:17.850135+00:00,762.2,41,2026-10-08T15:48:48.845565+00:00,671.2,57,,sold,35,35,125,-3693,2,4,39.0,-14.5,-13.5,14.5,44,49.5,874.2,0.5,,,,,,0.0342,3,5,win,,,,
KXXRP15M-26OCT081200-00,XRP,crypto,PAPER,1,NO,2026-10-08T15:45:30.390294+00:00,869.6,42,2026-10-08T15:48:50.845614+00:00,669.2,59,,sold,29,35,135,803,0,1,41.5,,,2.0,6,,,,1.3555,1.3521,-0.2515,-0.2366,-0.2737,0.1055,2,2,win,,,,
KXETH15M-26OCT081200-00,ETH,crypto,PAPER,1,NO,2026-10-08T15:45:30.386401+00:00,869.6,40,2026-10-08T15:48:50.847058+00:00,669.2,58,,sold,37,35,145,948,0,1,39.5,,,5.0,6,,,,2456.02,2450.29,-0.2338,-0.1962,-0.2355,0.1055,1,1,win,,,,
KXSOL15M-26OCT081200-00,SOL,crypto,PAPER,1,NO,2026-10-08T15:45:30.849685+00:00,869.2,39,2026-10-08T15:48:55.845968+00:00,664.2,55,,sold,27,35,125,1073,0,1,38.5,,,8.0,7,38.5,869.2,11.5,109.25,109.0515,-0.182,-0.1283,-0.1742,0.0821,3,3,win,,,,
KXCOPPER15M-26OCT081200-00,COPPER,commodity,PAPER,1,NO,2026-10-08T15:45:19.847700+00:00,880.2,42,2026-10-08T15:52:40.846588+00:00,439.2,56,,sold,29,36,104,-3589,0,1,41.5,,,11.0,17,48.0,890.2,2.0,,,,,,0.0691,1,0,win,,,,
KXPALLADIUM15M-26OCT081200-00,PALLADIUM,commodity,PAPER,1,YES,2026-10-08T15:45:35.847476+00:00,864.2,41,2026-10-08T15:57:29.847170+00:00,150.2,59,,sold,26,34,146,-3443,0,5,38.5,-13.5,,14.0,22,45.0,888.2,5.0,,,,,,0.0246,2,2,loss,,,,
KXETH15M-26OCT081215-15,ETH,crypto,PAPER,1,NO,2026-10-08T16:00:12.307029+00:00,887.7,41,2026-10-08T16:01:09.848715+00:00,830.2,59,,sold,27,34,146,1219,0,1,40.5,,,6.0,9,40.5,887.7,9.5,2435.43,2432.26,-0.1303,-0.1575,-0.1822,0.0574,0,0,win,,,,
KXPALLADIUM15M-26OCT081215-15,PALLADIUM,commodity,PAPER,1,NO,2026-10-08T16:00:55.856987+00:00,844.1,39,2026-10-08T16:01:31.845011+00:00,808.2,58,,sold,36,35,155,-3288,0,3,37.5,5.0,,15.0,27,32.0,880.2,18.0,,,,,,0.0397,2,2,win,,,,
KXBTC15M-26OCT081215-15,BTC,crypto,PAPER,1,NO,2026-10-08T16:00:22.848298+00:00,877.2,40,2026-10-08T16:01:42.847128+00:00,797.2,55,,sold,31,35,115,1334,0,1,39.5,,,12.0,11,39.5,877.2,10.5,81025.99,80963.01,-0.0778,-0.057,-0.0709,0.0709,2,2,win,,,,
KXDOGE15M-26OCT081215-15,DOGE,crypto,PAPER,1,NO,2026-10-08T16:00:48.849929+00:00,851.2,41,2026-10-08T16:01:47.846906+00:00,792.2,55,,sold,33,35,105,1439,0,2,40.0,-2.5,,19.0,26,34.5,866.0,15.5,0.0827,0.0826,-0.0944,-0.0,-0.2181,0.1226,3,3,win,,,,
KXSOL15M-26OCT081215-15,SOL,crypto,PAPER,1,NO,2026-10-08T16:00:18.848931+00:00,881.2,40,2026-10-08T16:02:14.846257+00:00,765.2,56,,sold,31,35,125,1564,0,1,39.5,,,10.0,11,39.5,881.2,10.5,108.62,108.4555,-0.1517,-0.1845,-0.1291,0.0713,1,1,win,,,,
KXXRP15M-26OCT081215-15,XRP,crypto,PAPER,1,NO,2026-10-08T16:01:01.850232+00:00,838.2,38,2026-10-08T16:06:59.846202+00:00,480.2,55,,sold,17,35,135,1699,1,1,37.5,1.0,,23.0,39,23.5,866.0,26.5,1.3464,1.3445,-0.1413,0.1483,-0.1339,0.0778,4,4,win,,,,
KXCOPPER15M-26OCT081215-15,COPPER,commodity,PAPER,1,YES,2026-10-08T16:01:34.850034+00:00,805.2,42,2026-10-08T16:08:51.846514+00:00,368.2,56,,sold,13,36,104,-3184,1,2,41.0,-4.0,-10.0,10.5,55,51.0,866.0,1.0,,,,,,-0.1613,3,4,win,,,,
KXGOLD15M-26OCT081215-15,GOLD,commodity,PAPER,1,YES,2026-10-08T16:01:01.853598+00:00,838.1,42,2026-10-08T16:11:36.845946+00:00,203.2,57,,sold,3,36,114,-3070,1,1,41.5,-10.0,,15.0,44,51.5,871.2,1.5,,,,,,0.0778,3,3,win,,,,
KXSILVER15M-26OCT081215-15,SILVER,commodity,PAPER,1,YES,2026-10-08T16:00:55.849767+00:00,844.2,42,2026-10-08T16:13:01.845386+00:00,118.2,56,,sold,1,36,104,-2966,0,1,41.5,-6.5,,12.0,37,50.5,871.2,0.5,,,,,,0.0397,1,1,win,,,,
KXPLATINUM15M-26OCT081215-15,PLATINUM,commodity,PAPER,1,YES,2026-10-08T16:01:34.856757+00:00,805.1,41,,,0,no,settled,0,17,-427,-3393,1,2,40.0,-4.5,-13.0,14.5,55,53.5,866.0,3.5,,,,,,-0.1613,4,5,win,,,,
KXWTI15M-26OCT081215-15,WTI,commodity,PAPER,1,YES,2026-10-08T16:00:44.004137+00:00,856.0,40,,,0,no,settled,0,17,-417,-3810,0,1,39.5,-1.0,,8.0,11,39.5,856.0,10.5,,,,,,0.1091,0,0,win,,,,
KXXRP15M-26OCT081230-30,XRP,crypto,PAPER,1,YES,2026-10-08T16:15:31.437956+00:00,868.6,42,2026-10-08T16:16:09.847384+00:00,830.2,55,,sold,41,36,94,1793,0,1,41.5,,,2.0,5,,,,1.3459,1.3477,-0.1336,-0.0223,-0.0891,-0.0497,2,2,win,,,,
KXSILVER15M-26OCT081230-30,SILVER,commodity,PAPER,1,NO,2026-10-08T16:15:54.849787+00:00,845.2,40,2026-10-08T16:16:23.845153+00:00,816.2,55,,sold,38,35,115,-3695,0,2,39.0,-9.5,,15.5,27,52.5,868.2,2.5,,,,,,0.0209,4,4,win,,,,
KXPLATINUM15M-26OCT081230-30,PLATINUM,commodity,PAPER,1,YES,2026-10-08T16:16:15.848578+00:00,824.2,42,2026-10-08T16:17:11.845169+00:00,768.2,55,,sold,25,36,94,-3601,1,3,40.5,-8.0,-14.0,14.5,52,53.0,889.2,3.0,,,,,,0.0692,5,5,loss,,,,
KXGOLD15M-26OCT081230-30,GOLD,commodity,PAPER,1,YES,2026-10-08T16:15:34.848852+00:00,865.2,42,2026-10-08T16:17:11.852238+00:00,768.1,58,,sold,25,36,124,-3477,0,1,41.5,,,10.0,25,51.0,884.2,1.0,,,,,,-0.0444,1,1,win,,,,
KXPALLADIUM15M-26OCT081230-30,PALLADIUM,commodity,PAPER,1,YES,2026-10-08T16:15:42.849501+00:00,857.2,38,2026-10-08T16:17:12.881104+00:00,767.1,66,,sold,32,33,247,-3230,0,4,36.0,-8.5,,10.0,6,36.0,857.2,14.0,,,,,,-0.0486,3,3,win,,,,
KXDOGE15M-26OCT081230-30,DOGE,crypto,PAPER,1,YES,2026-10-08T16:15:36.652752+00:00,863.4,41,2026-10-08T16:17:13.846564+00:00,766.2,55,,sold,39,35,105,1898,0,1,40.5,0.0,,0.0,5,,,,0.0828,0.0829,-0.152,0.0605,-0.0966,-0.0757,3,3,win,,,,
KXBTC15M-26OCT081230-30,BTC,crypto,PAPER,1,YES,2026-10-08T16:15:23.848678+00:00,876.2,42,2026-10-08T16:17:13.847485+00:00,766.2,56,,sold,34,36,104,2002,0,1,41.5,,,4.0,19,44.5,889.2,5.5,80906.22,80971.78,-0.081,-0.043,-0.0876,-0.0876,1,1,win,,,,
KXSOL15M-26OCT081230-30,SOL,crypto,PAPER,1,YES,2026-10-08T16:15:45.851283+00:00,854.2,38,2026-10-08T16:17:14.894376+00:00,765.1,56,,sold,33,35,145,2147,0,1,37.5,4.0,,5.0,9,34.5,857.2,15.5,108.01,108.2377,-0.2104,0.0741,-0.1387,-0.0159,4,4,win,,,,
KXETH15M-26OCT081230-30,ETH,crypto,PAPER,1,YES,2026-10-08T16:15:22.848420+00:00,877.2,42,2026-10-08T16:17:15.862612+00:00,764.1,61,,sold,32,35,155,2302,0,1,41.5,,,4.0,7,42.5,878.2,7.5,2420.35,2424.32,-0.1638,-0.0888,-0.1502,-0.0694,0,0,win,,,,
KXCOPPER15M-26OCT081230-30,COPPER,commodity,PAPER,1,YES,2026-10-08T16:15:41.849448+00:00,858.2,38,2026-10-08T16:17:15.870331+00:00,764.1,65,,sold,24,33,237,-2993,0,2,37.0,-8.5,,11.5,26,45.5,888.2,4.5,,,,,,-0.0486,2,2,win,,,,
KXWTI15M-26OCT081230-30,WTI,commodity,PAPER,1,YES,2026-10-08T16:15:19.849737+00:00,880.2,42,,,0,no,settled,0,18,-438,-3431,0,1,41.5,,,8.5,10,45.5,884.2,4.5,,,,,,-0.0524,2,0,win,,,,
KXWTI15M-26OCT081245-45,WTI,commodity,PAPER,1,YES,2026-10-08T16:30:29.849147+00:00,870.2,39,2026-10-08T16:30:55.847829+00:00,844.2,55,,sold,38,35,125,-3306,0,1,38.5,,,16.5,8,43.5,872.2,6.5,,,,,,-0.0045,4,4,loss,,,,
KXSILVER15M-26OCT081245-45,SILVER,commodity,PAPER,1,NO,2026-10-08T16:30:28.849713+00:00,871.2,42,2026-10-08T16:31:08.845873+00:00,831.2,55,,sold,39,36,94,-3212,0,1,41.5,,,15.5,7,43.5,872.2,6.5,,,,,,-0.0078,3,3,win,,,,
KXGOLD15M-26OCT081245-45,GOLD,commodity,PAPER,1,NO,2026-10-08T16:30:25.848538+00:00,874.2,42,2026-10-08T16:31:11.847558+00:00,828.2,55,,sold,38,36,94,-3118,0,1,41.5,,,11.0,20,49.0,888.2,1.0,,,,,,-0.0221,2,2,win,,,,
KXCOPPER15M-26OCT081245-45,COPPER,commodity,PAPER,1,NO,2026-10-08T16:30:16.848803+00:00,883.2,42,2026-10-08T16:31:44.844619+00:00,795.2,56,,sold,34,36,104,-3014,0,1,41.5,,,6.5,16,43.0,894.5,7.0,,,,,,-0.0813,1,0,win,,,,
KXXRP15M-26OCT081245-45,XRP,crypto,PAPER,1,YES,2026-10-08T16:30:51.849634+00:00,848.2,41,2026-10-08T16:32:44.846091+00:00,735.2,55,,sold,23,35,105,2407,0,1,40.5,-2.0,,12.0,25,51.5,867.2,1.5,1.3528,1.3551,-0.1697,-0.0812,-0.0886,-0.0368,4,4,win,,,,
KXPLATINUM15M-26OCT081245-45,PLATINUM,commodity,PAPER,1,YES,2026-10-08T16:31:03.850229+00:00,836.2,42,2026-10-08T16:32:53.845102+00:00,726.2,55,,sold,34,36,94,-2920,1,2,41.0,-15.0,-9.0,15.0,46,47.5,878.2,2.5,,,,,,-0.0504,4,5,win,,,,
KXETH15M-26OCT081245-45,ETH,crypto,PAPER,1,YES,2026-10-08T16:30:50.848757+00:00,849.2,42,2026-10-08T16:37:09.846717+00:00,470.2,58,,sold,23,36,124,2531,0,1,41.5,-1.0,,10.0,29,44.5,872.2,5.5,2426.24,2428.99,-0.1132,0.0124,-0.0511,-0.026,2,2,win,,,,
KXBTC15M-26OCT081245-45,BTC,crypto,PAPER,1,YES,2026-10-08T16:30:50.853282+00:00,849.1,42,2026-10-08T16:39:35.846100+00:00,324.2,56,,sold,13,36,104,2635,0,1,41.5,-2.0,,12.0,19,51.5,862.2,1.5,81218.92,81264.04,-0.0555,0.0023,-0.026,-0.026,3,3,win,,,,
KXSOL15M-26OCT081245-45,SOL,crypto,PAPER,1,YES,2026-10-08T16:30:47.848993+00:00,852.2,42,2026-10-08T16:40:02.847315+00:00,297.2,55,,sold,18,36,94,2729,0,1,41.5,-1.0,,5.5,6,41.5,852.2,8.5,108.62,108.7312,-0.1023,0.0092,-0.1012,-0.0139,0,0,win,,,,
KXDOGE15M-26OCT081245-45,DOGE,crypto,PAPER,1,YES,2026-10-08T16:30:48.849324+00:00,851.2,42,2026-10-08T16:40:04.846369+00:00,295.2,55,,sold,23,36,94,2823,0,1,41.5,-4.0,,7.0,37,45.5,883.2,4.5,,,,,,-0.029,1,1,win,,,,
KXPALLADIUM15M-26OCT081245-45,PALLADIUM,commodity,PAPER,1,NO,2026-10-08T16:30:16.852338+00:00,883.2,42,,,0,yes,settled,0,18,-438,-3358,0,1,41.5,,,7.5,14,45.5,894.5,4.5,,,,,,-0.0813,2,1,win,,,,
KXSILVER15M-26OCT081300-00,SILVER,commodity,PAPER,1,YES,2026-10-08T16:45:21.848053+00:00,878.2,42,2026-10-08T16:46:15.845626+00:00,824.2,56,,sold,41,36,104,-3254,0,1,41.5,,,0.0,1,41.5,878.2,8.5,,,,,,0.0557,1,0,win,,,,
KXDOGE15M-26OCT081300-00,DOGE,crypto,PAPER,1,NO,2026-10-08T16:45:38.848476+00:00,861.2,41,2026-10-08T16:46:45.845341+00:00,794.2,55,,sold,36,35,105,2928,0,1,40.5,,,4.0,8,43.5,868.2,6.5,0.083,0.083,-0.0362,-0.0362,-0.0844,0.109,4,4,win,,,,
KXETH15M-26OCT081300-00,ETH,crypto,PAPER,1,NO,2026-10-08T16:45:06.853154+00:00,893.2,42,2026-10-08T16:46:48.845470+00:00,791.2,55,,sold,36,36,94,3022,0,1,41.5,,,1.0,2,42.5,894.2,7.5,2429.62,2427.9,-0.0708,-0.0807,-0.1228,0.0748,0,0,win,,,,
KXPLATINUM15M-26OCT081300-00,PLATINUM,commodity,PAPER,1,NO,2026-10-08T16:45:54.849196+00:00,845.2,42,2026-10-08T16:47:06.845659+00:00,773.2,55,,sold,39,36,94,-3160,0,1,41.5,,,9.0,21,50.5,867.2,0.5,,,,,,0.0518,4,4,win,,,,
KXSOL15M-26OCT081300-00,SOL,crypto,PAPER,1,NO,2026-10-08T16:45:23.849568+00:00,876.2,40,2026-10-08T16:47:09.845860+00:00,770.2,55,,sold,28,35,115,3137,0,1,39.5,,,3.0,8,42.0,883.2,8.0,108.64,108.5347,-0.097,-0.0737,-0.1567,0.0748,1,1,win,,,,
KXXRP15M-26OCT081300-00,XRP,crypto,PAPER,1,NO,2026-10-08T16:45:30.848887+00:00,869.2,42,2026-10-08T16:47:09.846816+00:00,770.2,55,,sold,33,36,94,3231,0,1,41.5,,,2.0,5,43.5,873.2,6.5,1.356,1.3552,-0.059,-0.0812,-0.1034,0.0937,2,2,win,,,,
KXBTC15M-26OCT081300-00,BTC,crypto,PAPER,1,NO,2026-10-08T16:45:36.405612+00:00,863.6,41,2026-10-08T16:47:22.847199+00:00,757.2,57,,sold,30,35,125,3356,0,1,40.5,,,,0,,,,81269.97,81208.12,-0.0762,-0.0222,-0.0916,0.0916,3,3,win,,,,
KXWTI15M-26OCT081300-00,WTI,commodity,PAPER,1,YES,2026-10-08T16:45:22.849513+00:00,877.2,42,2026-10-08T16:47:39.846788+00:00,740.2,56,,sold,34,36,104,-3056,0,1,41.5,,,2.0,2,43.5,878.2,6.5,,,,,,0.0557,2,1,win,,,,
KXGOLD15M-26OCT081300-00,GOLD,commodity,PAPER,1,NO,2026-10-08T16:45:51.849761+00:00,848.2,42,2026-10-08T16:47:50.846800+00:00,729.2,60,,sold,27,35,145,-2911,0,1,41.5,,,5.0,16,43.5,863.2,6.5,,,,,,0.0464,3,3,win,,,,
KXCOPPER15M-26OCT081300-00,COPPER,commodity,PAPER,1,YES,2026-10-08T16:45:32.852051+00:00,867.2,42,,,0,no,settled,0,18,-438,-3349,0,3,40.5,,,9.5,16,47.5,883.2,2.5,,,,,,0.0937,2,2,win,,,,
KXPALLADIUM15M-26OCT081300-00,PALLADIUM,commodity,PAPER,1,YES,2026-10-08T16:56:22.850402+00:00,217.2,42,,,0,no,settled,0,18,-438,-3787,11,4,40.0,24.0,34.5,37.0,48,33.5,868.2,16.5,,,,,,-0.0234,1,5,loss,,,,
KXETH15M-26OCT081315-15,ETH,crypto,PAPER,1,YES,2026-10-08T17:00:26.848577+00:00,873.2,39,2026-10-08T17:01:08.847124+00:00,831.2,56,,sold,33,35,135,3491,0,1,38.5,,,19.0,7,33.5,874.1,16.5,2410.27,2414.37,-0.1698,-0.1545,-0.2016,-0.1835,2,2,win,,,,
KXSOL15M-26OCT081315-15,SOL,crypto,PAPER,1,YES,2026-10-08T17:00:46.851637+00:00,853.2,38,2026-10-08T17:01:10.845326+00:00,829.2,55,,sold,33,35,135,3626,0,1,37.5,-8.0,,12.0,6,37.5,853.2,12.5,107.43,107.6622,-0.2157,0.0,-0.1673,-0.183,4,4,win,,,,
KXCOPPER15M-26OCT081315-15,COPPER,commodity,PAPER,1,YES,2026-10-08T17:00:34.848999+00:00,865.2,42,2026-10-08T17:01:10.851821+00:00,829.1,57,,sold,39,36,114,-3673,0,3,40.5,,,14.5,30,54.5,890.6,4.5,,,,,,-0.143,0,0,loss,,,,
KXPLATINUM15M-26OCT081315-15,PLATINUM,commodity,PAPER,1,YES,2026-10-08T17:00:41.849219+00:00,858.2,41,2026-10-08T17:01:34.848567+00:00,805.2,55,,sold,36,35,105,-3568,0,2,40.0,-1.5,,4.0,6,40.0,858.2,10.0,,,,,,-0.1652,2,2,win,,,,
KXXRP15M-26OCT081315-15,XRP,crypto,PAPER,1,YES,2026-10-08T17:00:25.900860+00:00,874.1,38,2026-10-08T17:03:01.845780+00:00,718.2,57,,sold,26,35,155,3781,0,3,36.5,,,13.5,6,36.5,874.1,13.5,1.3402,1.3437,-0.2605,-0.1936,-0.3346,-0.1765,1,1,win,,,,
KXBTC15M-26OCT081315-15,BTC,crypto,PAPER,1,YES,2026-10-08T17:00:13.848935+00:00,886.2,42,2026-10-08T17:03:02.848181+00:00,717.2,56,,sold,29,36,104,3885,0,1,41.5,,,10.0,10,47.5,890.6,2.5,80824.01,80880.36,-0.0697,-0.0644,-0.0639,-0.0639,0,0,win,,,,
KXWTI15M-26OCT081315-15,WTI,commodity,PAPER,1,YES,2026-10-08T17:05:05.918052+00:00,594.1,41,2026-10-08T17:11:54.847500+00:00,185.2,62,,sold,25,34,176,-3392,5,1,40.5,-5.0,-7.5,10.0,60,55.5,853.2,5.5,,,,,,-0.0155,3,5,win,,,,
KXDOGE15M-26OCT081315-15,DOGE,crypto,PAPER,1,YES,2026-10-08T17:00:34.853004+00:00,865.2,39,2026-10-08T17:12:57.846287+00:00,122.2,59,,sold,3,34,166,4051,0,2,38.0,,,12.5,10,44.5,869.2,5.5,0.082,0.0822,-0.1946,-0.1704,-0.2432,-0.143,3,3,win,,,,
KXGOLD15M-26OCT081315-15,GOLD,commodity,PAPER,1,NO,2026-10-08T17:00:37.848777+00:00,862.2,40,,,0,yes,settled,0,17,-417,-3809,0,1,39.5,-9.0,,11.0,13,46.5,869.2,3.5,,,,,,-0.1473,1,1,win,,,,
KXPALLADIUM15M-26OCT081315-15,PALLADIUM,commodity,PAPER,1,NO,2026-10-08T17:01:10.851447+00:00,829.2,42,,,0,yes,settled,0,18,-438,-4247,1,3,40.5,-10.0,-10.0,6.5,22,46.5,858.2,3.5,,,,,,0.0281,4,4,loss,,,,
KXSILVER15M-26OCT081315-15,SILVER,commodity,PAPER,1,NO,2026-10-08T17:00:50.849106+00:00,849.2,42,,,0,yes,settled,0,18,-438,-4685,0,1,41.5,-9.0,,9.0,10,45.5,853.1,4.5,,,,,,-0.1808,3,3,win,,,,
KXWTI15M-26OCT081330-30,WTI,commodity,PAPER,1,NO,2026-10-08T17:15:23.848549+00:00,876.2,42,2026-10-08T17:15:37.846634+00:00,862.2,59,,sold,41,35,135,-4550,0,1,41.5,,,13.0,18,42.5,877.2,7.5,,,,,,-0.0807,3,0,win,,,,
KXPALLADIUM15M-26OCT081330-30,PALLADIUM,commodity,PAPER,1,NO,2026-10-08T17:15:48.849762+00:00,851.2,41,2026-10-08T17:17:05.846799+00:00,774.2,55,,sold,32,35,105,-4445,0,3,39.5,-12.0,,13.0,20,46.5,866.2,3.5,,,,,,0.0357,1,2,loss,,,,
KXCOPPER15M-26OCT081330-30,COPPER,commodity,PAPER,1,NO,2026-10-08T17:15:48.857756+00:00,851.1,42,2026-10-08T17:21:03.846912+00:00,536.2,55,,sold,16,36,94,-4351,0,4,40.0,-8.0,,10.0,47,48.5,882.2,1.5,,,,,,0.0357,3,4,win,,,,
KXGOLD15M-26OCT081330-30,GOLD,commodity,PAPER,1,NO,2026-10-08T17:15:27.848704+00:00,872.2,41,2026-10-08T17:29:42.845915+00:00,17.2,69,,sold,1,32,248,-4103,0,1,40.5,,,13.0,22,49.5,877.2,0.5,,,,,,-0.0341,4,1,win,,,,
KXBTC15M-26OCT081330-30,BTC,crypto,PAPER,1,YES,2026-10-08T17:15:44.860397+00:00,855.1,42,,,0,no,settled,0,18,-438,3613,0,1,41.5,-5.0,,9.0,39,43.5,877.2,6.5,80818.2,80871.81,-0.0663,-0.0311,-0.0197,-0.0197,4,4,win,,,,
KXSOL15M-26OCT081330-30,SOL,crypto,PAPER,1,YES,2026-10-08T17:15:33.849139+00:00,866.2,41,,,0,no,settled,0,17,-427,3186,0,1,40.5,-8.0,,9.0,17,40.5,866.2,9.5,107.58,107.669,-0.0827,-0.0743,-0.1485,-0.0255,1,1,win,,,,
KXETH15M-26OCT081330-30,ETH,crypto,PAPER,1,YES,2026-10-08T17:15:44.852857+00:00,855.2,42,,,0,no,settled,0,18,-438,2748,0,1,41.5,-6.0,,7.0,23,46.5,861.2,3.5,2422.47,2424.12,-0.0681,-0.0573,0.0132,-0.0197,3,3,win,,,,
KXXRP15M-26OCT081330-30,XRP,crypto,PAPER,1,YES,2026-10-08T17:15:21.848995+00:00,878.2,42,,,0,no,settled,0,18,-438,2310,0,1,41.5,,,8.0,21,45.5,882.2,4.5,1.3404,1.3422,-0.1341,-0.1043,-0.1341,-0.0574,0,0,win,,,,
KXDOGE15M-26OCT081330-30,DOGE,crypto,PAPER,1,YES,2026-10-08T17:15:43.851404+00:00,856.2,42,,,0,no,settled,0,18,-438,1872,0,1,41.5,-7.0,,10.5,27,48.5,866.2,1.5,0.0822,0.0823,-0.0899,-0.0729,-0.1336,-0.0299,2,2,win,,,,
KXPLATINUM15M-26OCT081330-30,PLATINUM,commodity,PAPER,1,NO,2026-10-08T17:15:50.850398+00:00,849.2,42,,,0,yes,settled,0,18,-438,-4541,0,3,40.5,-11.5,,14.0,34,49.0,866.2,1.0,,,,,,0.0357,4,5,win,,,,
KXSILVER15M-26OCT081330-30,SILVER,commodity,PAPER,1,NO,2026-10-08T17:15:48.854176+00:00,851.1,39,,,0,yes,settled,0,17,-407,-4948,0,1,38.5,-12.0,,15.0,27,43.5,861.2,6.5,,,,,,0.0357,2,3,loss,,,,
KXWTI15M-26OCT081345-45,WTI,commodity,PAPER,1,NO,2026-10-08T17:30:38.850129+00:00,861.2,38,2026-10-08T17:30:53.846429+00:00,846.2,55,,sold,37,35,135,-4813,0,1,37.5,-14.0,,19.0,18,35.5,867.2,14.5,,,,,,0.0876,2,2,win,,,,
KXPLATINUM15M-26OCT081345-45,PLATINUM,commodity,PAPER,1,YES,2026-10-08T17:30:42.851921+00:00,857.2,42,2026-10-08T17:31:34.845192+00:00,805.2,55,,sold,39,36,94,-4719,0,3,40.5,-4.0,,7.5,24,44.0,872.2,6.0,,,,,,0.1321,3,3,loss,,,,
KXETH15M-26OCT081345-45,ETH,crypto,PAPER,1,NO,2026-10-08T17:31:00.850188+00:00,839.2,42,2026-10-08T17:31:46.847763+00:00,793.2,55,,sold,39,36,94,1966,1,1,41.5,-7.0,,12.0,24,44.5,851.2,5.5,2420.2,2417.73,-0.1022,-0.11,-0.0806,0.0809,3,3,loss,,,,
KXGOLD15M-26OCT081345-45,GOLD,commodity,PAPER,1,YES,2026-10-08T17:30:42.860392+00:00,857.1,40,2026-10-08T17:32:00.846403+00:00,779.2,55,,sold,37,35,115,-4604,0,2,39.0,-6.5,,11.5,22,49.5,867.2,0.5,,,,,,0.1321,4,4,win,,,,
KXPALLADIUM15M-26OCT081345-45,PALLADIUM,commodity,PAPER,1,YES,2026-10-08T17:30:43.851375+00:00,856.2,40,2026-10-08T17:32:43.845155+00:00,736.2,55,,sold,36,35,115,-4489,0,1,39.5,-4.5,,10.0,11,39.5,856.2,10.5,,,,,,0.0967,5,5,win,,,,
KXCOPPER15M-26OCT081345-45,COPPER,commodity,PAPER,1,YES,2026-10-08T17:30:18.852867+00:00,881.2,38,2026-10-08T17:33:02.845486+00:00,717.2,55,,sold,32,35,135,-4354,0,2,37.0,,,14.5,15,35.5,887.5,14.5,,,,,,-0.0325,2,0,win,,,,
KXXRP15M-26OCT081345-45,XRP,crypto,PAPER,1,NO,2026-10-08T17:30:44.849836+00:00,855.2,39,2026-10-08T17:35:06.845853+00:00,593.2,58,,sold,32,35,155,2121,0,1,38.5,-11.0,,12.0,13,42.5,856.1,7.5,1.332,1.3305,-0.1127,-0.0751,-0.1805,0.1139,2,2,loss,,,,
KXDOGE15M-26OCT081345-45,DOGE,crypto,PAPER,1,NO,2026-10-08T17:32:01.850196+00:00,778.2,42,2026-10-08T17:36:57.844949+00:00,482.2,55,,sold,22,36,94,2215,2,2,41.0,-6.5,-3.5,15.0,60,51.5,867.2,1.5,0.0819,0.0819,-0.077,-0.0733,-0.0733,0.0767,3,4,loss,,,,
KXSOL15M-26OCT081345-45,SOL,crypto,PAPER,1,NO,2026-10-08T17:30:37.853044+00:00,862.2,41,2026-10-08T17:43:15.845888+00:00,104.2,60,,sold,5,34,156,2371,0,1,40.5,-5.0,,6.5,17,44.0,867.2,6.0,106.66,106.502,-0.1484,-0.0845,-0.0563,0.0645,0,0,loss,,,,
KXBTC15M-26OCT081345-45,BTC,crypto,PAPER,1,NO,2026-10-08T17:30:37.859295+00:00,862.1,41,,,0,yes,settled,0,17,-427,1944,0,1,40.5,-8.0,,12.0,27,51.5,877.2,1.5,80706.25,80654.83,-0.0638,-0.0493,-0.0645,0.0645,1,1,loss,,,,
KXSILVER15M-26OCT081345-45,SILVER,commodity,PAPER,1,YES,2026-10-08T17:30:32.382051+00:00,867.6,41,,,0,no,settled,0,17,-427,-4781,0,2,40.0,-8.0,,8.0,11,,,,,,,,,0.0054,1,1,loss,,,,
KXBTC15M-26OCT081400-00,BTC,crypto,PAPER,1,YES,2026-10-08T17:45:13.848872+00:00,886.2,42,2026-10-08T17:45:44.846702+00:00,855.2,56,,sold,41,36,104,2048,0,1,41.5,,,3.0,9,42.5,888.8,7.5,80739.75,80776.47,-0.0455,-0.0527,-0.039,-0.039,1,0,loss,,,,
KXDOGE15M-26OCT081400-00,DOGE,crypto,PAPER,1,NO,2026-10-08T17:46:13.850055+00:00,826.2,42,2026-10-08T17:46:39.846663+00:00,800.2,55,,sold,41,36,94,2142,1,1,41.5,-9.0,-12.0,11.5,53,50.5,878.2,0.5,0.0819,0.0818,-0.0513,-0.1223,-0.1345,0.1037,1,2,win,,,,
KXXRP15M-26OCT081400-00,XRP,crypto,PAPER,1,NO,2026-10-08T17:45:37.856849+00:00,862.1,39,2026-10-08T17:47:03.845356+00:00,776.2,55,,sold,33,35,125,2267,0,1,38.5,-11.0,,13.0,6,38.5,862.1,11.5,1.3277,1.3266,-0.0829,-0.1056,-0.098,0.0184,1,1,win,,,,
KXSILVER15M-26OCT081400-00,SILVER,commodity,PAPER,1,NO,2026-10-08T17:46:10.850178+00:00,829.2,42,2026-10-08T17:47:10.845280+00:00,769.2,56,,sold,35,36,104,-4677,1,1,41.5,-13.0,-16.0,16.0,46,55.5,873.2,5.5,,,,,,0.1047,2,2,loss,,,,
KXWTI15M-26OCT081400-00,WTI,commodity,PAPER,1,NO,2026-10-08T17:46:47.858489+00:00,792.1,41,2026-10-08T17:47:52.846603+00:00,727.2,56,,sold,38,35,115,-4562,1,1,40.5,-9.0,-4.5,13.0,60,46.5,857.2,3.5,,,,,,-0.0734,4,4,win,,,,
KXGOLD15M-26OCT081400-00,GOLD,commodity,PAPER,1,NO,2026-10-08T17:46:08.851063+00:00,831.2,41,2026-10-08T17:47:53.846734+00:00,726.2,55,,sold,31,35,105,-4457,1,1,40.5,-14.0,-17.0,17.0,29,54.5,857.2,4.5,,,,,,0.0772,1,1,win,,,,
KXCOPPER15M-26OCT081400-00,COPPER,commodity,PAPER,1,NO,2026-10-08T17:45:37.850673+00:00,862.2,41,2026-10-08T17:48:01.847771+00:00,718.2,55,,sold,32,35,105,-4352,0,1,40.5,-7.5,,8.0,6,40.5,862.2,9.5,,,,,,0.0184,0,0,win,,,,
KXPALLADIUM15M-26OCT081400-00,PALLADIUM,commodity,PAPER,1,NO,2026-10-08T17:46:12.849658+00:00,827.2,41,2026-10-08T17:48:03.845240+00:00,716.2,56,,sold,33,35,115,-4237,1,2,40.0,-11.5,-16.0,11.5,31,51.5,862.1,1.5,,,,,,0.1015,3,3,win,,,,
KXPLATINUM15M-26OCT081400-00,PLATINUM,commodity,PAPER,1,YES,2026-10-08T17:47:15.848976+00:00,764.2,42,2026-10-08T17:55:44.846573+00:00,255.2,55,,sold,5,36,94,-4143,2,1,41.5,-10.5,-9.0,16.0,57,44.5,862.2,5.5,,,,,,-0.133,4,5,win,,,,
KXSOL15M-26OCT081400-00,SOL,crypto,PAPER,1,YES,2026-10-08T17:46:34.850188+00:00,805.2,41,,,0,no,settled,0,17,-427,1840,1,1,40.5,-10.5,-10.5,14.5,60,49.0,883.2,1.0,106.48,106.6017,-0.1142,-0.1313,-0.1313,-0.0277,2,3,win,,,,
KXETH15M-26OCT081400-00,ETH,crypto,PAPER,1,YES,2026-10-08T17:46:47.851852+00:00,792.2,42,,,0,no,settled,0,18,-438,1402,1,1,41.5,-14.0,-13.0,15.0,61,51.5,862.2,1.5,2419.32,2420.9,-0.0653,-0.109,-0.1065,-0.0734,2,4,win,,,,
KXSILVER15M-26OCT081415-15,SILVER,commodity,PAPER,1,NO,2026-10-08T18:00:19.793278+00:00,880.2,39,2026-10-08T18:00:26.846069+00:00,873.2,55,,sold,38,35,125,-4018,0,1,38.5,,,4.0,5,,,,,,,,,0.0464,0,0,win,,,,
KXGOLD15M-26OCT081415-15,GOLD,commodity,PAPER,1,NO,2026-10-08T18:00:35.805896+00:00,864.2,40,2026-10-08T18:00:36.845710+00:00,863.2,57,,sold,39,35,135,-3883,0,1,39.5,-6.0,,8.0,6,,,,,,,,,-0.0437,1,2,win,,,,
KXBTC15M-26OCT081415-15,BTC,crypto,PAPER,1,NO,2026-10-08T18:00:49.851198+00:00,850.2,42,2026-10-08T18:01:00.846720+00:00,839.2,55,,sold,41,36,94,1496,0,1,41.5,5.0,,22.0,31,51.5,874.2,1.5,80688.56,80649.06,-0.049,-0.0108,-0.0306,0.0306,3,3,win,,,,
KXCOPPER15M-26OCT081415-15,COPPER,commodity,PAPER,1,NO,2026-10-08T18:00:30.578557+00:00,869.4,38,2026-10-08T18:01:23.845683+00:00,816.2,56,,sold,38,35,145,-3738,0,2,37.0,,,6.0,6,,,,,,,,,-0.0149,0,1,win,,,,
KXETH15M-26OCT081415-15,ETH,crypto,PAPER,1,NO,2026-10-08T18:00:19.788924+00:00,880.2,42,2026-10-08T18:01:26.845543+00:00,813.2,55,,sold,36,36,94,1590,0,1,41.5,,,2.0,6,,,,2416.33,2415.52,-0.0335,-0.0261,-0.0476,0.0464,1,1,loss,,,,
KXWTI15M-26OCT081415-15,WTI,commodity,PAPER,1,YES,2026-10-08T18:00:35.810321+00:00,864.2,38,2026-10-08T18:02:07.845118+00:00,772.2,58,,sold,37,35,165,-3573,0,1,37.5,-7.0,,8.0,6,,,,,,,,,-0.0437,2,3,win,,,,
KXXRP15M-26OCT081415-15,XRP,crypto,PAPER,1,NO,2026-10-08T18:00:41.037856+00:00,859.0,39,2026-10-08T18:05:17.846341+00:00,582.2,55,,sold,20,35,125,1715,0,2,38.0,0.0,,4.0,6,,,,1.3251,1.3245,-0.0453,0.1131,-0.0075,-0.0436,2,2,win,,,,
KXPALLADIUM15M-26OCT081415-15,PALLADIUM,commodity,PAPER,1,NO,2026-10-08T18:03:04.849929+00:00,715.2,42,2026-10-08T18:05:18.846378+00:00,581.2,58,,sold,35,36,124,-3449,3,1,41.5,-5.5,-5.0,8.5,47,52.5,853.2,2.5,,,,,,0.0141,1,5,win,,,,
KXSOL15M-26OCT081415-15,SOL,crypto,PAPER,1,NO,2026-10-08T18:05:12.851051+00:00,587.2,39,2026-10-08T18:05:22.846367+00:00,577.2,56,,sold,38,35,135,1850,5,1,38.5,13.0,18.0,20.0,60,33.5,874.2,16.5,106.29,106.1738,-0.1094,0.1034,0.1972,-0.0827,2,4,loss,,,,
KXDOGE15M-26OCT081415-15,DOGE,crypto,PAPER,1,NO,2026-10-08T18:00:13.849186+00:00,886.2,42,,,0,yes,settled,1,18,-438,1412,0,1,41.5,,,6.0,11,35.5,890.2,14.5,0.0814,0.0814,-0.0971,-0.1599,-0.1722,0.0468,2,0,win,,,,
KXPLATINUM15M-26OCT081415-15,PLATINUM,commodity,PAPER,1,YES,2026-10-08T18:00:35.850022+00:00,864.2,41,,,0,no,settled,0,17,-427,-3876,0,2,40.0,-15.0,,18.0,26,52.5,885.2,2.5,,,,,,-0.0437,3,4,win,,,,
KXGOLD15M-26OCT081430-30,GOLD,commodity,PAPER,1,NO,2026-10-08T18:15:40.850552+00:00,859.2,41,2026-10-08T18:17:32.848431+00:00,747.2,55,,sold,31,35,105,-3771,0,1,40.5,-8.0,,9.0,25,45.5,867.2,4.5,,,,,,0.1259,0,0,win,,,,
KXPLATINUM15M-26OCT081430-30,PLATINUM,commodity,PAPER,1,NO,2026-10-08T18:15:57.850270+00:00,842.2,41,2026-10-08T18:18:48.960837+00:00,671.0,55,,sold,37,35,105,-3666,0,2,40.0,-5.5,,11.5,28,45.0,856.2,5.0,,,,,,0.1342,4,4,loss,,,,
KXSILVER15M-26OCT081430-30,SILVER,commodity,PAPER,1,NO,2026-10-08T18:15:50.853009+00:00,849.2,42,2026-10-08T18:20:06.846289+00:00,593.2,57,,sold,32,36,114,-3552,0,1,41.5,-5.0,,10.5,35,52.0,867.2,2.0,,,,,,0.1533,2,2,win,,,,
KXCOPPER15M-26OCT081430-30,COPPER,commodity,PAPER,1,NO,2026-10-08T18:15:56.850580+00:00,843.2,42,2026-10-08T18:20:16.847397+00:00,583.2,58,,sold,36,36,124,-3428,0,2,41.0,-7.0,,12.5,37,48.0,873.2,2.0,,,,,,0.1353,3,3,win,,,,
KXPALLADIUM15M-26OCT081430-30,PALLADIUM,commodity,PAPER,1,NO,2026-10-08T18:15:42.850693+00:00,857.2,42,2026-10-08T18:21:10.845052+00:00,529.2,55,,sold,31,36,94,-3334,0,2,41.0,-7.5,,7.5,15,45.5,873.2,4.5,,,,,,0.1065,1,1,win,,,,
KXWTI15M-26OCT081430-30,WTI,commodity,PAPER,1,NO,2026-10-08T18:15:57.855787+00:00,842.1,42,2026-10-08T18:25:30.846875+00:00,269.2,57,,sold,9,36,114,-3220,0,1,41.5,-11.0,,14.0,42,45.5,867.2,4.5,,,,,,0.1342,5,5,win,,,,
KXXRP15M-26OCT081430-30,XRP,crypto,PAPER,1,NO,2026-10-08T18:15:36.900208+00:00,863.1,41,,,0,yes,settled,0,17,-427,985,0,1,40.5,-6.0,,11.0,16,,,,1.3356,1.3322,-0.2552,-0.2477,-0.195,0.1533,0,0,win,,,,
KXDOGE15M-26OCT081430-30,DOGE,crypto,PAPER,1,NO,2026-10-08T18:16:29.854967+00:00,810.2,39,,,0,yes,settled,0,17,-407,578,1,2,38.0,13.5,-7.5,15.5,53,36.5,862.2,13.5,0.082,0.0819,-0.1295,0.1097,-0.0855,0.0846,1,1,loss,,,,
KXXRP15M-26OCT081445-45,XRP,crypto,PAPER,1,YES,2026-10-08T18:30:17.422273+00:00,882.6,42,2026-10-08T18:31:37.845978+00:00,802.2,55,,sold,32,36,94,672,0,1,41.5,,,5.5,11,,,,1.3514,1.3526,-0.0887,-0.0739,-0.0887,-0.1041,3,1,win,,,,
KXDOGE15M-26OCT081445-45,DOGE,crypto,PAPER,1,YES,2026-10-08T18:30:33.850661+00:00,866.2,40,2026-10-08T18:31:41.847404+00:00,798.2,57,,sold,33,35,135,807,0,1,39.5,-9.0,,9.0,11,39.5,866.2,10.5,0.0827,0.0828,-0.1582,-0.1691,-0.1208,-0.1204,2,2,loss,,,,
KXETH15M-26OCT081445-45,ETH,crypto,PAPER,1,YES,2026-10-08T18:30:17.417040+00:00,882.6,40,2026-10-08T18:32:22.845841+00:00,757.2,55,,sold,29,35,115,922,0,1,39.5,,,9.0,11,,,,2437.8,2438.38,-0.0238,-0.025,-0.0152,-0.1041,2,0,win,,,,
KXBTC15M-26OCT081445-45,BTC,crypto,PAPER,1,YES,2026-10-08T18:31:03.855634+00:00,836.2,38,2026-10-08T18:32:43.847468+00:00,736.2,58,,sold,31,35,165,1087,1,1,37.5,7.0,-4.0,15.0,51,32.5,877.2,17.5,81325.96,81380.14,-0.0666,0.0367,-0.0381,-0.0381,4,4,win,,,,
KXSOL15M-26OCT081445-45,SOL,crypto,PAPER,1,YES,2026-10-08T18:30:49.145061+00:00,850.9,38,2026-10-08T18:34:09.846491+00:00,650.2,55,,sold,25,35,135,1222,0,1,37.5,0.0,,7.0,11,,,,107.54,107.8192,-0.259,-0.1115,-0.2504,-0.1201,3,3,win,,,,
KXPLATINUM15M-26OCT081445-45,PLATINUM,commodity,PAPER,1,YES,2026-10-08T18:30:38.853289+00:00,861.2,41,2026-10-08T18:44:33.845823+00:00,26.2,63,,sold,9,34,186,-3034,0,4,39.0,-3.0,,7.5,10,39.0,861.2,11.0,,,,,,-0.136,4,4,win,,,,
KXSILVER15M-26OCT081445-45,SILVER,commodity,PAPER,1,YES,2026-10-08T18:30:15.849720+00:00,884.2,41,2026-10-08T18:44:52.845909+00:00,7.2,55,,sold,1,35,105,-2929,0,2,40.0,,,10.5,14,43.5,887.2,6.5,,,,,,-0.122,1,1,win,,,,
KXGOLD15M-26OCT081445-45,GOLD,commodity,PAPER,1,YES,2026-10-08T18:30:14.850478+00:00,885.2,42,,,0,no,settled,1,18,-438,-3367,0,1,41.5,,,7.5,14,43.5,887.2,6.5,,,,,,-0.122,0,0,win,,,,
KXPALLADIUM15M-26OCT081445-45,PALLADIUM,commodity,PAPER,1,YES,2026-10-08T18:30:24.852663+00:00,875.2,41,,,0,no,settled,0,17,-427,-3794,0,2,40.0,,,9.0,10,42.0,877.2,8.0,,,,,,-0.1051,2,2,win,,,,
KXCOPPER15M-26OCT081445-45,COPPER,commodity,PAPER,1,YES,2026-10-08T18:30:38.552109+00:00,861.5,40,,,0,no,settled,0,17,-417,-4211,0,5,37.5,-0.5,,8.0,7,,,,,,,,,-0.1449,3,3,win,,,,
KXWTI15M-26OCT081445-45,WTI,commodity,PAPER,1,NO,2026-10-08T18:30:44.851074+00:00,855.2,39,,,0,yes,settled,0,17,-407,-4618,0,1,38.5,-3.5,,15.5,12,38.5,855.2,11.5,,,,,,-0.13,5,5,win,,,,
KXSILVER15M-26OCT081500-00,SILVER,commodity,PAPER,1,YES,2026-10-08T18:46:08.851174+00:00,831.2,42,2026-10-08T18:46:48.845837+00:00,791.2,57,,sold,41,36,114,-4504,1,1,41.5,-11.0,-10.5,11.0,36,52.5,862.2,2.5,,,,,,-0.0685,3,3,win,,,,
KXGOLD15M-26OCT081500-00,GOLD,commodity,PAPER,1,YES,2026-10-08T18:45:57.851680+00:00,842.2,40,2026-10-08T18:47:05.903805+00:00,774.1,56,,sold,37,35,125,-4379,0,1,39.5,-9.5,,14.0,32,51.5,862.2,1.5,,,,,,-0.0416,2,2,loss,,,,
KXPLATINUM15M-26OCT081500-00,PLATINUM,commodity,PAPER,1,YES,2026-10-08T18:45:53.852955+00:00,846.2,42,2026-10-08T18:47:13.844702+00:00,766.2,60,,sold,35,35,145,-4234,0,3,40.5,-8.0,,10.0,36,50.5,882.2,0.5,,,,,,-0.0699,1,1,win,,,,
KXPALLADIUM15M-26OCT081500-00,PALLADIUM,commodity,PAPER,1,YES,2026-10-08T18:46:16.854496+00:00,823.2,42,2026-10-08T18:47:13.845645+00:00,766.2,60,,sold,41,35,145,-4089,1,1,41.5,-9.0,-10.0,9.0,29,50.5,880.2,0.5,,,,,,-0.0857,4,4,loss,,,,
KXSOL15M-26OCT081500-00,SOL,crypto,PAPER,1,YES,2026-10-08T18:45:53.858856+00:00,846.1,42,2026-10-08T18:50:06.845807+00:00,593.2,57,,sold,27,36,114,1336,0,1,41.5,-12.0,,14.5,28,56.0,862.2,6.0,107.82,107.8985,-0.0728,-0.1297,-0.1112,-0.0699,4,4,win,,,,
KXXRP15M-26OCT081500-00,XRP,crypto,PAPER,1,YES,2026-10-08T18:45:48.852772+00:00,851.2,41,2026-10-08T18:50:13.847141+00:00,586.2,58,,sold,20,35,135,1471,0,1,40.5,-12.0,,12.0,48,48.5,887.3,1.5,1.3608,1.3623,-0.1101,-0.0954,-0.1174,-0.0453,1,1,win,,,,
KXDOGE15M-26OCT081500-00,DOGE,crypto,PAPER,1,YES,2026-10-08T18:45:50.857538+00:00,849.1,42,2026-10-08T18:50:29.846983+00:00,570.2,55,,sold,25,36,94,1565,0,1,41.5,-9.0,,10.0,35,51.5,872.2,1.5,,,,,,-0.0402,3,3,win,,,,
KXWTI15M-26OCT081500-00,WTI,commodity,PAPER,1,NO,2026-10-08T18:45:33.851091+00:00,866.2,42,2026-10-08T18:50:35.846725+00:00,564.2,55,,sold,26,36,94,-3995,0,1,41.5,-7.5,,9.5,20,49.5,877.2,0.5,,,,,,0.0083,0,0,loss,,,,
KXCOPPER15M-26OCT081500-00,COPPER,commodity,PAPER,1,NO,2026-10-08T18:47:13.852027+00:00,766.2,38,2026-10-08T18:53:06.845175+00:00,413.2,60,,sold,34,34,186,-3809,2,2,37.0,-16.0,-15.5,20.0,55,47.0,867.2,3.0,,,,,,0.0463,1,5,loss,,,,
KXETH15M-26OCT081500-00,ETH,crypto,PAPER,1,YES,2026-10-08T18:45:45.851696+00:00,854.2,41,2026-10-08T18:58:06.847069+00:00,113.2,58,,sold,16,35,135,1700,0,1,40.5,-8.0,,12.0,40,52.5,882.2,2.5,2445.96,2446.88,-0.0376,-0.0666,-0.0674,-0.0548,0,0,win,,,,
KXBTC15M-26OCT081500-00,BTC,crypto,PAPER,1,YES,2026-10-08T18:45:50.851499+00:00,849.2,42,,,0,no,settled,0,18,-438,1262,0,1,41.5,-12.0,,12.0,40,53.5,877.2,3.5,81444.78,81464.86,-0.0246,-0.0573,-0.0402,-0.0402,2,2,win,,,,
KXCOPPER15M-26OCT081515-15,COPPER,commodity,PAPER,1,NO,2026-10-08T19:00:51.850906+00:00,848.2,42,2026-10-08T19:01:47.845651+00:00,792.2,55,,sold,35,36,94,-3715,0,2,41.0,-9.0,,9.0,26,49.5,873.2,0.5,,,,,,0.0259,5,5,win,,,,
KXPALLADIUM15M-26OCT081515-15,PALLADIUM,commodity,PAPER,1,NO,2026-10-08T19:00:14.850501+00:00,885.2,42,2026-10-08T19:03:12.844955+00:00,707.2,55,,sold,36,36,94,-3621,0,2,41.0,,,9.0,5,49.5,888.2,0.5,,,,,,0.0323,0,0,win,,,,
KXPLATINUM15M-26OCT081515-15,PLATINUM,commodity,PAPER,1,NO,2026-10-08T19:00:46.852454+00:00,853.2,42,2026-10-08T19:03:12.846768+00:00,707.2,56,,sold,31,36,104,-3517,0,2,41.0,-12.5,,12.5,23,43.5,873.2,6.5,,,,,,0.0316,4,4,win,,,,
KXBTC15M-26OCT081515-15,BTC,crypto,PAPER,1,NO,2026-10-08T19:00:37.851422+00:00,862.2,42,2026-10-08T19:07:03.847299+00:00,476.2,57,,sold,15,36,114,1376,0,1,41.5,-7.0,,9.0,22,50.5,878.2,0.5,81476.64,81434.78,-0.0514,-0.034,-0.0273,0.0273,1,1,loss,,,,
KXETH15M-26OCT081515-15,ETH,crypto,PAPER,1,NO,2026-10-08T19:00:41.851458+00:00,858.2,41,2026-10-08T19:07:06.845481+00:00,473.2,56,,sold,8,35,115,1491,0,1,40.5,-9.0,,11.0,15,43.5,867.1,6.5,2447.6,2446.34,-0.0515,-0.0368,-0.0491,0.0279,3,3,win,,,,
KXDOGE15M-26OCT081515-15,DOGE,crypto,PAPER,1,NO,2026-10-08T19:01:34.850979+00:00,805.2,42,,,0,yes,settled,0,18,-438,1053,1,1,41.5,-9.0,-6.0,10.0,61,50.5,889.2,0.5,0.0831,0.0831,-0.012,-0.0482,-0.0482,-0.0009,4,4,win,,,,
KXSOL15M-26OCT081515-15,SOL,crypto,PAPER,1,NO,2026-10-08T19:00:32.861765+00:00,867.1,41,,,0,yes,settled,0,17,-427,626,0,1,40.5,,,9.0,12,48.0,873.2,2.0,108.06,108.0095,-0.0468,-0.0556,-0.0,0.0241,0,0,win,,,,
KXXRP15M-26OCT081515-15,XRP,crypto,PAPER,1,NO,2026-10-08T19:00:37.857172+00:00,862.1,39,,,0,yes,settled,0,17,-407,219,0,2,38.0,-11.5,,11.5,6,38.0,862.1,12.0,1.3602,1.3597,-0.0368,-0.0441,-0.0441,0.0273,2,2,win,,,,
KXGOLD15M-26OCT081515-15,GOLD,commodity,PAPER,1,NO,2026-10-08T19:00:30.850206+00:00,869.2,40,,,0,yes,settled,0,17,-417,-3934,0,1,39.5,,,20.0,20,35.5,883.2,14.5,,,,,,-0.0036,1,1,win,,,,
KXSILVER15M-26OCT081515-15,SILVER,commodity,PAPER,1,NO,2026-10-08T19:00:32.870398+00:00,867.1,38,,,0,yes,settled,0,17,-397,-4331,0,1,37.5,,,11.0,6,37.5,867.1,12.5,,,,,,0.0241,3,3,win,,,,
KXWTI15M-26OCT081515-15,WTI,commodity,PAPER,1,YES,2026-10-08T19:00:32.853210+00:00,867.2,41,,,0,no,settled,1,17,-427,-4758,0,1,40.5,,,4.5,6,40.5,867.2,9.5,,,,,,0.0241,2,2,win,,,,
KXSOL15M-26OCT081530-30,SOL,crypto,PAPER,1,NO,2026-10-08T19:15:18.853205+00:00,881.2,41,2026-10-08T19:15:43.847632+00:00,856.2,56,,sold,37,35,115,334,0,1,40.5,,,3.0,4,43.5,884.2,6.5,108.64,108.548,-0.0848,-0.0737,-0.0737,0.0326,0,0,loss,,,,
KXXRP15M-26OCT081530-30,XRP,crypto,PAPER,1,YES,2026-10-08T19:15:45.854493+00:00,854.2,42,2026-10-08T19:16:06.845379+00:00,833.2,55,,sold,41,36,94,428,0,1,41.5,,,14.0,19,55.5,873.2,5.5,1.3619,1.3632,-0.0954,-0.1247,-0.0954,-0.0622,3,4,loss,,,,
KXBTC15M-26OCT081530-30,BTC,crypto,PAPER,1,YES,2026-10-08T19:15:43.857990+00:00,856.2,41,2026-10-08T19:16:15.846548+00:00,824.2,55,,sold,36,35,105,533,0,1,40.5,,,3.0,7,43.5,862.1,6.5,81412.0,81443.34,-0.0385,-0.0332,-0.041,-0.041,2,3,win,,,,
KXETH15M-26OCT081530-30,ETH,crypto,PAPER,1,YES,2026-10-08T19:15:36.850120+00:00,863.2,41,2026-10-08T19:16:44.845814+00:00,795.2,55,,sold,34,35,105,638,0,1,40.5,-8.0,,15.0,31,48.5,894.2,1.5,2448.25,2450.07,-0.0743,-0.0429,-0.0547,-0.0272,1,1,win,,,,
KXDOGE15M-26OCT081530-30,DOGE,crypto,PAPER,1,YES,2026-10-08T19:15:37.851121+00:00,862.2,42,2026-10-08T19:16:44.847810+00:00,795.2,56,,sold,35,36,104,742,0,1,41.5,,,9.0,7,50.5,868.2,0.5,0.0832,0.0833,-0.1045,-0.0601,-0.0361,-0.0272,2,2,loss,,,,
KXCOPPER15M-26OCT081530-30,COPPER,commodity,PAPER,1,YES,2026-10-08T19:15:45.863610+00:00,854.1,42,2026-10-08T19:22:38.845804+00:00,441.2,55,,sold,12,36,94,-4664,0,2,41.0,,,3.5,9,44.5,862.2,5.5,,,,,,-0.0622,4,4,win,,,,
KXSILVER15M-26OCT081530-30,SILVER,commodity,PAPER,1,YES,2026-10-08T19:15:35.850503+00:00,864.2,38,2026-10-08T19:22:56.845781+00:00,423.2,57,,sold,20,35,155,-4509,0,1,37.5,,,7.0,9,44.5,873.2,5.5,,,,,,-0.0153,3,3,loss,,,,
KXGOLD15M-26OCT081530-30,GOLD,commodity,PAPER,1,YES,2026-10-08T19:15:26.850768+00:00,873.2,40,2026-10-08T19:23:48.845475+00:00,371.2,55,,sold,18,35,115,-4394,0,1,39.5,,,0.0,1,39.5,873.2,10.5,,,,,,0.008,3,1,loss,,,,
KXPLATINUM15M-26OCT081530-30,PLATINUM,commodity,PAPER,1,YES,2026-10-08T19:15:25.850075+00:00,874.2,41,2026-10-08T19:24:19.845325+00:00,340.2,55,,sold,10,35,105,-4289,0,2,40.0,,,7.5,5,47.5,878.2,2.5,,,,,,0.008,3,0,win,,,,
KXPALLADIUM15M-26OCT081530-30,PALLADIUM,commodity,PAPER,1,YES,2026-10-08T19:15:32.852659+00:00,867.2,42,2026-10-08T19:27:41.845123+00:00,138.2,55,,sold,14,36,94,-4195,0,1,41.5,,,6.0,9,45.5,878.2,4.5,,,,,,-0.0006,2,2,win,,,,
KXWTI15M-26OCT081530-30,WTI,commodity,PAPER,1,YES,2026-10-08T19:16:15.853783+00:00,824.2,41,,,0,no,settled,0,17,-427,-4622,1,1,40.5,-8.0,,13.0,50,49.0,873.1,1.0,,,,,,0.028,5,5,loss,,,,
KXGOLD15M-26OCT081545-45,GOLD,commodity,PAPER,1,YES,2026-10-08T19:30:55.855169+00:00,844.2,42,2026-10-08T19:31:27.846395+00:00,812.2,55,,sold,40,36,94,-4528,0,1,41.5,-4.5,,8.0,24,46.5,862.2,3.5,,,,,,0.0409,5,5,win,,,,
KXCOPPER15M-26OCT081545-45,COPPER,commodity,PAPER,1,YES,2026-10-08T19:30:16.852136+00:00,883.2,42,2026-10-08T19:32:57.844912+00:00,722.2,56,,sold,25,36,104,-4424,0,2,41.0,,,9.0,6,41.0,883.2,9.0,,,,,,0.0299,2,1,win,,,,
KXPLATINUM15M-26OCT081545-45,PLATINUM,commodity,PAPER,1,YES,2026-10-08T19:30:41.856006+00:00,858.2,42,2026-10-08T19:33:36.845346+00:00,683.2,55,,sold,39,36,94,-4330,0,3,40.5,-5.5,,9.5,12,46.0,867.2,4.0,,,,,,-0.0032,4,4,win,,,,
KXWTI15M-26OCT081545-45,WTI,commodity,PAPER,1,NO,2026-10-08T19:30:34.850350+00:00,865.2,42,2026-10-08T19:38:25.846399+00:00,394.2,59,,sold,22,35,135,-4195,0,1,41.5,-10.0,,11.5,30,51.5,893.2,1.5,,,,,,0.0219,3,3,loss,,,,
KXSILVER15M-26OCT081545-45,SILVER,commodity,PAPER,1,YES,2026-10-08T19:30:05.852280+00:00,894.2,39,2026-10-08T19:38:39.845709+00:00,380.2,56,,sold,25,35,135,-4060,0,1,38.5,,,7.5,6,38.5,894.2,11.5,,,,,,-0.0098,1,0,win,,,,
KXPALLADIUM15M-26OCT081545-45,PALLADIUM,commodity,PAPER,1,NO,2026-10-08T19:30:33.851463+00:00,866.2,42,2026-10-08T19:43:22.845779+00:00,97.2,57,,sold,6,36,114,-3946,0,2,41.0,-7.5,,9.0,6,42.5,867.2,7.5,,,,,,0.0219,2,2,win,,,,
KXDOGE15M-26OCT081545-45,DOGE,crypto,PAPER,1,NO,2026-10-08T19:30:44.851646+00:00,855.2,42,,,0,yes,settled,0,18,-438,304,0,2,41.0,-10.5,,10.5,8,47.0,857.2,3.0,,,,,,0.041,3,3,win,,,,
KXSOL15M-26OCT081545-45,SOL,crypto,PAPER,1,NO,2026-10-08T19:30:17.852655+00:00,882.2,38,,,0,yes,settled,0,17,-397,-93,0,1,37.5,,,12.0,7,36.5,883.1,13.5,108.98,108.874,-0.0974,-0.1102,-0.1378,0.0291,0,0,win,,,,
KXXRP15M-26OCT081545-45,XRP,crypto,PAPER,1,NO,2026-10-08T19:30:21.850669+00:00,878.2,39,,,0,yes,settled,0,17,-407,-500,0,1,38.5,,,11.0,6,38.5,878.2,11.5,1.3678,1.3672,-0.0439,-0.0732,-0.0951,0.037,1,1,win,,,,
KXBTC15M-26OCT081545-45,BTC,crypto,PAPER,1,NO,2026-10-08T19:30:58.851708+00:00,841.2,42,,,0,yes,settled,0,18,-438,-938,0,1,41.5,-11.0,,11.0,27,44.5,862.2,5.5,81662.0,81637.52,-0.03,-0.0044,-0.0455,0.0455,4,4,win,,,,
KXETH15M-26OCT081545-45,ETH,crypto,PAPER,1,NO,2026-10-08T19:30:43.856175+00:00,856.2,41,,,0,yes,settled,0,17,-427,-1365,0,1,40.5,-13.0,,13.0,7,44.5,857.2,5.5,2455.73,2454.78,-0.0387,-0.0138,-0.0562,0.022,2,2,win,,,,
KXPALLADIUM15M-26OCT081600-00,PALLADIUM,commodity,PAPER,1,NO,2026-10-08T19:46:08.850954+00:00,831.2,41,2026-10-08T19:47:30.845278+00:00,749.2,56,,sold,38,35,115,-3831,1,3,39.5,-8.0,-11.5,14.5,30,49.5,870.2,0.5,,,,,,-0.0082,5,5,win,,,,
KXSOL15M-26OCT081600-00,SOL,crypto,PAPER,1,YES,2026-10-08T19:45:33.851729+00:00,866.2,42,2026-10-08T19:47:44.845044+00:00,735.2,59,,sold,38,35,135,-1230,0,2,41.0,-6.5,,7.5,7,41.0,866.2,9.0,108.94,109.0058,-0.0604,-0.0275,-0.0459,-0.0202,3,3,loss,,,,
KXETH15M-26OCT081600-00,ETH,crypto,PAPER,1,YES,2026-10-08T19:45:23.851712+00:00,876.2,42,2026-10-08T19:47:44.848343+00:00,735.2,56,,sold,30,36,104,-1126,0,1,41.5,,,7.0,7,41.5,876.2,8.5,2459.74,2460.89,-0.0467,-0.013,-0.0337,-0.0015,1,1,loss,,,,
KXBTC15M-26OCT081600-00,BTC,crypto,PAPER,1,YES,2026-10-08T19:45:30.852794+00:00,869.2,42,2026-10-08T19:47:46.848784+00:00,733.2,55,,sold,39,36,94,-1032,0,1,41.5,,,9.0,30,48.5,893.0,1.5,81646.57,81678.13,-0.0386,-0.0379,-0.0253,-0.0253,2,2,loss,,,,
KXXRP15M-26OCT081600-00,XRP,crypto,PAPER,1,YES,2026-10-08T19:45:12.039252+00:00,888.0,41,2026-10-08T19:48:14.845001+00:00,705.2,55,,sold,33,35,105,-927,0,1,40.5,,,6.5,6,,,,,,,-0.0874,-0.0801,-0.0145,4,0,win,,,,
KXWTI15M-26OCT081600-00,WTI,commodity,PAPER,1,NO,2026-10-08T19:45:25.850625+00:00,874.2,42,2026-10-08T19:49:16.848428+00:00,643.2,55,,sold,18,36,94,-3737,0,1,41.5,,,12.0,15,45.5,882.2,4.5,,,,,,-0.0255,1,1,win,,,,
KXSILVER15M-26OCT081600-00,SILVER,commodity,PAPER,1,YES,2026-10-08T19:46:03.851854+00:00,836.2,42,2026-10-08T19:50:03.846073+00:00,596.2,55,,sold,26,36,94,-3643,1,1,41.5,-2.0,-4.0,6.0,35,43.5,866.2,6.5,,,,,,-0.0047,4,4,win,,,,
KXDOGE15M-26OCT081600-00,DOGE,crypto,PAPER,1,NO,2026-10-08T19:47:02.851104+00:00,777.2,41,2026-10-08T19:51:43.846718+00:00,496.2,56,,sold,27,35,115,-812,2,1,40.5,-7.0,-7.0,7.0,57,47.5,893.0,2.5,0.0838,0.0838,-0.0119,-0.0239,-0.0119,-0.0057,4,4,loss,,,,
KXPLATINUM15M-26OCT081600-00,PLATINUM,commodity,PAPER,1,YES,2026-10-08T19:45:28.320355+00:00,871.7,42,2026-10-08T19:51:55.846016+00:00,484.2,55,,sold,17,36,94,-3549,0,4,40.0,,,5.0,6,,,,,,,,,-0.0253,2,2,win,,,,
KXCOPPER15M-26OCT081600-00,COPPER,commodity,PAPER,1,YES,2026-10-08T19:45:59.851569+00:00,840.2,41,2026-10-08T19:54:48.846635+00:00,311.2,56,,sold,25,35,115,-3434,0,2,40.0,-10.5,,10.5,18,46.0,855.2,4.0,,,,,,-0.0129,3,3,win,,,,
KXGOLD15M-26OCT081600-00,GOLD,commodity,PAPER,1,YES,2026-10-08T19:45:24.851625+00:00,875.2,42,2026-10-08T19:55:04.846317+00:00,295.2,56,,sold,22,36,104,-3330,0,1,41.5,,,3.0,14,44.5,882.2,5.5,,,,,,-0.0255,0,0,win,,,,
KXSILVER15M-26OCT081615-15,SILVER,commodity,PAPER,1,NO,2026-10-08T20:01:04.854298+00:00,835.2,42,2026-10-08T20:01:22.844953+00:00,817.2,55,,sold,41,36,94,-3236,1,1,41.5,-7.0,,8.5,27,46.0,855.2,4.0,,,,,,0.0529,2,2,win,,,,
KXSOL15M-26OCT081615-15,SOL,crypto,PAPER,1,NO,2026-10-08T20:00:35.858519+00:00,864.1,42,2026-10-08T20:03:01.845368+00:00,718.2,57,,sold,34,36,114,-698,0,1,41.5,,,11.5,28,49.5,885.2,0.5,109.16,109.1262,-0.031,-0.0275,-0.055,0.0365,3,3,win,,,,
KXGOLD15M-26OCT081615-15,GOLD,commodity,PAPER,1,YES,2026-10-08T20:00:30.850878+00:00,869.2,42,2026-10-08T20:03:47.848516+00:00,672.2,59,,sold,32,35,135,-3101,0,1,41.5,,,10.0,8,43.5,870.1,6.5,,,,,,0.0369,0,0,win,,,,
KXPALLADIUM15M-26OCT081615-15,PALLADIUM,commodity,PAPER,1,YES,2026-10-08T20:04:18.976569+00:00,641.0,41,2026-10-08T20:09:44.846566+00:00,315.2,58,,sold,25,35,135,-2966,4,1,40.5,-10.0,-7.0,11.0,32,45.0,875.2,5.0,,,,,,-0.0051,3,5,win,,,,
KXETH15M-26OCT081615-15,ETH,crypto,PAPER,1,NO,2026-10-08T20:00:29.851096+00:00,870.2,42,,,0,yes,settled,0,18,-438,-1136,0,1,41.5,,,11.0,7,41.5,870.2,8.5,2463.9,2463.23,-0.0272,-0.0524,-0.0288,0.0489,1,1,win,,,,
KXXRP15M-26OCT081615-15,XRP,crypto,PAPER,1,NO,2026-10-08T20:00:39.392820+00:00,860.6,41,,,0,yes,settled,0,17,-427,-1563,0,1,40.5,-1.0,,2.5,6,,,,1.3744,1.3726,-0.1311,-0.0874,-0.153,0.0617,4,4,win,,,,
KXBTC15M-26OCT081615-15,BTC,crypto,PAPER,1,NO,2026-10-08T20:00:16.851232+00:00,883.2,42,,,0,yes,settled,0,18,-438,-2001,0,1,41.5,,,8.0,15,46.5,891.3,3.5,81742.13,81712.22,-0.0366,-0.0697,-0.0218,0.0218,0,0,win,,,,
KXDOGE15M-26OCT081615-15,DOGE,crypto,PAPER,1,NO,2026-10-08T20:00:35.851348+00:00,864.2,42,,,0,yes,settled,0,18,-438,-2439,0,1,41.5,,,7.5,8,42.5,865.2,7.5,0.0838,0.0837,-0.0538,-0.0358,-0.0597,0.0365,2,2,win,,,,
KXPLATINUM15M-26OCT081615-15,PLATINUM,commodity,PAPER,1,NO,2026-10-08T20:01:33.852213+00:00,806.2,42,,,0,yes,settled,0,18,-438,-3404,1,3,40.5,-4.5,-14.0,19.0,55,53.5,875.2,3.5,,,,,,0.0302,3,4,win,,,,
KXWTI15M-26OCT081615-15,WTI,commodity,PAPER,1,YES,2026-10-08T20:01:13.851424+00:00,826.2,39,,,0,no,settled,0,17,-407,-3811,1,1,38.5,-8.0,-8.0,15.0,30,30.5,855.2,19.5,,,,,,0.0052,3,3,win,,,,
KXCOPPER15M-26OCT081615-15,COPPER,commodity,PAPER,1,YES,2026-10-08T20:00:30.857165+00:00,869.1,41,,,0,no,settled,0,17,-427,-4238,0,3,39.5,,,12.5,12,45.5,875.2,4.5,,,,,,0.0369,1,1,win,,,,
KXETH15M-26OCT081630-30,ETH,crypto,PAPER,1,NO,2026-10-08T20:17:20.852602+00:00,759.2,42,2026-10-08T20:18:56.846451+00:00,663.2,61,,sold,33,35,155,-2284,2,1,41.5,-13.0,-5.0,13.0,61,49.5,877.2,0.5,2471.11,2469.98,-0.0457,-0.0611,-0.0287,-0.0076,4,4,loss,,,,
KXPALLADIUM15M-26OCT081630-30,PALLADIUM,commodity,PAPER,1,NO,2026-10-08T20:16:05.854775+00:00,834.2,41,2026-10-08T20:19:44.846544+00:00,615.2,56,,sold,12,35,115,-4123,1,3,39.5,-11.0,-9.0,11.5,19,49.5,879.2,0.5,,,,,,-0.0112,4,4,win,,,,
KXSOL15M-26OCT081630-30,SOL,crypto,PAPER,1,NO,2026-10-08T20:16:00.853117+00:00,839.2,42,2026-10-08T20:19:48.845074+00:00,611.2,55,,sold,24,36,94,-2190,1,1,41.5,-7.5,,9.5,54,46.5,882.2,3.5,109.49,109.4233,-0.061,-0.0548,-0.0365,-0.0242,1,1,win,,,,
KXXRP15M-26OCT081630-30,XRP,crypto,PAPER,1,NO,2026-10-08T20:16:03.863659+00:00,836.1,41,2026-10-08T20:20:38.846436+00:00,561.2,55,,sold,29,35,105,-2085,1,1,40.5,-3.0,-8.0,11.0,60,49.5,887.2,0.5,1.3768,1.3765,-0.0218,-0.0145,-0.0363,-0.016,3,3,loss,,,,
KXDOGE15M-26OCT081630-30,DOGE,crypto,PAPER,1,NO,2026-10-08T20:16:02.854399+00:00,837.2,41,2026-10-08T20:20:55.845399+00:00,544.2,55,,sold,37,35,105,-1980,1,1,40.5,-4.0,-10.0,11.0,56,45.5,882.2,4.5,0.084,0.084,-0.0238,0.0238,-0.0119,-0.016,2,2,loss,,,,
KXWTI15M-26OCT081630-30,WTI,commodity,PAPER,1,NO,2026-10-08T20:15:38.851955+00:00,861.2,39,2026-10-08T20:22:08.847141+00:00,471.2,55,,sold,25,35,125,-3998,0,1,38.5,-14.0,,14.0,11,38.5,861.2,11.5,,,,,,-0.0119,0,0,loss,,,,
KXCOPPER15M-26OCT081630-30,COPPER,commodity,PAPER,1,NO,2026-10-08T20:17:52.852527+00:00,727.2,38,2026-10-08T20:23:15.845895+00:00,404.2,57,,sold,18,35,155,-3843,2,1,37.5,-7.0,-9.0,10.0,48,48.0,882.2,2.0,,,,,,0.0175,5,5,loss,,,,
KXSILVER15M-26OCT081630-30,SILVER,commodity,PAPER,1,NO,2026-10-08T20:16:03.853858+00:00,836.2,42,2026-10-08T20:26:07.844776+00:00,232.2,59,,sold,15,35,135,-3708,1,1,41.5,-6.5,-4.0,9.0,50,50.0,877.2,0.0,,,,,,-0.016,2,2,win,,,,
KXGOLD15M-26OCT081630-30,GOLD,commodity,PAPER,1,NO,2026-10-08T20:16:01.855692+00:00,838.2,42,2026-10-08T20:29:54.845974+00:00,5.2,76,,sold,2,31,309,-3399,1,1,41.5,-6.5,,6.5,35,46.5,861.1,3.5,,,,,,-0.0198,1,1,win,,,,
KXBTC15M-26OCT081630-30,BTC,crypto,PAPER,1,YES,2026-10-08T20:15:37.855805+00:00,862.2,42,,,0,no,settled,0,18,-438,-2418,0,1,41.5,-5.0,,6.0,27,46.5,877.2,3.5,81815.07,81822.76,-0.0094,-0.0,-0.0092,-0.0092,0,0,loss,,,,
KXSILVER15M-26OCT081645-45,SILVER,commodity,PAPER,1,YES,2026-10-08T20:30:15.174421+00:00,884.8,42,2026-10-08T20:30:25.844701+00:00,874.2,58,,sold,39,36,124,-3275,0,3,40.5,,,14.5,6,,,,,,,,,-0.0553,2,1,win,,,,
KXPLATINUM15M-26OCT081630-30,PLATINUM,commodity,PAPER,1,NO,2026-10-08T20:16:03.873225+00:00,836.1,41,,,0,yes,settled,0,17,-427,-3702,1,1,40.5,-8.0,-9.5,9.0,25,49.0,879.2,1.0,,,,,,-0.016,3,3,loss,,,,
KXBTC15M-26OCT081645-45,BTC,crypto,PAPER,1,YES,2026-10-08T20:30:36.181240+00:00,863.8,41,2026-10-08T20:30:36.846314+00:00,863.2,55,,sold,40,35,105,-2313,0,1,40.5,-4.0,,4.0,6,,,,81726.82,81718.45,0.0102,0.0397,0.0244,0.0244,2,2,loss,,,,
KXDOGE15M-26OCT081645-45,DOGE,crypto,PAPER,1,NO,2026-10-08T20:30:30.856986+00:00,869.2,42,2026-10-08T20:30:46.846141+00:00,853.2,57,,sold,41,36,114,-2199,0,1,41.5,,,16.0,22,55.5,884.2,5.5,0.0843,0.0842,-0.0546,-0.0475,-0.0475,0.0473,1,1,win,,,,
KXWTI15M-26OCT081645-45,WTI,commodity,PAPER,1,YES,2026-10-08T20:30:18.852441+00:00,881.2,40,2026-10-08T20:34:00.846199+00:00,659.2,55,,sold,29,35,115,-3587,0,1,39.5,,,13.0,10,46.0,884.2,4.0,,,,,,-0.0454,3,2,win,,,,
KXGOLD15M-26OCT081645-45,GOLD,commodity,PAPER,1,NO,2026-10-08T20:30:57.852398+00:00,842.2,42,2026-10-08T20:35:57.846935+00:00,542.2,55,,sold,37,36,94,-3493,0,1,41.5,-3.0,,14.0,49,50.5,884.2,0.5,,,,,,-0.0031,3,4,win,,,,
KXPLATINUM15M-26OCT081645-45,PLATINUM,commodity,PAPER,1,YES,2026-10-08T20:30:10.854327+00:00,889.2,38,2026-10-08T20:36:31.846019+00:00,508.2,55,,sold,34,35,135,-3358,0,4,36.0,,,16.0,7,34.5,890.0,15.5,,,,,,-0.0454,1,0,loss,,,,
KXSOL15M-26OCT081645-45,SOL,crypto,PAPER,1,YES,2026-10-08T20:30:48.856378+00:00,851.2,38,2026-10-08T20:36:42.848529+00:00,497.2,58,,sold,18,35,165,-2034,0,1,37.5,-4.5,,9.0,8,43.5,852.2,6.5,109.31,109.4112,-0.0925,-0.0274,-0.0823,0.0044,1,3,win,,,,
KXETH15M-26OCT081645-45,ETH,crypto,PAPER,1,YES,2026-10-08T20:30:54.851707+00:00,845.2,42,2026-10-08T20:39:05.879157+00:00,354.1,62,,sold,23,35,165,-1869,0,1,41.5,-8.0,,13.0,25,54.5,863.2,4.5,2466.9,2468.2,-0.0527,-0.0203,-0.0555,0.0052,2,4,win,,,,
KXCOPPER15M-26OCT081645-45,COPPER,commodity,PAPER,1,YES,2026-10-08T20:40:15.853362+00:00,284.2,42,2026-10-08T20:41:49.846362+00:00,190.2,64,,sold,37,35,185,-3173,10,4,40.0,-10.5,-12.5,12.5,50,45.5,873.2,4.5,,,,,,0.0,1,5,win,,,,
KXXRP15M-26OCT081645-45,XRP,crypto,PAPER,1,YES,2026-10-08T20:30:15.167760+00:00,884.8,41,2026-10-08T20:42:35.848518+00:00,144.2,58,,sold,3,35,135,-1734,0,1,40.5,,,8.0,6,,,,1.3764,1.3776,-0.0871,-0.0726,-0.0726,-0.0553,1,0,win,,,,
KXPALLADIUM15M-26OCT081645-45,PALLADIUM,commodity,PAPER,1,YES,2026-10-08T20:30:41.850991+00:00,858.2,42,,,0,no,settled,0,18,-438,-3611,0,1,41.5,-9.5,,17.5,6,41.5,858.2,8.5,,,,,,0.0243,2,3,win,,,,
KXDOGE15M-26OCT081700-00,DOGE,crypto,PAPER,1,NO,2026-10-08T20:46:15.853067+00:00,824.2,42,2026-10-08T20:47:08.845355+00:00,771.2,58,,sold,41,36,124,-1610,1,1,41.5,-15.0,-13.0,16.0,34,57.5,858.1,7.5,0.0843,0.0843,0.0024,-0.0119,-0.0356,0.0106,1,1,win,,,,
KXGOLD15M-26OCT081700-00,GOLD,commodity,PAPER,1,NO,2026-10-08T20:45:41.511579+00:00,858.5,42,2026-10-08T20:47:26.847690+00:00,753.2,55,,sold,39,36,94,-3517,0,1,41.5,0.0,,1.0,6,,,,,,,,,-0.0178,1,1,win,,,,
KXPALLADIUM15M-26OCT081700-00,PALLADIUM,commodity,PAPER,1,NO,2026-10-08T20:45:41.851641+00:00,858.2,39,2026-10-08T20:48:11.845169+00:00,708.2,55,,sold,35,35,125,-3392,0,3,37.5,8.0,,24.5,3,37.5,858.2,12.5,,,,,,-0.0179,2,2,loss,,,,
KXCOPPER15M-26OCT081700-00,COPPER,commodity,PAPER,1,NO,2026-10-08T20:45:26.851760+00:00,873.2,42,2026-10-08T20:50:16.846111+00:00,583.2,56,,sold,29,36,104,-3288,0,2,41.0,,,6.5,12,47.5,879.2,2.5,,,,,,-0.0287,1,0,win,,,,
KXSOL15M-26OCT081700-00,SOL,crypto,PAPER,1,YES,2026-10-08T20:47:08.854073+00:00,771.2,38,2026-10-08T20:50:30.846203+00:00,569.2,56,,sold,25,35,145,-1465,2,1,37.5,-16.5,-12.5,19.0,59,51.0,868.2,1.0,109.57,109.6353,-0.0596,-0.0821,-0.0547,-0.0152,1,2,win,,,,
KXXRP15M-26OCT081700-00,XRP,crypto,PAPER,1,YES,2026-10-08T20:47:08.867917+00:00,771.1,39,2026-10-08T20:50:55.846286+00:00,544.2,55,,sold,35,35,125,-1340,2,1,38.5,-15.0,-12.0,17.5,60,43.5,884.2,6.5,1.3766,1.3777,-0.0798,-0.0726,-0.0581,-0.0152,3,4,win,,,,
KXETH15M-26OCT081700-00,ETH,crypto,PAPER,1,YES,2026-10-08T20:47:08.861135+00:00,771.1,40,2026-10-08T20:54:18.845875+00:00,341.2,58,,sold,22,35,145,-1195,2,1,39.5,-12.0,-7.0,13.0,60,45.5,884.2,4.5,2469.76,2470.8,-0.0421,-0.0441,-0.0328,-0.0152,2,3,win,,,,
KXBTC15M-26OCT081700-00,BTC,crypto,PAPER,1,YES,2026-10-08T20:45:09.890629+00:00,890.1,42,,,0,no,settled,0,18,-438,-1633,0,1,41.5,,,1.0,5,,,,81746.32,81768.34,-0.0269,-0.0139,-0.0287,-0.0287,0,0,win,,,,
KXWTI15M-26OCT081700-00,WTI,commodity,PAPER,1,NO,2026-10-08T20:45:57.853610+00:00,842.2,40,,,0,yes,settled,0,17,-417,-3705,0,1,39.5,-10.0,,11.5,52,49.0,890.0,1.0,,,,,,0.0016,3,3,win,,,,
KXSILVER15M-26OCT081700-00,SILVER,commodity,PAPER,1,NO,2026-10-08T20:46:00.855103+00:00,839.2,42,,,0,yes,settled,0,18,-438,-4143,1,1,41.5,-5.0,,5.0,38,44.5,874.2,5.5,,,,,,0.0016,4,4,win,,,,
KXXRP15M-26OCT081715-15,XRP,crypto,PAPER,1,NO,2026-10-08T21:00:26.853382+00:00,873.2,40,2026-10-08T21:01:10.845215+00:00,829.2,55,,sold,35,35,115,-1518,0,1,39.5,,,26.0,21,39.5,873.2,10.5,1.3789,1.3783,-0.0435,-0.1089,-0.0798,-0.0205,0,0,win,,,,
KXWTI15M-26OCT081715-15,WTI,commodity,PAPER,1,NO,2026-10-08T21:00:23.852402+00:00,876.2,39,2026-10-08T21:01:25.851769+00:00,814.1,56,,sold,34,35,135,-4008,0,5,36.5,,,15.5,24,36.5,879.2,13.5,,,,,,-0.0397,2,0,win,,,,
KXSOL15M-26OCT081715-15,SOL,crypto,PAPER,1,YES,2026-10-08T21:01:01.852421+00:00,838.2,41,2026-10-08T21:10:56.845928+00:00,243.2,59,,sold,6,34,146,-1372,1,1,40.5,-1.5,,5.5,40,46.0,857.2,4.0,109.8,109.8558,-0.0508,-0.0637,0.0,-0.0285,3,3,win,,,,
KXBTC15M-26OCT081715-15,BTC,crypto,PAPER,1,YES,2026-10-08T21:00:36.499784+00:00,863.5,41,,,0,no,settled,0,17,-427,-1799,0,1,40.5,-2.0,,6.0,20,,,,81722.72,81758.15,-0.0433,-0.0116,-0.039,-0.039,1,1,loss,,,,
KXETH15M-26OCT081715-15,ETH,crypto,PAPER,1,YES,2026-10-08T21:01:04.852153+00:00,835.2,41,,,0,no,settled,0,17,-427,-2226,1,1,40.5,-5.0,-4.0,17.0,46,52.5,863.2,2.5,2472.48,2473.81,-0.0538,-0.0578,-0.0243,-0.0268,4,4,win,,,,
KXDOGE15M-26OCT081715-15,DOGE,crypto,PAPER,1,YES,2026-10-08T21:00:41.723111+00:00,858.3,38,,,0,no,settled,0,17,-397,-2623,0,1,37.5,-2.0,,5.5,20,,,,0.0843,0.0842,0.0083,0.0594,-0.0119,-0.0371,2,2,win,,,,
KXSOL15M-26OCT081730-30,SOL,crypto,PAPER,1,NO,2026-10-08T21:15:50.370589+00:00,849.6,41,2026-10-08T21:16:27.844839+00:00,812.2,56,,sold,41,35,115,-2508,0,1,40.5,0.0,,7.0,10,,,,109.93,109.917,-0.0118,0.0182,-0.0,0.0084,2,2,win,,,,
KXDOGE15M-26OCT081730-30,DOGE,crypto,PAPER,1,NO,2026-10-08T21:15:13.852861+00:00,886.2,42,2026-10-08T21:16:32.844941+00:00,807.2,57,,sold,40,36,114,-2394,0,1,41.5,,,6.0,11,41.5,886.2,8.5,,,,,,-0.0054,4,1,win,,,,
KXETH15M-26OCT081730-30,ETH,crypto,PAPER,1,NO,2026-10-08T21:16:04.852754+00:00,835.2,42,2026-10-08T21:16:32.845862+00:00,807.2,57,,sold,39,36,114,-2280,1,1,41.5,-5.0,-8.0,9.0,49,50.5,875.2,0.5,2472.56,2471.99,-0.0231,-0.015,-0.0283,0.0068,3,3,loss,,,,
KXBTC15M-26OCT081730-30,BTC,crypto,PAPER,1,YES,2026-10-08T21:16:27.854576+00:00,812.2,42,2026-10-08T21:18:09.956199+00:00,710.0,58,,sold,38,36,124,-2156,1,1,41.5,-9.0,-13.0,12.0,48,49.5,859.2,0.5,81678.42,81699.81,-0.0262,-0.0179,-0.0165,-0.0165,3,4,loss,,,,
KXWTI15M-26OCT081730-30,WTI,commodity,PAPER,1,YES,2026-10-08T21:17:18.852663+00:00,761.2,42,2026-10-08T21:19:30.845429+00:00,629.2,57,,sold,40,36,114,-3894,2,1,41.5,-8.0,-6.5,10.0,60,54.0,875.2,4.0,,,,,,-0.0283,0,0,win,,,,
KXXRP15M-26OCT081730-30,XRP,crypto,PAPER,1,NO,2026-10-08T21:15:13.438812+00:00,886.6,40,2026-10-08T21:26:57.845811+00:00,182.2,57,,sold,4,35,135,-2021,0,1,39.5,,,9.0,10,,,,1.3782,1.378,-0.0145,-0.0508,-0.0436,-0.0054,3,0,win,,,,
KXDOGE15M-26OCT081745-45,DOGE,crypto,PAPER,1,YES,2026-10-08T21:30:46.924109+00:00,853.1,40,2026-10-08T21:30:47.845195+00:00,852.2,58,,sold,39,35,145,-1876,0,1,39.5,-1.0,,10.5,26,,,,0.0842,0.0842,0.0463,0.0713,0.0119,-0.0003,4,4,win,,,,
KXBTC15M-26OCT081745-45,BTC,crypto,PAPER,1,YES,2026-10-08T21:30:36.470398+00:00,863.5,41,2026-10-08T21:32:04.845616+00:00,775.2,55,,sold,41,35,105,-1771,0,1,40.5,-3.0,,6.0,26,,,,81604.65,81623.15,-0.0227,-0.0,-0.0197,-0.0197,2,2,win,,,,
KXSOL15M-26OCT081745-45,SOL,crypto,PAPER,1,YES,2026-10-08T21:30:46.916174+00:00,853.1,40,2026-10-08T21:35:03.227740+00:00,596.8,59,,sold,27,34,156,-1615,0,1,39.5,-3.0,,12.0,26,,,,109.94,109.9658,-0.0235,0.0273,-0.0273,-0.0003,3,3,win,,,,
KXETH15M-26OCT081745-45,ETH,crypto,PAPER,1,YES,2026-10-08T21:30:34.489959+00:00,865.5,41,2026-10-08T21:35:11.847427+00:00,588.2,60,,sold,25,34,156,-1459,0,1,40.5,-9.0,,13.0,30,36.5,873.2,13.5,2473.15,2474.15,-0.0404,-0.0061,-0.0344,-0.0197,0,0,win,,,,
KXXRP15M-26OCT081745-45,XRP,crypto,PAPER,1,YES,2026-10-08T21:30:34.499138+00:00,865.5,42,2026-10-08T21:37:39.845056+00:00,440.2,56,,sold,20,36,104,-1355,0,1,41.5,-5.5,,17.0,27,30.5,868.2,19.5,1.3775,1.3786,-0.0798,-0.0073,-0.029,-0.0197,1,1,win,,,,
KXWTI15M-26OCT081745-45,WTI,commodity,PAPER,1,YES,2026-10-08T21:31:24.853128+00:00,815.2,38,,,0,no,settled,0,17,-397,-4291,1,2,37.0,7.5,-12.0,20.0,49,36.0,857.2,14.0,,,,,,0.0358,0,0,win,,,,
KXSOL15M-26OCT081800-00,SOL,crypto,PAPER,1,YES,2026-10-08T21:45:23.768958+00:00,876.2,42,2026-10-08T21:48:21.845493+00:00,698.2,57,,sold,26,36,114,-1241,0,1,41.5,,,5.0,11,,,,109.97,110.0185,-0.0441,0.0091,-0.0364,-0.0222,0,0,win,,,,
KXETH15M-26OCT081800-00,ETH,crypto,PAPER,1,YES,2026-10-08T21:45:34.353435+00:00,865.7,40,2026-10-08T21:51:55.846079+00:00,484.2,55,,sold,10,35,115,-1126,0,1,39.5,-1.0,,9.0,11,,,,2472.83,2474.42,-0.0643,-0.019,-0.0477,-0.0368,1,1,win,,,,
KXDOGE15M-26OCT081800-00,DOGE,crypto,PAPER,1,YES,2026-10-08T21:45:44.857100+00:00,855.2,41,2026-10-08T21:52:57.845160+00:00,422.2,59,,sold,10,34,146,-980,0,1,40.5,-3.0,,7.5,21,43.5,865.2,6.5,,,,,,-0.0368,4,4,win,,,,
KXWTI15M-26OCT081800-00,WTI,commodity,PAPER,1,NO,2026-10-08T21:50:15.854817+00:00,584.2,40,2026-10-08T21:53:07.844787+00:00,412.2,58,,sold,24,35,145,-4146,5,1,39.5,19.0,15.5,20.5,60,49.0,886.6,1.0,,,,,,-0.0051,0,0,loss,,,,
KXBTC15M-26OCT081800-00,BTC,crypto,PAPER,1,YES,2026-10-08T21:45:40.853609+00:00,859.2,41,2026-10-08T21:54:32.845530+00:00,327.2,61,,sold,12,34,166,-814,0,1,40.5,-2.0,,12.0,12,40.5,859.2,9.5,81604.09,81637.42,-0.0408,-0.0146,-0.0368,-0.0368,2,2,win,,,,
KXXRP15M-26OCT081800-00,XRP,crypto,PAPER,1,YES,2026-10-08T21:45:42.857280+00:00,857.2,42,2026-10-08T21:54:33.983041+00:00,326.0,55,,sold,9,36,94,-720,0,1,41.5,-9.0,,9.0,29,50.5,875.2,0.5,1.3751,1.3757,-0.0436,-0.0218,-0.0218,-0.0368,3,3,win,,,,
KXWTI15M-26OCT081815-15,WTI,commodity,PAPER,1,NO,2026-10-08T22:00:39.853536+00:00,860.2,41,2026-10-08T22:01:40.845660+00:00,799.2,57,,sold,35,35,125,-4021,0,2,40.0,-5.5,,16.0,17,40.0,860.2,10.0,,,,,,0.0766,0,0,win,,,,
KXSOL15M-26OCT081815-15,SOL,crypto,PAPER,1,NO,2026-10-08T22:00:30.857872+00:00,869.2,39,2026-10-08T22:03:26.845534+00:00,693.2,55,,sold,27,35,125,-595,0,2,38.0,,,16.0,29,34.5,881.2,15.5,110.69,110.5517,-0.1251,-0.0995,-0.1357,0.0826,0,0,win,,,,
KXXRP15M-26OCT081815-15,XRP,crypto,PAPER,1,NO,2026-10-08T22:02:24.857593+00:00,755.2,40,,,0,yes,settled,0,17,-417,-1012,2,1,39.5,20.0,11.5,25.0,60,19.5,881.2,30.5,1.3763,1.3759,-0.0291,0.1161,0.0653,-0.0231,3,3,win,,,,
KXDOGE15M-26OCT081815-15,DOGE,crypto,PAPER,1,NO,2026-10-08T22:03:27.858904+00:00,692.2,39,,,0,yes,settled,0,17,-407,-1419,3,1,38.5,18.0,5.0,18.0,60,24.5,876.2,25.5,0.0843,0.0843,-0.1032,0.1066,-0.0,-0.0189,3,4,win,,,,
KXETH15M-26OCT081815-15,ETH,crypto,PAPER,1,NO,2026-10-08T22:00:49.857766+00:00,850.2,38,,,0,yes,settled,0,17,-397,-1816,0,1,37.5,11.0,,14.0,32,32.5,865.2,17.5,2478.54,2477.07,-0.0593,0.054,-0.0529,0.06,1,1,win,,,,
KXBTC15M-26OCT081815-15,BTC,crypto,PAPER,1,NO,2026-10-08T22:00:58.854587+00:00,841.2,38,,,0,yes,settled,0,17,-397,-2213,0,1,37.5,11.0,,12.0,36,33.5,860.1,16.5,81665.36,81615.45,-0.0612,0.0111,-0.0494,0.0494,2,2,win,,,,
KXXRP15M-26OCT081830-30,XRP,crypto,PAPER,1,YES,2026-10-08T22:15:43.308100+00:00,856.7,41,2026-10-08T22:16:04.846035+00:00,835.2,58,,sold,40,35,135,-2078,0,1,40.5,0.0,,3.0,6,,,,1.38,1.3805,-0.0362,0.0362,-0.0072,-0.0125,3,3,loss,,,,
KXBTC15M-26OCT081830-30,BTC,crypto,PAPER,1,YES,2026-10-08T22:15:22.862479+00:00,877.1,42,2026-10-08T22:17:44.845982+00:00,735.2,55,,sold,40,36,94,-1984,0,1,41.5,,,3.0,7,41.5,877.1,8.5,81752.81,81774.34,-0.0263,-0.0071,-0.0296,-0.0296,2,2,loss,,,,
KXDOGE15M-26OCT081830-30,DOGE,crypto,PAPER,1,YES,2026-10-08T22:15:17.259962+00:00,882.8,40,2026-10-08T22:18:51.846786+00:00,668.2,57,,sold,39,35,135,-1849,0,1,39.5,,,0.0,6,,,,0.0844,0.0844,-0.0296,-0.0355,-0.0355,-0.0296,1,0,loss,,,,
KXSOL15M-26OCT081830-30,SOL,crypto,PAPER,1,NO,2026-10-08T22:18:52.859321+00:00,667.2,42,2026-10-08T22:19:44.845707+00:00,615.2,59,,sold,32,35,135,-1714,3,1,41.5,-13.0,-6.0,15.5,59,53.5,866.2,3.5,110.55,110.4948,-0.05,-0.0543,-0.0271,0.0075,1,4,win,,,,
KXETH15M-26OCT081830-30,ETH,crypto,PAPER,1,YES,2026-10-08T22:15:22.382785+00:00,877.6,41,,,0,no,settled,0,17,-427,-2141,0,1,40.5,,,2.0,6,,,,2477.45,2478.27,-0.0331,-0.002,-0.0359,-0.0296,1,1,loss,,,,
KXWTI15M-26OCT081830-30,WTI,commodity,PAPER,1,NO,2026-10-08T22:18:35.854352+00:00,684.2,41,,,0,yes,settled,0,17,-427,-4448,3,1,40.5,-5.0,-5.0,5.0,53,54.5,866.2,4.5,,,,,,-0.0064,5,5,win,,,,
KXSILVER15M-26OCT081830-30,SILVER,commodity,PAPER,1,NO,2026-10-08T22:15:22.853174+00:00,877.2,42,,,0,yes,settled,0,18,-438,-4886,0,2,41.0,,,8.5,16,42.5,893.1,7.5,,,,,,-0.0296,0,0,loss,,,,
KXCOPPER15M-26OCT081830-30,COPPER,commodity,PAPER,1,NO,2026-10-08T22:17:07.855553+00:00,772.2,40,,,0,yes,settled,0,17,-417,-5303,2,1,39.5,-4.0,-11.5,11.5,40,50.0,872.2,0.0,,,,,,-0.0046,4,4,win,,,,
KXPALLADIUM15M-26OCT081830-30,PALLADIUM,commodity,PAPER,1,NO,2026-10-08T22:16:18.854876+00:00,821.2,42,,,0,yes,settled,0,18,-438,-5741,1,2,41.0,-4.5,2.0,8.5,26,45.0,872.2,5.0,,,,,,0.0314,3,3,win,,,,
KXGOLD15M-26OCT081830-30,GOLD,commodity,PAPER,1,NO,2026-10-08T22:15:38.854577+00:00,861.2,39,,,0,yes,settled,0,17,-407,-6148,0,1,38.5,-7.5,,11.5,7,38.5,861.2,11.5,,,,,,-0.0074,1,1,win,,,,
KXPLATINUM15M-26OCT081830-30,PLATINUM,commodity,PAPER,1,NO,2026-10-08T22:15:55.857495+00:00,844.2,42,,,0,yes,settled,0,18,-438,-6586,0,1,41.5,-7.5,,9.0,12,43.5,856.2,6.5,,,,,,-0.0012,2,2,win,,,,
KXGOLD15M-26OCT081845-45,GOLD,commodity,PAPER,1,YES,2026-10-08T22:31:09.854894+00:00,830.2,42,2026-10-08T22:33:15.846150+00:00,704.2,55,,sold,41,36,94,-6492,1,1,41.5,-9.0,-6.5,9.0,40,43.5,855.2,6.5,,,,,,-0.0067,2,2,loss,,,,
KXBTC15M-26OCT081845-45,BTC,crypto,PAPER,1,YES,2026-10-08T22:30:23.606198+00:00,876.4,40,2026-10-08T22:33:20.846453+00:00,699.2,55,,sold,27,35,115,-2026,0,1,39.5,,,2.0,21,,,,81725.02,81745.5,-0.0251,-0.0061,-0.0253,-0.0253,0,0,win,,,,
KXXRP15M-26OCT081845-45,XRP,crypto,PAPER,1,YES,2026-10-08T22:30:36.854908+00:00,863.2,40,2026-10-08T22:33:23.845835+00:00,696.2,55,,sold,30,35,115,-1911,0,1,39.5,-6.0,,7.0,28,45.5,870.2,4.5,1.3787,1.3798,-0.0797,-0.029,-0.0652,-0.0208,2,2,win,,,,
KXDOGE15M-26OCT081845-45,DOGE,crypto,PAPER,1,YES,2026-10-08T22:31:25.854342+00:00,814.2,42,2026-10-08T22:34:02.845579+00:00,657.2,58,,sold,37,36,124,-1787,1,1,41.5,-5.5,-6.0,9.0,50,50.5,864.2,0.5,,,,,,-0.0166,4,4,win,,,,
KXSOL15M-26OCT081845-45,SOL,crypto,PAPER,1,YES,2026-10-08T22:31:13.872094+00:00,826.1,42,2026-10-08T22:34:03.846477+00:00,656.2,57,,sold,31,36,114,-1673,1,1,41.5,-6.0,-6.0,10.0,55,51.5,870.2,1.5,110.09,110.1527,-0.0569,-0.0363,-0.0545,-0.0067,3,3,win,,,,
KXETH15M-26OCT081845-45,ETH,crypto,PAPER,1,YES,2026-10-08T22:30:23.618702+00:00,876.4,41,2026-10-08T22:34:16.847462+00:00,643.2,55,,sold,21,35,105,-1568,0,1,40.5,,,5.0,21,,,,2471.87,2472.95,-0.0437,-0.0117,-0.0417,-0.0253,1,1,loss,,,,
KXSILVER15M-26OCT081845-45,SILVER,commodity,PAPER,1,YES,2026-10-08T22:30:45.854588+00:00,854.2,40,2026-10-08T22:34:45.845617+00:00,614.2,55,,sold,35,35,115,-6377,0,1,39.5,-8.5,,11.0,31,48.0,865.2,2.0,,,,,,-0.0162,0,0,loss,,,,
KXPLATINUM15M-26OCT081845-45,PLATINUM,commodity,PAPER,1,NO,2026-10-08T22:33:39.859843+00:00,680.2,42,2026-10-08T22:40:07.845654+00:00,292.2,55,,sold,23,36,94,-6283,3,4,40.0,-10.0,-10.5,11.5,34,55.0,860.2,5.0,,,,,,0.0316,3,4,loss,,,,
KXCOPPER15M-26OCT081845-45,COPPER,commodity,PAPER,1,NO,2026-10-08T22:33:57.854809+00:00,662.2,41,,,0,yes,settled,0,17,-427,-6710,3,4,39.0,-5.0,-9.0,9.5,41,49.0,874.2,1.0,,,,,,0.0399,4,5,loss,,,,
KXWTI15M-26OCT081845-45,WTI,commodity,PAPER,1,NO,2026-10-08T22:30:46.853653+00:00,853.2,42,,,0,yes,settled,0,18,-438,-7148,0,1,41.5,-6.0,,6.0,37,45.5,870.2,4.5,,,,,,-0.0162,1,1,loss,,,,
KXPALLADIUM15M-26OCT081845-45,PALLADIUM,commodity,PAPER,1,NO,2026-10-08T22:32:14.854749+00:00,765.2,38,,,0,yes,settled,0,17,-397,-7545,2,5,35.5,-16.5,-14.5,18.0,29,50.5,875.2,0.5,,,,,,-0.0146,3,3,loss,,,,
KXSOL15M-26OCT081900-00,SOL,crypto,PAPER,1,NO,2026-10-08T22:45:58.885181+00:00,841.1,40,2026-10-08T22:47:44.848105+00:00,735.2,59,,sold,35,34,156,-1412,0,1,39.5,-9.5,,11.0,39,47.5,880.2,2.5,110.45,110.405,-0.0408,-0.0272,-0.0725,0.0317,1,1,win,,,,
KXXRP15M-26OCT081900-00,XRP,crypto,PAPER,1,NO,2026-10-08T22:45:59.855123+00:00,840.2,42,2026-10-08T22:48:00.847844+00:00,719.2,56,,sold,37,36,104,-1308,0,1,41.5,-10.0,,10.0,40,49.5,880.2,0.5,1.3822,1.3821,-0.0072,-0.0362,-0.0507,0.0316,3,3,win,,,,
KXPALLADIUM15M-26OCT081900-00,PALLADIUM,commodity,PAPER,1,YES,2026-10-08T22:45:42.853653+00:00,857.2,40,2026-10-08T22:48:13.847092+00:00,706.2,58,,sold,35,35,145,-7400,0,3,38.5,,,7.5,7,46.0,864.2,4.0,,,,,,0.0012,1,1,loss,,,,
KXETH15M-26OCT081900-00,ETH,crypto,PAPER,1,NO,2026-10-08T22:45:58.897107+00:00,841.1,39,2026-10-08T22:48:52.846585+00:00,667.2,56,,sold,32,35,135,-1173,0,1,38.5,-17.0,,17.0,40,53.5,880.2,3.5,2474.79,2474.08,-0.0287,-0.0424,-0.0323,0.0317,2,2,win,,,,
KXWTI15M-26OCT081900-00,WTI,commodity,PAPER,1,YES,2026-10-08T22:45:41.860349+00:00,858.2,42,2026-10-08T22:49:15.848565+00:00,644.2,55,,sold,39,36,94,-7306,0,1,41.5,,,0.0,1,41.5,858.2,8.5,,,,,,0.0012,0,0,loss,,,,
KXBTC15M-26OCT081900-00,BTC,crypto,PAPER,1,NO,2026-10-08T22:45:59.864558+00:00,840.1,38,2026-10-08T22:50:32.848778+00:00,567.2,56,,sold,35,35,145,-1028,0,1,37.5,-13.0,,16.0,51,52.5,890.2,2.5,81883.04,81849.54,-0.0409,-0.0266,-0.0316,0.0316,4,4,win,,,,
KXDOGE15M-26OCT081900-00,DOGE,crypto,PAPER,1,NO,2026-10-08T22:45:30.855340+00:00,869.2,42,2026-10-08T22:50:46.845663+00:00,553.2,55,,sold,32,36,94,-934,0,1,41.5,,,3.0,12,44.5,880.2,5.5,,,,,,0.0137,0,0,win,,,,
KXSILVER15M-26OCT081900-00,SILVER,commodity,PAPER,1,NO,2026-10-08T22:46:33.854162+00:00,806.2,42,2026-10-08T22:52:07.846600+00:00,472.2,58,,sold,26,36,124,-7182,1,1,41.5,-4.0,-10.0,11.0,57,52.0,869.2,2.0,,,,,,0.0297,3,3,win,,,,
KXGOLD15M-26OCT081900-00,GOLD,commodity,PAPER,1,NO,2026-10-08T22:46:02.854737+00:00,837.2,41,2026-10-08T22:52:09.845610+00:00,470.2,57,,sold,22,35,125,-7057,1,1,40.5,-8.0,,10.5,54,51.0,890.2,1.0,,,,,,0.0414,2,2,win,,,,
KXPLATINUM15M-26OCT081900-00,PLATINUM,commodity,PAPER,1,NO,2026-10-08T22:47:24.855943+00:00,755.2,41,2026-10-08T22:52:12.844615+00:00,467.2,55,,sold,28,35,105,-6952,2,2,40.0,-2.0,-7.5,7.5,31,48.0,894.2,2.0,,,,,,0.0139,4,4,win,,,,
KXCOPPER15M-26OCT081900-00,COPPER,commodity,PAPER,1,NO,2026-10-08T22:49:54.862897+00:00,605.2,40,2026-10-08T22:58:53.847145+00:00,66.2,58,,sold,12,35,145,-6807,4,1,39.5,-6.0,-9.0,15.5,51,50.0,880.2,0.0,,,,,,0.0087,3,5,loss,,,,
KXPALLADIUM15M-26OCT081915-15,PALLADIUM,commodity,PAPER,1,YES,2026-10-08T23:01:12.854075+00:00,827.2,38,2026-10-08T23:02:09.846849+00:00,770.2,55,,sold,34,35,135,-6672,1,4,36.0,-10.5,-11.5,10.5,21,45.5,868.2,4.5,,,,,,0.0349,2,2,win,,,,
KXCOPPER15M-26OCT081915-15,COPPER,commodity,PAPER,1,YES,2026-10-08T23:01:12.864556+00:00,827.1,40,2026-10-08T23:02:15.845567+00:00,764.2,59,,sold,39,34,156,-6516,1,1,39.5,-9.5,-10.5,10.5,38,50.0,884.2,0.0,,,,,,0.0349,3,3,win,,,,
KXSILVER15M-26OCT081915-15,SILVER,commodity,PAPER,1,YES,2026-10-08T23:00:30.854444+00:00,869.2,41,2026-10-08T23:04:04.845170+00:00,655.2,58,,sold,16,35,135,-6381,0,2,40.0,,,10.0,15,49.5,873.2,0.5,,,,,,-0.0088,0,0,win,,,,
KXGOLD15M-26OCT081915-15,GOLD,commodity,PAPER,1,YES,2026-10-08T23:00:42.855287+00:00,857.2,42,2026-10-08T23:04:04.846824+00:00,655.2,56,,sold,18,36,104,-6277,0,1,41.5,-8.5,,9.0,17,44.5,863.2,5.5,,,,,,0.0204,1,1,win,,,,
KXPLATINUM15M-26OCT081915-15,PLATINUM,commodity,PAPER,1,YES,2026-10-08T23:02:34.866996+00:00,745.2,38,2026-10-08T23:04:14.846945+00:00,645.2,55,,sold,25,35,135,-6142,2,5,35.5,1.0,11.5,15.5,37,35.5,868.2,14.5,,,,,,-0.0655,2,4,win,,,,
KXBTC15M-26OCT081915-15,BTC,crypto,PAPER,1,NO,2026-10-08T23:00:42.865452+00:00,857.1,42,2026-10-08T23:05:56.847871+00:00,543.2,56,,sold,26,36,104,-830,0,1,41.5,-4.0,,13.0,11,41.5,857.1,8.5,81833.2,81818.8,-0.0176,-0.0093,-0.0204,0.0204,3,3,win,,,,
KXETH15M-26OCT081915-15,ETH,crypto,PAPER,1,NO,2026-10-08T23:00:38.865073+00:00,861.2,42,2026-10-08T23:06:48.845494+00:00,491.2,55,,sold,25,36,94,-736,0,1,41.5,7.0,,13.0,23,44.5,873.2,5.5,2474.11,2473.68,-0.0174,0.0154,-0.0239,0.0164,2,2,win,,,,
KXSOL15M-26OCT081915-15,SOL,crypto,PAPER,1,NO,2026-10-08T23:00:47.015911+00:00,853.0,41,2026-10-08T23:06:51.845886+00:00,488.2,57,,sold,23,35,125,-611,0,1,40.5,0.0,,4.5,9,,,,110.29,110.2237,-0.0602,-0.0,-0.0544,0.0119,4,4,win,,,,
KXDOGE15M-26OCT081915-15,DOGE,crypto,PAPER,1,NO,2026-10-08T23:00:15.563882+00:00,884.5,41,2026-10-08T23:07:28.846427+00:00,451.2,56,,sold,21,35,115,-496,0,1,40.5,,,0.0,10,,,,,,,,,-0.0045,1,1,win,,,,
KXWTI15M-26OCT081915-15,WTI,commodity,PAPER,1,NO,2026-10-08T23:03:13.899817+00:00,706.1,42,2026-10-08T23:09:01.846573+00:00,358.2,55,,sold,20,36,94,-6048,3,1,41.5,-4.0,-8.0,8.0,53,53.5,879.2,3.5,,,,,,0.021,3,5,win,,,,
KXXRP15M-26OCT081915-15,XRP,crypto,PAPER,1,NO,2026-10-08T23:00:15.543087+00:00,884.5,40,,,0,yes,settled,0,17,-417,-913,0,1,39.5,,,7.0,10,,,,1.3819,1.3817,-0.0145,-0.0145,-0.0434,-0.0045,0,0,win,,,,
KXETH15M-26OCT081930-30,ETH,crypto,PAPER,1,YES,2026-10-08T23:16:34.854726+00:00,805.2,42,2026-10-08T23:17:20.847171+00:00,759.2,55,,sold,40,36,94,-819,1,1,41.5,-13.0,-11.0,14.0,59,53.5,882.2,3.5,2473.95,2474.31,-0.0145,-0.0283,-0.0251,0.0101,3,3,win,,,,
KXSILVER15M-26OCT081930-30,SILVER,commodity,PAPER,1,YES,2026-10-08T23:17:18.856349+00:00,761.2,42,2026-10-08T23:18:12.848998+00:00,707.2,55,,sold,40,36,94,-5954,2,2,41.0,-12.5,-7.5,12.5,55,53.0,861.2,3.0,,,,,,0.0,4,4,win,,,,
KXPLATINUM15M-26OCT081930-30,PLATINUM,commodity,PAPER,1,YES,2026-10-08T23:17:08.861817+00:00,771.2,42,2026-10-08T23:18:37.846709+00:00,682.2,57,,sold,38,36,114,-5840,2,4,40.0,-5.5,-3.5,6.0,29,45.5,855.2,4.5,,,,,,0.0006,3,3,win,,,,
KXSOL15M-26OCT081930-30,SOL,crypto,PAPER,1,NO,2026-10-08T23:15:42.855415+00:00,857.2,42,2026-10-08T23:19:08.845711+00:00,651.2,59,,sold,37,35,135,-684,0,2,41.0,-7.5,,10.0,32,47.0,872.2,3.0,110.25,110.214,-0.0327,-0.0363,-0.0272,0.0082,1,1,win,,,,
KXBTC15M-26OCT081930-30,BTC,crypto,PAPER,1,NO,2026-10-08T23:17:37.855628+00:00,742.2,41,2026-10-08T23:19:08.847968+00:00,651.2,55,,sold,38,35,105,-579,2,1,40.5,-10.0,-11.0,12.0,61,52.5,877.2,2.5,81789.38,81780.83,-0.0105,-0.0099,-0.0099,0.0099,3,4,win,,,,
KXDOGE15M-26OCT081930-30,DOGE,crypto,PAPER,1,NO,2026-10-08T23:15:17.239266+00:00,882.8,42,2026-10-08T23:24:13.846191+00:00,346.2,62,,sold,10,35,165,-414,0,1,41.5,,,7.0,16,,,,,,,,,-0.0113,0,0,win,,,,
KXXRP15M-26OCT081930-30,XRP,crypto,PAPER,1,NO,2026-10-08T23:16:04.861244+00:00,835.2,42,,,0,yes,settled,0,18,-438,-852,1,1,41.5,-5.0,-10.0,10.0,61,42.5,882.2,7.5,1.3838,1.3835,-0.0217,-0.0217,-0.0578,0.0077,2,2,loss,,,,
KXCOPPER15M-26OCT081930-30,COPPER,commodity,PAPER,1,NO,2026-10-08T23:15:57.854724+00:00,842.2,38,,,0,yes,settled,0,17,-397,-6237,0,1,37.5,-13.0,,26.0,32,50.5,872.2,0.5,,,,,,0.0077,2,2,win,,,,
KXPALLADIUM15M-26OCT081930-30,PALLADIUM,commodity,PAPER,1,NO,2026-10-08T23:15:43.855461+00:00,856.2,41,,,0,yes,settled,0,17,-427,-6664,0,1,40.5,-9.0,,9.5,16,47.5,872.2,2.5,,,,,,0.0081,1,1,win,,,,
KXGOLD15M-26OCT081930-30,GOLD,commodity,PAPER,1,NO,2026-10-08T23:17:32.855357+00:00,747.2,42,,,0,yes,settled,0,18,-438,-7102,2,1,41.5,-9.0,-3.0,13.0,60,51.5,866.2,1.5,,,,,,0.0099,5,5,win,,,,
KXWTI15M-26OCT081930-30,WTI,commodity,PAPER,1,NO,2026-10-08T23:15:39.860378+00:00,860.2,42,,,0,yes,settled,0,18,-438,-7540,0,1,41.5,-9.0,,11.0,31,48.5,882.2,1.5,,,,,,-0.0002,0,0,win,,,,
KXDOGE15M-26OCT081945-45,DOGE,crypto,PAPER,1,YES,2026-10-08T23:30:18.855570+00:00,881.2,42,2026-10-08T23:30:44.846155+00:00,855.2,57,,sold,41,36,114,-738,0,1,41.5,,,7.0,15,47.5,886.2,2.5,,,,,,-0.0073,0,0,win,,,,
KXCOPPER15M-26OCT081945-45,COPPER,commodity,PAPER,1,YES,2026-10-08T23:30:39.989997+00:00,860.0,42,2026-10-08T23:30:54.844784+00:00,845.2,55,,sold,40,36,94,-7446,0,2,41.0,-7.5,,8.0,9,,,,,,,,,0.0159,0,0,loss,,,,
KXXRP15M-26OCT081945-45,XRP,crypto,PAPER,1,YES,2026-10-08T23:30:23.857815+00:00,876.2,39,2026-10-08T23:34:03.846061+00:00,656.2,55,,sold,26,35,125,-613,0,1,38.5,,,11.0,11,,,,1.3848,1.3861,-0.0938,-0.0794,-0.0794,-0.0049,1,1,loss,,,,
KXSOL15M-26OCT081945-45,SOL,crypto,PAPER,1,NO,2026-10-08T23:30:52.861182+00:00,847.2,42,2026-10-08T23:35:42.848150+00:00,557.2,55,,sold,28,36,94,-519,0,1,41.5,-14.0,,14.0,35,49.5,870.2,0.5,110.34,110.2962,-0.0397,-0.0544,-0.0272,0.0245,3,4,win,,,,
KXETH15M-26OCT081945-45,ETH,crypto,PAPER,1,NO,2026-10-08T23:30:43.867892+00:00,856.1,42,2026-10-08T23:36:58.846091+00:00,481.2,58,,sold,10,36,124,-395,0,1,41.5,-11.0,,13.0,31,54.5,875.2,4.5,2476.81,2476.34,-0.019,-0.0287,-0.0166,0.0197,3,3,win,,,,
KXWTI15M-26OCT081945-45,WTI,commodity,PAPER,1,YES,2026-10-08T23:32:31.856025+00:00,748.2,42,2026-10-08T23:37:02.845027+00:00,477.2,55,,sold,35,36,94,-7352,2,1,41.5,-7.0,-9.0,17.5,52,49.5,886.2,0.5,,,,,,0.0121,4,5,loss,,,,
KXBTC15M-26OCT081945-45,BTC,crypto,PAPER,1,NO,2026-10-08T23:30:43.855231+00:00,856.2,39,2026-10-08T23:38:39.847933+00:00,380.2,60,,sold,13,34,176,-219,0,1,38.5,-14.0,,14.0,15,42.5,859.2,7.5,81795.38,81777.99,-0.0213,-0.0339,-0.0197,0.0197,2,2,win,,,,
KXGOLD15M-26OCT081945-45,GOLD,commodity,PAPER,1,NO,2026-10-08T23:31:53.855124+00:00,786.2,42,2026-10-08T23:43:18.847206+00:00,101.2,58,,sold,13,36,124,-7228,1,1,41.5,14.0,-3.0,18.0,61,48.5,854.2,1.5,,,,,,0.012,3,4,loss,,,,
KXSILVER15M-26OCT081945-45,SILVER,commodity,PAPER,1,NO,2026-10-08T23:31:27.856981+00:00,812.2,39,,,0,yes,settled,0,17,-407,-7635,1,1,38.5,3.0,-12.0,20.0,56,52.0,881.1,2.0,,,,,,0.0267,2,3,win,,,,
KXPALLADIUM15M-26OCT081945-45,PALLADIUM,commodity,PAPER,1,NO,2026-10-08T23:31:02.854755+00:00,837.2,38,,,0,yes,settled,1,17,-397,-8032,1,4,36.0,-13.0,,14.5,17,49.0,874.2,1.0,,,,,,0.0632,1,2,loss,,,,
KXPLATINUM15M-26OCT081945-45,PLATINUM,commodity,PAPER,1,NO,2026-10-08T23:30:59.856104+00:00,840.2,39,,,0,yes,settled,0,17,-407,-8439,0,2,38.0,-14.0,,21.0,14,49.0,857.2,1.0,,,,,,0.0532,0,1,win,,,,
KXCOPPER15M-26OCT082000-00,COPPER,commodity,PAPER,1,YES,2026-10-08T23:46:10.032010+00:00,830.0,42,2026-10-08T23:49:36.845050+00:00,623.2,60,,sold,36,35,145,-8294,1,1,41.5,-6.5,,6.5,37,48.0,881.2,2.0,,,,,,-0.0213,1,1,win,,,,
KXWTI15M-26OCT082000-00,WTI,commodity,PAPER,1,NO,2026-10-08T23:46:00.856292+00:00,839.2,38,2026-10-08T23:49:52.845216+00:00,607.2,56,,sold,23,35,145,-8149,1,1,37.5,-12.0,,13.0,26,49.5,868.2,0.5,,,,,,-0.0247,0,0,win,,,,
KXGOLD15M-26OCT082000-00,GOLD,commodity,PAPER,1,YES,2026-10-08T23:46:38.856032+00:00,801.2,42,2026-10-08T23:49:56.845029+00:00,603.2,55,,sold,25,36,94,-8055,1,1,41.5,-7.0,-12.0,14.0,60,50.0,881.2,0.0,,,,,,-0.0444,5,5,win,,,,
KXETH15M-26OCT082000-00,ETH,crypto,PAPER,1,YES,2026-10-08T23:46:00.867375+00:00,839.1,41,2026-10-08T23:50:19.844866+00:00,580.2,57,,sold,15,35,125,-94,1,1,40.5,-3.0,,9.0,41,43.5,875.2,6.5,2473.35,2473.96,-0.0247,-0.0016,-0.0162,-0.0247,4,4,win,,,,
KXSILVER15M-26OCT082000-00,SILVER,commodity,PAPER,1,YES,2026-10-08T23:46:10.866167+00:00,829.1,38,2026-10-08T23:50:21.868559+00:00,578.1,56,,sold,25,35,145,-7910,1,1,37.5,-13.5,-13.5,16.5,55,53.0,891.2,3.0,,,,,,-0.0068,3,3,loss,,,,
KXSOL15M-26OCT082000-00,SOL,crypto,PAPER,1,YES,2026-10-08T23:45:34.854589+00:00,865.2,38,,,0,no,settled,0,17,-397,-491,0,1,37.5,-11.5,,11.5,6,37.5,865.2,12.5,109.94,109.9825,-0.0386,-0.0364,-0.0182,-0.0326,3,3,win,,,,
KXDOGE15M-26OCT082000-00,DOGE,crypto,PAPER,1,YES,2026-10-08T23:45:34.452039+00:00,865.6,42,,,0,no,settled,0,18,-438,-929,0,1,41.5,-1.0,,1.0,4,,,,0.0844,0.0844,-0.0474,-0.0355,-0.0355,-0.0328,2,2,win,,,,
KXBTC15M-26OCT082000-00,BTC,crypto,PAPER,1,YES,2026-10-08T23:45:15.854344+00:00,884.2,38,,,0,no,settled,0,17,-397,-1326,0,1,37.5,,,9.0,13,46.5,891.2,3.5,81712.36,81747.08,-0.0425,-0.027,-0.0301,-0.0301,0,0,win,,,,
KXXRP15M-26OCT082000-00,XRP,crypto,PAPER,1,YES,2026-10-08T23:45:23.840961+00:00,876.2,38,,,0,no,settled,0,17,-397,-1723,0,1,37.5,,,0.0,5,,,,1.383,1.3842,-0.0867,-0.0289,-0.0723,-0.0282,1,1,win,,,,
KXPLATINUM15M-26OCT082000-00,PLATINUM,commodity,PAPER,1,NO,2026-10-08T23:46:19.855738+00:00,820.2,42,,,0,yes,settled,0,18,-438,-8348,1,5,39.5,5.5,4.5,15.0,31,32.5,860.2,17.5,,,,,,-0.0129,4,4,loss,,,,
KXPALLADIUM15M-26OCT082000-00,PALLADIUM,commodity,PAPER,1,NO,2026-10-08T23:46:10.854738+00:00,829.2,42,,,0,yes,settled,0,18,-438,-8786,1,4,40.0,-5.5,-10.5,5.5,20,45.5,865.1,4.5,,,,,,-0.0068,2,2,loss,,,,
KXSOL15M-26OCT082015-15,SOL,crypto,PAPER,1,NO,2026-10-09T00:01:01.856135+00:00,838.2,39,2026-10-09T00:01:32.847152+00:00,807.2,60,,sold,30,34,176,-1547,1,1,38.5,-15.0,-6.0,19.0,40,57.5,866.2,7.5,109.54,109.4882,-0.0473,-0.128,-0.0365,0.0567,1,1,loss,,,,
KXPLATINUM15M-26OCT082015-15,PLATINUM,commodity,PAPER,1,NO,2026-10-09T00:00:56.855506+00:00,843.2,38,2026-10-09T00:03:00.844964+00:00,719.2,55,,sold,34,35,135,-8651,0,3,36.5,3.5,,21.0,37,32.5,871.2,17.5,,,,,,0.0402,2,2,loss,,,,
KXBTC15M-26OCT082015-15,BTC,crypto,PAPER,1,NO,2026-10-09T00:01:30.862751+00:00,809.2,39,2026-10-09T00:03:54.846935+00:00,665.2,56,,sold,31,35,135,-1412,1,1,38.5,8.0,-5.0,20.0,60,43.5,877.2,6.5,,,,,,,2,2,loss,,,,
KXPALLADIUM15M-26OCT082015-15,PALLADIUM,commodity,PAPER,1,NO,2026-10-09T00:01:35.855515+00:00,804.2,39,2026-10-09T00:09:20.846498+00:00,339.2,56,,sold,22,35,135,-8516,1,5,36.5,7.0,4.5,11.5,48,33.0,856.2,17.0,,,,,,-0.0163,3,3,loss,,,,
KXSILVER15M-26OCT082015-15,SILVER,commodity,PAPER,1,NO,2026-10-09T00:00:32.981935+00:00,867.0,41,2026-10-09T00:09:23.846139+00:00,336.2,55,,sold,10,35,105,-8411,0,3,39.5,-17.0,,21.0,12,,,,,,,,,0.0242,0,0,win,,,,
KXGOLD15M-26OCT082015-15,GOLD,commodity,PAPER,1,NO,2026-10-09T00:09:19.901423+00:00,340.2,38,2026-10-09T00:09:40.845786+00:00,319.2,58,,sold,33,35,165,-8246,9,2,37.0,9.5,25.5,25.5,60,18.5,861.2,31.5,,,,,,-0.0026,3,4,win,,,,
KXWTI15M-26OCT082015-15,WTI,commodity,PAPER,1,NO,2026-10-09T00:00:49.863353+00:00,850.2,38,2026-10-09T00:10:05.876725+00:00,294.1,56,,sold,4,35,145,-8101,0,1,37.5,6.5,,20.0,12,37.5,850.2,12.5,,,,,,0.0657,1,1,win,,,,
KXXRP15M-26OCT082015-15,XRP,crypto,PAPER,1,NO,2026-10-09T00:00:17.855971+00:00,882.2,42,,,0,yes,settled,0,18,-438,-1850,0,1,41.5,,,13.0,13,41.5,882.2,8.5,1.3792,1.3792,-0.0,-0.0145,-0.0508,0.0096,0,0,loss,,,,
KXETH15M-26OCT082015-15,ETH,crypto,PAPER,1,NO,2026-10-09T00:02:54.911153+00:00,725.1,38,,,0,yes,settled,0,17,-397,-2247,2,1,37.5,16.0,19.0,19.0,60,35.5,866.2,14.5,2473.72,2472.19,-0.0619,0.042,0.084,-0.0513,2,3,win,,,,
KXDOGE15M-26OCT082015-15,DOGE,crypto,PAPER,1,NO,2026-10-09T00:02:58.856816+00:00,721.2,41,,,0,yes,settled,0,17,-427,-2674,2,2,40.0,18.5,19.5,20.5,61,47.5,866.2,2.5,0.084,0.084,-0.0512,0.0714,0.0832,-0.0585,3,4,loss,,,,
KXCOPPER15M-26OCT082015-15,COPPER,commodity,PAPER,1,NO,2026-10-09T00:10:01.860610+00:00,298.2,39,,,0,yes,settled,0,17,-407,-8508,10,4,37.0,16.5,18.5,21.0,57,23.5,887.9,26.5,,,,,,-0.0053,1,5,win,,,,
KXSILVER15M-26OCT082030-30,SILVER,commodity,PAPER,1,NO,2026-10-09T00:15:32.856782+00:00,867.2,39,2026-10-09T00:16:00.845943+00:00,839.2,55,,sold,35,35,125,-8383,0,1,38.5,,,15.0,24,52.5,890.2,2.5,,,,,,0.0072,1,1,win,,,,
KXGOLD15M-26OCT082030-30,GOLD,commodity,PAPER,1,NO,2026-10-09T00:15:26.861680+00:00,873.2,42,2026-10-09T00:22:47.846391+00:00,432.2,56,,sold,19,36,104,-8279,0,1,41.5,,,2.0,3,43.5,875.2,6.5,,,,,,0.0007,0,0,win,,,,
KXPALLADIUM15M-26OCT082030-30,PALLADIUM,commodity,PAPER,1,NO,2026-10-09T00:15:40.862954+00:00,859.2,41,2026-10-09T00:22:59.846710+00:00,420.2,56,,sold,30,35,115,-8164,0,3,39.5,,,11.0,19,50.5,880.2,0.5,,,,,,0.0199,2,2,win,,,,
KXPLATINUM15M-26OCT082030-30,PLATINUM,commodity,PAPER,1,NO,2026-10-09T00:15:42.855308+00:00,857.2,40,2026-10-09T00:23:14.845093+00:00,405.2,55,,sold,21,35,115,-8049,0,4,38.0,,,5.0,6,35.0,864.2,15.0,,,,,,0.0096,3,3,win,,,,
KXWTI15M-26OCT082030-30,WTI,commodity,PAPER,1,NO,2026-10-09T00:16:06.856478+00:00,833.2,41,2026-10-09T00:26:38.905203+00:00,201.1,55,,sold,6,35,105,-7944,1,1,40.5,-12.0,,12.0,32,52.5,864.2,2.5,,,,,,-0.0224,3,4,win,,,,
KXCOPPER15M-26OCT082030-30,COPPER,commodity,PAPER,1,YES,2026-10-09T00:18:20.859256+00:00,699.2,42,2026-10-09T00:29:50.846529+00:00,9.2,56,,sold,1,36,104,-7840,3,1,41.5,-12.5,-9.0,12.5,59,47.5,880.2,2.5,,,,,,-0.0111,4,5,loss,,,,
KXSOL15M-26OCT082030-30,SOL,crypto,PAPER,1,YES,2026-10-09T00:15:08.861742+00:00,891.2,41,,,0,no,settled,0,17,-427,-3101,0,1,40.5,,,6.5,6,47.0,896.2,3.0,109.57,109.6587,-0.0809,-0.0638,-0.0547,-0.0196,3,0,win,,,,
KXBTC15M-26OCT082030-30,BTC,crypto,PAPER,1,YES,2026-10-09T00:15:57.927602+00:00,842.1,39,,,0,no,settled,0,17,-407,-3508,0,1,38.5,-13.0,,19.0,34,46.5,875.2,3.5,81755.05,81771.67,-0.0203,-0.0334,-0.0102,-0.0102,4,4,win,,,,
KXDOGE15M-26OCT082030-30,DOGE,crypto,PAPER,1,YES,2026-10-09T00:15:43.856170+00:00,856.2,42,,,0,no,settled,0,18,-438,-3946,0,1,41.5,,,11.0,9,49.0,864.2,1.0,0.0842,0.0842,-0.019,0.0713,-0.0119,0.0096,1,1,loss,,,,
KXXRP15M-26OCT082030-30,XRP,crypto,PAPER,1,YES,2026-10-09T00:15:45.857855+00:00,854.2,41,,,0,no,settled,0,17,-427,-4373,0,1,40.5,,,0.0,1,40.5,854.2,9.5,1.3849,1.3858,-0.0649,0.0,-0.0433,0.0094,2,2,loss,,,,
KXETH15M-26OCT082030-30,ETH,crypto,PAPER,1,YES,2026-10-09T00:15:57.916001+00:00,842.1,41,,,0,no,settled,0,17,-427,-4800,0,2,40.0,-14.5,,17.5,39,47.5,880.2,2.5,2477.24,2478.05,-0.0327,-0.0541,-0.0198,-0.0102,3,3,loss,,,,
KXDOGE15M-26OCT082045-45,DOGE,crypto,PAPER,1,NO,2026-10-09T00:30:15.963521+00:00,884.1,39,2026-10-09T00:39:08.846531+00:00,351.2,57,,sold,12,35,145,-4655,0,1,38.5,,,8.0,10,,,,0.0842,0.0841,-0.0702,-0.0357,-0.1309,0.0154,1,0,loss,,,,
KXXRP15M-26OCT082045-45,XRP,crypto,PAPER,1,NO,2026-10-09T00:30:43.857446+00:00,856.2,42,2026-10-09T00:39:09.844960+00:00,350.2,57,,sold,13,36,114,-4541,0,1,41.5,-2.0,,12.0,16,47.5,862.2,2.5,1.385,1.3847,-0.0217,-0.0,0.0072,-0.0198,2,2,loss,,,,
KXSOL15M-26OCT082045-45,SOL,crypto,PAPER,1,NO,2026-10-09T00:30:51.858778+00:00,848.2,42,2026-10-09T00:39:16.846648+00:00,343.2,55,,sold,9,36,94,-4447,0,1,41.5,-5.0,,11.0,41,46.5,878.2,3.5,109.01,108.9733,-0.0337,-0.0,-0.0,-0.0035,3,3,loss,,,,
KXETH15M-26OCT082045-45,ETH,crypto,PAPER,1,NO,2026-10-09T00:30:16.860245+00:00,883.2,42,2026-10-09T00:39:18.845832+00:00,341.2,55,,sold,14,36,94,-4353,0,1,41.5,,,7.0,11,41.5,883.2,8.5,2476.74,2475.86,-0.0355,0.0028,-0.0521,0.026,1,1,loss,,,,
KXBTC15M-26OCT082045-45,BTC,crypto,PAPER,1,NO,2026-10-09T00:30:53.865180+00:00,846.2,42,2026-10-09T00:39:19.846708+00:00,340.2,55,,sold,11,36,94,-4259,0,1,41.5,-6.0,,15.0,22,51.5,857.1,1.5,81694.92,81686.78,-0.01,0.0035,-0.0004,0.0004,4,4,loss,,,,
KXGOLD15M-26OCT082045-45,GOLD,commodity,PAPER,1,NO,2026-10-09T00:31:00.859100+00:00,839.2,42,,,0,yes,settled,0,18,-438,-8278,1,1,41.5,-6.0,,10.5,24,48.5,852.2,1.5,,,,,,0.0804,3,3,win,,,,
KXPLATINUM15M-26OCT082045-45,PLATINUM,commodity,PAPER,1,NO,2026-10-09T00:31:04.857162+00:00,835.2,38,,,0,yes,settled,0,17,-397,-8675,1,2,37.0,-15.5,-28.5,30.5,52,58.0,889.2,8.0,,,,,,0.0804,5,5,win,,,,
KXSILVER15M-26OCT082045-45,SILVER,commodity,PAPER,1,NO,2026-10-09T00:30:21.856146+00:00,878.2,41,,,0,yes,settled,0,17,-427,-9102,0,1,40.5,,,16.5,11,40.5,878.2,9.5,,,,,,0.0233,0,0,win,,,,
KXCOPPER15M-26OCT082045-45,COPPER,commodity,PAPER,1,NO,2026-10-09T00:30:26.856514+00:00,873.2,39,,,0,yes,settled,0,17,-407,-9509,0,3,37.5,,,11.5,10,37.5,873.2,12.5,,,,,,0.0107,1,1,win,,,,
KXWTI15M-26OCT082045-45,WTI,commodity,PAPER,1,YES,2026-10-09T00:30:42.857303+00:00,857.2,40,,,0,no,settled,0,17,-417,-9926,0,1,39.5,-9.0,,10.0,11,39.5,857.2,10.5,,,,,,-0.0198,2,2,win,,,,
KXPALLADIUM15M-26OCT082045-45,PALLADIUM,commodity,PAPER,1,NO,2026-10-09T00:31:01.863059+00:00,838.2,42,,,0,yes,settled,0,18,-438,-10364,1,4,40.0,-6.0,5.5,13.0,20,47.0,856.2,3.0,,,,,,0.0749,4,4,win,,,,
KXGOLD15M-26OCT082100-00,GOLD,commodity,PAPER,1,NO,2026-10-09T00:45:40.001940+00:00,860.0,39,2026-10-09T00:46:05.847306+00:00,834.2,56,,sold,39,35,135,-10229,0,1,38.5,,,,0,,,,,,,,,0.0167,5,3,loss,,,,
KXDOGE15M-26OCT082100-00,DOGE,crypto,PAPER,1,NO,2026-10-09T00:45:45.145378+00:00,854.9,42,2026-10-09T00:46:12.859805+00:00,827.1,56,,sold,41,36,104,-4155,0,1,41.5,,,,0,,,,,,,,,0.0204,1,1,win,,,,
KXSILVER15M-26OCT082100-00,SILVER,commodity,PAPER,1,NO,2026-10-09T00:45:40.014093+00:00,860.0,38,2026-10-09T00:46:29.846309+00:00,810.2,55,,sold,36,35,135,-10094,0,1,37.5,,,,0,,,,,,,,,0.0167,6,4,loss,,,,
KXBTC15M-26OCT082100-00,BTC,crypto,PAPER,1,YES,2026-10-09T00:46:24.857910+00:00,815.2,41,2026-10-09T00:46:51.846806+00:00,788.2,55,,sold,39,35,105,-4050,1,1,40.5,-11.0,-13.0,15.0,60,53.5,875.2,3.5,81752.77,81767.13,-0.0176,-0.0284,-0.036,-0.036,2,3,win,,,,
KXSOL15M-26OCT082100-00,SOL,crypto,PAPER,1,YES,2026-10-09T00:46:12.857962+00:00,827.2,42,2026-10-09T00:46:58.849554+00:00,781.2,59,,sold,38,35,135,-3915,1,2,41.0,-8.5,,10.5,37,45.5,864.2,4.5,109.15,109.1818,-0.0291,-0.0275,0.0367,-0.0022,2,2,win,,,,
KXPALLADIUM15M-26OCT082100-00,PALLADIUM,commodity,PAPER,1,NO,2026-10-09T00:45:34.828094+00:00,865.2,42,2026-10-09T00:46:59.845575+00:00,780.2,55,,sold,37,36,94,-10000,0,5,39.5,,,,0,,,,,,,,,0.0263,4,2,win,,,,
KXPLATINUM15M-26OCT082100-00,PLATINUM,commodity,PAPER,1,NO,2026-10-09T00:45:19.856823+00:00,880.2,40,2026-10-09T00:47:00.845533+00:00,779.2,56,,sold,29,35,125,-9875,0,5,37.5,,,12.0,15,49.5,896.2,0.5,,,,,,-0.0054,5,0,win,,,,
KXXRP15M-26OCT082100-00,XRP,crypto,PAPER,1,YES,2026-10-09T00:45:13.650903+00:00,886.4,42,2026-10-09T00:47:18.845926+00:00,761.2,56,,sold,31,36,104,-3811,0,1,41.5,,,,0,,,,1.387,1.3877,-0.0504,-0.0072,-0.0432,-0.0157,0,0,win,,,,
KXETH15M-26OCT082100-00,ETH,crypto,PAPER,1,NO,2026-10-09T00:46:50.857603+00:00,789.2,42,2026-10-09T00:51:49.846696+00:00,490.2,56,,sold,29,36,104,-3707,1,1,41.5,-13.0,-6.0,16.0,60,44.5,859.2,5.5,2478.93,2478.34,-0.0238,-0.0355,-0.0056,-0.0024,3,4,win,,,,
KXWTI15M-26OCT082100-00,WTI,commodity,PAPER,1,NO,2026-10-09T00:45:34.816994+00:00,865.2,41,2026-10-09T00:56:26.845342+00:00,213.2,57,,sold,3,35,125,-9750,0,1,40.5,,,,0,,,,,,,,,0.0263,3,1,win,,,,
KXCOPPER15M-26OCT082100-00,COPPER,commodity,PAPER,1,YES,2026-10-09T00:46:28.855963+00:00,811.2,42,,,0,no,settled,0,18,-438,-10188,1,1,41.5,-13.5,-22.0,22.0,52,49.5,879.2,0.5,,,,,,-0.0425,4,5,loss,,,,
KXXRP15M-26OCT082115-15,XRP,crypto,PAPER,1,YES,2026-10-09T01:00:47.856779+00:00,852.2,41,2026-10-09T01:01:05.846074+00:00,834.2,55,,sold,38,35,105,-3602,0,1,40.5,-12.0,,13.0,6,40.5,852.2,9.5,1.3866,1.3874,-0.0577,-0.0721,-0.0216,-0.0186,4,4,win,,,,
KXDOGE15M-26OCT082115-15,DOGE,crypto,PAPER,1,YES,2026-10-09T01:00:46.857417+00:00,853.2,42,2026-10-09T01:01:09.845586+00:00,830.2,56,,sold,39,36,104,-3498,0,2,41.0,-4.5,,12.5,20,53.5,867.2,3.5,,,,,,-0.0186,3,3,win,,,,
KXBTC15M-26OCT082115-15,BTC,crypto,PAPER,1,YES,2026-10-09T01:00:10.649196+00:00,889.4,41,2026-10-09T01:01:17.846652+00:00,822.2,55,,sold,38,35,105,-3393,0,1,40.5,,,0.0,1,,,,81732.05,81738.51,-0.0079,-0.0077,-0.0021,-0.0021,0,0,win,,,,
KXSOL15M-26OCT082115-15,SOL,crypto,PAPER,1,YES,2026-10-09T01:00:37.856638+00:00,862.2,38,2026-10-09T01:01:20.846775+00:00,819.2,56,,sold,31,35,145,-3248,0,1,37.5,-1.0,,7.0,6,37.5,862.2,12.5,109.17,109.2378,-0.0621,-0.0092,-0.0732,-0.0202,2,2,win,,,,
KXCOPPER15M-26OCT082115-15,COPPER,commodity,PAPER,1,YES,2026-10-09T01:00:44.857799+00:00,855.2,38,2026-10-09T01:02:45.846228+00:00,734.2,57,,sold,22,35,155,-10033,0,3,36.5,-22.5,,30.5,24,35.5,873.2,14.5,,,,,,-0.0201,1,1,loss,,,,
KXETH15M-26OCT082115-15,ETH,crypto,PAPER,1,YES,2026-10-09T01:00:21.105572+00:00,878.9,40,2026-10-09T01:03:07.845530+00:00,712.2,56,,sold,30,35,125,-3123,0,1,39.5,,,4.0,5,,,,2474.94,2475.89,-0.0384,-0.0521,-0.0448,0.0019,1,1,win,,,,
KXWTI15M-26OCT082115-15,WTI,commodity,PAPER,1,NO,2026-10-09T01:00:45.857214+00:00,854.2,38,2026-10-09T01:04:57.846160+00:00,602.2,56,,sold,12,35,145,-9888,0,1,37.5,-5.0,,16.0,9,34.5,857.1,15.5,,,,,,-0.023,2,2,win,,,,
KXGOLD15M-26OCT082115-15,GOLD,commodity,PAPER,1,NO,2026-10-09T01:00:26.366777+00:00,873.6,42,,,0,yes,settled,0,18,-438,-10326,0,1,41.5,,,8.0,5,,,,,,,,,-0.019,1,0,win,,,,
KXSILVER15M-26OCT082115-15,SILVER,commodity,PAPER,1,NO,2026-10-09T01:00:53.856572+00:00,846.2,42,,,0,yes,settled,0,18,-438,-10764,0,1,41.5,0.5,,12.5,17,53.5,857.1,3.5,,,,,,-0.0189,3,3,win,,,,
KXDOGE15M-26OCT082130-30,DOGE,crypto,PAPER,1,NO,2026-10-09T01:15:09.454835+00:00,890.6,41,2026-10-09T01:15:47.845029+00:00,852.2,58,,sold,34,35,135,-2988,0,1,40.5,,,3.0,6,,,,,,,,,0.0307,0,0,win,,,,
KXXRP15M-26OCT082130-30,XRP,crypto,PAPER,1,NO,2026-10-09T01:15:30.804720+00:00,869.2,41,2026-10-09T01:15:47.846159+00:00,852.2,57,,sold,40,35,125,-2863,0,1,40.5,,,3.0,6,,,,1.3857,1.3861,0.0289,0.0216,-0.0,0.0037,1,1,win,,,,
KXPLATINUM15M-26OCT082130-30,PLATINUM,commodity,PAPER,1,NO,2026-10-09T01:17:35.859311+00:00,744.2,41,2026-10-09T01:19:56.844776+00:00,603.2,55,,sold,38,35,105,-10659,2,2,40.0,-6.5,-10.5,9.5,54,46.5,879.2,3.5,,,,,,-0.0225,3,3,win,,,,
