window,asset,class,mode,trade_no,side,buy_iso,buy_s2c,buy_px,sell_iso,sell_s2c,sell_px,result,reason,lowest_bid_held,fees_c,net_c,run_net_c,minute_in_market,spread_c,side_mid_c,dir30_c,dir60_c,range60_c,ticks60,open_side_mid_c,open_seen_s2c,open_lean_c,spot_px,strike,spot_dist_pct,spot_chg30_pct,spot_chg60_pct,btc_chg60_pct,open_positions,cycle_bought_before,prev_result_same_asset,book_bid_qty,book_ask_qty,book_bid_qty3,book_ask_qty3
KXDOGE15M-26OCT030945-45,DOGE,crypto,PAPER,1,YES,2026-10-03T13:30:37.581738+00:00,862.4,48,2026-10-03T13:33:50.580578+00:00,669.4,72,,sold,46,33,207,207,0,1,47.5,-12.0,,12.0,14,55.0,867.4,5.0,,,,,,-0.0,4,4,none yet,,,,
KXBTC15M-26OCT030945-45,BTC,crypto,PAPER,1,YES,2026-10-03T13:30:32.247872+00:00,867.8,48,2026-10-03T13:34:00.582095+00:00,659.4,72,,sold,42,33,207,414,0,1,47.5,-5.0,,5.0,11,,,,84802.5,84803.91,-0.0017,-0.0036,0.0022,0.0022,2,2,none yet,,,,
KXSOL15M-26OCT030945-45,SOL,crypto,PAPER,1,NO,2026-10-03T13:30:11.855530+00:00,888.1,50,2026-10-03T13:44:07.583129+00:00,52.4,84,,sold,0,28,312,726,0,1,49.5,,,3.0,11,,,,119.44,119.447,0.0059,-0.0,-0.0,0.0027,0,0,none yet,,,,
KXXRP15M-26OCT030945-45,XRP,crypto,PAPER,1,NO,2026-10-03T13:30:17.074633+00:00,882.9,48,2026-10-03T13:44:07.585945+00:00,52.4,80,,sold,0,30,290,1016,0,1,47.5,,,7.0,10,,,,1.4837,1.4838,0.0067,0.0067,-0.0,0.0022,1,1,none yet,,,,
KXETH15M-26OCT030945-45,ETH,crypto,PAPER,1,NO,2026-10-03T13:30:37.298218+00:00,862.7,49,,,0,yes,settled,0,18,-508,508,0,1,48.5,0.0,,7.0,11,,,,,,,,,-0.0,3,3,none yet,,,,
KXXRP15M-26OCT031000-00,XRP,crypto,PAPER,1,YES,2026-10-03T13:45:25.582082+00:00,874.4,48,2026-10-03T13:48:19.581015+00:00,700.4,78,,sold,41,31,269,777,0,2,47.0,,,4.5,13,44.5,884.4,5.5,1.4829,1.4832,-0.0202,0.0135,0.0337,-0.0188,0,0,win,121.0,25.0,785.1,586.0
KXETH15M-26OCT031000-00,ETH,crypto,PAPER,1,YES,2026-10-03T13:46:34.581958+00:00,805.4,50,2026-10-03T13:48:58.580231+00:00,661.4,73,,sold,49,32,198,975,1,1,49.5,3.5,7.0,7.0,59,43.5,878.4,6.5,2680.46,2680.66,-0.0075,-0.0007,0.0063,0.008,4,4,loss,91.0,30.0,1597.0,622.2
KXSOL15M-26OCT031000-00,SOL,crypto,PAPER,1,YES,2026-10-03T13:46:29.582431+00:00,810.4,50,2026-10-03T13:48:58.581519+00:00,661.4,73,,sold,48,32,198,1173,1,1,49.5,9.0,9.0,10.0,54,40.5,889.4,9.5,119.38,119.3918,-0.0099,0.0168,0.0168,0.0097,2,2,win,357.0,0.0,1066.0,9.0
KXBTC15M-26OCT031000-00,BTC,crypto,PAPER,1,YES,2026-10-03T13:46:29.584013+00:00,810.4,48,2026-10-03T13:51:01.582713+00:00,538.4,72,,sold,47,33,207,1380,1,1,47.5,7.0,7.0,9.0,54,39.5,863.4,10.5,84830.36,84838.01,-0.009,0.0106,0.0097,0.0097,3,3,win,5582.17,0.0,8720.33,0.0
KXDOGE15M-26OCT031000-00,DOGE,crypto,PAPER,1,YES,2026-10-03T13:46:17.581844+00:00,822.4,48,2026-10-03T13:51:19.583141+00:00,520.4,72,,sold,46,33,207,1587,1,1,47.5,6.0,7.0,6.0,31,41.5,853.4,8.5,,,,,,-0.0,1,1,win,2.0,121.0,89.0,244.0
KXETH15M-26OCT031015-15,ETH,crypto,PAPER,1,NO,2026-10-03T14:00:19.286796+00:00,880.7,49,2026-10-03T14:01:02.579904+00:00,837.4,72,,sold,48,33,197,1784,0,1,48.5,,,1.0,11,,,,,,,,,0.0044,1,1,win,,,,
KXBTC15M-26OCT031015-15,BTC,crypto,PAPER,1,NO,2026-10-03T14:00:34.473443+00:00,865.5,50,2026-10-03T14:01:02.581646+00:00,837.4,72,,sold,50,33,187,1971,0,1,49.5,0.0,,1.0,11,,,,84857.44,84856.02,-0.0017,-0.0,-0.0044,0.0044,2,2,win,,,,
KXDOGE15M-26OCT031015-15,DOGE,crypto,PAPER,1,NO,2026-10-03T14:01:02.583828+00:00,837.4,49,2026-10-03T14:03:03.580809+00:00,716.4,72,,sold,42,33,197,2168,1,1,48.5,6.0,,9.0,40,39.5,865.4,10.5,0.0929,0.0929,0.0043,0.0108,0.0108,-0.031,2,4,win,53.0,0.0,993.0,119.0
KXSOL15M-26OCT031015-15,SOL,crypto,PAPER,1,YES,2026-10-03T14:00:13.930440+00:00,886.1,50,,,0,no,settled,0,18,-518,1650,0,2,49.0,,,6.5,10,,,,,,,,,0.0044,0,0,win,,,,
KXXRP15M-26OCT031015-15,XRP,crypto,PAPER,1,YES,2026-10-03T14:00:49.689008+00:00,850.3,50,,,0,no,settled,0,18,-518,1132,0,1,49.5,0.0,,0.5,11,,,,1.4863,1.4865,-0.0135,0.0,-0.0202,-0.0148,3,3,win,,,,
KXSOL15M-26OCT031030-30,SOL,crypto,PAPER,1,YES,2026-10-03T14:15:12.583906+00:00,887.4,48,2026-10-03T14:15:58.583549+00:00,841.4,72,,sold,46,33,207,1339,0,1,47.5,,,4.0,11,47.5,887.4,2.5,119.16,119.1672,-0.006,0.0,0.0,0.0034,2,0,win,356.0,20.0,1067.14,399.34
KXBTC15M-26OCT031030-30,BTC,crypto,PAPER,1,YES,2026-10-03T14:15:32.362561+00:00,867.6,50,2026-10-03T14:21:49.581797+00:00,490.4,74,,sold,50,32,208,1547,0,1,49.5,1.0,,2.0,11,,,,84788.42,84792.09,-0.0043,0.0036,0.0036,0.0036,1,1,win,,,,
KXDOGE15M-26OCT031030-30,DOGE,crypto,PAPER,1,NO,2026-10-03T14:15:32.366932+00:00,867.6,49,,,0,yes,settled,0,18,-508,1039,0,1,48.5,-0.5,,6.0,10,,,,,,,,,0.0036,2,2,win,,,,
KXBTC15M-26OCT031045-45,BTC,crypto,PAPER,1,NO,2026-10-03T14:30:19.584122+00:00,880.4,50,2026-10-03T14:32:38.581731+00:00,741.4,72,,sold,45,33,187,1226,0,1,49.5,,,5.0,19,45.5,883.4,4.5,84811.89,84814.79,0.0034,-0.0,-0.003,0.003,0,0,win,2884.14,0.0,6019.21,5987.39
KXSOL15M-26OCT031045-45,SOL,crypto,PAPER,1,NO,2026-10-03T14:30:36.584918+00:00,863.4,48,2026-10-03T14:35:02.582432+00:00,597.4,75,,sold,39,32,238,1464,0,1,47.5,-6.5,,13.0,24,45.5,872.4,4.5,119.46,119.4648,0.004,-0.0,0.0167,0.0,3,3,win,61.0,10.0,1132.43,1068.71
KXETH15M-26OCT031045-45,ETH,crypto,PAPER,1,NO,2026-10-03T14:30:21.699470+00:00,878.3,49,2026-10-03T14:35:48.581802+00:00,551.4,80,,sold,20,30,280,1744,0,1,48.5,,,8.0,15,,,,2680.92,2681.0,0.003,-0.0134,-0.0034,0.003,1,1,win,,,,
KXDOGE15M-26OCT031045-45,DOGE,crypto,PAPER,1,NO,2026-10-03T14:34:02.583513+00:00,657.4,48,2026-10-03T14:36:01.580762+00:00,538.4,72,,sold,36,33,207,1951,4,1,47.5,6.0,2.5,15.0,61,32.5,883.4,17.5,0.0931,0.0931,0.0043,-0.0,-0.0,0.0031,3,4,loss,39.0,0.0,189.0,0.0
KXXRP15M-26OCT031045-45,XRP,crypto,PAPER,1,YES,2026-10-03T14:30:31.849947+00:00,868.2,50,2026-10-03T14:42:54.582875+00:00,125.4,72,,sold,14,33,187,2138,0,1,49.5,2.5,,2.5,13,,,,,,,,,0.0,2,2,loss,,,,
KXXRP15M-26OCT031130-30,XRP,crypto,PAPER,1,YES,2026-10-03T15:15:52.591509+00:00,847.4,50,2026-10-03T15:17:42.582100+00:00,737.4,76,,sold,47,31,229,2367,0,1,49.5,-18.0,,27.0,37,59.5,868.4,9.5,1.4874,1.4875,-0.0067,-0.0605,0.0067,-0.007,1,1,win,0.0,20.0,1400.0,1030.0
KXDOGE15M-26OCT031130-30,DOGE,crypto,PAPER,1,YES,2026-10-03T15:15:52.586317+00:00,847.4,50,2026-10-03T15:20:28.582662+00:00,571.4,72,,sold,48,33,187,2554,0,1,49.5,-20.0,,22.0,36,59.5,868.4,9.5,0.0931,0.0931,-0.0193,-0.0965,-0.0107,-0.007,0,0,win,60.0,102.0,1167.65,1134.0
KXBTC15M-26OCT031130-30,BTC,crypto,PAPER,1,YES,2026-10-03T15:15:52.599806+00:00,847.4,48,2026-10-03T15:20:30.582176+00:00,569.4,72,,sold,40,33,207,2761,0,1,47.5,-19.0,,26.0,48,66.5,879.0,16.5,84822.0,84829.17,-0.0085,-0.0353,-0.007,-0.007,3,3,win,0.0,4235.58,0.0,9282.85
KXSOL15M-26OCT031130-30,SOL,crypto,PAPER,1,NO,2026-10-03T15:15:52.595875+00:00,847.4,50,2026-10-03T15:29:20.582569+00:00,39.4,74,,sold,5,32,208,2969,0,1,49.5,15.0,,21.0,39,35.5,873.4,14.5,119.54,119.5343,-0.0048,0.0669,-0.0084,-0.007,2,2,win,64.0,324.0,790.86,1024.01
KXETH15M-26OCT031130-30,ETH,crypto,PAPER,1,NO,2026-10-03T15:15:52.603530+00:00,847.4,49,,,0,yes,settled,0,18,-508,2461,0,1,48.5,17.5,,23.0,47,31.0,879.0,19.0,2680.7,2680.59,-0.0041,0.0365,-0.0138,-0.007,4,4,win,29.08,0.0,1092.08,0.0
KXDOGE15M-26OCT031145-45,DOGE,crypto,PAPER,1,NO,2026-10-03T15:31:49.585484+00:00,790.4,50,2026-10-03T15:34:12.580910+00:00,647.4,73,,sold,48,32,198,2659,1,2,49.0,13.0,5.5,13.5,55,45.5,868.4,4.5,0.0933,0.0932,-0.0139,0.0214,-0.0107,-0.0377,2,2,win,962.0,0.0,1043.0,61.0
KXSOL15M-26OCT031145-45,SOL,crypto,PAPER,1,NO,2026-10-03T15:30:27.584669+00:00,872.4,49,2026-10-03T15:34:27.580474+00:00,632.4,72,,sold,40,33,197,2856,0,1,48.5,,,8.5,17,45.0,873.4,5.0,119.52,119.5298,0.0082,-0.0167,-0.0,-0.0347,1,1,win,356.0,10.0,1076.0,401.01
KXXRP15M-26OCT031145-45,XRP,crypto,PAPER,1,NO,2026-10-03T15:31:53.588623+00:00,786.4,48,,,0,yes,settled,0,18,-498,2358,1,3,46.5,15.0,10.0,16.0,55,42.5,868.4,7.5,1.4899,1.4901,0.0134,0.047,0.0201,-0.0344,3,3,win,453.0,0.0,1406.55,0.0
KXETH15M-26OCT031145-45,ETH,crypto,PAPER,1,YES,2026-10-03T15:30:22.585534+00:00,877.4,48,,,0,no,settled,0,18,-498,1860,0,2,47.0,,,3.0,18,46.5,878.4,3.5,2680.48,2680.86,-0.0142,-0.0078,-0.0052,-0.0243,0,0,loss,553.63,534.54,1601.63,1543.43
KXBTC15M-26OCT031200-00,BTC,crypto,PAPER,1,YES,2026-10-03T15:45:53.584504+00:00,846.4,48,2026-10-03T15:51:32.583410+00:00,507.4,73,,sold,45,32,218,2078,0,1,47.5,9.0,,10.0,28,37.5,863.4,12.5,84827.84,84834.47,-0.0078,0.0166,-0.0234,-0.0234,3,3,win,5013.91,0.0,8646.17,0.0
KXXRP15M-26OCT031200-00,XRP,crypto,PAPER,1,NO,2026-10-03T15:45:30.784799+00:00,869.2,50,2026-10-03T15:52:02.580311+00:00,477.4,72,,sold,28,33,187,2265,0,1,49.5,,,2.0,10,,,,1.4924,1.4918,-0.0402,-0.0738,-0.0402,-0.0269,2,2,loss,,,,
KXSOL15M-26OCT031200-00,SOL,crypto,PAPER,1,NO,2026-10-03T15:45:25.718280+00:00,874.3,50,,,0,yes,settled,0,18,-518,1747,0,1,49.5,,,8.0,10,,,,119.62,119.6127,-0.0061,-0.0251,-0.0084,-0.0277,1,1,win,,,,
KXDOGE15M-26OCT031200-00,DOGE,crypto,PAPER,1,YES,2026-10-03T15:45:23.584342+00:00,876.4,48,,,0,no,settled,0,18,-498,1249,0,1,47.5,,,7.0,17,40.5,884.4,9.5,0.0931,0.0932,-0.0225,0.0107,,-0.0285,0,0,win,1020.0,1.0,1243.48,63.0
KXSOL15M-26OCT031215-15,SOL,crypto,PAPER,1,NO,2026-10-03T16:00:40.100574+00:00,859.9,49,2026-10-03T16:01:32.581398+00:00,807.4,72,,sold,49,33,197,1446,0,1,48.5,4.0,,6.5,29,,,,119.7,119.6982,-0.0015,0.0084,-0.0167,0.0,2,2,loss,,,,
KXDOGE15M-26OCT031215-15,DOGE,crypto,PAPER,1,NO,2026-10-03T16:00:42.584490+00:00,857.4,50,2026-10-03T16:01:46.579916+00:00,793.4,72,,sold,48,33,187,1633,0,1,49.5,2.0,,7.5,39,43.5,864.4,6.5,,,,,,0.0,3,3,loss,636.61,20.0,992.61,957.0
KXBTC15M-26OCT031215-15,BTC,crypto,PAPER,1,NO,2026-10-03T16:00:34.988453+00:00,865.0,50,2026-10-03T16:02:44.580431+00:00,735.4,72,,sold,47,33,187,1820,0,1,49.5,0.0,,1.0,31,,,,84862.16,84856.47,-0.0067,-0.0,-0.0,0.0,0,0,win,,,,
KXETH15M-26OCT031215-15,ETH,crypto,PAPER,1,YES,2026-10-03T16:00:34.994974+00:00,865.0,49,,,0,no,settled,0,18,-508,1312,0,1,48.5,-1.5,,6.0,31,,,,2681.41,2681.26,0.0056,0.0063,0.0052,0.0,1,1,loss,,,,
KXXRP15M-26OCT031230-30,XRP,crypto,PAPER,1,NO,2026-10-03T16:15:20.584342+00:00,879.4,48,2026-10-03T16:16:22.581240+00:00,817.4,72,,sold,47,33,207,1519,0,1,47.5,,,3.0,17,47.5,879.4,2.5,1.4879,1.4882,0.0202,-0.0134,-0.0134,-0.0091,1,1,win,59.0,176.79,148.49,291.79
KXETH15M-26OCT031230-30,ETH,crypto,PAPER,1,NO,2026-10-03T16:15:19.840028+00:00,880.2,48,2026-10-03T16:17:08.581443+00:00,771.4,73,,sold,46,32,218,1737,0,1,47.5,,,3.0,15,,,,2679.4,2679.45,0.0019,-0.0019,-0.0022,-0.0091,0,0,loss,,,,
KXSOL15M-26OCT031230-30,SOL,crypto,PAPER,1,YES,2026-10-03T16:15:45.585702+00:00,854.4,50,2026-10-03T16:29:24.581662+00:00,35.4,72,,sold,2,33,187,1924,0,2,49.0,-6.5,,14.0,30,60.0,869.4,10.0,119.58,119.585,-0.0042,-0.0084,0.0167,-0.0142,2,2,win,0.0,10.0,377.0,821.0
KXSOL15M-26OCT031245-45,SOL,crypto,PAPER,1,YES,2026-10-03T16:35:42.587340+00:00,557.4,49,2026-10-03T16:37:54.583480+00:00,425.4,74,,sold,48,32,218,2142,5,1,48.5,-20.0,-35.0,33.0,61,67.0,855.4,17.0,119.59,119.5973,-0.0061,-0.0418,-0.0835,-0.0022,0,0,win,0.0,64.0,0.0,830.0
KXETH15M-26OCT031300-00,ETH,crypto,PAPER,1,NO,2026-10-03T16:45:37.829249+00:00,862.2,49,2026-10-03T16:47:57.580929+00:00,722.4,75,,sold,44,32,228,2370,0,1,48.5,1.0,,3.5,15,,,,2681.78,2681.46,-0.0119,-0.0004,-0.0112,0.0173,0,0,win,,,,
KXDOGE15M-26OCT031300-00,DOGE,crypto,PAPER,1,NO,2026-10-03T16:45:40.585715+00:00,859.4,49,2026-10-03T16:48:51.579965+00:00,668.4,74,,sold,41,32,218,2588,0,1,48.5,7.0,,7.5,22,45.0,865.4,5.0,,,,,,0.0173,1,1,win,68.0,62.0,1612.14,175.0
KXXRP15M-26OCT031300-00,XRP,crypto,PAPER,1,NO,2026-10-03T16:45:50.585680+00:00,849.4,49,2026-10-03T16:48:51.580942+00:00,668.4,72,,sold,44,33,197,2785,0,1,48.5,5.0,,8.0,47,43.5,882.4,6.5,1.4899,1.49,0.0067,0.0067,-0.0134,0.0173,2,2,win,54.0,0.0,1041.69,0.0
KXSOL15M-26OCT031300-00,SOL,crypto,PAPER,1,NO,2026-10-03T16:49:01.590666+00:00,658.4,49,2026-10-03T16:51:01.580538+00:00,538.4,72,,sold,46,33,197,2982,4,1,48.5,7.5,0.5,23.5,58,33.5,871.4,16.5,119.75,119.7767,0.0223,0.0334,0.0084,0.0018,0,3,win,0.0,0.0,713.0,0.0
KXXRP15M-26OCT031315-15,XRP,crypto,PAPER,1,YES,2026-10-03T17:00:46.270447+00:00,853.7,48,2026-10-03T17:06:26.581080+00:00,513.4,73,,sold,18,32,218,3200,0,3,46.5,-1.0,,10.0,26,,,,1.4896,1.4901,-0.0336,-0.0201,-0.0201,0.0108,1,1,win,,,,
KXSOL15M-26OCT031315-15,SOL,crypto,PAPER,1,NO,2026-10-03T17:01:10.586457+00:00,829.4,48,,,0,yes,settled,0,18,-498,2702,1,1,47.5,4.5,-2.0,8.0,59,43.0,872.4,7.0,119.72,119.7187,-0.0011,-0.0,-0.0251,0.0037,2,2,win,404.0,10.0,1512.7,21.0
KXBTC15M-26OCT031315-15,BTC,crypto,PAPER,1,NO,2026-10-03T17:01:13.591911+00:00,826.4,48,,,0,yes,settled,1,18,-498,2204,1,1,47.5,6.0,2.0,12.0,51,41.5,863.4,8.5,84854.44,84856.61,0.0026,0.0093,0.007,-0.007,3,3,win,0.0,0.0,1451.17,0.0
KXETH15M-26OCT031315-15,ETH,crypto,PAPER,1,NO,2026-10-03T17:00:36.077350+00:00,863.9,48,,,0,yes,settled,0,18,-498,1706,0,1,47.5,-7.0,,11.0,26,,,,2680.99,2680.94,-0.0019,0.0022,0.0045,0.0128,0,0,win,,,,
KXXRP15M-26OCT031330-30,XRP,crypto,PAPER,1,YES,2026-10-03T17:16:07.586212+00:00,832.4,49,2026-10-03T17:18:56.581460+00:00,663.4,72,,sold,31,33,197,1903,1,1,48.5,25.0,14.0,25.5,46,23.0,864.4,27.0,1.4937,1.4938,-0.0067,0.0871,0.0737,0.0274,4,4,win,15.57,0.0,81.37,0.0
KXDOGE15M-26OCT031330-30,DOGE,crypto,PAPER,1,YES,2026-10-03T17:15:19.838427+00:00,880.2,48,2026-10-03T17:20:36.579947+00:00,563.4,74,,sold,32,32,228,2131,0,1,47.5,,,5.0,13,,,,,,,,,0.0043,0,0,win,,,,
KXETH15M-26OCT031330-30,ETH,crypto,PAPER,1,YES,2026-10-03T17:15:35.586102+00:00,864.4,50,2026-10-03T17:20:41.581061+00:00,558.4,73,,sold,35,32,198,2329,0,1,49.5,-7.5,,8.5,17,49.5,864.4,0.5,2684.42,2684.36,0.0022,-0.0082,0.0093,0.0036,2,2,loss,473.0,178.0,1982.0,657.0
KXSOL15M-26OCT031330-30,SOL,crypto,PAPER,1,NO,2026-10-03T17:15:29.955539+00:00,870.1,49,2026-10-03T17:27:03.581173+00:00,176.4,81,,sold,6,29,291,2620,0,2,48.0,,,4.0,16,,,,119.8,119.8373,0.0311,-0.0083,0.025,0.0036,1,1,loss,,,,
KXBTC15M-26OCT031330-30,BTC,crypto,PAPER,1,NO,2026-10-03T17:15:35.594764+00:00,864.4,49,,,0,yes,settled,0,18,-508,2112,0,1,48.5,1.0,,4.0,17,48.5,864.4,1.5,84874.63,84873.43,-0.0014,-0.0036,-0.0036,0.0036,3,3,loss,2092.87,4604.42,7665.67,6608.94
KXSOL15M-26OCT031345-45,SOL,crypto,PAPER,1,YES,2026-10-03T17:34:04.593822+00:00,655.4,49,2026-10-03T17:36:59.580359+00:00,480.4,73,,sold,37,32,208,2320,4,1,48.5,-15.0,-9.5,16.5,60,39.5,855.4,10.5,119.73,119.7512,-0.0177,-0.0417,-0.0668,-0.0039,0,0,win,0.0,0.0,8.0,0.0
KXBTC15M-26OCT031345-45,BTC,crypto,PAPER,1,NO,2026-10-03T17:37:16.588848+00:00,463.4,50,,,0,yes,settled,0,18,-518,1802,7,1,49.5,-15.0,-14.0,16.0,60,74.5,865.4,24.5,84888.31,84893.66,0.0063,-0.004,-0.0074,0.0074,0,1,loss,0.0,5000.78,0.0,7356.05
KXETH15M-26OCT031345-45,ETH,crypto,PAPER,1,NO,2026-10-03T17:37:18.590880+00:00,461.4,50,,,0,yes,settled,0,18,-518,1284,7,1,49.5,-16.0,-17.0,18.0,59,65.5,865.4,15.5,2683.55,2683.7,0.0056,-0.0026,-0.0041,0.0191,1,2,win,0.0,34.0,0.0,1036.0
KXBTC15M-26OCT031400-00,BTC,crypto,PAPER,1,NO,2026-10-03T17:46:59.589842+00:00,780.4,50,2026-10-03T17:47:30.583186+00:00,749.4,72,,sold,49,33,187,1471,1,1,49.5,-6.0,-15.0,15.0,60,70.5,850.4,20.5,84952.78,84950.17,-0.0031,-0.0129,-0.035,0.035,2,2,loss,0.0,0.0,0.0,662.37
KXETH15M-26OCT031400-00,ETH,crypto,PAPER,1,YES,2026-10-03T17:46:55.589317+00:00,784.4,49,2026-10-03T17:50:26.582587+00:00,573.4,72,,sold,26,33,197,1668,1,1,48.5,8.0,22.0,23.5,61,37.5,876.4,12.5,2684.71,2684.91,-0.0074,0.0052,0.0302,0.0274,1,1,loss,9.0,0.0,605.0,0.0
KXDOGE15M-26OCT031400-00,DOGE,crypto,PAPER,1,YES,2026-10-03T17:46:45.590835+00:00,794.4,48,2026-10-03T17:50:29.582957+00:00,570.4,74,,sold,30,32,228,1896,1,1,47.5,12.5,17.0,19.5,51,40.5,866.4,9.5,,,,,,0.0292,0,0,win,60.0,0.0,1625.0,0.0
KXSOL15M-26OCT031400-00,SOL,crypto,PAPER,1,NO,2026-10-03T17:50:31.588462+00:00,568.4,49,2026-10-03T17:51:31.581482+00:00,508.4,74,,sold,48,32,218,2114,5,1,48.5,-30.0,-33.0,38.0,58,70.5,855.4,20.5,120.02,120.0197,-0.0002,-0.0917,-0.1001,0.0575,1,4,win,0.0,15.0,0.0,290.16
KXXRP15M-26OCT031400-00,XRP,crypto,PAPER,1,NO,2026-10-03T17:50:29.592839+00:00,570.4,49,2026-10-03T17:53:49.582355+00:00,370.4,73,,sold,31,32,208,2322,5,1,48.5,-31.0,-31.0,31.0,54,68.5,866.4,18.5,1.4929,1.493,0.0067,-0.1207,-0.1409,0.0502,0,3,win,0.0,400.0,0.0,415.0
KXXRP15M-26OCT031415-15,XRP,crypto,PAPER,1,YES,2026-10-03T18:00:58.594328+00:00,841.4,48,2026-10-03T18:02:07.581370+00:00,772.4,73,,sold,45,32,218,2540,0,1,47.5,9.0,,12.0,40,38.5,866.4,11.5,1.4931,1.4932,-0.0067,0.0402,-0.0335,-0.0119,1,1,win,32.01,38.98,405.98,117.98
KXDOGE15M-26OCT031415-15,DOGE,crypto,PAPER,1,YES,2026-10-03T18:00:33.131398+00:00,866.9,48,2026-10-03T18:02:43.582192+00:00,736.4,72,,sold,41,33,207,2747,0,2,47.0,,,11.5,15,,,,,,,,,-0.0318,0,0,win,,,,
KXBTC15M-26OCT031415-15,BTC,crypto,PAPER,1,YES,2026-10-03T18:04:00.356344+00:00,659.7,49,2026-10-03T18:06:49.581821+00:00,490.4,73,,sold,34,32,208,2955,4,1,48.5,2.0,-4.0,8.0,60,35.5,881.4,14.5,84987.25,84996.59,-0.011,-0.0004,-0.015,-0.015,0,2,win,0.0,0.0,0.0,0.0
KXSOL15M-26OCT031415-15,SOL,crypto,PAPER,1,NO,2026-10-03T18:04:05.591057+00:00,654.4,49,2026-10-03T18:10:26.581978+00:00,273.4,76,,sold,34,31,239,3194,4,1,48.5,-0.5,5.0,12.0,58,62.5,871.4,12.5,,,,,,-0.0088,1,3,win,0.0,0.0,0.0,21.0
KXETH15M-26OCT031415-15,ETH,crypto,PAPER,1,NO,2026-10-03T18:06:05.591374+00:00,534.4,50,2026-10-03T18:10:30.581531+00:00,269.4,72,,sold,30,33,187,3381,6,2,49.0,-13.5,-13.5,16.5,60,69.5,861.4,19.5,2688.66,2688.88,0.0082,-0.016,-0.013,0.0202,2,4,win,0.0,0.0,0.0,100.0
KXBTC15M-26OCT031430-30,BTC,crypto,PAPER,1,NO,2026-10-03T18:15:32.926950+00:00,867.1,48,2026-10-03T18:19:15.581960+00:00,644.4,72,,sold,31,33,207,3588,0,1,47.5,-3.0,,5.0,10,,,,84987.45,84981.12,-0.0074,-0.0094,-0.0148,0.0148,3,3,win,,,,
KXXRP15M-26OCT031430-30,XRP,crypto,PAPER,1,NO,2026-10-03T18:15:17.753955+00:00,882.3,50,2026-10-03T18:19:16.581770+00:00,643.4,72,,sold,31,33,187,3775,0,2,49.0,,,2.0,10,,,,1.492,1.492,-0.0,0.0067,-0.0134,0.0099,1,1,win,,,,
KXETH15M-26OCT031430-30,ETH,crypto,PAPER,1,NO,2026-10-03T18:15:37.997656+00:00,862.0,48,2026-10-03T18:22:31.581415+00:00,448.4,73,,sold,31,32,218,3993,0,1,47.5,-1.0,,1.5,10,,,,2687.42,2686.48,-0.035,-0.0298,-0.0305,0.0227,4,4,win,,,,
KXSOL15M-26OCT031430-30,SOL,crypto,PAPER,1,YES,2026-10-03T18:15:12.492770+00:00,887.5,48,,,0,no,settled,0,18,-498,3495,0,1,47.5,,,1.0,10,,,,119.92,119.9188,0.001,0.0083,0.0083,0.0084,0,0,win,,,,
KXDOGE15M-26OCT031430-30,DOGE,crypto,PAPER,1,YES,2026-10-03T18:15:22.808293+00:00,877.2,48,,,0,no,settled,0,18,-498,2997,0,1,47.5,,,3.0,10,,,,,,,,,0.0099,2,2,win,,,,
KXETH15M-26OCT031445-45,ETH,crypto,PAPER,1,NO,2026-10-03T18:30:22.386115+00:00,877.6,48,2026-10-03T18:31:56.581716+00:00,783.4,72,,sold,47,33,207,3204,0,1,47.5,,,7.0,21,,,,,,,,,0.0035,0,0,win,,,,
KXXRP15M-26OCT031445-45,XRP,crypto,PAPER,1,YES,2026-10-03T18:36:50.594951+00:00,489.4,49,2026-10-03T18:37:11.581646+00:00,468.4,73,,sold,47,32,208,3412,6,1,48.5,11.5,14.5,16.0,59,42.5,836.4,7.5,1.4921,1.4927,-0.0402,0.0067,0.0134,0.0,2,3,win,0.0,0.0,400.0,0.0
KXDOGE15M-26OCT031445-45,DOGE,crypto,PAPER,1,NO,2026-10-03T18:30:39.588576+00:00,860.4,50,,,0,yes,settled,0,18,-518,2894,0,1,49.5,-3.0,,11.0,23,50.0,861.4,0.0,,,,,,0.0,2,2,loss,85.0,50.0,1099.0,1059.01
KXSOL15M-26OCT031445-45,SOL,crypto,PAPER,1,NO,2026-10-03T18:36:59.589626+00:00,480.4,49,,,0,yes,settled,0,18,-508,2386,6,1,48.5,-12.0,-16.0,16.0,59,63.5,856.4,13.5,119.89,119.8867,-0.0028,-0.0334,-0.0501,0.0,3,4,loss,0.0,383.0,0.0,1253.0
KXBTC15M-26OCT031445-45,BTC,crypto,PAPER,1,YES,2026-10-03T18:30:32.525896+00:00,867.5,49,,,0,no,settled,0,18,-508,1878,0,1,48.5,1.0,,4.0,21,,,,84978.0,84978.53,-0.0006,0.0,0.0,0.0,1,1,win,,,,
KXETH15M-26OCT031500-00,ETH,crypto,PAPER,1,NO,2026-10-03T18:45:21.334970+00:00,878.7,49,2026-10-03T18:49:52.581405+00:00,607.4,74,,sold,42,32,218,2096,0,1,48.5,,,2.0,15,,,,2685.03,2685.26,0.0086,0.0074,0.0078,-0.0002,1,1,win,,,,
KXBTC15M-26OCT031500-00,BTC,crypto,PAPER,1,NO,2026-10-03T18:45:16.589592+00:00,883.4,48,2026-10-03T18:51:48.583451+00:00,491.4,72,,sold,41,33,207,2303,0,1,47.5,,,11.0,16,47.5,883.4,2.5,84932.0,84931.72,-0.0003,-0.0024,-0.0,0.0,0,0,loss,150.0,872.31,978.9,2672.04
KXSOL15M-26OCT031500-00,SOL,crypto,PAPER,1,YES,2026-10-03T18:46:28.591825+00:00,811.4,48,,,0,no,settled,0,18,-498,1805,1,1,47.5,7.0,5.5,11.0,59,42.0,873.4,8.0,119.93,119.9508,-0.0173,0.025,0.0083,0.0033,2,2,loss,357.0,0.0,1038.91,0.0
KXSOL15M-26OCT031515-15,SOL,crypto,PAPER,1,NO,2026-10-03T19:00:25.489005+00:00,874.5,48,2026-10-03T19:01:34.581539+00:00,805.4,74,,sold,47,32,228,2033,0,1,47.5,,,2.0,14,,,,119.95,119.9407,-0.0078,-0.0083,-0.0334,-0.0,1,1,loss,,,,
KXETH15M-26OCT031515-15,ETH,crypto,PAPER,1,NO,2026-10-03T19:00:27.593498+00:00,872.4,48,2026-10-03T19:01:42.581818+00:00,797.4,73,,sold,46,32,218,2251,0,2,47.0,,,3.0,23,46.5,879.4,3.5,,,,,,-0.0001,2,2,win,476.0,0.0,1642.99,714.39
KXBTC15M-26OCT031515-15,BTC,crypto,PAPER,1,YES,2026-10-03T19:00:20.396166+00:00,879.6,49,,,0,no,settled,0,18,-508,1743,0,1,48.5,,,2.0,15,,,,84933.65,84934.77,-0.0013,-0.0094,0.0005,0.0005,0,0,win,,,,
KXXRP15M-26OCT031515-15,XRP,crypto,PAPER,1,YES,2026-10-03T19:00:30.547178+00:00,869.5,48,,,0,no,settled,0,18,-498,1245,0,2,47.0,,,1.0,15,,,,1.4902,1.4904,-0.0134,0.0268,-0.0268,-0.0,3,3,win,,,,
KXDOGE15M-26OCT031515-15,DOGE,crypto,PAPER,1,YES,2026-10-03T19:00:36.592729+00:00,863.4,48,,,0,no,settled,0,18,-498,747,0,1,47.5,-12.0,,13.0,15,47.5,863.4,2.5,,,,,,-0.0094,4,4,loss,892.42,86.95,1031.42,838.95
KXXRP15M-26OCT031530-30,XRP,crypto,PAPER,1,NO,2026-10-03T19:15:34.905889+00:00,865.1,48,2026-10-03T19:19:45.581573+00:00,614.4,73,,sold,20,32,218,965,0,1,47.5,-1.0,,8.0,16,,,,1.4878,1.4882,0.0269,0.0134,0.0134,0.0168,0,0,loss,,,,
KXETH15M-26OCT031530-30,ETH,crypto,PAPER,1,NO,2026-10-03T19:19:04.591029+00:00,655.4,48,2026-10-03T19:19:45.582486+00:00,614.4,73,,sold,46,32,218,1183,4,1,47.5,14.0,13.0,16.0,60,31.5,880.3,18.5,2684.32,2684.13,-0.0071,0.0082,0.0119,0.0,1,1,win,447.43,0.0,1418.07,0.0
KXBTC15M-26OCT031530-30,BTC,crypto,PAPER,1,NO,2026-10-03T19:19:59.595758+00:00,600.4,48,2026-10-03T19:21:43.581712+00:00,496.4,72,,sold,47,33,207,1390,4,1,47.5,-17.0,-15.0,31.0,60,34.5,880.3,15.5,84858.92,84856.01,-0.0034,-0.024,-0.024,0.024,2,4,loss,0.0,0.0,0.0,0.0
KXDOGE15M-26OCT031530-30,DOGE,crypto,PAPER,1,NO,2026-10-03T19:19:18.589298+00:00,641.4,48,,,0,yes,settled,0,18,-498,892,4,2,47.0,19.0,16.5,20.0,60,38.5,874.4,11.5,,,,,,0.0,3,3,loss,26.03,0.0,1030.19,0.0
KXSOL15M-26OCT031530-30,SOL,crypto,PAPER,1,NO,2026-10-03T19:19:07.593056+00:00,652.4,48,,,0,yes,settled,0,18,-498,394,4,2,47.0,13.5,13.5,18.5,57,30.5,869.4,19.5,119.79,119.805,0.0125,0.0417,0.0334,0.0,2,2,win,350.68,0.0,1110.68,0.0
KXSOL15M-26OCT031545-45,SOL,crypto,PAPER,1,NO,2026-10-03T19:30:44.391606+00:00,855.6,50,2026-10-03T19:32:34.580668+00:00,745.4,72,,sold,44,33,187,581,0,1,49.5,-12.0,,17.0,31,,,,119.8,119.8097,0.0081,-0.0418,-0.0083,0.0106,1,1,loss,,,,
KXXRP15M-26OCT031545-45,XRP,crypto,PAPER,1,YES,2026-10-03T19:31:06.592245+00:00,833.4,48,2026-10-03T19:38:54.580898+00:00,365.4,74,,sold,32,32,228,809,1,3,46.5,7.0,9.0,11.0,60,39.5,865.4,10.5,1.4876,1.4881,-0.0336,0.0202,0.0202,0.0073,3,3,win,38.17,0.0,1424.23,765.93
KXETH15M-26OCT031545-45,ETH,crypto,PAPER,1,YES,2026-10-03T19:30:34.270881+00:00,865.7,49,2026-10-03T19:39:09.582502+00:00,350.4,77,,sold,14,31,249,1058,0,1,48.5,5.0,,11.0,31,,,,,,,,,0.0073,0,0,win,,,,
KXDOGE15M-26OCT031545-45,DOGE,crypto,PAPER,1,YES,2026-10-03T19:38:06.592788+00:00,413.4,49,,,0,no,settled,0,18,-508,550,8,1,48.5,20.0,21.0,22.0,59,40.5,860.4,9.5,,,,,,-0.0031,3,4,loss,38.0,0.0,760.0,0.0
KXBTC15M-26OCT031545-45,BTC,crypto,PAPER,1,YES,2026-10-03T19:30:49.480265+00:00,850.5,48,,,0,no,settled,0,18,-498,52,0,1,47.5,1.0,,9.0,31,,,,84815.28,84830.61,-0.0181,0.0034,0.0073,0.0073,2,2,win,,,,
KXETH15M-26OCT031600-00,ETH,crypto,PAPER,1,YES,2026-10-03T19:50:21.615503+00:00,578.4,50,2026-10-03T19:54:48.619407+00:00,311.4,86,,sold,39,27,333,385,5,2,49.0,20.5,25.5,26.5,60,33.5,876.4,16.5,2682.7,2683.22,-0.0194,0.016,0.0268,0.0133,2,2,win,0.0,0.0,1016.0,0.0
KXSOL15M-26OCT031600-00,SOL,crypto,PAPER,1,YES,2026-10-03T19:45:57.590972+00:00,842.4,49,2026-10-03T19:54:48.623560+00:00,311.4,73,,sold,22,32,208,593,0,1,48.5,11.0,,11.0,19,44.5,856.4,5.5,119.69,119.7183,-0.0236,0.0251,-0.0167,-0.0279,0,0,win,48.0,370.0,756.69,1132.53
KXBTC15M-26OCT031600-00,BTC,crypto,PAPER,1,YES,2026-10-03T19:53:15.591357+00:00,404.4,49,2026-10-03T19:54:48.625042+00:00,311.4,79,,sold,39,30,270,863,8,2,48.0,13.5,11.5,14.5,60,34.5,881.4,15.5,84797.13,84798.53,-0.0017,0.0132,0.0132,0.0132,3,3,loss,9779.43,0.0,13142.71,0.0
KXDOGE15M-26OCT031600-00,DOGE,crypto,PAPER,1,YES,2026-10-03T19:50:21.600274+00:00,578.4,52,2026-10-03T19:54:55.582727+00:00,304.4,72,,sold,8,33,167,1030,5,5,49.5,27.0,28.0,28.5,58,38.5,892.4,11.5,0.0931,0.0931,-0.0419,0.0537,0.0537,0.0133,1,1,loss,0.0,0.0,0.0,0.0
KXXRP15M-26OCT031615-15,XRP,crypto,PAPER,1,YES,2026-10-03T20:00:32.458774+00:00,867.5,49,2026-10-03T20:00:58.582160+00:00,841.4,72,,sold,49,33,197,1227,0,1,48.5,2.5,,3.0,11,,,,1.4888,1.4886,0.0134,0.047,0.0336,0.0075,4,4,win,,,,
KXETH15M-26OCT031615-15,ETH,crypto,PAPER,1,YES,2026-10-03T20:00:22.313255+00:00,877.7,50,2026-10-03T20:01:41.581989+00:00,798.4,72,,sold,50,33,187,1414,0,2,49.0,,,1.0,10,,,,,,,,,0.003,1,1,win,,,,
KXDOGE15M-26OCT031615-15,DOGE,crypto,PAPER,1,NO,2026-10-03T20:00:22.323574+00:00,877.7,49,,,0,yes,settled,0,18,-508,906,0,4,47.0,,,7.0,11,,,,0.0931,0.0931,0.0301,0.0215,0.0215,0.003,2,2,win,,,,
KXSOL15M-26OCT031615-15,SOL,crypto,PAPER,1,NO,2026-10-03T20:00:12.003796+00:00,888.0,50,,,0,yes,settled,0,18,-518,388,0,2,49.0,,,2.5,11,,,,119.78,119.7883,0.0069,-0.0,-0.0167,0.0,0,0,win,,,,
KXBTC15M-26OCT031615-15,BTC,crypto,PAPER,1,NO,2026-10-03T20:00:32.449385+00:00,867.6,50,,,0,yes,settled,0,18,-518,-130,0,1,49.5,-2.0,,2.0,11,,,,84843.36,84834.38,-0.0106,-0.0075,-0.0075,0.0075,3,3,win,,,,
KXDOGE15M-26OCT031630-30,DOGE,crypto,PAPER,1,YES,2026-10-03T20:15:22.012329+00:00,878.0,50,2026-10-03T20:19:27.582257+00:00,632.4,73,,sold,42,32,198,68,0,2,49.0,,,8.0,16,,,,,,,,,0.007,3,3,loss,,,,
KXSOL15M-26OCT031630-30,SOL,crypto,PAPER,1,YES,2026-10-03T20:15:42.403230+00:00,857.6,50,2026-10-03T20:19:30.583687+00:00,629.4,75,,sold,39,32,218,286,0,1,49.5,2.0,,2.5,16,,,,,,,,,0.0024,4,4,loss,,,,
KXXRP15M-26OCT031630-30,XRP,crypto,PAPER,1,YES,2026-10-03T20:15:16.917472+00:00,883.1,49,2026-10-03T20:19:40.582164+00:00,619.4,73,,sold,34,32,208,494,0,1,48.5,,,11.5,16,,,,1.4902,1.4905,-0.0201,-0.0067,0.0067,0.0045,1,1,win,,,,
KXETH15M-26OCT031630-30,ETH,crypto,PAPER,1,YES,2026-10-03T20:15:21.998951+00:00,878.0,50,2026-10-03T20:19:45.581459+00:00,614.4,73,,sold,42,32,198,692,0,1,49.5,,,8.0,16,,,,,,,,,0.007,2,2,win,,,,
KXBTC15M-26OCT031630-30,BTC,crypto,PAPER,1,NO,2026-10-03T20:15:16.901817+00:00,883.1,48,,,0,yes,settled,0,18,-498,194,0,1,47.5,,,3.0,16,,,,84875.29,84873.32,-0.0023,-0.0014,-0.0045,0.0045,0,0,loss,,,,
KXSOL15M-26OCT031645-45,SOL,crypto,PAPER,1,NO,2026-10-03T20:30:27.591501+00:00,872.4,48,2026-10-03T20:31:06.580642+00:00,833.4,73,,sold,47,32,218,412,0,1,47.5,,,13.0,16,47.5,872.4,2.5,120.05,120.0403,-0.0081,-0.025,-0.0,-0.0077,0,0,win,85.0,5.0,1308.9,1082.82
KXDOGE15M-26OCT031645-45,DOGE,crypto,PAPER,1,YES,2026-10-03T20:30:28.594159+00:00,871.4,48,,,0,no,settled,0,18,-498,-86,0,1,47.5,,,7.0,20,44.5,877.4,5.5,,,,,,-0.0077,1,1,win,8.0,21.0,1572.13,144.0
KXXRP15M-26OCT031645-45,XRP,crypto,PAPER,1,YES,2026-10-03T20:30:31.727981+00:00,868.3,49,,,0,no,settled,0,18,-508,-594,0,1,48.5,0.5,,6.0,15,,,,1.4908,1.4911,-0.0201,0.0067,-0.0134,-0.0077,2,2,win,,,,
KXBTC15M-26OCT031700-00,BTC,crypto,PAPER,1,NO,2026-10-03T20:45:35.453444+00:00,864.6,50,2026-10-03T20:49:14.599900+00:00,645.4,76,,sold,36,31,229,-365,0,1,49.5,-2.0,,3.0,16,,,,84844.6,84847.22,0.0031,-0.0,0.0029,-0.0029,0,0,loss,,,,
KXDOGE15M-26OCT031700-00,DOGE,crypto,PAPER,1,NO,2026-10-03T20:49:09.592773+00:00,650.4,49,2026-10-03T20:49:15.579965+00:00,644.4,72,,sold,46,33,197,-168,4,1,48.5,14.0,11.0,16.0,58,44.5,879.4,5.5,,,,,,-0.0185,2,2,loss,6.0,0.0,961.06,0.0
KXETH15M-26OCT031700-00,ETH,crypto,PAPER,1,NO,2026-10-03T20:49:14.599296+00:00,645.4,51,2026-10-03T20:57:43.581159+00:00,136.4,84,,sold,14,28,302,134,4,3,49.5,37.0,31.0,37.0,60,30.5,864.4,19.5,2686.83,2686.95,0.0045,0.0584,0.0458,-0.1079,3,3,win,6.0,0.0,516.0,0.0
KXSOL15M-26OCT031700-00,SOL,crypto,PAPER,1,YES,2026-10-03T20:45:40.589912+00:00,859.4,48,,,0,no,settled,0,18,-498,-364,0,1,47.5,-6.0,,15.0,16,47.5,859.4,2.5,119.91,119.9292,-0.016,-0.0083,0.0167,-0.0029,1,1,win,357.0,350.01,1077.34,431.01
KXXRP15M-26OCT031700-00,XRP,crypto,PAPER,1,YES,2026-10-03T20:49:34.589300+00:00,625.4,50,,,0,no,settled,0,18,-518,-882,4,1,49.5,-11.0,-29.0,53.0,59,54.5,879.4,4.5,1.4902,1.4906,-0.0268,-0.0335,-0.0671,-0.1141,2,4,loss,0.0,0.0,0.0,20.0
KXXRP15M-26OCT031715-15,XRP,crypto,PAPER,1,NO,2026-10-03T21:00:48.933467+00:00,851.1,48,2026-10-03T21:04:29.582118+00:00,630.4,72,,sold,21,33,207,-675,0,1,47.5,1.0,,2.0,26,,,,1.4901,1.4902,0.0067,-0.0,-0.0,0.0,1,1,loss,,,,
KXETH15M-26OCT031715-15,ETH,crypto,PAPER,1,NO,2026-10-03T21:00:54.031439+00:00,846.0,49,2026-10-03T21:05:18.780835+00:00,581.2,72,,sold,23,33,197,-478,0,1,48.5,0.0,,4.0,26,,,,2686.74,2686.61,-0.0048,-0.0067,-0.0104,0.005,2,2,win,,,,
KXDOGE15M-26OCT031715-15,DOGE,crypto,PAPER,1,YES,2026-10-03T21:00:38.783465+00:00,861.2,48,,,0,no,settled,0,18,-498,-976,0,1,47.5,2.5,,4.0,26,,,,,,,,,0.0,0,0,win,,,,
KXDOGE15M-26OCT031730-30,DOGE,crypto,PAPER,1,NO,2026-10-03T21:19:14.599178+00:00,645.4,48,2026-10-03T21:21:22.587594+00:00,517.4,72,,sold,47,33,207,-769,4,1,47.5,4.5,4.0,13.0,60,44.5,862.4,5.5,,,,,,-0.0147,3,3,loss,579.25,0.0,907.25,0.0
KXETH15M-26OCT031730-30,ETH,crypto,PAPER,1,YES,2026-10-03T21:19:22.593006+00:00,637.4,50,2026-10-03T21:22:51.585135+00:00,428.4,72,,sold,49,33,187,-582,4,1,49.5,-23.5,-25.0,25.0,58,55.5,862.4,5.5,2686.65,2686.66,-0.0004,-0.0361,-0.0357,-0.0127,4,4,win,0.0,2.0,0.0,697.0
KXSOL15M-26OCT031730-30,SOL,crypto,PAPER,1,NO,2026-10-03T21:15:15.597656+00:00,884.4,49,2026-10-03T21:27:02.584319+00:00,177.4,79,,sold,24,30,270,-312,0,3,47.5,,,5.0,3,42.5,887.4,7.5,119.71,119.6998,-0.0085,-0.0167,-0.0251,0.0099,1,1,loss,367.0,409.0,1127.01,1131.0
KXBTC15M-26OCT031730-30,BTC,crypto,PAPER,1,NO,2026-10-03T21:15:01.616593+00:00,898.4,49,,,0,yes,settled,3,18,-508,-820,0,1,48.5,,,,0,,,,,,,-0.0093,-0.0131,0.0131,1,0,win,,,,
KXXRP15M-26OCT031730-30,XRP,crypto,PAPER,1,YES,2026-10-03T21:19:03.594280+00:00,656.4,49,,,0,no,settled,0,18,-508,-1328,4,1,48.5,-26.0,-26.0,26.0,54,58.5,867.4,8.5,1.4889,1.4891,-0.0134,-0.0604,-0.0738,-0.0068,2,2,win,0.0,881.29,0.0,1347.29
KXETH15M-26OCT031745-45,ETH,crypto,PAPER,1,NO,2026-10-03T21:30:46.600998+00:00,853.4,49,2026-10-03T21:38:01.592125+00:00,418.4,75,,sold,30,32,228,-1100,0,2,48.0,7.5,,10.0,41,39.5,879.4,10.5,,,,,,0.0057,2,2,win,68.54,0.0,592.54,1019.93
KXXRP15M-26OCT031745-45,XRP,crypto,PAPER,1,NO,2026-10-03T21:30:43.597445+00:00,856.4,48,2026-10-03T21:38:01.593190+00:00,418.4,79,,sold,25,30,280,-820,0,3,46.5,3.0,,5.0,40,42.5,879.4,7.5,1.4874,1.4877,0.0202,-0.0067,-0.0,0.0037,1,1,loss,93.0,0.0,1457.0,337.8
KXSOL15M-26OCT031745-45,SOL,crypto,PAPER,1,YES,2026-10-03T21:30:40.594888+00:00,859.4,49,2026-10-03T21:39:23.584266+00:00,336.4,74,,sold,37,32,218,-602,0,1,48.5,-5.0,,7.0,15,48.5,859.4,1.5,119.59,119.6115,-0.018,-0.0084,-0.0084,0.0057,0,0,win,34.98,12.0,813.99,691.01
KXBTC15M-26OCT031745-45,BTC,crypto,PAPER,1,YES,2026-10-03T21:34:00.603826+00:00,659.4,48,2026-10-03T21:42:04.590370+00:00,175.4,72,,sold,47,33,207,-395,4,1,47.5,1.0,3.0,3.0,60,59.5,864.4,9.5,84684.01,84694.41,-0.0123,0.0,-0.0,-0.0,3,3,loss,0.0,0.0,0.0,5011.65
KXXRP15M-26OCT031800-00,XRP,crypto,PAPER,1,YES,2026-10-03T21:50:09.622638+00:00,590.4,50,2026-10-03T21:51:25.583828+00:00,514.4,72,,sold,49,33,187,-208,5,1,49.5,-21.5,-21.0,29.0,57,60.5,881.4,10.5,1.4872,1.4871,0.0067,-0.0403,-0.047,-0.0016,0,0,win,0.0,0.0,0.0,407.0
KXETH15M-26OCT031800-00,ETH,crypto,PAPER,1,NO,2026-10-03T21:52:14.594733+00:00,465.4,49,2026-10-03T21:56:17.583339+00:00,222.4,72,,sold,22,33,197,-11,7,3,47.5,32.0,22.0,36.0,59,37.5,876.4,12.5,2685.23,2685.26,0.0011,0.0499,0.0313,-0.0111,0,1,win,5.0,0.0,1066.0,0.0
KXETH15M-26OCT031815-15,ETH,crypto,PAPER,1,YES,2026-10-03T22:00:39.602892+00:00,860.4,48,2026-10-03T22:02:04.588874+00:00,775.4,74,,sold,43,32,228,217,0,1,47.5,-2.0,,11.5,30,46.5,863.4,3.5,2684.56,2684.82,-0.0097,-0.0168,-0.0186,-0.0055,3,3,win,1394.03,0.0,1983.03,695.0
KXDOGE15M-26OCT031815-15,DOGE,crypto,PAPER,1,NO,2026-10-03T22:00:36.241468+00:00,863.8,48,2026-10-03T22:02:43.586162+00:00,736.4,79,,sold,35,30,280,497,0,1,47.5,-4.0,,6.5,24,,,,,,,,,0.0019,2,2,win,,,,
KXSOL15M-26OCT031815-15,SOL,crypto,PAPER,1,YES,2026-10-03T22:00:26.043235+00:00,874.0,50,2026-10-03T22:06:21.584027+00:00,518.4,73,,sold,25,32,198,695,0,1,49.5,,,10.5,24,,,,119.6,119.644,-0.0368,-0.0251,-0.0084,0.0057,0,0,win,,,,
KXXRP15M-26OCT031815-15,XRP,crypto,PAPER,1,YES,2026-10-03T22:04:18.596589+00:00,641.4,48,2026-10-03T22:07:19.583888+00:00,460.4,72,,sold,46,33,207,902,4,2,47.0,-8.5,17.5,24.0,60,57.5,868.4,7.5,1.4866,1.4868,-0.0135,-0.0403,0.074,0.0353,2,4,win,0.0,0.0,0.0,0.0
KXBTC15M-26OCT031815-15,BTC,crypto,PAPER,1,NO,2026-10-03T22:00:36.227170+00:00,863.8,49,,,0,yes,settled,0,18,-508,394,0,1,48.5,2.0,,5.0,26,,,,84705.16,84706.65,0.0018,0.004,-0.0019,0.0019,1,1,win,,,,
KXXRP15M-26OCT031830-30,XRP,crypto,PAPER,1,NO,2026-10-03T22:15:18.597673+00:00,881.4,50,2026-10-03T22:15:57.583059+00:00,842.4,72,,sold,43,33,187,581,0,1,49.5,,,2.0,15,49.5,881.4,0.5,1.4884,1.4884,-0.0,-0.0067,0.0202,0.0,0,0,win,45.0,12.0,189.24,420.51
KXETH15M-26OCT031830-30,ETH,crypto,PAPER,1,NO,2026-10-03T22:19:02.596331+00:00,657.4,49,2026-10-03T22:21:52.586775+00:00,487.4,72,,sold,42,33,197,778,4,1,48.5,8.0,-6.0,16.0,61,40.5,876.4,9.5,2688.82,2688.48,-0.0126,0.0119,-0.0171,0.03,2,3,win,0.0,0.0,0.0,16.0
KXDOGE15M-26OCT031830-30,DOGE,crypto,PAPER,1,YES,2026-10-03T22:15:23.525343+00:00,876.5,48,,,0,no,settled,0,18,-498,280,0,1,47.5,,,7.0,13,,,,,,,,,0.0,1,1,win,,,,
KXSOL15M-26OCT031830-30,SOL,crypto,PAPER,1,YES,2026-10-03T22:15:43.833665+00:00,856.2,50,,,0,no,settled,0,18,-518,-238,0,1,49.5,0.0,,1.0,15,,,,119.73,119.8378,-0.09,-0.0835,-0.0668,-0.0453,2,2,win,,,,
KXSOL15M-26OCT031845-45,SOL,crypto,PAPER,1,YES,2026-10-03T22:30:26.460321+00:00,873.6,50,2026-10-03T22:36:53.581266+00:00,486.4,74,,sold,41,32,208,-30,0,1,49.5,,,0.0,4,,,,119.81,119.8198,-0.0082,0.0,0.0,0.0032,4,4,loss,,,,
KXETH15M-26OCT031845-45,ETH,crypto,PAPER,1,NO,2026-10-03T22:30:21.403543+00:00,878.6,50,2026-10-03T22:44:35.583552+00:00,24.4,73,,sold,26,32,198,168,0,1,49.5,,,2.5,5,,,,2687.35,2687.42,0.0026,-0.0015,0.0041,0.0032,3,3,win,,,,
KXDOGE15M-26OCT031845-45,DOGE,crypto,PAPER,1,NO,2026-10-03T22:30:05.937538+00:00,894.1,48,,,0,yes,settled,0,18,-498,-330,0,2,47.0,,,5.0,4,,,,,,,0.0215,0.0215,0.0037,1,0,loss,,,,
KXXRP15M-26OCT031845-45,XRP,crypto,PAPER,1,NO,2026-10-03T22:30:16.332779+00:00,883.7,50,,,0,yes,settled,0,18,-518,-848,0,1,49.5,,,1.0,5,,,,1.4865,1.4867,0.0135,0.0067,0.0269,0.0032,2,2,win,,,,
KXBTC15M-26OCT031845-45,BTC,crypto,PAPER,1,NO,2026-10-03T22:30:16.316897+00:00,883.7,48,,,0,yes,settled,0,18,-498,-1346,0,1,47.5,,,2.0,5,,,,84766.17,84761.62,-0.0054,-0.0032,-0.0032,0.0032,1,1,loss,,,,
KXXRP15M-26OCT031900-00,XRP,crypto,PAPER,1,NO,2026-10-03T22:46:26.594853+00:00,813.4,49,2026-10-03T22:48:26.581968+00:00,693.4,72,,sold,48,33,197,-1149,1,1,48.5,5.0,5.0,5.0,52,44.5,865.4,5.5,1.4879,1.4879,-0.0,0.0134,0.0134,0.0045,2,2,loss,250.0,2.0,1627.51,99.83
KXBTC15M-26OCT031900-00,BTC,crypto,PAPER,1,YES,2026-10-03T22:45:34.255975+00:00,865.8,48,2026-10-03T22:58:12.582498+00:00,107.4,74,,sold,22,32,228,-921,0,1,47.5,2.0,,3.0,21,,,,84783.13,84780.82,0.0027,0.0,-0.0012,-0.0012,1,1,loss,,,,
KXDOGE15M-26OCT031900-00,DOGE,crypto,PAPER,1,YES,2026-10-03T22:51:26.594863+00:00,513.4,48,,,0,no,settled,0,18,-498,-1419,6,1,47.5,25.5,18.5,26.5,58,37.5,860.4,12.5,0.093,0.093,-0.0538,0.0646,0.0108,0.0108,3,4,loss,3.03,0.0,35.06,0.0
KXETH15M-26OCT031900-00,ETH,crypto,PAPER,1,YES,2026-10-03T22:45:24.117239+00:00,875.9,48,,,0,no,settled,0,18,-498,-1917,0,1,47.5,,,1.5,21,,,,2687.47,2687.42,0.0019,-0.0052,0.0011,-0.0013,0,0,win,,,,
KXSOL15M-26OCT031900-00,SOL,crypto,PAPER,1,YES,2026-10-03T22:49:50.600826+00:00,609.4,48,,,0,no,settled,0,18,-498,-2415,4,1,47.5,11.5,0.5,13.5,61,41.5,870.4,8.5,119.81,119.8463,-0.0303,0.0083,-0.0167,0.0,2,3,win,0.0,0.0,390.0,0.0
KXSOL15M-26OCT031915-15,SOL,crypto,PAPER,1,NO,2026-10-03T23:00:44.224706+00:00,855.8,49,2026-10-03T23:04:22.582303+00:00,637.4,72,,sold,49,33,197,-2218,0,1,48.5,1.5,,4.5,21,,,,,,,,,0.0165,3,3,loss,,,,
KXXRP15M-26OCT031915-15,XRP,crypto,PAPER,1,NO,2026-10-03T23:00:34.598915+00:00,865.4,48,2026-10-03T23:05:02.582145+00:00,597.4,72,,sold,38,33,207,-2011,0,1,47.5,2.0,,3.0,22,47.5,865.4,2.5,1.4863,1.4865,0.0135,0.0135,-0.0067,0.014,1,1,win,18.0,21.0,1390.58,961.49
KXBTC15M-26OCT031915-15,BTC,crypto,PAPER,1,NO,2026-10-03T23:00:34.616446+00:00,865.4,48,2026-10-03T23:06:54.583019+00:00,485.4,72,,sold,37,33,207,-1804,0,1,47.5,-9.0,,9.0,22,47.5,865.4,2.5,84767.79,84767.33,-0.0005,-0.014,-0.014,0.014,2,2,win,1832.55,3520.12,4990.87,9544.12
KXETH15M-26OCT031915-15,ETH,crypto,PAPER,1,YES,2026-10-03T23:00:49.290292+00:00,850.7,48,2026-10-03T23:14:12.580916+00:00,47.4,78,,sold,0,31,269,-1535,0,1,47.5,0.5,,2.5,19,,,,2686.2,2686.24,-0.0015,0.0015,0.0015,0.0165,4,4,loss,,,,
KXDOGE15M-26OCT031915-15,DOGE,crypto,PAPER,1,YES,2026-10-03T23:00:23.938244+00:00,876.1,50,,,0,no,settled,0,18,-518,-2053,0,2,49.0,,,9.5,20,,,,,,,,,-0.0059,0,0,loss,,,,
KXDOGE15M-26OCT032145-45,DOGE,crypto,PAPER,1,YES,2026-10-04T01:31:29.228632+00:00,810.8,49,2026-10-04T01:34:51.228005+00:00,608.8,72,,sold,26,33,197,197,1,2,48.0,17.5,16.5,20.5,57,34.5,875.8,15.5,,,,,,-0.0015,4,4,none yet,60.0,0.0,229.06,0.0
KXSOL15M-26OCT032145-45,SOL,crypto,PAPER,1,NO,2026-10-04T01:30:13.228655+00:00,886.8,50,2026-10-04T01:35:23.227368+00:00,576.8,73,,sold,40,32,198,395,0,2,49.0,,,6.5,5,49.0,886.8,1.0,120.1,120.0947,-0.0044,-0.025,-0.0083,0.0091,1,1,none yet,,,,
KXETH15M-26OCT032145-45,ETH,crypto,PAPER,1,NO,2026-10-04T01:30:11.228430+00:00,888.8,48,,,0,yes,settled,0,18,-498,-103,0,1,47.5,,,3.0,8,44.5,891.8,5.5,2690.14,2689.97,-0.0063,-0.0074,-0.0048,0.0091,0,0,none yet,332.2,30.0,1542.66,83.0
KXBTC15M-26OCT032145-45,BTC,crypto,PAPER,1,NO,2026-10-04T01:30:26.228825+00:00,873.8,49,,,0,yes,settled,0,18,-508,-611,0,1,48.5,,,15.0,14,33.5,881.8,16.5,84735.57,84739.37,0.0045,-0.0013,-0.0013,0.0013,2,2,none yet,3480.75,0.0,4783.75,371.6
KXXRP15M-26OCT032145-45,XRP,crypto,PAPER,1,NO,2026-10-04T01:30:46.228792+00:00,853.8,49,,,0,yes,settled,0,18,-508,-1119,0,1,48.5,12.0,,12.5,17,44.5,865.8,5.5,1.4873,1.4875,0.0134,-0.0,-0.0,-0.0015,3,3,none yet,419.0,25.0,579.0,106.0
KXETH15M-26OCT032200-00,ETH,crypto,PAPER,1,YES,2026-10-04T01:45:37.386809+00:00,862.6,50,2026-10-04T01:50:54.228483+00:00,545.8,72,,sold,41,33,187,-932,0,1,49.5,1.0,,1.0,14,,,,2691.91,2691.77,0.0052,-0.0033,0.0026,0.0,4,4,loss,,,,
KXSOL15M-26OCT032200-00,SOL,crypto,PAPER,1,YES,2026-10-04T01:45:32.228441+00:00,867.8,48,2026-10-04T01:51:17.228405+00:00,522.8,74,,sold,25,32,228,-704,0,2,47.0,,,8.5,19,53.5,871.8,3.5,120.0,120.0222,-0.0185,0.0,0.0,0.0,3,3,win,360.0,10.0,1166.0,464.0
KXXRP15M-26OCT032200-00,XRP,crypto,PAPER,1,NO,2026-10-04T01:45:22.228975+00:00,877.8,48,2026-10-04T01:56:02.247664+00:00,237.8,72,,sold,33,33,207,-497,0,2,47.0,,,3.0,18,46.5,881.8,3.5,1.4887,1.4887,-0.0,-0.0,-0.0134,0.0,2,2,loss,61.0,30.79,592.0,579.79
KXDOGE15M-26OCT032200-00,DOGE,crypto,PAPER,1,NO,2026-10-04T01:45:22.154163+00:00,877.8,48,2026-10-04T01:57:02.231896+00:00,177.8,75,,sold,21,32,238,-259,0,1,47.5,,,3.0,15,,,,,,,,,0.0,1,1,win,,,,
KXBTC15M-26OCT032200-00,BTC,crypto,PAPER,1,NO,2026-10-04T01:45:17.079167+00:00,882.9,49,,,0,yes,settled,0,18,-508,-767,0,1,48.5,,,4.0,15,,,,84767.4,84771.37,0.0047,-0.0,-0.0,0.0,0,0,loss,,,,
KXETH15M-26OCT032215-15,ETH,crypto,PAPER,1,NO,2026-10-04T02:00:21.195823+00:00,878.8,49,2026-10-04T02:07:21.229060+00:00,458.8,75,,sold,15,32,228,-539,0,1,48.5,,,5.5,20,,,,2694.4,2694.22,-0.0067,0.0011,-0.0041,0.0063,0,0,win,,,,
KXSOL15M-26OCT032215-15,SOL,crypto,PAPER,1,NO,2026-10-04T02:07:06.230583+00:00,473.8,48,2026-10-04T02:07:55.233585+00:00,424.8,73,,sold,43,32,218,-321,7,1,47.5,24.0,30.5,33.0,57,41.0,872.8,9.0,120.15,120.1532,0.0027,0.0499,0.0832,-0.0236,2,2,win,15.0,0.0,45.0,0.0
KXBTC15M-26OCT032215-15,BTC,crypto,PAPER,1,NO,2026-10-04T02:00:46.528131+00:00,853.5,49,,,0,yes,settled,0,18,-508,-829,0,1,48.5,0.0,,4.0,20,,,,84794.7,84793.43,-0.0015,-0.0,-0.0014,0.0014,1,1,loss,,,,
KXETH15M-26OCT032230-30,ETH,crypto,PAPER,1,NO,2026-10-04T02:15:20.558156+00:00,879.4,50,2026-10-04T02:16:41.228663+00:00,798.8,72,,sold,48,33,187,-642,0,2,49.0,,,1.5,5,,,,2693.38,2693.57,0.0071,-0.0022,-0.0007,-0.0108,0,0,win,,,,
KXSOL15M-26OCT032230-30,SOL,crypto,PAPER,1,NO,2026-10-04T02:15:38.231096+00:00,861.8,48,2026-10-04T02:17:09.229056+00:00,770.8,72,,sold,42,33,207,-435,0,2,47.0,2.5,,4.5,34,44.5,889.7,5.5,,,,0.0083,0.0166,0.0,3,3,win,407.0,11.0,1136.0,769.0
KXDOGE15M-26OCT032230-30,DOGE,crypto,PAPER,1,NO,2026-10-04T02:15:20.560583+00:00,879.4,49,2026-10-04T02:17:12.239892+00:00,767.8,72,,sold,48,33,197,-238,0,1,48.5,,,0.5,5,,,,,,,,,-0.0108,1,1,win,,,,
KXXRP15M-26OCT032230-30,XRP,crypto,PAPER,1,NO,2026-10-04T02:15:37.231355+00:00,862.8,48,2026-10-04T02:27:19.229928+00:00,160.8,72,,sold,29,33,207,-31,0,1,47.5,12.0,,12.0,12,45.5,868.8,4.5,1.4897,1.4895,-0.0134,0.0336,0.0134,0.0,2,2,win,29.0,0.0,220.1,70.0
KXBTC15M-26OCT032230-30,BTC,crypto,PAPER,1,NO,2026-10-04T02:19:11.230814+00:00,648.8,48,2026-10-04T02:28:21.233440+00:00,98.8,78,,sold,10,31,269,238,4,1,47.5,7.0,-5.0,12.0,61,55.5,878.8,5.5,84824.99,84817.37,-0.009,-0.006,-0.0076,0.0076,1,4,loss,0.0,0.0,0.0,0.0
KXETH15M-26OCT032245-45,ETH,crypto,PAPER,1,YES,2026-10-04T02:30:04.555352+00:00,895.4,49,2026-10-04T02:33:31.234401+00:00,688.8,74,,sold,41,32,218,456,0,1,48.5,,,,0,,,,2693.38,2693.57,-0.0071,0.0015,-0.0019,0.0053,0,0,win,,,,
KXSOL15M-26OCT032245-45,SOL,crypto,PAPER,1,YES,2026-10-04T02:37:41.230564+00:00,438.8,50,2026-10-04T02:42:22.228748+00:00,157.8,72,,sold,16,33,187,643,7,1,49.5,-23.0,-25.0,28.0,58,63.5,874.8,13.5,,,,,,0.0,3,4,win,0.0,357.0,0.0,1077.0
KXDOGE15M-26OCT032245-45,DOGE,crypto,PAPER,1,NO,2026-10-04T02:30:20.132700+00:00,879.9,48,,,0,yes,settled,0,18,-498,145,0,1,47.5,,,,0,,,,,,,,,0.0073,1,1,win,,,,
KXXRP15M-26OCT032245-45,XRP,crypto,PAPER,1,NO,2026-10-04T02:31:17.274967+00:00,822.7,49,,,0,yes,settled,0,18,-508,-363,1,1,48.5,8.0,,20.0,47,43.5,868.8,6.5,1.4891,1.4894,0.0201,0.0134,0.0201,-0.0304,2,2,win,400.0,0.0,408.0,3.0
KXBTC15M-26OCT032245-45,BTC,crypto,PAPER,1,YES,2026-10-04T02:34:26.230167+00:00,633.8,48,,,0,no,settled,0,18,-498,-861,4,1,47.5,-19.0,-7.0,24.0,61,54.5,879.8,4.5,84812.99,84822.76,-0.0115,-0.0316,-0.0111,-0.0111,2,3,win,0.0,0.0,0.0,0.0
KXETH15M-26OCT032300-00,ETH,crypto,PAPER,1,YES,2026-10-04T02:45:36.369466+00:00,863.6,49,2026-10-04T02:48:47.228545+00:00,672.8,73,,sold,34,32,208,-653,0,1,48.5,-1.0,,2.0,9,,,,2692.07,2692.12,-0.0019,-0.0041,-0.0041,-0.0046,2,2,win,,,,
KXSOL15M-26OCT032300-00,SOL,crypto,PAPER,1,YES,2026-10-04T02:45:10.839036+00:00,889.2,48,2026-10-04T02:48:56.229102+00:00,663.8,72,,sold,31,33,207,-446,0,1,47.5,,,0.5,8,,,,120.12,120.1428,-0.019,-0.0166,-0.0083,-0.002,1,0,win,,,,
KXBTC15M-26OCT032300-00,BTC,crypto,PAPER,1,YES,2026-10-04T02:45:21.085018+00:00,878.9,49,2026-10-04T02:58:18.229342+00:00,101.8,74,,sold,27,32,218,-228,0,1,48.5,,,1.0,10,,,,84784.96,84792.27,-0.0086,0.0,-0.002,-0.002,1,1,loss,,,,
KXXRP15M-26OCT032300-00,XRP,crypto,PAPER,1,YES,2026-10-04T02:46:02.230945+00:00,837.8,48,,,0,no,settled,0,18,-498,-726,1,2,47.0,2.5,6.5,6.5,24,45.5,852.8,4.5,,,,,,-0.0026,3,3,loss,24.0,18.0,381.53,529.0
KXSOL15M-26OCT032315-15,SOL,crypto,PAPER,1,NO,2026-10-04T03:01:45.230728+00:00,794.8,48,2026-10-04T03:05:53.228968+00:00,546.8,73,,sold,30,32,218,-508,1,1,47.5,7.0,8.0,19.0,60,32.5,873.8,17.5,120.39,120.3943,0.0036,0.0332,0.0415,0.0,3,3,win,16.0,0.0,442.0,0.0
KXETH15M-26OCT032315-15,ETH,crypto,PAPER,1,YES,2026-10-04T03:00:36.233229+00:00,863.8,48,2026-10-04T03:13:00.229284+00:00,119.8,74,,sold,28,32,228,-280,0,1,47.5,-2.0,,9.0,22,47.5,863.8,2.5,2691.78,2692.25,-0.0175,-0.0108,-0.0123,-0.0078,2,2,win,404.88,29.44,1226.11,61.44
KXBTC15M-26OCT032315-15,BTC,crypto,PAPER,1,YES,2026-10-04T03:00:36.230339+00:00,863.8,48,2026-10-04T03:13:28.228204+00:00,91.8,73,,sold,43,32,218,-62,0,1,47.5,0.0,,4.0,22,47.5,863.8,2.5,84788.35,84793.71,-0.0063,-0.002,-0.0078,-0.0078,1,1,win,0.0,1097.84,6826.06,7155.4
KXDOGE15M-26OCT032315-15,DOGE,crypto,PAPER,1,YES,2026-10-04T03:00:35.423213+00:00,864.6,48,,,0,no,settled,0,18,-498,-560,0,1,47.5,6.0,,15.0,21,,,,,,,,,-0.0058,0,0,loss,,,,
KXBTC15M-26OCT032330-30,BTC,crypto,PAPER,1,YES,2026-10-04T03:15:19.109427+00:00,880.9,50,2026-10-04T03:22:22.228544+00:00,457.8,73,,sold,35,32,198,-362,0,1,49.5,,,1.0,15,,,,84796.65,84796.66,-0.0,0.0,-0.0,-0.0,0,0,win,,,,
KXSOL15M-26OCT032330-30,SOL,crypto,PAPER,1,YES,2026-10-04T03:21:33.230770+00:00,506.8,48,2026-10-04T03:22:39.227794+00:00,440.8,72,,sold,42,33,207,-155,6,1,47.5,23.5,21.0,27.5,58,43.0,854.8,7.0,120.24,120.293,-0.0441,0.0583,0.0333,0.0225,3,3,win,32.51,0.0,732.51,0.0
KXXRP15M-26OCT032330-30,XRP,crypto,PAPER,1,YES,2026-10-04T03:15:19.112199+00:00,880.9,50,,,0,no,settled,0,18,-518,-673,0,2,49.0,,,3.0,14,,,,1.4895,1.4896,-0.0067,0.0,0.0,-0.0,1,1,loss,,,,
KXDOGE15M-26OCT032330-30,DOGE,crypto,PAPER,1,YES,2026-10-04T03:22:06.231347+00:00,473.8,48,,,0,no,settled,0,18,-498,-1171,7,1,47.5,13.0,35.0,36.0,60,44.5,875.8,5.5,,,,,,0.0239,4,4,loss,20.0,0.0,74.45,0.0
KXETH15M-26OCT032330-30,ETH,crypto,PAPER,1,NO,2026-10-04T03:15:35.229988+00:00,864.8,50,,,0,yes,settled,0,18,-518,-1689,0,2,49.0,0.5,,1.5,15,49.0,864.8,1.0,2692.37,2692.37,-0.0,-0.0,-0.0004,-0.0,2,2,win,639.76,26.51,1774.76,1039.69
KXSOL15M-26OCT032345-45,SOL,crypto,PAPER,1,YES,2026-10-04T03:30:28.331976+00:00,871.7,48,2026-10-04T03:31:13.229934+00:00,826.8,73,,sold,47,32,218,-1471,0,1,47.5,,,5.0,15,,,,120.36,120.3768,-0.014,0.0249,0.0083,0.0225,2,2,win,,,,
KXXRP15M-26OCT032345-45,XRP,crypto,PAPER,1,YES,2026-10-04T03:30:42.232663+00:00,857.8,49,2026-10-04T03:33:06.228233+00:00,713.8,72,,sold,48,33,197,-1274,0,1,48.5,4.0,,8.0,39,44.5,881.8,5.5,1.4879,1.488,-0.0067,0.0134,-0.0067,0.0162,4,4,loss,64.0,0.0,581.44,12.0
KXETH15M-26OCT032345-45,ETH,crypto,PAPER,1,YES,2026-10-04T03:30:24.229913+00:00,875.8,50,2026-10-04T03:33:49.228249+00:00,670.8,73,,sold,42,32,198,-1076,0,1,49.5,,,13.0,16,49.5,875.8,0.5,2692.91,2692.7,0.0078,0.0004,0.0078,0.0063,1,1,loss,174.48,103.0,1196.21,730.53
KXDOGE15M-26OCT032345-45,DOGE,crypto,PAPER,1,NO,2026-10-04T03:30:38.463346+00:00,861.5,50,,,0,yes,settled,0,18,-518,-1594,0,1,49.5,-5.0,,5.0,15,,,,0.0927,0.0927,-0.0097,-0.0216,-0.0216,0.0162,3,3,loss,,,,
KXBTC15M-26OCT032345-45,BTC,crypto,PAPER,1,NO,2026-10-04T03:30:18.165606+00:00,881.8,49,,,0,yes,settled,0,18,-508,-2102,0,1,48.5,,,5.0,15,,,,84786.85,84787.45,0.0007,0.0,-0.0063,0.0063,0,0,win,,,,
KXDOGE15M-26OCT040000-00,DOGE,crypto,PAPER,1,NO,2026-10-04T03:45:21.264755+00:00,878.7,50,2026-10-04T03:46:39.228953+00:00,800.8,73,,sold,49,32,198,-1904,0,1,49.5,,,5.0,9,,,,,,,,,0.0,1,1,loss,,,,
KXBTC15M-26OCT040000-00,BTC,crypto,PAPER,1,YES,2026-10-04T03:45:16.191599+00:00,883.8,49,,,0,no,settled,0,18,-508,-2412,0,1,48.5,,,2.0,10,,,,84861.88,84862.28,-0.0005,0.0,0.0,0.0,0,0,loss,,,,
KXXRP15M-26OCT040000-00,XRP,crypto,PAPER,1,YES,2026-10-04T03:45:31.412450+00:00,868.6,48,,,0,no,settled,0,18,-498,-2910,0,1,47.5,0.5,,1.0,9,,,,1.4902,1.4902,0.0,0.0,-0.0067,0.0,2,2,win,,,,
KXBTC15M-26OCT040015-15,BTC,crypto,PAPER,1,NO,2026-10-04T04:00:31.231283+00:00,868.8,48,2026-10-04T04:08:05.230687+00:00,414.8,72,,sold,30,33,207,-2703,0,1,47.5,,,5.0,28,46.5,879.8,3.5,84822.56,84826.77,0.005,0.0021,0.0021,-0.0021,2,2,loss,1532.3,4995.58,7450.47,8842.02
KXXRP15M-26OCT040015-15,XRP,crypto,PAPER,1,NO,2026-10-04T04:00:34.710840+00:00,865.3,50,2026-10-04T04:09:43.228541+00:00,316.8,73,,sold,12,32,198,-2505,0,1,49.5,0.0,,2.0,16,,,,,,,,,-0.0021,3,3,loss,,,,
KXDOGE15M-26OCT040015-15,DOGE,crypto,PAPER,1,NO,2026-10-04T04:00:24.564570+00:00,875.4,49,2026-10-04T04:12:39.228402+00:00,140.8,74,,sold,23,32,218,-2287,0,1,48.5,,,1.0,13,,,,,,,,,-0.0021,1,1,win,,,,
KXETH15M-26OCT040015-15,ETH,crypto,PAPER,1,NO,2026-10-04T04:00:19.490413+00:00,880.5,50,,,0,yes,settled,0,18,-518,-2805,0,1,49.5,,,0.0,16,,,,2694.09,2694.02,-0.0026,-0.003,-0.0052,-0.0021,0,0,win,,,,
KXSOL15M-26OCT040015-15,SOL,crypto,PAPER,1,YES,2026-10-04T04:04:31.235023+00:00,628.8,50,,,0,no,settled,0,18,-518,-3323,4,1,49.5,-14.0,1.5,15.5,60,32.0,854.8,18.0,120.76,120.7548,0.0043,-0.0248,0.0248,0.01,4,4,win,377.0,0.0,1072.27,0.0
KXDOGE15M-26OCT040030-30,DOGE,crypto,PAPER,1,YES,2026-10-04T04:15:38.144467+00:00,861.9,48,2026-10-04T04:18:02.229027+00:00,717.8,72,,sold,46,33,207,-3116,0,2,47.0,0.0,,2.0,5,,,,,,,,,-0.0,2,2,win,,,,
KXBTC15M-26OCT040030-30,BTC,crypto,PAPER,1,YES,2026-10-04T04:15:33.072207+00:00,866.9,49,2026-10-04T04:23:53.228326+00:00,366.8,72,,sold,49,33,197,-2919,0,1,48.5,,,0.0,5,,,,84799.0,84804.99,-0.0071,0.0,0.0,0.0,1,1,win,,,,
KXSOL15M-26OCT040030-30,SOL,crypto,PAPER,1,YES,2026-10-04T04:16:31.232126+00:00,808.8,50,2026-10-04T04:25:49.228749+00:00,250.8,73,,sold,25,32,198,-2721,1,1,49.5,-12.0,-4.0,13.0,45,58.5,855.8,8.5,120.56,120.5782,-0.0151,-0.0415,-0.0415,0.0,3,3,loss,0.0,10.0,407.0,437.71
KXETH15M-26OCT040030-30,ETH,crypto,PAPER,1,YES,2026-10-04T04:15:14.231711+00:00,885.8,49,,,0,no,settled,0,18,-508,-3229,0,1,48.5,,,5.0,12,44.5,891.8,5.5,2693.96,2694.1,-0.0052,-0.0004,-0.02,-0.0019,0,0,loss,34.0,0.0,1057.19,169.0
KXXRP15M-26OCT040045-45,XRP,crypto,PAPER,1,NO,2026-10-04T04:30:31.230962+00:00,868.8,48,2026-10-04T04:34:42.228822+00:00,617.8,73,,sold,28,32,218,-3011,0,1,47.5,-2.5,,4.5,17,47.5,868.8,2.5,1.4913,1.4911,-0.0134,-0.0067,-0.0067,0.0,1,1,win,27.59,377.64,84.48,533.64
KXSOL15M-26OCT040045-45,SOL,crypto,PAPER,1,NO,2026-10-04T04:34:31.231191+00:00,628.8,48,2026-10-04T04:37:01.227590+00:00,478.8,73,,sold,37,32,218,-2793,4,1,47.5,21.0,20.0,24.0,54,34.5,882.8,15.5,120.73,120.7295,-0.0004,0.0414,0.0331,0.0026,4,4,win,365.33,0.0,1072.33,0.0
KXDOGE15M-26OCT040045-45,DOGE,crypto,PAPER,1,NO,2026-10-04T04:30:20.648159+00:00,879.4,48,2026-10-04T04:37:03.228703+00:00,476.8,72,,sold,25,33,207,-2586,0,1,47.5,,,4.5,15,,,,0.0927,0.0927,0.0065,-0.0,-0.0,0.0,0,0,win,,,,
KXBTC15M-26OCT040045-45,BTC,crypto,PAPER,1,YES,2026-10-04T04:30:35.832536+00:00,864.2,50,,,0,no,settled,0,18,-518,-3104,0,1,49.5,0.0,,5.0,16,,,,84805.09,84811.96,-0.0081,0.0,0.0,0.0,2,2,win,,,,
KXETH15M-26OCT040045-45,ETH,crypto,PAPER,1,YES,2026-10-04T04:30:35.838889+00:00,864.2,50,,,0,no,settled,0,18,-518,-3622,0,2,49.0,0.5,,1.5,14,,,,2692.76,2692.92,-0.0059,-0.0045,-0.0071,0.0,3,3,loss,,,,
KXSOL15M-26OCT040100-00,SOL,crypto,PAPER,1,YES,2026-10-04T04:45:27.863245+00:00,872.1,50,2026-10-04T04:49:08.228279+00:00,651.8,72,,sold,42,33,187,-3435,0,1,49.5,,,0.5,5,,,,120.52,120.5473,-0.0226,0.0,-0.0166,0.0,2,2,win,,,,
KXXRP15M-26OCT040100-00,XRP,crypto,PAPER,1,YES,2026-10-04T04:45:32.928345+00:00,867.1,49,2026-10-04T04:49:43.233962+00:00,616.8,72,,sold,31,33,197,-3238,0,1,48.5,,,0.0,5,,,,1.4903,1.4907,-0.0268,-0.0201,-0.0201,0.0,3,3,win,,,,
KXETH15M-26OCT040100-00,ETH,crypto,PAPER,1,NO,2026-10-04T04:45:07.504310+00:00,892.5,50,2026-10-04T04:51:12.228528+00:00,527.8,75,,sold,48,32,218,-3020,0,1,49.5,,,0.5,4,,,,2691.62,2691.6,-0.0007,0.0004,-0.0019,0.0,1,0,loss,,,,
KXBTC15M-26OCT040100-00,BTC,crypto,PAPER,1,YES,2026-10-04T04:45:17.750987+00:00,882.3,50,,,0,no,settled,1,18,-518,-3538,0,1,49.5,,,0.0,5,,,,84802.0,84810.05,-0.0095,0.0,0.0,0.0,1,1,loss,,,,
KXETH15M-26OCT040115-15,ETH,crypto,PAPER,1,NO,2026-10-04T05:00:36.232349+00:00,863.8,50,,,0,yes,settled,0,18,-518,-4056,0,1,49.5,-3.5,,8.5,17,49.5,863.8,0.5,2691.96,2691.88,-0.003,-0.0022,-0.0048,0.0,1,1,win,459.31,724.08,1610.31,755.53
KXSOL15M-26OCT040115-15,SOL,crypto,PAPER,1,NO,2026-10-04T05:00:40.586262+00:00,859.4,50,,,0,yes,settled,0,18,-518,-4574,0,2,49.0,-5.5,,11.0,16,,,,120.63,120.633,0.0025,-0.0,-0.0249,0.0,2,2,win,,,,
KXBTC15M-26OCT040115-15,BTC,crypto,PAPER,1,NO,2026-10-04T05:00:20.341258+00:00,879.7,49,,,0,yes,settled,0,18,-508,-5082,0,1,48.5,,,4.0,16,,,,84805.01,84809.33,0.0051,-0.0,0.0,-0.0,0,0,loss,,,,
KXXRP15M-26OCT040130-30,XRP,crypto,PAPER,1,YES,2026-10-04T05:15:36.232913+00:00,863.8,50,2026-10-04T05:18:45.228542+00:00,674.8,72,,sold,41,33,187,-4895,0,1,49.5,-0.5,,9.0,12,54.5,865.8,4.5,1.4906,1.4906,0.0,0.0,0.0,-0.0019,2,2,win,0.0,14.0,81.0,204.0
KXDOGE15M-26OCT040130-30,DOGE,crypto,PAPER,1,NO,2026-10-04T05:15:23.155563+00:00,876.8,49,,,0,yes,settled,0,18,-508,-5403,0,1,48.5,,,1.0,10,,,,,,,,,-0.0,1,1,win,,,,
KXSOL15M-26OCT040130-30,SOL,crypto,PAPER,1,NO,2026-10-04T05:16:03.232554+00:00,836.8,48,,,0,yes,settled,0,18,-498,-5901,1,2,47.0,13.0,,24.5,60,36.5,886.8,13.5,120.67,120.6717,0.0014,0.0331,-0.0166,-0.0011,4,4,loss,10.0,0.0,456.0,366.01
KXBTC15M-26OCT040130-30,BTC,crypto,PAPER,1,NO,2026-10-04T05:15:18.081678+00:00,881.9,49,,,0,yes,settled,0,18,-508,-6409,0,1,48.5,,,2.0,10,,,,84813.6,84823.05,0.0111,-0.0,-0.0,0.0,0,0,loss,,,,
KXETH15M-26OCT040130-30,ETH,crypto,PAPER,1,NO,2026-10-04T05:15:37.232420+00:00,862.8,48,,,0,yes,settled,0,18,-498,-6907,0,1,47.5,-3.0,,12.0,24,41.0,876.8,9.0,2693.4,2693.09,-0.0115,-0.0037,-0.0037,-0.004,3,3,loss,510.0,1.0,1562.21,135.22
KXBTC15M-26OCT040145-45,BTC,crypto,PAPER,1,YES,2026-10-04T05:30:35.440329+00:00,864.6,48,2026-10-04T05:34:34.229695+00:00,625.8,72,,sold,47,33,207,-6700,0,1,47.5,-3.0,,3.0,16,,,,84844.13,84847.51,-0.004,0.0,0.0,0.0,3,3,loss,,,,
KXXRP15M-26OCT040145-45,XRP,crypto,PAPER,1,YES,2026-10-04T05:30:30.386563+00:00,869.6,50,2026-10-04T05:36:35.228783+00:00,504.8,75,,sold,22,32,218,-6482,0,2,49.0,,,5.5,16,,,,1.4917,1.4915,0.0134,0.0,0.0,0.0,2,2,win,,,,
KXDOGE15M-26OCT040145-45,DOGE,crypto,PAPER,1,YES,2026-10-04T05:30:20.273453+00:00,879.7,48,2026-10-04T05:38:01.228782+00:00,418.8,74,,sold,33,32,228,-6254,0,1,47.5,,,3.5,14,,,,0.0928,0.0928,-0.0313,-0.0216,-0.0216,-0.0,1,1,loss,,,,
KXETH15M-26OCT040145-45,ETH,crypto,PAPER,1,YES,2026-10-04T05:30:20.266252+00:00,879.7,50,2026-10-04T05:41:13.229390+00:00,226.8,73,,sold,29,32,198,-6056,0,1,49.5,,,1.0,15,,,,2694.53,2694.3,0.0085,-0.0004,0.0,-0.0,0,0,loss,,,,
KXSOL15M-26OCT040145-45,SOL,crypto,PAPER,1,NO,2026-10-04T05:34:00.021935+00:00,660.0,51,,,0,yes,settled,0,18,-528,-6584,4,3,49.5,-5.0,6.5,15.5,58,55.5,858.8,5.5,120.73,120.7515,0.0178,-0.0,0.0083,-0.0039,4,4,loss,0.0,0.0,0.0,0.0
KXSOL15M-26OCT040200-00,SOL,crypto,PAPER,1,NO,2026-10-04T05:45:17.232933+00:00,882.8,48,2026-10-04T05:46:38.228391+00:00,801.8,72,,sold,45,33,207,-6377,0,1,47.5,,,11.0,16,42.5,887.8,7.5,121.02,121.0145,-0.0045,-0.0165,-0.0165,-0.0,0,0,loss,10.0,295.83,432.0,1045.84
KXETH15M-26OCT040200-00,ETH,crypto,PAPER,1,NO,2026-10-04T05:46:07.232639+00:00,832.8,50,2026-10-04T05:48:33.228417+00:00,686.8,81,,sold,49,29,281,-6096,1,1,49.5,15.0,-5.0,33.0,50,46.5,876.8,3.5,2696.21,2695.96,-0.0093,0.0311,-0.0104,-0.0089,3,3,win,51.0,0.0,73.0,0.0
KXBTC15M-26OCT040200-00,BTC,crypto,PAPER,1,NO,2026-10-04T05:45:33.231412+00:00,866.8,48,2026-10-04T05:48:33.229959+00:00,686.8,73,,sold,46,32,218,-5878,0,1,47.5,1.0,,5.0,11,47.5,866.8,2.5,84909.13,84904.15,-0.0059,-0.0,-0.0,0.0,2,2,win,0.0,2648.67,8151.87,6133.64
KXXRP15M-26OCT040200-00,XRP,crypto,PAPER,1,YES,2026-10-04T05:45:17.337664+00:00,882.7,51,,,0,no,settled,0,18,-528,-6406,0,3,49.5,,,10.0,10,,,,1.4929,1.4927,0.0134,0.0,-0.0067,-0.0,1,1,win,,,,
KXDOGE15M-26OCT040215-15,DOGE,crypto,PAPER,1,NO,2026-10-04T06:00:40.086020+00:00,859.9,50,2026-10-04T06:03:11.228242+00:00,708.8,72,,sold,46,33,187,-6219,0,1,49.5,-1.0,,1.0,15,,,,0.0928,0.0928,0.0075,-0.0108,-0.0108,0.0171,3,3,win,,,,
KXBTC15M-26OCT040215-15,BTC,crypto,PAPER,1,YES,2026-10-04T06:00:19.825051+00:00,880.2,50,2026-10-04T06:05:39.227815+00:00,560.8,72,,sold,47,33,187,-6032,0,1,49.5,,,2.0,15,,,,84896.56,84899.44,-0.0034,0.0,0.0,0.0,0,0,win,,,,
KXSOL15M-26OCT040215-15,SOL,crypto,PAPER,1,YES,2026-10-04T06:00:30.232043+00:00,869.8,49,2026-10-04T06:05:50.227862+00:00,549.8,74,,sold,25,32,218,-5814,0,1,48.5,,,7.5,15,48.5,869.8,1.5,120.81,120.8115,-0.0012,0.0,0.0083,0.0171,1,1,win,350.0,20.0,1096.0,408.0
KXETH15M-26OCT040215-15,ETH,crypto,PAPER,1,NO,2026-10-04T06:00:35.021694+00:00,865.0,48,2026-10-04T06:11:48.228335+00:00,191.8,73,,sold,35,32,218,-5596,0,2,47.0,,,3.5,15,,,,2694.53,2694.44,-0.0033,0.0015,-0.0,0.0171,2,2,win,,,,
KXXRP15M-26OCT040215-15,XRP,crypto,PAPER,1,NO,2026-10-04T06:00:45.144770+00:00,854.9,50,2026-10-04T06:11:59.231153+00:00,180.8,72,,sold,12,33,187,-5409,0,1,49.5,0.0,,3.0,14,,,,1.4917,1.4917,-0.0,-0.0,-0.0067,0.0171,4,4,loss,,,,
KXETH15M-26OCT040230-30,ETH,crypto,PAPER,1,NO,2026-10-04T06:22:48.233397+00:00,431.8,50,2026-10-04T06:23:11.227952+00:00,408.8,76,,sold,48,31,229,-5180,7,1,49.5,27.0,43.5,51.5,60,35.5,877.8,14.5,2694.0,2693.92,-0.003,0.0512,0.069,0.0098,0,0,win,39.28,0.0,1061.28,0.0
KXSOL15M-26OCT040230-30,SOL,crypto,PAPER,1,YES,2026-10-04T06:22:55.242302+00:00,424.8,49,,,0,no,settled,0,18,-508,-5688,7,1,48.5,-28.0,-42.0,47.5,60,56.5,887.8,6.5,120.8,120.8173,-0.0143,-0.0827,-0.1323,0.0037,1,1,win,0.0,15.0,0.0,55.0
KXETH15M-26OCT040245-45,ETH,crypto,PAPER,1,YES,2026-10-04T06:30:31.232752+00:00,868.8,49,2026-10-04T06:32:26.231904+00:00,753.8,76,,sold,46,31,239,-5449,0,3,47.5,,,2.0,17,45.5,879.8,4.5,,,,,,0.0295,2,2,win,14.0,0.0,2266.13,437.38
KXXRP15M-26OCT040245-45,XRP,crypto,PAPER,1,YES,2026-10-04T06:30:35.235521+00:00,864.8,50,2026-10-04T06:32:27.233483+00:00,752.8,72,,sold,32,33,187,-5262,0,3,48.5,,,5.5,21,45.5,879.8,4.5,1.4922,1.4923,-0.0067,0.0067,0.0067,0.0164,3,3,win,0.0,139.0,473.0,586.0
KXDOGE15M-26OCT040245-45,DOGE,crypto,PAPER,1,NO,2026-10-04T06:30:11.232517+00:00,888.8,48,,,0,yes,settled,0,18,-498,-5760,0,3,46.5,,,1.0,7,45.5,889.8,4.5,,,,,,0.071,1,0,win,1.0,80.69,180.4,744.69
KXSOL15M-26OCT040245-45,SOL,crypto,PAPER,1,NO,2026-10-04T06:30:14.925808+00:00,885.1,49,,,0,yes,settled,0,18,-508,-6268,0,1,48.5,,,2.5,5,,,,,,,,,0.0611,2,1,win,,,,
KXDOGE15M-26OCT040300-00,DOGE,crypto,PAPER,1,YES,2026-10-04T06:45:12.041175+00:00,888.0,50,2026-10-04T06:46:52.227891+00:00,787.8,73,,sold,49,32,198,-6070,0,1,49.5,,,5.0,10,,,,0.0929,0.0929,0.0118,0.0215,0.0323,0.0049,2,0,win,,,,
KXXRP15M-26OCT040300-00,XRP,crypto,PAPER,1,YES,2026-10-04T06:46:02.233027+00:00,837.8,49,2026-10-04T06:47:43.227928+00:00,736.8,72,,sold,47,33,197,-5873,1,2,48.0,5.5,,5.5,22,46.5,851.8,3.5,1.4934,1.4936,-0.0134,0.0134,0.0,0.0029,3,3,win,35.0,65.0,155.8,538.0
KXSOL15M-26OCT040300-00,SOL,crypto,PAPER,1,YES,2026-10-04T06:46:38.233206+00:00,801.8,48,2026-10-04T06:49:01.228438+00:00,658.8,73,,sold,46,32,218,-5655,1,2,47.0,16.5,13.5,18.0,57,35.5,886.8,14.5,120.84,120.8685,-0.0236,0.0248,0.0248,0.0279,4,4,loss,5.0,0.0,393.0,0.0
KXETH15M-26OCT040300-00,ETH,crypto,PAPER,1,YES,2026-10-04T06:45:22.282692+00:00,877.7,50,2026-10-04T06:49:46.227521+00:00,613.8,72,,sold,44,33,187,-5468,0,1,49.5,,,1.5,10,,,,,,,,,0.0049,1,1,win,,,,
KXBTC15M-26OCT040300-00,BTC,crypto,PAPER,1,NO,2026-10-04T06:45:32.424924+00:00,867.6,49,,,0,yes,settled,0,18,-508,-5976,0,1,48.5,0.0,,0.0,10,,,,84949.46,84952.51,0.0036,-0.0,-0.0049,0.0049,2,2,win,,,,
KXSOL15M-26OCT040315-15,SOL,crypto,PAPER,1,NO,2026-10-04T07:00:26.231808+00:00,873.8,48,,,0,yes,settled,0,18,-498,-6474,0,2,47.0,,,0.5,7,46.5,874.8,3.5,,,,,,-0.0,0,0,win,34.19,133.63,804.23,894.63
KXDOGE15M-26OCT040315-15,DOGE,crypto,PAPER,1,NO,2026-10-04T07:01:55.232700+00:00,784.8,49,,,0,yes,settled,0,18,-508,-6982,1,1,48.5,8.5,5.0,8.5,60,41.5,889.8,8.5,,,,,,-0.0064,2,2,win,71.38,2.0,920.38,122.0
KXBTC15M-26OCT040315-15,BTC,crypto,PAPER,1,YES,2026-10-04T07:00:35.219878+00:00,864.8,48,,,0,no,settled,0,18,-498,-7480,0,1,47.5,,,0.0,5,,,,85015.76,85019.96,-0.0049,0.003,0.003,0.003,1,1,loss,,,,
KXDOGE15M-26OCT040330-30,DOGE,crypto,PAPER,1,NO,2026-10-04T07:15:12.648444+00:00,887.4,49,2026-10-04T07:16:50.228633+00:00,789.8,72,,sold,48,33,197,-7283,0,1,48.5,,,1.5,8,,,,,,,,,0.0,2,0,win,,,,
KXXRP15M-26OCT040330-30,XRP,crypto,PAPER,1,YES,2026-10-04T07:15:33.035906+00:00,867.0,48,2026-10-04T07:21:26.229105+00:00,513.8,75,,sold,12,32,238,-7045,0,1,47.5,,,8.0,10,,,,,,,,,-0.0075,2,2,win,,,,
KXETH15M-26OCT040330-30,ETH,crypto,PAPER,1,YES,2026-10-04T07:15:38.104366+00:00,861.9,49,,,0,no,settled,0,18,-508,-7553,0,1,48.5,0.0,,0.0,10,,,,2695.09,2695.27,-0.0067,-0.0056,-0.0074,-0.0075,3,3,win,,,,
KXBTC15M-26OCT040330-30,BTC,crypto,PAPER,1,YES,2026-10-04T07:15:33.027366+00:00,867.0,49,,,0,no,settled,0,18,-508,-8061,0,1,48.5,,,2.0,10,,,,84969.46,84983.89,-0.017,-0.0075,-0.0075,-0.0075,1,1,loss,,,,
KXETH15M-26OCT040345-45,ETH,crypto,PAPER,1,YES,2026-10-04T07:37:15.232633+00:00,464.8,49,2026-10-04T07:40:25.227769+00:00,274.8,77,,sold,48,31,249,-7812,7,1,48.5,-17.0,-18.5,20.5,61,32.5,877.8,17.5,2693.11,2693.13,-0.0007,-0.0234,-0.0319,-0.0078,1,1,loss,0.0,0.0,0.0,0.0
KXDOGE15M-26OCT040345-45,DOGE,crypto,PAPER,1,YES,2026-10-04T07:30:41.752345+00:00,858.3,49,2026-10-04T07:42:17.228645+00:00,162.8,82,,sold,6,29,301,-7511,0,1,48.5,3.0,,8.5,19,,,,,,,,,-0.0168,0,0,win,,,,
KXSOL15M-26OCT040400-00,SOL,crypto,PAPER,1,YES,2026-10-04T07:45:45.232810+00:00,854.8,48,2026-10-04T07:53:16.230060+00:00,403.8,72,,sold,29,33,207,-7304,0,1,47.5,-13.0,,13.0,16,47.5,854.8,2.5,120.97,120.9945,-0.0202,-0.0331,0.0,0.0164,1,1,loss,368.05,5.01,1103.06,366.01
KXDOGE15M-26OCT040400-00,DOGE,crypto,PAPER,1,NO,2026-10-04T07:45:31.234209+00:00,868.8,48,,,0,yes,settled,0,18,-498,-7802,0,3,46.5,,,6.0,16,45.5,869.8,4.5,,,,,,0.0164,0,0,win,37.0,53.92,803.87,321.92
KXDOGE15M-26OCT040415-15,DOGE,crypto,PAPER,1,NO,2026-10-04T08:00:31.233961+00:00,868.8,49,2026-10-04T08:02:49.227780+00:00,730.8,72,,sold,26,33,197,-7605,0,2,48.0,,,16.5,30,45.0,886.8,5.0,,,,,,0.007,1,1,loss,27.0,116.0,157.0,249.0
KXSOL15M-26OCT040415-15,SOL,crypto,PAPER,1,NO,2026-10-04T08:00:36.232973+00:00,863.8,50,2026-10-04T08:06:45.228174+00:00,494.8,74,,sold,22,32,208,-7397,0,1,49.5,15.0,,15.0,20,44.5,871.8,5.5,121.09,121.1008,0.0089,0.0495,0.0165,0.0077,2,2,win,75.0,0.0,795.0,383.0
KXXRP15M-26OCT040415-15,XRP,crypto,PAPER,1,NO,2026-10-04T08:00:26.237817+00:00,873.8,48,2026-10-04T08:07:50.229351+00:00,429.8,73,,sold,20,32,218,-7179,0,1,47.5,,,11.0,20,40.5,881.8,9.5,1.4987,1.4984,-0.02,0.02,-0.02,0.0256,0,0,win,20.0,0.0,123.0,486.0
KXBTC15M-26OCT040415-15,BTC,crypto,PAPER,1,NO,2026-10-04T08:00:40.240639+00:00,859.8,48,,,0,yes,settled,0,18,-498,-7677,0,1,47.5,2.0,,14.0,34,37.5,881.8,12.5,85087.46,85086.47,-0.0012,0.0043,0.0191,-0.0191,3,3,loss,4297.51,0.0,10589.94,0.0
KXETH15M-26OCT040415-15,ETH,crypto,PAPER,1,YES,2026-10-04T08:01:32.239508+00:00,807.8,50,,,0,no,settled,0,18,-518,-8195,1,4,48.0,25.5,4.5,25.5,55,25.5,861.8,24.5,2705.09,2705.34,-0.0092,0.1044,0.0551,0.0494,4,4,win,32.0,0.0,588.0,0.0
KXXRP15M-26OCT040430-30,XRP,crypto,PAPER,1,YES,2026-10-04T08:15:21.546378+00:00,878.5,48,2026-10-04T08:18:14.228173+00:00,705.8,75,,sold,46,32,238,-7957,0,1,47.5,,,0.0,9,,,,1.4971,1.4972,-0.0067,0.0,0.0,-0.0103,0,0,win,,,,
KXDOGE15M-26OCT040430-30,DOGE,crypto,PAPER,1,YES,2026-10-04T08:16:06.234567+00:00,833.8,48,2026-10-04T08:18:27.229286+00:00,692.8,72,,sold,45,33,207,-7750,1,1,47.5,5.0,3.0,5.0,52,43.5,887.8,6.5,,,,,,0.0,1,1,win,20.0,0.0,320.0,96.01
KXSOL15M-26OCT040430-30,SOL,crypto,PAPER,1,NO,2026-10-04T08:19:00.079261+00:00,659.9,48,2026-10-04T08:23:51.227557+00:00,368.8,72,,sold,40,33,207,-7543,4,1,47.5,2.0,-5.5,9.0,58,55.5,887.8,5.5,,,,,,-0.0095,1,3,win,11.01,0.0,721.8,362.0
KXETH15M-26OCT040430-30,ETH,crypto,PAPER,1,YES,2026-10-04T08:16:18.237433+00:00,821.8,49,2026-10-04T08:27:25.231318+00:00,154.8,73,,sold,7,32,208,-7335,1,1,48.5,6.0,4.0,7.0,39,44.5,862.8,5.5,2701.81,2702.34,-0.0196,0.0011,-0.0081,-0.0,2,2,loss,565.0,0.0,1659.0,201.0
KXSOL15M-26OCT040445-45,SOL,crypto,PAPER,1,NO,2026-10-04T08:30:40.263578+00:00,859.7,50,2026-10-04T08:31:14.234769+00:00,825.8,73,,sold,49,32,198,-7137,0,1,49.5,-1.0,,5.5,20,,,,121.1,121.1005,0.0004,-0.0248,-0.0248,-0.0392,0,0,win,,,,
KXDOGE15M-26OCT040500-00,DOGE,crypto,PAPER,1,YES,2026-10-04T08:45:38.233854+00:00,861.8,49,2026-10-04T08:47:21.229064+00:00,758.8,74,,sold,47,32,218,-6919,0,1,48.5,3.0,,3.0,14,46.5,871.8,3.5,,,,,,-0.0006,2,2,win,0.01,103.0,250.91,541.0
KXETH15M-26OCT040500-00,ETH,crypto,PAPER,1,YES,2026-10-04T08:45:07.516163+00:00,892.5,48,2026-10-04T08:50:12.228866+00:00,587.8,75,,sold,45,32,238,-6681,0,1,47.5,,,1.0,5,,,,2698.55,2698.81,-0.0096,-0.0048,-0.0159,-0.0022,0,0,win,,,,
KXXRP15M-26OCT040500-00,XRP,crypto,PAPER,1,NO,2026-10-04T08:46:02.234824+00:00,837.8,50,2026-10-04T08:51:00.228709+00:00,539.8,72,,sold,23,33,187,-6494,1,1,49.5,-9.0,,15.0,28,64.0,861.8,14.0,1.4968,1.4969,0.0067,-0.0334,-0.0134,0.0339,3,3,win,0.0,359.81,42.66,421.81
KXSOL15M-26OCT040500-00,SOL,crypto,PAPER,1,NO,2026-10-04T08:46:02.244847+00:00,837.8,49,2026-10-04T08:52:43.230430+00:00,436.8,72,,sold,41,33,197,-6297,1,1,48.5,-14.0,,14.0,34,62.5,871.8,12.5,120.9,120.9178,0.0147,-0.0248,-0.0165,0.0339,4,4,win,0.0,10.0,0.0,484.0
KXBTC15M-26OCT040500-00,BTC,crypto,PAPER,1,NO,2026-10-04T08:45:32.914267+00:00,867.1,50,,,0,yes,settled,0,18,-518,-6815,0,1,49.5,,,0.0,5,,,,85066.76,85066.29,-0.0006,-0.0,0.002,-0.002,1,1,loss,,,,
KXDOGE15M-26OCT040515-15,DOGE,crypto,PAPER,1,NO,2026-10-04T09:00:25.462404+00:00,874.5,50,2026-10-04T09:02:42.230824+00:00,737.8,74,,sold,41,32,208,-6607,0,1,49.5,,,10.0,17,,,,,,,,,-0.0074,0,0,win,,,,
KXETH15M-26OCT040515-15,ETH,crypto,PAPER,1,NO,2026-10-04T09:00:36.233152+00:00,863.8,49,2026-10-04T09:02:54.227336+00:00,725.8,72,,sold,45,33,197,-6410,0,1,48.5,1.0,,7.0,21,48.5,863.8,1.5,,,,,,-0.002,2,2,win,29.14,14.0,722.14,1308.0
KXXRP15M-26OCT040515-15,XRP,crypto,PAPER,1,NO,2026-10-04T09:01:35.234503+00:00,804.8,49,2026-10-04T09:03:07.233569+00:00,712.8,72,,sold,43,33,197,-6213,1,1,48.5,9.0,-5.0,20.0,55,38.5,863.8,11.5,1.4952,1.4955,0.0201,0.0267,0.0334,-0.0059,4,4,win,3.0,0.0,147.0,12.0
KXSOL15M-26OCT040515-15,SOL,crypto,PAPER,1,NO,2026-10-04T09:01:29.235440+00:00,810.8,48,2026-10-04T09:03:13.228598+00:00,706.8,73,,sold,38,32,218,-5995,1,3,46.5,10.0,2.0,20.0,51,42.5,873.8,7.5,120.96,120.9558,-0.0035,0.0165,-0.0,-0.0039,3,3,win,361.0,0.0,1166.5,0.0
KXBTC15M-26OCT040515-15,BTC,crypto,PAPER,1,YES,2026-10-04T09:00:35.599617+00:00,864.4,49,2026-10-04T09:08:45.228444+00:00,374.8,76,,sold,10,31,239,-5756,0,1,48.5,1.0,,2.0,21,,,,85092.09,85094.19,-0.0025,0.0,-0.002,-0.002,1,1,loss,,,,
KXDOGE15M-26OCT040530-30,DOGE,crypto,PAPER,1,YES,2026-10-04T09:15:31.233043+00:00,868.8,50,2026-10-04T09:19:17.228064+00:00,642.8,72,,sold,31,33,187,-5569,0,1,49.5,,,6.5,13,44.0,870.8,6.0,,,,,,0.0,2,2,win,8.0,60.0,684.01,134.0
KXETH15M-26OCT040530-30,ETH,crypto,PAPER,1,NO,2026-10-04T09:15:35.233206+00:00,864.8,48,,,0,yes,settled,0,18,-498,-6067,0,2,47.0,-10.0,,12.5,23,55.0,875.8,5.0,2698.88,2698.71,-0.0063,-0.0007,-0.0004,0.0,3,3,win,44.06,27.23,1277.06,1247.46
KXXRP15M-26OCT040530-30,XRP,crypto,PAPER,1,NO,2026-10-04T09:15:23.386956+00:00,876.6,48,,,0,yes,settled,0,18,-498,-6565,0,1,47.5,,,7.5,10,,,,,,,,,-0.0055,1,1,win,,,,
KXSOL15M-26OCT040530-30,SOL,crypto,PAPER,1,NO,2026-10-04T09:15:19.236508+00:00,880.8,50,,,0,yes,settled,0,18,-518,-7083,0,1,49.5,,,2.0,16,50.0,886.8,0.0,120.91,120.919,0.0074,-0.0,-0.0,-0.0055,0,0,win,9.53,0.1,805.71,748.1
KXSOL15M-26OCT040545-45,SOL,crypto,PAPER,1,NO,2026-10-04T09:30:38.235474+00:00,861.8,48,2026-10-04T09:31:21.237811+00:00,818.8,72,,sold,46,33,207,-6876,0,2,47.0,-11.5,,17.0,17,44.5,873.8,5.5,,,,,,0.0119,2,2,loss,56.0,0.0,951.5,185.72
KXDOGE15M-26OCT040545-45,DOGE,crypto,PAPER,1,YES,2026-10-04T09:30:25.954232+00:00,874.1,50,2026-10-04T09:41:20.233855+00:00,219.8,78,,sold,3,31,249,-6627,0,4,48.0,,,5.5,5,,,,,,,,,0.0087,1,1,win,,,,
KXETH15M-26OCT040545-45,ETH,crypto,PAPER,1,YES,2026-10-04T09:30:05.379750+00:00,894.6,50,2026-10-04T09:41:24.228929+00:00,215.8,73,,sold,2,32,198,-6429,0,1,49.5,,,9.0,5,,,,2702.45,2702.37,0.003,0.0044,0.007,-0.0072,3,0,win,,,,
KXBTC15M-26OCT040545-45,BTC,crypto,PAPER,1,YES,2026-10-04T09:30:58.236736+00:00,841.8,49,2026-10-04T09:42:01.230361+00:00,178.8,73,,sold,4,32,208,-6221,0,1,48.5,5.0,,16.0,28,56.5,863.8,6.5,85259.71,85260.53,-0.001,-0.0213,0.0119,0.0119,3,3,win,0.0,7702.76,0.0,11704.76
KXDOGE15M-26OCT040600-00,DOGE,crypto,PAPER,1,NO,2026-10-04T09:49:50.238488+00:00,609.8,49,2026-10-04T09:50:54.228772+00:00,545.8,72,,sold,48,33,197,-6024,4,1,48.5,32.0,32.5,34.0,53,41.5,870.8,8.5,0.0934,0.0934,0.0139,0.1283,0.139,-0.0309,1,1,win,5.0,0.0,191.0,0.0
KXBTC15M-26OCT040600-00,BTC,crypto,PAPER,1,NO,2026-10-04T09:45:38.236705+00:00,861.8,50,2026-10-04T09:51:09.229092+00:00,530.8,72,,sold,18,33,187,-5837,0,1,49.5,-2.0,,6.0,29,46.5,864.8,3.5,85279.99,85267.49,-0.0147,-0.0146,-0.0051,0.0051,0,0,win,4149.19,0.0,7196.98,0.0
KXETH15M-26OCT040600-00,ETH,crypto,PAPER,1,NO,2026-10-04T09:50:09.241201+00:00,590.8,48,2026-10-04T09:53:45.228743+00:00,374.8,72,,sold,46,33,207,-5630,5,1,47.5,36.0,33.0,37.5,57,37.5,864.8,12.5,2703.67,2702.79,-0.0326,0.0595,0.0577,-0.0591,2,2,win,136.33,0.0,1230.33,0.0
KXDOGE15M-26OCT040615-15,DOGE,crypto,PAPER,1,NO,2026-10-04T10:01:05.234361+00:00,834.8,49,2026-10-04T10:10:26.228617+00:00,273.8,72,,sold,8,33,197,-5433,1,1,48.5,9.0,9.0,11.0,20,39.5,856.8,10.5,0.0934,0.0934,-0.0343,-0.0,0.0214,-0.0179,3,3,win,27.0,70.0,326.0,235.0
KXBTC15M-26OCT040615-15,BTC,crypto,PAPER,1,NO,2026-10-04T10:00:31.234952+00:00,868.8,49,2026-10-04T10:13:16.229680+00:00,103.8,73,,sold,16,32,208,-5225,0,1,48.5,,,8.0,20,42.5,882.8,7.5,85237.06,85224.2,-0.0151,-0.0099,-0.0237,0.0237,1,1,win,546.02,0.0,5084.02,0.0
KXSOL15M-26OCT040615-15,SOL,crypto,PAPER,1,NO,2026-10-04T10:00:27.129361+00:00,872.9,48,,,0,yes,settled,1,18,-498,-5723,0,1,47.5,,,0.5,5,,,,,,,,,0.0252,0,0,win,,,,
KXETH15M-26OCT040615-15,ETH,crypto,PAPER,1,NO,2026-10-04T10:00:42.233414+00:00,857.8,48,,,0,yes,settled,1,18,-498,-6221,0,2,47.0,2.5,,7.5,40,42.5,892.8,7.5,,,,,,0.0113,2,2,win,596.0,34.96,1517.59,626.96
KXSOL15M-26OCT040630-30,SOL,crypto,PAPER,1,NO,2026-10-04T10:15:25.119998+00:00,874.9,50,2026-10-04T10:24:35.228517+00:00,324.8,72,,sold,14,33,187,-6034,0,1,49.5,,,,0,,,,121.46,121.4617,0.0014,0.0411,-0.0165,0.0443,0,0,loss,,,,
KXDOGE15M-26OCT040630-30,DOGE,crypto,PAPER,1,NO,2026-10-04T10:19:47.234314+00:00,612.8,49,2026-10-04T10:28:46.227849+00:00,73.8,72,,sold,10,33,197,-5837,4,1,48.5,23.0,14.5,31.0,57,39.0,869.8,11.0,0.0934,0.0934,-0.0,0.0856,0.0321,0.0599,1,1,win,60.0,0.0,121.0,0.0
KXXRP15M-26OCT040630-30,XRP,crypto,PAPER,1,NO,2026-10-04T10:20:41.233060+00:00,558.8,50,2026-10-04T10:29:17.228348+00:00,42.8,81,,sold,8,29,281,-5556,5,1,49.5,13.0,11.0,17.0,60,42.5,874.8,7.5,1.5004,1.5003,-0.0067,0.0133,0.0333,-0.0173,2,2,loss,45.19,0.0,172.19,0.0
KXDOGE15M-26OCT040645-45,DOGE,crypto,PAPER,1,YES,2026-10-04T10:30:18.232850+00:00,881.8,49,2026-10-04T10:33:29.228921+00:00,690.8,77,,sold,44,31,249,-5307,0,2,48.0,,,7.5,5,48.0,881.8,2.0,,,,,,-0.0195,0,0,win,58.1,71.0,158.47,174.0
KXSOL15M-26OCT040645-45,SOL,crypto,PAPER,1,YES,2026-10-04T10:30:44.233342+00:00,855.8,48,2026-10-04T10:41:27.231471+00:00,212.8,72,,sold,26,33,207,-5100,0,1,47.5,5.0,,7.0,4,47.5,855.8,2.5,121.26,121.2903,-0.025,0.0165,0.0,-0.0201,1,1,win,1.0,147.0,730.0,918.0
KXXRP15M-26OCT040645-45,XRP,crypto,PAPER,1,YES,2026-10-04T10:31:39.233593+00:00,800.8,48,2026-10-04T10:41:30.229236+00:00,209.8,73,,sold,8,32,218,-4882,1,1,47.5,4.0,7.0,11.0,58,43.5,876.8,6.5,1.5003,1.5003,0.0,0.0133,0.02,0.0112,2,2,win,12.0,50.0,473.0,590.0
KXSOL15M-26OCT040700-00,SOL,crypto,PAPER,1,NO,2026-10-04T10:45:10.812173+00:00,889.2,49,2026-10-04T10:54:37.227977+00:00,322.8,72,,sold,32,33,197,-4685,0,1,48.5,,,2.0,5,,,,121.38,121.3953,0.0126,-0.0,-0.0082,0.0,2,2,win,,,,
KXBTC15M-26OCT040700-00,BTC,crypto,PAPER,1,NO,2026-10-04T10:45:31.279817+00:00,868.7,48,2026-10-04T10:56:02.228180+00:00,237.8,74,,sold,45,32,228,-4457,0,1,47.5,-1.0,,1.0,5,,,,85330.28,85330.13,-0.0002,-0.0,-0.0013,0.0013,4,4,win,,,,
KXDOGE15M-26OCT040700-00,DOGE,crypto,PAPER,1,NO,2026-10-04T10:45:15.886113+00:00,884.1,49,2026-10-04T10:57:01.227529+00:00,178.8,73,,sold,40,32,208,-4249,0,2,48.0,,,1.0,4,,,,,,,,,0.0013,3,3,win,,,,
KXETH15M-26OCT040700-00,ETH,crypto,PAPER,1,NO,2026-10-04T10:45:09.235081+00:00,890.8,50,2026-10-04T10:57:36.227571+00:00,143.8,77,,sold,22,31,239,-4010,0,1,49.5,,,6.0,9,54.5,893.8,4.5,2702.67,2702.58,-0.0033,-0.0,0.0011,0.0,1,1,loss,62.01,14.0,665.02,1014.0
KXXRP15M-26OCT040700-00,XRP,crypto,PAPER,1,NO,2026-10-04T10:45:07.234933+00:00,892.8,48,,,0,yes,settled,0,18,-498,-4508,0,1,47.5,,,6.0,7,46.5,893.8,3.5,,,,-0.0533,0.0067,-0.0,0,0,win,72.0,25.0,495.0,490.0
KXETH15M-26OCT040715-15,ETH,crypto,PAPER,1,NO,2026-10-04T11:00:19.240235+00:00,880.8,48,2026-10-04T11:02:08.227639+00:00,771.8,72,,sold,46,33,207,-4301,0,1,47.5,,,6.0,11,47.5,880.8,2.5,2701.16,2701.2,0.0015,-0.0093,0.0015,-0.0129,2,2,win,97.0,535.4,672.78,1697.4
KXDOGE15M-26OCT040715-15,DOGE,crypto,PAPER,1,YES,2026-10-04T11:00:34.304132+00:00,865.7,50,2026-10-04T11:05:53.228042+00:00,546.8,77,,sold,32,31,239,-4062,0,1,49.5,9.0,,9.0,10,,,,,,,,,0.0026,3,3,win,,,,
KXSOL15M-26OCT040715-15,SOL,crypto,PAPER,1,YES,2026-10-04T11:00:13.943951+00:00,886.1,50,2026-10-04T11:09:02.227906+00:00,357.8,73,,sold,22,32,198,-3864,0,1,49.5,,,3.0,9,,,,,,,,,-0.0114,1,0,win,,,,
KXXRP15M-26OCT040715-15,XRP,crypto,PAPER,1,YES,2026-10-04T11:00:46.244019+00:00,853.8,50,,,0,no,settled,0,18,-518,-4382,0,1,49.5,-5.0,,10.0,15,46.0,859.8,4.0,1.5012,1.5012,0.0,-0.02,-0.0133,-0.002,4,4,loss,9.0,0.0,67.0,68.0
KXBTC15M-26OCT040715-15,BTC,crypto,PAPER,1,YES,2026-10-04T11:00:19.082225+00:00,880.9,49,,,0,no,settled,0,18,-508,-4890,0,1,48.5,,,2.0,10,,,,85254.65,85265.68,-0.0129,-0.0066,-0.0154,-0.0154,1,1,win,,,,
KXSOL15M-26OCT040730-30,SOL,crypto,PAPER,1,YES,2026-10-04T11:15:42.060329+00:00,857.9,49,2026-10-04T11:20:22.228542+00:00,577.8,74,,sold,37,32,218,-4672,0,1,48.5,9.0,,13.0,20,,,,121.26,121.2728,-0.0106,0.033,0.0082,0.0321,0,0,win,,,,
KXXRP15M-26OCT040730-30,XRP,crypto,PAPER,1,YES,2026-10-04T11:20:24.235430+00:00,575.8,50,2026-10-04T11:20:50.229171+00:00,549.8,74,,sold,49,32,208,-4464,5,1,49.5,10.5,10.5,12.5,61,38.5,877.8,11.5,1.4992,1.4993,-0.0067,0.0,0.0067,0.002,1,2,loss,400.0,0.0,443.0,0.0
KXDOGE15M-26OCT040730-30,DOGE,crypto,PAPER,1,NO,2026-10-04T11:16:56.242208+00:00,783.8,50,,,0,yes,settled,0,18,-518,-4982,1,2,49.0,3.0,3.0,3.5,56,46.5,852.8,3.5,0.0934,0.0934,0.0107,-0.0,0.0214,0.0,1,1,win,65.0,60.0,894.0,300.0
KXDOGE15M-26OCT040745-45,DOGE,crypto,PAPER,1,NO,2026-10-04T11:30:18.457338+00:00,881.5,48,2026-10-04T11:31:36.227746+00:00,803.8,73,,sold,47,32,218,-4764,0,1,47.5,,,0.5,6,,,,0.0937,0.0937,0.0373,0.0107,-0.0,0.0127,1,1,loss,,,,
KXBTC15M-26OCT040745-45,BTC,crypto,PAPER,1,NO,2026-10-04T11:30:21.234998+00:00,878.8,49,2026-10-04T11:36:35.229316+00:00,504.8,73,,sold,36,32,208,-4556,0,1,48.5,,,7.0,9,46.5,880.8,3.5,85313.77,85305.87,-0.0093,-0.0077,-0.0077,0.0077,2,2,loss,3868.56,0.0,9958.56,4401.54
KXXRP15M-26OCT040745-45,XRP,crypto,PAPER,1,YES,2026-10-04T11:30:08.220637+00:00,891.8,48,,,0,no,settled,0,18,-498,-5054,0,1,47.5,,,1.0,5,,,,,,,,,0.017,1,0,win,,,,
KXSOL15M-26OCT040745-45,SOL,crypto,PAPER,1,YES,2026-10-04T11:30:50.244295+00:00,849.8,50,,,0,no,settled,0,18,-518,-5572,0,2,49.0,4.0,,13.0,38,56.5,885.8,6.5,121.43,121.436,-0.0049,0.0165,-0.0165,0.0,3,3,win,5.0,456.0,733.0,1167.0
KXETH15M-26OCT040745-45,ETH,crypto,PAPER,1,YES,2026-10-04T11:30:50.258017+00:00,849.8,48,,,0,no,settled,0,18,-498,-6070,0,1,47.5,-10.0,,12.5,18,45.0,860.8,5.0,2703.25,2703.03,0.0081,-0.0022,-0.0159,0.0,4,4,win,520.0,15.0,1653.93,792.0
KXETH15M-26OCT040800-00,ETH,crypto,PAPER,1,NO,2026-10-04T11:46:11.234375+00:00,828.8,48,2026-10-04T11:56:41.229363+00:00,198.8,80,,sold,38,30,290,-5780,1,1,47.5,1.0,2.0,1.0,32,46.5,863.8,3.5,2700.23,2700.03,-0.0074,-0.0015,-0.003,0.0023,0,0,loss,527.0,99.0,1454.28,732.28
KXETH15M-26OCT040815-15,ETH,crypto,PAPER,1,YES,2026-10-04T12:00:23.078614+00:00,876.9,48,2026-10-04T12:01:28.228763+00:00,811.8,72,,sold,47,33,207,-5573,0,1,47.5,,,6.0,14,,,,2699.61,2699.63,-0.0007,-0.0048,-0.0063,0.0098,0,0,win,,,,
KXXRP15M-26OCT040815-15,XRP,crypto,PAPER,1,YES,2026-10-04T12:00:38.302252+00:00,861.7,48,2026-10-04T12:01:39.229469+00:00,800.8,72,,sold,47,33,207,-5366,0,1,47.5,2.0,,3.0,14,,,,1.4986,1.4986,0.0,0.0067,0.0,0.0045,2,2,loss,,,,
KXSOL15M-26OCT040815-15,SOL,crypto,PAPER,1,YES,2026-10-04T12:00:43.358257+00:00,856.6,50,2026-10-04T12:02:11.228998+00:00,768.8,78,,sold,29,31,249,-5117,0,2,49.0,0.5,,1.5,14,,,,121.18,121.2338,-0.0444,-0.0165,-0.0412,0.0045,3,3,loss,,,,
KXDOGE15M-26OCT040815-15,DOGE,crypto,PAPER,1,NO,2026-10-04T12:00:33.200573+00:00,866.8,49,,,0,yes,settled,1,18,-508,-5625,0,1,48.5,,,3.0,13,,,,0.0935,0.0935,0.0214,-0.0,-0.0107,0.0074,1,1,win,,,,
KXSOL15M-26OCT040830-30,SOL,crypto,PAPER,1,YES,2026-10-04T12:15:41.172318+00:00,858.8,50,2026-10-04T12:18:44.228176+00:00,675.8,72,,sold,17,33,187,-5438,0,3,48.5,2.0,,10.0,19,,,,121.45,121.4778,-0.0229,0.0,0.0,-0.0082,0,0,win,,,,
KXETH15M-26OCT040830-30,ETH,crypto,PAPER,1,NO,2026-10-04T12:19:04.234722+00:00,655.8,50,,,0,yes,settled,0,18,-518,-5956,4,1,49.5,17.0,-7.0,37.0,61,63.5,878.8,13.5,2699.6,2698.96,-0.0237,0.0189,-0.0382,0.0168,2,3,win,0.0,0.0,0.0,0.0
KXBTC15M-26OCT040830-30,BTC,crypto,PAPER,1,NO,2026-10-04T12:19:00.241143+00:00,659.8,49,,,0,yes,settled,0,18,-508,-6464,4,1,48.5,-13.0,-32.0,36.0,61,65.5,863.8,15.5,85256.41,85248.8,-0.0089,-0.0111,-0.0612,0.0612,0,1,win,0.0,0.0,0.0,0.0
KXDOGE15M-26OCT040830-30,DOGE,crypto,PAPER,1,NO,2026-10-04T12:19:00.372689+00:00,659.6,48,,,0,yes,settled,0,18,-498,-6962,4,1,47.5,0.0,-26.0,34.0,55,65.5,852.8,15.5,0.0935,0.0935,-0.0064,-0.0107,-0.0963,0.0612,1,2,loss,0.0,70.0,0.0,240.0
KXXRP15M-26OCT040845-45,XRP,crypto,PAPER,1,NO,2026-10-04T12:30:38.979198+00:00,861.0,48,2026-10-04T12:38:06.231547+00:00,413.8,72,,sold,17,33,207,-6755,0,1,47.5,2.0,,4.0,16,,,,1.5014,1.5009,-0.0333,-0.0067,-0.0133,0.0089,3,3,win,,,,
KXETH15M-26OCT040845-45,ETH,crypto,PAPER,1,NO,2026-10-04T12:30:26.234853+00:00,873.8,48,2026-10-04T12:38:29.228184+00:00,390.8,74,,sold,32,32,228,-6527,0,2,47.0,,,2.0,18,46.5,875.8,3.5,,,,,,-0.0,1,1,loss,256.58,555.0,873.82,1657.0
KXDOGE15M-26OCT040845-45,DOGE,crypto,PAPER,1,NO,2026-10-04T12:34:13.235394+00:00,646.8,48,2026-10-04T12:40:41.228999+00:00,258.8,73,,sold,24,32,218,-6309,4,2,47.0,12.5,-2.5,16.0,54,39.5,865.8,10.5,0.0936,0.0936,-0.0064,0.0427,0.0214,-0.0085,4,4,loss,0.0,0.0,253.36,0.0
KXSOL15M-26OCT040845-45,SOL,crypto,PAPER,1,NO,2026-10-04T12:30:28.829594+00:00,871.2,49,,,0,yes,settled,0,18,-508,-6817,0,1,48.5,,,5.0,15,,,,,,,,,-0.0,2,2,win,,,,
KXBTC15M-26OCT040845-45,BTC,crypto,PAPER,1,YES,2026-10-04T12:30:18.719852+00:00,881.3,48,,,0,no,settled,0,18,-498,-7315,0,1,47.5,,,3.0,16,,,,85262.15,85265.05,-0.0034,0.0052,-0.0087,-0.0087,0,0,loss,,,,
KXBTC15M-26OCT040900-00,BTC,crypto,PAPER,1,NO,2026-10-04T12:45:46.286489+00:00,853.7,49,2026-10-04T12:46:25.229327+00:00,814.8,73,,sold,46,32,208,-7107,0,1,48.5,0.0,,2.0,5,,,,85203.09,85203.41,0.0004,0.0077,-0.0118,0.0118,2,2,loss,,,,
KXETH15M-26OCT040900-00,ETH,crypto,PAPER,1,NO,2026-10-04T12:45:05.488564+00:00,894.5,50,2026-10-04T12:47:43.228843+00:00,736.8,73,,sold,43,32,198,-6909,0,1,49.5,,,1.0,5,,,,,,,,,-0.0236,2,0,win,,,,
KXDOGE15M-26OCT040900-00,DOGE,crypto,PAPER,1,YES,2026-10-04T12:45:15.816614+00:00,884.2,49,,,0,no,settled,0,18,-508,-7417,0,2,48.0,,,5.0,5,,,,,,,,,-0.0063,2,1,win,,,,
KXXRP15M-26OCT040900-00,XRP,crypto,PAPER,1,YES,2026-10-04T12:46:05.241799+00:00,834.8,49,,,0,no,settled,0,18,-508,-7925,1,1,48.5,4.0,4.0,9.0,26,45.5,863.8,4.5,1.4996,1.4997,-0.0067,-0.0067,0.0067,-0.0013,3,3,win,8.0,0.0,450.0,353.0
KXSOL15M-26OCT040900-00,SOL,crypto,PAPER,1,YES,2026-10-04T12:46:06.239558+00:00,833.8,48,,,0,no,settled,0,18,-498,-8423,1,2,47.0,2.5,2.5,10.5,24,42.0,857.8,8.0,121.45,121.4842,-0.0282,0.0,-0.0082,-0.0034,4,4,loss,11.0,0.0,798.13,397.0
KXXRP15M-26OCT040915-15,XRP,crypto,PAPER,1,YES,2026-10-04T13:00:09.039347+00:00,891.0,48,2026-10-04T13:04:23.227797+00:00,636.8,72,,sold,40,33,207,-8216,0,1,47.5,,,2.0,5,,,,1.4978,1.4978,0.0,-0.0267,0.0,-0.0207,3,0,win,,,,
KXBTC15M-26OCT040915-15,BTC,crypto,PAPER,1,YES,2026-10-04T13:00:54.254936+00:00,845.8,50,2026-10-04T13:07:04.230394+00:00,475.8,72,,sold,41,33,187,-8029,0,1,49.5,5.0,,7.0,40,44.5,879.8,5.5,85116.28,85125.56,-0.0109,0.0077,-0.013,-0.013,4,4,win,5257.66,0.0,9222.66,1525.2
KXETH15M-26OCT040915-15,ETH,crypto,PAPER,1,YES,2026-10-04T13:00:34.553397+00:00,865.5,48,2026-10-04T13:07:47.228644+00:00,432.8,72,,sold,36,33,207,-7822,0,1,47.5,-1.0,,1.0,5,,,,2694.97,2695.21,-0.0089,0.0,-0.0163,-0.0207,1,1,win,,,,
KXSOL15M-26OCT040915-15,SOL,crypto,PAPER,1,YES,2026-10-04T13:00:52.235092+00:00,847.8,48,2026-10-04T13:10:20.228849+00:00,279.8,73,,sold,28,32,218,-7604,0,1,47.5,8.0,,8.0,40,39.5,885.8,10.5,121.31,121.3293,-0.0159,0.0247,0.0165,-0.0171,2,2,loss,19.0,0.0,760.0,0.0
KXDOGE15M-26OCT040915-15,DOGE,crypto,PAPER,1,NO,2026-10-04T13:00:54.241502+00:00,845.8,49,,,0,yes,settled,0,18,-508,-8112,0,1,48.5,-11.0,,11.0,33,59.5,879.8,9.5,0.0934,0.0934,0.0107,-0.0107,0.0321,-0.013,3,3,loss,668.0,62.0,1054.0,341.0
KXDOGE15M-26OCT040930-30,DOGE,crypto,PAPER,1,YES,2026-10-04T13:15:47.495012+00:00,852.5,50,2026-10-04T13:16:16.228656+00:00,823.8,72,,sold,49,33,187,-7925,0,1,49.5,0.0,,0.5,10,,,,0.0935,0.0935,0.0203,0.0321,0.0214,0.0136,2,2,loss,,,,
KXSOL15M-26OCT040930-30,SOL,crypto,PAPER,1,NO,2026-10-04T13:15:11.915231+00:00,888.1,48,2026-10-04T13:18:41.228511+00:00,678.8,72,,sold,32,33,207,-7718,0,1,47.5,,,2.0,9,,,,121.46,121.4603,0.0002,-0.0082,-0.0082,0.0062,0,0,win,,,,
KXSOL15M-26OCT051300-00,SOL,crypto,PAPER,1,YES,2026-10-05T16:45:30.620959+00:00,869.4,50,2026-10-05T16:46:25.800609+00:00,814.2,72,,sold,50,33,187,187,0,1,49.5,,,0.0,9,,,,119.3,119.2538,0.0387,0.0335,0.0587,0.017,3,3,none yet,,,,
KXXRP15M-26OCT051300-00,XRP,crypto,PAPER,1,YES,2026-10-05T16:45:30.621851+00:00,869.4,50,2026-10-05T16:46:45.804479+00:00,794.2,72,,sold,50,33,187,374,0,1,49.5,,,4.0,11,,,,1.4892,1.4889,0.0201,0.047,0.0605,0.017,4,4,none yet,,,,
KXETH15M-26OCT051300-00,ETH,crypto,PAPER,1,YES,2026-10-05T16:45:20.799406+00:00,879.2,50,2026-10-05T16:49:02.802931+00:00,657.2,72,,sold,47,33,187,561,0,1,49.5,,,3.0,12,49.5,879.2,0.5,2689.15,2688.99,0.006,0.0026,0.0152,0.0074,1,1,none yet,,,,
KXPLATINUM15M-26OCT051300-00,PLATINUM,commodity,PAPER,1,YES,2026-10-05T16:46:59.802216+00:00,780.2,48,2026-10-05T16:51:12.800200+00:00,527.2,73,,sold,32,32,218,218,1,4,46.0,16.0,13.5,16.0,49,44.0,884.2,6.0,,,,,,0.0828,3,3,none yet,478.75,77.0,685.78,477.57
KXWTI15M-26OCT051300-00,WTI,commodity,PAPER,1,YES,2026-10-05T16:45:20.221600+00:00,879.8,48,2026-10-05T16:52:49.801917+00:00,430.2,72,,sold,40,33,207,425,0,1,47.5,,,4.5,11,,,,,,,,,0.0074,1,1,none yet,,,,
KXPALLADIUM15M-26OCT051300-00,PALLADIUM,commodity,PAPER,1,YES,2026-10-05T16:45:40.858732+00:00,859.1,51,2026-10-05T16:52:55.797419+00:00,424.2,72,,sold,33,33,177,602,0,3,49.5,1.0,,1.0,3,,,,,,,,,0.0094,2,2,none yet,,,,
KXSILVER15M-26OCT051300-00,SILVER,commodity,PAPER,1,YES,2026-10-05T16:45:14.882281+00:00,885.1,48,2026-10-05T16:52:55.798590+00:00,424.2,73,,sold,30,32,218,820,0,2,47.0,,,1.5,11,,,,,,,,,0.0123,0,0,none yet,,,,
KXCOPPER15M-26OCT051300-00,COPPER,commodity,PAPER,1,NO,2026-10-05T16:50:01.800288+00:00,598.2,48,2026-10-05T16:55:21.800516+00:00,278.2,72,,sold,18,33,207,1027,5,2,47.0,9.0,10.5,10.5,44,37.5,879.2,12.5,,,,,,-0.031,4,4,none yet,0.0,0.0,707.0,251.0
KXGOLD15M-26OCT051300-00,GOLD,commodity,PAPER,1,YES,2026-10-05T16:51:11.803485+00:00,528.2,49,2026-10-05T16:56:28.804149+00:00,211.2,74,,sold,35,32,218,1245,6,1,48.5,29.0,28.0,30.0,59,38.5,864.2,11.5,,,,,,0.0437,5,5,none yet,1000.0,0.0,1956.0,0.0
KXDOGE15M-26OCT051300-00,DOGE,crypto,PAPER,1,NO,2026-10-05T16:45:20.220728+00:00,879.8,48,,,0,yes,settled,0,18,-498,63,0,2,47.0,,,2.0,11,,,,,,,,,0.0074,0,0,none yet,,,,
KXBTC15M-26OCT051300-00,BTC,crypto,PAPER,1,NO,2026-10-05T16:45:25.286613+00:00,874.7,50,,,0,yes,settled,0,18,-518,-455,0,1,49.5,,,3.0,11,,,,85166.35,85164.11,-0.0026,0.0088,-0.0192,0.0192,2,2,none yet,,,,
KXXRP15M-26OCT051315-15,XRP,crypto,PAPER,1,NO,2026-10-05T17:00:20.803096+00:00,879.2,48,2026-10-05T17:02:32.798901+00:00,747.2,72,,sold,41,33,207,-248,0,1,47.5,,,12.0,9,42.5,881.2,7.5,1.4919,1.4916,-0.0201,-0.0067,-0.0268,-0.0326,2,2,win,1.34,432.0,75.34,468.0
KXWTI15M-26OCT051315-15,WTI,commodity,PAPER,1,NO,2026-10-05T17:00:23.721593+00:00,876.3,49,2026-10-05T17:06:11.797466+00:00,528.2,74,,sold,28,32,218,1463,0,3,47.5,,,8.5,6,,,,,,,,,-0.0189,2,2,win,,,,
KXGOLD15M-26OCT051315-15,GOLD,commodity,PAPER,1,NO,2026-10-05T17:00:18.632386+00:00,881.4,48,2026-10-05T17:08:09.798903+00:00,410.2,73,,sold,31,32,218,1681,0,1,47.5,,,2.5,6,,,,,,,,,-0.038,0,0,win,,,,
KXPALLADIUM15M-26OCT051315-15,PALLADIUM,commodity,PAPER,1,NO,2026-10-05T17:00:29.048483+00:00,871.0,52,2026-10-05T17:08:55.801735+00:00,364.2,73,,sold,30,32,178,1859,0,5,49.5,,,0.5,6,,,,,,,,,-0.0357,3,3,win,,,,
KXDOGE15M-26OCT051315-15,DOGE,crypto,PAPER,1,YES,2026-10-05T17:00:15.799291+00:00,884.2,49,,,0,no,settled,0,18,-508,-756,0,2,48.0,,,4.5,14,45.5,891.2,4.5,0.0945,0.0945,-0.0666,-0.0423,-0.074,-0.038,2,1,loss,47.11,0.0,127.11,108.5
KXSOL15M-26OCT051315-15,SOL,crypto,PAPER,1,YES,2026-10-05T17:00:13.140166+00:00,886.9,48,,,0,no,settled,0,18,-498,-1254,0,1,47.5,,,2.5,6,,,,119.58,119.6352,-0.0461,-0.0418,-0.0418,-0.0388,2,0,win,,,,
KXETH15M-26OCT051315-15,ETH,crypto,PAPER,1,YES,2026-10-05T17:00:36.801930+00:00,863.2,50,,,0,no,settled,0,18,-518,-1772,0,1,49.5,5.0,,6.0,25,46.5,881.2,3.5,2696.4,2696.59,-0.007,0.0241,0.0004,-0.0182,3,3,win,72.0,0.0,1407.37,0.0
KXSILVER15M-26OCT051315-15,SILVER,commodity,PAPER,1,YES,2026-10-05T17:00:18.802307+00:00,881.2,48,,,0,no,settled,0,18,-498,1361,0,1,47.5,,,2.5,6,47.5,881.2,2.5,,,,,,-0.038,1,1,win,80.0,384.0,689.84,1205.12
KXPLATINUM15M-26OCT051315-15,PLATINUM,commodity,PAPER,1,YES,2026-10-05T17:00:32.801901+00:00,867.2,48,,,0,no,settled,0,18,-498,863,0,2,47.0,,,4.0,20,44.0,881.2,6.0,,,,,,-0.0326,4,4,win,239.0,5.0,1745.75,149.75
KXCOPPER15M-26OCT051315-15,COPPER,commodity,PAPER,1,YES,2026-10-05T17:00:39.318124+00:00,860.7,50,,,0,no,settled,0,18,-518,345,0,3,48.5,0.0,,5.5,5,,,,,,,,,-0.0196,5,5,win,,,,
KXGOLD15M-26OCT051330-30,GOLD,commodity,PAPER,1,NO,2026-10-05T17:16:15.803453+00:00,824.2,48,2026-10-05T17:18:22.799349+00:00,697.2,72,,sold,46,33,207,552,1,1,47.5,13.0,7.0,15.0,33,33.5,856.2,16.5,,,,,,0.0499,2,2,win,5731.0,0.0,11074.59,0.0
KXPLATINUM15M-26OCT051330-30,PLATINUM,commodity,PAPER,1,YES,2026-10-05T17:19:01.802234+00:00,658.2,48,2026-10-05T17:21:08.799291+00:00,531.2,72,,sold,38,33,207,759,4,3,46.5,3.0,-1.5,12.0,55,65.0,877.2,15.0,,,,,,-0.0029,3,4,loss,0.0,0.0,167.0,503.0
KXSILVER15M-26OCT051330-30,SILVER,commodity,PAPER,1,NO,2026-10-05T17:21:31.805095+00:00,508.2,48,2026-10-05T17:27:59.800667+00:00,120.2,72,,sold,17,33,207,966,6,1,47.5,-14.0,-12.0,17.0,56,30.5,861.2,19.5,,,,,,-0.0113,3,5,loss,0.0,0.0,0.0,0.0
KXSOL15M-26OCT051330-30,SOL,crypto,PAPER,1,NO,2026-10-05T17:15:43.352763+00:00,856.6,48,,,0,yes,settled,0,18,-498,-2270,0,1,47.5,0.0,,1.5,10,,,,119.6,119.549,-0.0427,-0.0502,-0.0418,0.0182,0,0,loss,,,,
KXWTI15M-26OCT051330-30,WTI,commodity,PAPER,1,YES,2026-10-05T17:15:12.308019+00:00,887.7,48,,,0,no,settled,0,18,-498,468,0,2,47.0,,,2.5,8,,,,,,,,,0.0296,3,0,win,,,,
KXCOPPER15M-26OCT051330-30,COPPER,commodity,PAPER,1,NO,2026-10-05T17:19:00.108296+00:00,659.9,50,,,0,yes,settled,0,18,-518,-50,4,2,49.0,-7.5,-0.5,15.0,54,30.5,866.2,19.5,,,,,,0.0068,2,3,loss,0.0,0.0,313.0,0.0
KXPALLADIUM15M-26OCT051330-30,PALLADIUM,commodity,PAPER,1,NO,2026-10-05T17:15:33.164835+00:00,866.8,49,,,0,yes,settled,1,18,-508,-558,0,4,47.0,-5.0,,5.0,9,,,,,,,,,0.0417,1,1,win,,,,
KXSILVER15M-26OCT051345-45,SILVER,commodity,PAPER,1,NO,2026-10-05T17:30:36.182691+00:00,863.8,48,2026-10-05T17:32:49.800607+00:00,730.2,74,,sold,46,32,228,-330,0,2,47.0,,,,0,,,,,,,,,-0.0106,0,0,win,,,,
KXETH15M-26OCT051345-45,ETH,crypto,PAPER,1,NO,2026-10-05T17:30:20.800910+00:00,879.2,48,2026-10-05T17:33:13.800255+00:00,706.2,75,,sold,47,32,238,-2032,0,1,47.5,,,0.0,1,47.5,879.2,2.5,2700.83,2700.22,-0.0226,-0.0107,-0.0156,0.0074,0,0,loss,116.0,203.1,1859.58,1455.9
KXBTC15M-26OCT051345-45,BTC,crypto,PAPER,1,NO,2026-10-05T17:30:25.729576+00:00,874.3,48,2026-10-05T17:33:13.804616+00:00,706.2,74,,sold,48,32,228,-1804,0,1,47.5,,,,0,,,,85362.75,85366.38,0.0043,0.0131,0.0072,-0.0072,2,2,loss,,,,
KXDOGE15M-26OCT051345-45,DOGE,crypto,PAPER,1,NO,2026-10-05T17:30:23.800089+00:00,876.2,48,2026-10-05T17:33:20.797675+00:00,699.2,72,,sold,45,33,207,-1597,0,1,47.5,,,4.0,9,43.5,884.2,6.5,0.0946,0.0946,0.0085,0.0211,-0.0317,-0.0072,1,1,loss,832.75,20.0,1538.76,90.0
KXPLATINUM15M-26OCT051345-45,PLATINUM,commodity,PAPER,1,NO,2026-10-05T17:30:43.801598+00:00,856.2,48,2026-10-05T17:34:46.799479+00:00,613.2,72,,sold,46,33,207,-123,0,2,47.0,,,3.5,18,44.5,874.2,5.5,,,,,,-0.0095,2,2,win,184.0,41.0,1709.0,1831.0
KXGOLD15M-26OCT051345-45,GOLD,commodity,PAPER,1,YES,2026-10-05T17:31:53.802074+00:00,786.2,48,2026-10-05T17:41:38.811311+00:00,201.2,84,,sold,13,28,332,209,1,1,47.5,11.0,10.0,15.0,61,45.5,874.2,4.5,,,,,,-0.0029,5,5,win,3196.81,0.0,8769.81,0.0
KXXRP15M-26OCT051345-45,XRP,crypto,PAPER,1,YES,2026-10-05T17:30:31.101332+00:00,868.9,50,,,0,no,settled,0,18,-518,-2115,0,1,49.5,,,,0,,,,1.4952,1.4955,-0.0201,-0.0267,0.0,0.0009,3,3,win,,,,
KXSOL15M-26OCT051345-45,SOL,crypto,PAPER,1,YES,2026-10-05T17:30:41.250573+00:00,858.8,50,,,0,no,settled,0,18,-518,-2633,0,1,49.5,,,,0,,,,119.9,119.9292,-0.0243,-0.025,-0.0167,-0.0106,4,4,loss,,,,
KXPALLADIUM15M-26OCT051345-45,PALLADIUM,commodity,PAPER,1,YES,2026-10-05T17:30:53.802412+00:00,846.2,48,,,0,no,settled,3,18,-498,-289,0,5,45.5,-8.0,,13.5,24,57.0,893.2,7.0,,,,,,-0.0227,4,4,loss,0.0,383.75,771.0,2093.75
KXCOPPER15M-26OCT051345-45,COPPER,commodity,PAPER,1,YES,2026-10-05T17:30:45.800520+00:00,854.2,51,,,0,no,settled,0,18,-528,-817,0,3,49.5,,,9.0,15,58.0,868.2,8.0,,,,,,-0.0095,3,3,loss,122.0,569.0,586.0,932.29
KXWTI15M-26OCT051345-45,WTI,commodity,PAPER,1,YES,2026-10-05T17:30:41.252924+00:00,858.7,48,,,0,no,settled,0,18,-498,-1315,0,1,47.5,,,,0,,,,,,,,,-0.0106,1,1,loss,,,,
KXSOL15M-26OCT051400-00,SOL,crypto,PAPER,1,NO,2026-10-05T17:45:45.801615+00:00,854.2,50,2026-10-05T17:47:10.799325+00:00,769.2,72,,sold,40,33,187,-2446,0,1,49.5,,,0.0,1,49.5,854.2,0.5,119.86,119.8612,0.001,0.05,-0.0083,-0.0169,4,4,loss,365.11,259.0,1096.11,872.0
KXDOGE15M-26OCT051400-00,DOGE,crypto,PAPER,1,NO,2026-10-05T17:45:36.804572+00:00,863.2,48,2026-10-05T17:48:12.799744+00:00,707.2,72,,sold,40,33,207,-2239,0,1,47.5,,,11.0,16,38.0,880.2,12.0,0.0946,0.0946,-0.0,0.0422,-0.0106,0.0053,0,0,win,660.75,0.0,745.51,40.0
KXSILVER15M-26OCT051400-00,SILVER,commodity,PAPER,1,YES,2026-10-05T17:45:40.802040+00:00,859.2,48,2026-10-05T17:50:04.802548+00:00,595.2,72,,sold,41,33,207,-1108,0,2,47.0,,,0.0,1,47.0,859.2,3.0,,,,,,-0.0076,4,4,win,84.0,565.5,2680.01,3442.32
KXETH15M-26OCT051400-00,ETH,crypto,PAPER,1,YES,2026-10-05T17:45:38.801729+00:00,861.2,48,2026-10-05T17:51:11.801531+00:00,528.2,80,,sold,33,30,290,-1949,0,1,47.5,,,14.0,20,58.5,880.2,8.5,2699.9,2699.95,-0.0019,-0.0555,-0.0033,-0.0024,3,3,win,80.0,492.9,1985.02,1427.9
KXBTC15M-26OCT051400-00,BTC,crypto,PAPER,1,YES,2026-10-05T17:45:36.810245+00:00,863.2,49,2026-10-05T17:53:30.800253+00:00,389.2,72,,sold,14,33,197,-1752,0,1,48.5,,,12.0,8,60.5,870.2,10.5,85315.01,85319.11,-0.0048,-0.0377,0.0053,0.0053,1,1,win,0.0,9612.63,0.0,26809.18
KXXRP15M-26OCT051400-00,XRP,crypto,PAPER,1,NO,2026-10-05T17:45:37.803795+00:00,862.2,48,,,0,yes,settled,0,18,-498,-2250,0,1,47.5,,,9.0,9,38.5,870.2,11.5,1.4942,1.4941,-0.0067,0.0401,-0.0268,0.01,2,2,loss,25.0,0.0,150.0,1277.0
KXWTI15M-26OCT051400-00,WTI,commodity,PAPER,1,NO,2026-10-05T17:45:29.749187+00:00,870.3,49,,,0,yes,settled,0,18,-508,-1616,0,1,48.5,,,,0,,,,,,,,,0.0311,1,1,loss,,,,
KXPLATINUM15M-26OCT051400-00,PLATINUM,commodity,PAPER,1,NO,2026-10-05T17:45:29.750919+00:00,870.3,49,,,0,yes,settled,0,18,-508,-2124,0,2,48.0,,,,0,,,,,,,,,0.0311,2,2,win,,,,
KXPALLADIUM15M-26OCT051400-00,PALLADIUM,commodity,PAPER,1,NO,2026-10-05T17:45:03.395357+00:00,896.6,51,,,0,yes,settled,0,18,-528,-2652,0,5,48.5,,,,0,,,,,,,,,0.0282,3,0,loss,,,,
KXGOLD15M-26OCT051400-00,GOLD,commodity,PAPER,1,NO,2026-10-05T17:45:32.803101+00:00,867.2,48,,,0,yes,settled,0,18,-498,-3150,0,1,47.5,,,2.0,4,45.5,870.2,4.5,,,,,,0.0287,3,3,win,2051.42,0.0,6521.66,9575.0
KXETH15M-26OCT051415-15,ETH,crypto,PAPER,1,YES,2026-10-05T18:00:32.809953+00:00,867.2,48,2026-10-05T18:01:27.802638+00:00,812.2,72,,sold,43,33,207,-2043,0,1,47.5,0.0,,5.0,6,47.5,867.2,2.5,2705.56,2705.45,0.0041,0.0074,-0.0107,-0.0228,2,2,win,901.28,4.98,2797.28,369.98
KXBTC15M-26OCT051415-15,BTC,crypto,PAPER,1,NO,2026-10-05T18:00:42.848386+00:00,857.2,49,2026-10-05T18:04:57.799567+00:00,602.2,72,,sold,22,33,197,-1846,0,1,48.5,0.0,,1.0,5,,,,85416.18,85423.41,0.0085,-0.0009,-0.0045,0.0045,3,3,win,,,,
KXCOPPER15M-26OCT051415-15,COPPER,commodity,PAPER,1,YES,2026-10-05T18:00:47.800952+00:00,852.2,48,2026-10-05T18:05:31.798499+00:00,568.2,72,,sold,45,33,207,-2943,0,3,46.5,-18.0,,18.0,20,58.0,872.2,8.0,,,,,,-0.0016,2,2,loss,23.0,554.0,422.0,754.0
KXXRP15M-26OCT051415-15,XRP,crypto,PAPER,1,NO,2026-10-05T18:00:32.803351+00:00,867.2,50,2026-10-05T18:08:34.798923+00:00,385.2,72,,sold,18,33,187,-1659,0,1,49.5,3.5,,4.0,5,49.5,867.2,0.5,1.496,1.4965,0.0334,0.0267,0.0067,-0.0228,1,1,loss,228.21,20.12,1264.19,679.21
KXSOL15M-26OCT051415-15,SOL,crypto,PAPER,1,NO,2026-10-05T18:00:42.851261+00:00,857.2,48,2026-10-05T18:10:46.804244+00:00,253.2,73,,sold,18,32,218,-1441,0,1,47.5,0.0,,1.0,5,,,,120.03,120.0377,0.0064,-0.025,-0.0417,0.0045,4,4,win,,,,
KXGOLD15M-26OCT051415-15,GOLD,commodity,PAPER,1,NO,2026-10-05T18:00:22.261317+00:00,877.7,48,2026-10-05T18:12:18.802628+00:00,161.2,72,,sold,6,33,207,-2736,0,1,47.5,,,5.0,5,,,,,,,,,-0.0217,5,1,win,,,,
KXWTI15M-26OCT051415-15,WTI,commodity,PAPER,1,YES,2026-10-05T18:05:24.804153+00:00,575.2,50,2026-10-05T18:13:40.801201+00:00,79.2,78,,sold,16,31,249,-2487,5,1,49.5,28.0,24.0,43.0,59,35.5,872.2,14.5,,,,,,-0.0381,4,4,loss,0.0,0.0,0.0,0.0
KXDOGE15M-26OCT051415-15,DOGE,crypto,PAPER,1,NO,2026-10-05T18:00:13.800422+00:00,886.2,48,,,0,yes,settled,1,18,-498,-1939,0,1,47.5,,,12.0,13,38.5,893.2,11.5,0.0947,0.0947,-0.0021,-0.0106,-0.0,-0.0224,1,0,win,168.3,0.0,838.3,1.0
KXPALLADIUM15M-26OCT051415-15,PALLADIUM,commodity,PAPER,1,NO,2026-10-05T18:00:56.802865+00:00,843.2,48,,,0,yes,settled,0,18,-498,-2985,0,1,47.5,-2.5,,9.0,8,41.0,855.2,9.0,,,,,,-0.0226,3,3,loss,5.0,59.75,320.0,489.75
KXPLATINUM15M-26OCT051415-15,PLATINUM,commodity,PAPER,1,NO,2026-10-05T18:00:17.079547+00:00,882.9,50,,,0,yes,settled,0,18,-518,-3503,0,3,48.5,,,7.0,5,,,,,,,,,-0.031,4,0,win,,,,
KXWTI15M-26OCT051430-30,WTI,commodity,PAPER,1,NO,2026-10-05T18:15:16.799998+00:00,883.2,49,2026-10-05T18:17:57.799683+00:00,722.2,72,,sold,41,33,197,-3306,0,1,48.5,,,5.5,6,48.5,883.2,1.5,,,,,,0.0362,3,1,win,397.0,24.0,1171.0,2375.0
KXSILVER15M-26OCT051430-30,SILVER,commodity,PAPER,1,NO,2026-10-05T18:15:11.111007+00:00,888.9,48,2026-10-05T18:19:41.803735+00:00,618.2,72,,sold,42,33,207,-3099,0,1,47.5,,,9.5,6,,,,,,,,,0.0222,2,0,win,,,,
KXGOLD15M-26OCT051430-30,GOLD,commodity,PAPER,1,NO,2026-10-05T18:15:21.474556+00:00,878.5,49,2026-10-05T18:22:41.798843+00:00,438.2,72,,sold,35,33,197,-2902,0,1,48.5,,,2.5,6,,,,,,,,,0.0324,5,3,win,,,,
KXSOL15M-26OCT051430-30,SOL,crypto,PAPER,1,YES,2026-10-05T18:23:00.809026+00:00,419.2,49,2026-10-05T18:24:56.801585+00:00,303.2,72,,sold,48,33,197,-1742,8,1,48.5,-30.5,-27.0,34.0,58,64.5,873.2,14.5,119.96,119.9743,-0.0119,-0.0833,-0.0833,-0.0222,2,2,win,0.0,208.0,0.0,627.0
KXPALLADIUM15M-26OCT051430-30,PALLADIUM,commodity,PAPER,1,YES,2026-10-05T18:15:21.800650+00:00,878.2,51,2026-10-05T18:28:13.799006+00:00,106.2,81,,sold,8,29,271,-2631,0,3,49.5,,,0.5,4,49.5,878.2,0.5,,,,,,0.0324,6,4,loss,325.74,196.0,559.49,231.75
KXCOPPER15M-26OCT051430-30,COPPER,commodity,PAPER,1,YES,2026-10-05T18:16:36.800601+00:00,803.2,48,2026-10-05T18:28:34.801985+00:00,85.2,87,,sold,7,26,364,-2267,1,2,47.0,3.5,5.5,7.5,53,41.5,867.2,8.5,,,,,,0.0013,5,5,win,121.0,0.0,371.0,392.0
KXPLATINUM15M-26OCT051430-30,PLATINUM,commodity,PAPER,1,YES,2026-10-05T18:15:16.803150+00:00,883.2,50,2026-10-05T18:28:40.802028+00:00,79.2,79,,sold,2,30,260,-2007,0,2,49.0,,,1.0,10,50.0,890.2,0.0,,,,,,0.0362,4,2,loss,526.25,5.0,751.5,222.25
KXDOGE15M-26OCT051430-30,DOGE,crypto,PAPER,1,NO,2026-10-05T18:15:31.867257+00:00,868.1,49,,,0,yes,settled,0,18,-508,-2250,0,1,48.5,-0.5,,4.5,5,,,,0.0948,0.0947,-0.0824,-0.0845,-0.1056,0.0286,0,0,loss,,,,
KXBTC15M-26OCT051430-30,BTC,crypto,PAPER,1,NO,2026-10-05T18:15:41.801586+00:00,858.2,48,,,0,yes,settled,0,18,-498,-2748,0,1,47.5,3.0,,14.0,22,39.5,873.2,10.5,85436.57,85432.83,-0.0044,0.0213,0.0061,-0.0061,1,1,win,7750.08,0.0,10746.36,0.0
KXBTC15M-26OCT051445-45,BTC,crypto,PAPER,1,YES,2026-10-05T18:34:03.807907+00:00,656.2,48,2026-10-05T18:35:02.805459+00:00,597.2,72,,sold,47,33,207,-2541,4,1,47.5,15.0,11.0,15.0,61,34.5,885.2,15.5,85577.72,85579.27,-0.0018,0.036,0.0277,0.0277,1,1,loss,6079.92,0.0,14480.48,0.0
KXWTI15M-26OCT051445-45,WTI,commodity,PAPER,1,NO,2026-10-05T18:30:19.294317+00:00,880.7,50,2026-10-05T18:35:13.800390+00:00,586.2,78,,sold,35,31,249,-1758,0,2,49.0,,,5.5,6,,,,,,,,,-0.0644,0,0,win,,,,
KXPLATINUM15M-26OCT051445-45,PLATINUM,commodity,PAPER,1,YES,2026-10-05T18:34:21.803942+00:00,638.2,49,2026-10-05T18:35:15.798455+00:00,584.2,72,,sold,46,33,197,-1561,4,3,47.5,2.0,-12.5,17.0,51,58.5,890.2,8.5,,,,,,0.0583,5,5,win,0.0,231.0,228.75,1941.75
KXSOL15M-26OCT051445-45,SOL,crypto,PAPER,1,YES,2026-10-05T18:30:40.809738+00:00,859.2,48,,,0,no,settled,0,18,-498,-3039,0,1,47.5,10.0,,13.0,31,38.5,885.2,11.5,120.05,120.0573,-0.0061,0.0333,0.0333,0.0029,0,0,win,14.0,0.0,806.0,0.0
KXETH15M-26OCT051445-45,ETH,crypto,PAPER,1,YES,2026-10-05T18:35:02.803035+00:00,597.2,49,,,0,no,settled,0,18,-508,-3547,5,1,48.5,11.0,13.0,13.0,61,40.5,880.2,9.5,2709.08,2708.92,0.0059,0.0303,0.0432,0.0701,4,4,win,176.0,0.0,803.0,0.0
KXDOGE15M-26OCT051445-45,DOGE,crypto,PAPER,1,YES,2026-10-05T18:34:55.802477+00:00,604.2,48,,,0,no,settled,0,18,-498,-4045,4,2,47.0,8.5,20.5,20.5,59,36.5,875.2,13.5,,,,,,0.0536,3,3,loss,22.0,0.0,601.51,0.0
KXXRP15M-26OCT051445-45,XRP,crypto,PAPER,1,YES,2026-10-05T18:34:46.804637+00:00,613.2,49,,,0,no,settled,0,18,-508,-4553,4,1,48.5,2.0,19.0,19.0,57,37.0,870.2,13.0,1.4999,1.5001,-0.0133,0.0067,0.0667,0.0734,2,2,win,431.0,0.0,1104.0,0.0
KXPALLADIUM15M-26OCT051445-45,PALLADIUM,commodity,PAPER,1,NO,2026-10-05T18:30:19.297982+00:00,880.7,49,,,0,yes,settled,2,18,-508,-2069,0,5,46.5,,,1.5,4,,,,,,,,,-0.0644,1,1,win,,,,
KXGOLD15M-26OCT051445-45,GOLD,commodity,PAPER,1,NO,2026-10-05T18:30:34.803284+00:00,865.2,48,,,0,yes,settled,0,18,-498,-2567,0,1,47.5,0.5,,7.5,12,41.0,870.2,9.0,,,,,,-0.0134,2,2,win,2000.0,0.0,2424.0,0.0
KXSILVER15M-26OCT051445-45,SILVER,commodity,PAPER,1,NO,2026-10-05T18:30:36.802599+00:00,863.2,50,,,0,yes,settled,0,18,-518,-3085,0,4,48.0,7.5,,13.0,14,40.5,870.2,9.5,,,,,,-0.0134,3,3,win,3045.64,0.0,3509.14,2624.25
KXCOPPER15M-26OCT051445-45,COPPER,commodity,PAPER,1,NO,2026-10-05T18:31:34.801929+00:00,805.2,48,,,0,yes,settled,1,18,-498,-3583,1,2,47.0,14.5,12.5,15.0,59,29.5,880.2,20.5,,,,,,0.0138,4,4,win,97.0,0.0,251.0,297.0
KXGOLD15M-26OCT051500-00,GOLD,commodity,PAPER,1,YES,2026-10-05T18:45:28.158732+00:00,871.8,49,2026-10-05T18:46:47.802179+00:00,792.2,72,,sold,48,33,197,-3386,0,1,48.5,,,9.0,15,,,,,,,,,0.0054,5,2,win,,,,
KXCOPPER15M-26OCT051500-00,COPPER,commodity,PAPER,1,YES,2026-10-05T18:45:22.904030+00:00,877.1,50,2026-10-05T18:51:39.799970+00:00,500.2,72,,sold,48,33,187,-3199,0,2,49.0,,,4.5,15,,,,,,,,,0.0069,5,1,win,,,,
KXPALLADIUM15M-26OCT051500-00,PALLADIUM,commodity,PAPER,1,YES,2026-10-05T18:45:38.801859+00:00,861.2,50,2026-10-05T18:51:51.801116+00:00,488.2,72,,sold,49,33,187,-3012,0,1,49.5,-2.0,,2.5,9,49.5,861.2,0.5,,,,,,-0.0101,4,4,loss,535.08,2.3,765.08,468.05
KXSOL15M-26OCT051500-00,SOL,crypto,PAPER,1,YES,2026-10-05T18:45:28.151254+00:00,871.9,49,2026-10-05T18:54:03.802349+00:00,356.2,76,,sold,33,31,239,-4314,0,1,48.5,,,3.5,13,,,,120.0,120.0175,-0.0146,-0.0083,0.0083,0.0054,0,0,loss,,,,
KXETH15M-26OCT051500-00,ETH,crypto,PAPER,1,YES,2026-10-05T18:45:33.319365+00:00,866.7,48,2026-10-05T18:54:03.807351+00:00,356.2,74,,sold,33,32,228,-4086,0,1,47.5,-1.0,,1.0,15,,,,2708.07,2707.93,0.0052,0.0022,0.0052,0.003,2,2,loss,,,,
KXWTI15M-26OCT051500-00,WTI,commodity,PAPER,1,NO,2026-10-05T18:46:12.801861+00:00,827.2,49,2026-10-05T18:55:01.798567+00:00,298.2,74,,sold,36,32,218,-2794,1,1,48.5,7.0,6.5,7.5,52,44.5,876.2,5.5,,,,,,0.0012,5,5,win,91.0,2517.0,1435.0,2992.0
KXBTC15M-26OCT051500-00,BTC,crypto,PAPER,1,YES,2026-10-05T18:45:28.814644+00:00,871.2,49,2026-10-05T18:55:06.802784+00:00,293.2,74,,sold,29,32,218,-3868,0,1,48.5,,,5.0,16,48.5,871.2,1.5,85618.58,85615.46,0.0036,-0.0,0.0054,0.0054,1,1,win,1184.12,8238.41,6325.6,18075.4
KXXRP15M-26OCT051500-00,XRP,crypto,PAPER,1,YES,2026-10-05T18:45:38.808128+00:00,861.2,48,2026-10-05T18:58:03.798124+00:00,116.2,73,,sold,18,32,218,-3650,0,1,47.5,0.0,,4.0,20,45.5,866.2,4.5,1.4985,1.4991,-0.04,-0.0133,-0.02,-0.0101,4,4,loss,29.0,151.0,1074.0,703.0
KXDOGE15M-26OCT051500-00,DOGE,crypto,PAPER,1,NO,2026-10-05T18:45:38.476126+00:00,861.5,50,,,0,yes,settled,0,18,-518,-4168,0,1,49.5,1.0,,2.0,15,,,,,,,,,-0.0101,3,3,loss,,,,
KXSILVER15M-26OCT051500-00,SILVER,commodity,PAPER,1,NO,2026-10-05T18:45:18.801197+00:00,881.2,50,,,0,yes,settled,0,18,-518,-3312,0,1,49.5,,,9.0,15,50.0,882.2,0.0,,,,,,0.007,4,0,win,436.0,2332.12,513.0,2901.83
KXPLATINUM15M-26OCT051500-00,PLATINUM,commodity,PAPER,1,NO,2026-10-05T18:45:28.164339+00:00,871.8,49,,,0,yes,settled,0,18,-508,-3820,0,1,48.5,,,4.0,13,,,,,,,,,0.0054,6,3,win,,,,
KXWTI15M-26OCT051515-15,WTI,commodity,PAPER,1,YES,2026-10-05T19:00:10.965979+00:00,889.0,50,2026-10-05T19:00:59.801300+00:00,840.2,75,,sold,45,32,218,-3602,0,2,49.0,,,6.5,11,49.0,889.0,1.0,,,,,,0.0078,2,0,win,,,,
KXSILVER15M-26OCT051515-15,SILVER,commodity,PAPER,1,YES,2026-10-05T19:00:37.065770+00:00,862.9,48,2026-10-05T19:01:36.797912+00:00,803.2,73,,sold,45,32,218,-3384,0,3,46.5,2.5,,8.5,11,,,,,,,,,0.0118,4,4,loss,,,,
KXETH15M-26OCT051515-15,ETH,crypto,PAPER,1,NO,2026-10-05T19:00:21.377191+00:00,878.6,49,2026-10-05T19:01:56.800984+00:00,783.2,72,,sold,45,33,197,-3971,0,1,48.5,,,6.0,11,,,,2710.14,2709.97,-0.0063,0.0018,0.0004,0.007,1,1,win,,,,
KXXRP15M-26OCT051515-15,XRP,crypto,PAPER,1,NO,2026-10-05T19:00:45.808763+00:00,854.2,49,2026-10-05T19:02:00.800424+00:00,779.2,74,,sold,47,32,218,-3753,0,2,48.0,6.5,,11.5,26,39.5,868.2,10.5,1.4995,1.4996,0.0067,0.0133,-0.0,-0.0248,3,3,win,159.0,0.0,707.0,571.0
KXBTC15M-26OCT051515-15,BTC,crypto,PAPER,1,NO,2026-10-05T19:00:10.953270+00:00,889.1,48,2026-10-05T19:02:13.799267+00:00,766.2,72,,sold,44,33,207,-3546,0,1,47.5,,,4.0,10,,,,85664.7,85652.99,-0.0137,-0.0078,-0.0078,0.0078,0,0,win,,,,
KXCOPPER15M-26OCT051515-15,COPPER,commodity,PAPER,1,YES,2026-10-05T19:00:13.802151+00:00,886.2,49,2026-10-05T19:03:41.797572+00:00,678.2,72,,sold,40,33,197,-3187,0,4,47.0,,,14.5,13,45.5,888.2,4.5,,,,,,0.0078,3,1,win,328.0,328.0,408.25,429.75
KXSOL15M-26OCT051515-15,SOL,crypto,PAPER,1,YES,2026-10-05T19:00:44.803285+00:00,855.2,50,2026-10-05T19:12:09.804250+00:00,170.2,72,,sold,10,33,187,-3359,0,1,49.5,-12.0,,19.5,30,63.5,873.2,13.5,120.09,120.091,-0.0008,-0.0333,0.0,-0.0286,2,2,win,0.0,274.0,0.0,994.0
KXGOLD15M-26OCT051515-15,GOLD,commodity,PAPER,1,YES,2026-10-05T19:00:16.803266+00:00,883.2,48,,,0,no,settled,0,18,-498,-3685,0,2,47.0,,,10.5,12,47.0,883.2,3.0,,,,,,0.0174,4,2,win,475.0,2471.7,5980.0,7273.7
KXPLATINUM15M-26OCT051515-15,PLATINUM,commodity,PAPER,1,YES,2026-10-05T19:00:16.814114+00:00,883.2,48,,,0,no,settled,0,18,-498,-4183,0,4,46.0,,,9.5,10,46.0,883.2,4.0,,,,,,0.0174,5,3,win,256.25,459.0,1782.75,1964.0
KXPALLADIUM15M-26OCT051515-15,PALLADIUM,commodity,PAPER,1,YES,2026-10-05T19:00:53.805410+00:00,846.2,50,,,0,no,settled,0,18,-518,-4701,0,3,48.5,6.5,,11.0,20,43.5,857.2,6.5,,,,,,-0.0228,5,5,win,532.0,0.0,762.0,747.0
KXXRP15M-26OCT051530-30,XRP,crypto,PAPER,1,YES,2026-10-05T19:16:48.812401+00:00,791.2,48,2026-10-05T19:18:21.800299+00:00,698.2,74,,sold,36,32,228,-3131,1,1,47.5,5.0,12.0,15.0,59,41.5,883.2,8.5,1.4995,1.4998,-0.02,0.0334,0.04,-0.0047,0,0,win,96.0,0.0,1089.0,12.0
KXCOPPER15M-26OCT051530-30,COPPER,commodity,PAPER,1,YES,2026-10-05T19:15:31.048462+00:00,869.0,48,2026-10-05T19:19:11.800026+00:00,648.2,72,,sold,36,33,207,-4494,0,3,46.5,2.5,,4.0,10,,,,,,,,,-0.0168,6,3,win,,,,
KXPLATINUM15M-26OCT051530-30,PLATINUM,commodity,PAPER,1,YES,2026-10-05T19:15:20.630193+00:00,879.4,52,2026-10-05T19:21:05.798598+00:00,534.2,74,,sold,30,32,188,-4306,0,5,49.5,,,5.5,9,,,,,,,,,-0.0279,4,1,loss,,,,
KXWTI15M-26OCT051530-30,WTI,commodity,PAPER,1,NO,2026-10-05T19:15:15.207145+00:00,884.8,51,2026-10-05T19:21:38.801949+00:00,501.2,76,,sold,35,31,219,-4087,0,3,49.5,,,2.0,10,,,,,,,,,-0.0312,3,0,win,,,,
KXSOL15M-26OCT051530-30,SOL,crypto,PAPER,1,NO,2026-10-05T19:20:34.811112+00:00,565.2,50,2026-10-05T19:21:50.802084+00:00,489.2,72,,sold,39,33,187,-2944,5,1,49.5,17.0,18.0,19.5,59,56.5,884.2,6.5,120.23,120.2163,-0.0114,0.0499,0.0416,-0.0439,0,1,win,0.0,0.0,0.0,0.0
KXSILVER15M-26OCT051530-30,SILVER,commodity,PAPER,1,YES,2026-10-05T19:15:25.732482+00:00,874.3,49,2026-10-05T19:23:26.801392+00:00,393.2,72,,sold,31,33,197,-3890,0,1,48.5,,,1.5,10,,,,,,,,,-0.0224,5,2,win,,,,
KXGOLD15M-26OCT051530-30,GOLD,commodity,PAPER,1,YES,2026-10-05T19:15:52.804278+00:00,847.2,50,2026-10-05T19:26:42.805073+00:00,197.2,72,,sold,21,33,187,-3703,0,1,49.5,8.0,,14.0,53,42.5,889.2,7.5,,,,,,-0.0198,5,5,loss,1152.0,0.0,8671.0,0.0
KXETH15M-26OCT051530-30,ETH,crypto,PAPER,1,NO,2026-10-05T19:21:33.804422+00:00,506.2,48,2026-10-05T19:29:17.802629+00:00,42.2,73,,sold,8,32,218,-2726,6,1,47.5,13.0,10.5,20.5,61,57.5,879.2,7.5,2710.57,2710.1,-0.0173,0.017,0.0177,-0.0185,1,2,win,0.0,0.0,0.0,0.0
KXPALLADIUM15M-26OCT051530-30,PALLADIUM,commodity,PAPER,1,YES,2026-10-05T19:15:46.516954+00:00,853.5,49,,,0,no,settled,0,18,-508,-4211,0,2,48.0,0.0,,9.0,8,,,,,,,,,-0.0096,4,4,loss,,,,
KXBTC15M-26OCT051545-45,BTC,crypto,PAPER,1,YES,2026-10-05T19:31:03.806968+00:00,836.2,48,2026-10-05T19:33:11.802170+00:00,708.2,73,,sold,39,32,218,-2508,1,1,47.5,8.0,,13.0,45,39.5,870.2,10.5,85726.64,85731.12,-0.0052,0.0217,0.0101,0.0101,3,3,win,1196.63,0.0,10427.6,0.0
KXGOLD15M-26OCT051545-45,GOLD,commodity,PAPER,1,YES,2026-10-05T19:30:29.464252+00:00,870.5,49,2026-10-05T19:34:13.802417+00:00,646.2,72,,sold,43,33,197,-4014,0,2,48.0,,,2.0,10,,,,,,,,,-0.0257,2,2,win,,,,
KXXRP15M-26OCT051545-45,XRP,crypto,PAPER,1,NO,2026-10-05T19:30:44.793046+00:00,855.2,50,2026-10-05T19:34:58.797756+00:00,601.2,72,,sold,39,33,187,-2321,0,1,49.5,0.0,,9.0,10,,,,1.5021,1.5023,0.0133,-0.0266,-0.0067,-0.0254,2,2,win,,,,
KXDOGE15M-26OCT051545-45,DOGE,crypto,PAPER,1,NO,2026-10-05T19:31:06.831087+00:00,833.2,50,2026-10-05T19:35:06.800594+00:00,593.2,79,,sold,37,30,260,-2061,1,1,49.5,-6.0,-10.0,11.0,47,59.5,875.2,9.5,0.0953,0.0953,0.0199,-0.021,-0.0315,0.0328,4,4,loss,0.0,553.0,32.0,1247.75
KXSILVER15M-26OCT051545-45,SILVER,commodity,PAPER,1,NO,2026-10-05T19:30:13.676912+00:00,886.3,49,2026-10-05T19:41:40.799331+00:00,199.2,74,,sold,39,32,218,-3796,0,1,48.5,,,4.0,7,,,,,,,,,-0.0399,1,0,win,,,,
KXETH15M-26OCT051545-45,ETH,crypto,PAPER,1,YES,2026-10-05T19:30:30.803940+00:00,869.2,48,2026-10-05T19:42:40.800755+00:00,139.2,75,,sold,14,32,238,-1823,0,1,47.5,,,12.0,22,45.0,880.2,5.0,2709.67,2709.94,-0.01,0.0118,0.0033,-0.0257,1,1,win,80.0,0.0,598.97,623.4
KXSOL15M-26OCT051545-45,SOL,crypto,PAPER,1,YES,2026-10-05T19:30:13.669558+00:00,886.3,48,2026-10-05T19:43:49.802111+00:00,70.2,75,,sold,9,32,238,-1585,0,3,46.5,,,6.0,10,,,,120.09,120.1195,-0.0246,-0.0083,-0.0333,-0.0399,0,0,win,,,,
KXPALLADIUM15M-26OCT051545-45,PALLADIUM,commodity,PAPER,1,YES,2026-10-05T19:30:34.594747+00:00,865.4,50,2026-10-05T19:44:16.799843+00:00,43.2,72,,sold,16,33,187,-3609,0,1,49.5,1.0,,3.0,6,,,,,,,,,-0.0254,3,3,loss,,,,
KXCOPPER15M-26OCT051545-45,COPPER,commodity,PAPER,1,YES,2026-10-05T19:31:06.817467+00:00,833.2,50,2026-10-05T19:44:51.799373+00:00,8.2,74,,sold,15,32,208,-3401,1,3,48.5,3.0,1.5,8.5,35,45.5,865.2,4.5,,,,,,0.0328,5,5,win,624.0,622.0,1104.0,822.0
KXWTI15M-26OCT051545-45,WTI,commodity,PAPER,1,NO,2026-10-05T19:30:19.803649+00:00,880.2,49,,,0,yes,settled,0,18,-508,-3909,0,1,48.5,,,4.0,7,48.5,880.2,1.5,,,,,,-0.0319,2,1,win,1087.0,100.0,1587.0,368.0
KXPLATINUM15M-26OCT051545-45,PLATINUM,commodity,PAPER,1,YES,2026-10-05T19:31:06.807015+00:00,833.2,48,,,0,no,settled,1,18,-498,-4407,1,1,47.5,5.0,3.5,5.5,40,42.5,875.2,7.5,,,,,,0.0328,4,4,win,158.0,20.0,383.0,145.75
KXSILVER15M-26OCT051600-00,SILVER,commodity,PAPER,1,NO,2026-10-05T19:45:49.164518+00:00,850.8,50,2026-10-05T19:48:23.799739+00:00,696.2,73,,sold,46,32,198,-4209,0,4,48.0,0.0,,4.5,11,,,,,,,,,-0.0481,3,3,win,,,,
KXWTI15M-26OCT051600-00,WTI,commodity,PAPER,1,YES,2026-10-05T19:45:53.802583+00:00,846.2,48,2026-10-05T19:50:17.798058+00:00,582.2,72,,sold,36,33,207,-4002,0,1,47.5,2.0,,3.5,20,44.5,855.2,5.5,,,,,,-0.0498,4,4,loss,104.0,360.0,2915.9,3271.0
KXSOL15M-26OCT051600-00,SOL,crypto,PAPER,1,YES,2026-10-05T19:50:24.802397+00:00,575.2,48,2026-10-05T19:52:12.799979+00:00,467.2,75,,sold,33,32,238,-1347,5,1,47.5,3.0,9.5,12.0,59,36.5,871.2,13.5,120.08,120.0882,-0.0068,0.0,0.0167,0.0035,3,3,win,18.0,0.0,844.0,0.0
KXBTC15M-26OCT051600-00,BTC,crypto,PAPER,1,NO,2026-10-05T19:52:11.809558+00:00,468.2,49,2026-10-05T19:53:40.801947+00:00,379.2,72,,sold,39,33,197,-1150,7,1,48.5,-24.0,-19.0,26.0,60,59.5,871.2,9.5,85717.72,85718.26,0.0006,-0.0343,-0.0315,0.0315,4,4,win,0.0,7128.77,0.0,17399.87
KXDOGE15M-26OCT051600-00,DOGE,crypto,PAPER,1,YES,2026-10-05T19:45:12.992727+00:00,887.0,48,2026-10-05T19:56:19.800156+00:00,220.2,72,,sold,15,33,207,-943,0,1,47.5,,,6.0,11,,,,0.0952,0.0952,-0.0357,-0.042,-0.0525,-0.0171,0,0,win,,,,
KXXRP15M-26OCT051600-00,XRP,crypto,PAPER,1,YES,2026-10-05T19:45:18.377112+00:00,881.6,48,2026-10-05T19:57:26.796997+00:00,153.2,72,,sold,3,33,207,-736,0,1,47.5,,,10.0,11,,,,,,,-0.0466,-0.0133,-0.0115,2,2,win,,,,
KXETH15M-26OCT051600-00,ETH,crypto,PAPER,1,YES,2026-10-05T19:45:18.373409+00:00,881.6,48,,,0,no,settled,0,18,-498,-1234,0,2,47.0,,,7.0,11,,,,2709.38,2709.73,-0.0129,-0.0173,-0.0085,-0.0115,1,1,win,,,,
KXGOLD15M-26OCT051600-00,GOLD,commodity,PAPER,1,YES,2026-10-05T19:45:12.997111+00:00,887.0,50,,,0,no,settled,0,18,-518,-4520,0,1,49.5,,,5.0,11,,,,,,,,,-0.0171,2,0,win,,,,
KXPLATINUM15M-26OCT051600-00,PLATINUM,commodity,PAPER,1,YES,2026-10-05T19:45:13.002562+00:00,887.0,48,,,0,no,settled,0,18,-498,-5018,0,3,46.5,,,3.5,11,,,,,,,,,-0.0171,3,1,win,,,,
KXPALLADIUM15M-26OCT051600-00,PALLADIUM,commodity,PAPER,1,YES,2026-10-05T19:45:23.462233+00:00,876.5,50,,,0,no,settled,0,18,-518,-5536,0,4,48.0,,,3.0,7,,,,,,,,,-0.0164,4,2,win,,,,
KXETH15M-26OCT051615-15,ETH,crypto,PAPER,1,NO,2026-10-05T20:00:04.693782+00:00,895.3,48,2026-10-05T20:01:29.799134+00:00,810.2,72,,sold,42,33,207,-1027,0,1,47.5,,,,0,,,,2708.29,2708.66,0.0137,0.0118,0.0207,-0.0204,1,0,win,,,,
KXGOLD15M-26OCT051615-15,GOLD,commodity,PAPER,1,NO,2026-10-05T20:00:14.802090+00:00,885.2,48,2026-10-05T20:01:49.800937+00:00,790.2,74,,sold,38,32,228,-5308,0,1,47.5,,,0.0,1,47.5,885.2,2.5,,,,,,0.0001,3,0,win,301.87,3153.99,4154.87,8434.71
KXPLATINUM15M-26OCT051615-15,PLATINUM,commodity,PAPER,1,NO,2026-10-05T20:01:11.811162+00:00,828.2,49,2026-10-05T20:02:36.798360+00:00,743.2,72,,sold,47,33,197,-5111,1,2,48.0,14.5,,14.5,44,39.0,885.2,11.0,,,,,,-0.0069,4,4,loss,93.0,0.0,349.25,156.0
KXWTI15M-26OCT051615-15,WTI,commodity,PAPER,1,YES,2026-10-05T20:00:25.276648+00:00,874.7,49,2026-10-05T20:02:36.801143+00:00,743.2,74,,sold,46,32,218,-4893,0,1,48.5,,,,0,,,,,,,,,0.0,4,1,win,,,,
KXSILVER15M-26OCT051615-15,SILVER,commodity,PAPER,1,NO,2026-10-05T20:01:22.805747+00:00,817.2,48,2026-10-05T20:03:37.797893+00:00,682.2,72,,sold,47,33,207,-4686,1,1,47.5,8.5,,15.0,51,41.5,874.2,8.5,,,,,,-0.0257,5,5,win,327.0,0.0,726.7,0.0
KXBTC15M-26OCT051615-15,BTC,crypto,PAPER,1,NO,2026-10-05T20:00:25.802863+00:00,874.2,49,2026-10-05T20:05:25.802494+00:00,574.2,74,,sold,33,32,218,-809,0,1,48.5,,,0.0,1,48.5,874.2,1.5,85739.25,85729.81,-0.011,-0.041,-0.0,0.0,1,1,win,8091.18,9133.92,18812.6,18119.49
KXSOL15M-26OCT051615-15,SOL,crypto,PAPER,1,NO,2026-10-05T20:01:13.802436+00:00,826.2,48,2026-10-05T20:05:28.799765+00:00,571.2,76,,sold,44,31,249,-560,1,1,47.5,13.0,,18.0,43,34.5,869.2,15.5,120.25,120.2302,-0.0165,0.0582,0.0249,-0.0152,4,4,win,204.5,0.0,284.5,0.0
KXPALLADIUM15M-26OCT051615-15,PALLADIUM,commodity,PAPER,1,NO,2026-10-05T20:01:10.824862+00:00,829.2,48,2026-10-05T20:05:36.798519+00:00,563.2,72,,sold,47,33,207,-4479,1,1,47.5,,,5.5,18,42.0,858.2,8.0,,,,,,-0.0055,3,3,loss,5.0,133.0,168.0,252.0
KXXRP15M-26OCT051615-15,XRP,crypto,PAPER,1,NO,2026-10-05T20:00:47.804481+00:00,852.2,50,2026-10-05T20:07:14.797986+00:00,465.2,72,,sold,44,33,187,-373,0,1,49.5,,,3.0,2,46.5,853.2,3.5,1.5036,1.5033,-0.02,-0.0399,-0.0865,0.0455,2,2,win,67.0,457.5,586.5,579.91
KXDOGE15M-26OCT051615-15,DOGE,crypto,PAPER,1,NO,2026-10-05T20:01:10.813609+00:00,829.2,48,,,0,yes,settled,0,18,-498,-871,1,1,47.5,19.0,2.0,21.0,59,45.5,890.2,4.5,,,,,,-0.0055,3,3,win,619.29,0.0,966.79,0.0
KXCOPPER15M-26OCT051615-15,COPPER,commodity,PAPER,1,YES,2026-10-05T20:00:25.280412+00:00,874.7,50,,,0,no,settled,3,18,-518,-4997,0,1,49.5,,,,0,,,,,,,,,0.0,5,2,win,,,,
KXDOGE15M-26OCT051630-30,DOGE,crypto,PAPER,1,YES,2026-10-05T20:15:33.402292+00:00,866.6,48,2026-10-05T20:17:01.799357+00:00,778.2,74,,sold,48,32,228,-643,0,1,47.5,-1.0,,1.0,10,,,,,,,,,0.0364,0,0,loss,,,,
KXWTI15M-26OCT051630-30,WTI,commodity,PAPER,1,YES,2026-10-05T20:15:19.802443+00:00,880.2,48,2026-10-05T20:17:19.798850+00:00,760.2,73,,sold,42,32,218,-4779,0,1,47.5,,,5.5,18,45.0,887.2,5.0,,,,,,0.0278,1,0,win,89.0,462.0,1012.0,1706.0
KXPALLADIUM15M-26OCT051630-30,PALLADIUM,commodity,PAPER,1,YES,2026-10-05T20:15:33.407428+00:00,866.6,50,2026-10-05T20:21:40.799315+00:00,499.2,74,,sold,42,32,208,-4571,0,2,49.0,,,0.0,2,,,,,,,,,0.0364,3,3,win,,,,
KXPLATINUM15M-26OCT051630-30,PLATINUM,commodity,PAPER,1,YES,2026-10-05T20:15:22.986858+00:00,877.0,50,2026-10-05T20:21:49.798757+00:00,490.2,79,,sold,48,30,260,-4311,0,2,49.0,,,3.0,9,,,,,,,,,0.0278,2,1,win,,,,
KXSILVER15M-26OCT051630-30,SILVER,commodity,PAPER,1,YES,2026-10-05T20:15:23.802526+00:00,876.2,48,2026-10-05T20:21:50.799342+00:00,489.2,74,,sold,28,32,228,-4083,0,1,47.5,,,5.5,16,43.0,886.2,7.0,,,,,,0.0278,3,2,win,250.0,28.0,901.6,803.91
KXSOL15M-26OCT051630-30,SOL,crypto,PAPER,1,NO,2026-10-05T20:15:35.802683+00:00,864.2,50,,,0,yes,settled,0,18,-518,-1161,0,1,49.5,0.0,,7.0,18,42.5,871.2,7.5,120.19,120.1852,-0.004,-0.0083,-0.0166,0.0364,1,1,win,166.0,0.0,932.0,384.0
KXGOLD15M-26OCT051630-30,GOLD,commodity,PAPER,1,NO,2026-10-05T20:16:25.805401+00:00,814.2,49,,,0,yes,settled,0,18,-508,-4591,1,1,48.5,8.0,-6.0,10.0,53,46.5,866.2,3.5,,,,,,0.012,5,5,win,4799.0,0.0,10353.03,0.0
KXCOPPER15M-26OCT051630-30,COPPER,commodity,PAPER,1,YES,2026-10-05T20:15:49.802537+00:00,850.2,48,,,0,no,settled,0,18,-498,-5089,0,2,47.0,7.5,,8.5,10,45.0,855.2,5.0,,,,,,0.0364,4,4,loss,420.0,28.75,720.0,537.75
KXBTC15M-26OCT051645-45,BTC,crypto,PAPER,1,NO,2026-10-05T20:30:41.369941+00:00,858.6,50,2026-10-05T20:35:24.799716+00:00,575.2,74,,sold,39,32,208,-953,0,1,49.5,0.0,,1.0,10,,,,85774.0,85770.8,-0.0037,-0.0,-0.0047,0.0047,2,2,win,,,,
KXETH15M-26OCT051645-45,ETH,crypto,PAPER,1,YES,2026-10-05T20:30:20.800650+00:00,879.2,50,2026-10-05T20:36:01.806039+00:00,538.2,75,,sold,47,32,218,-735,0,1,49.5,,,2.0,10,,,,2711.68,2711.34,0.0125,-0.0007,0.0111,0.0062,1,1,win,,,,
KXWTI15M-26OCT051645-45,WTI,commodity,PAPER,1,NO,2026-10-05T20:30:31.803228+00:00,868.2,49,2026-10-05T20:38:19.798789+00:00,400.2,73,,sold,21,32,208,-4881,0,1,48.5,,,2.0,8,48.5,868.2,1.5,,,,,,0.0062,1,1,win,77.0,2731.71,1165.0,3386.81
KXCOPPER15M-26OCT051645-45,COPPER,commodity,PAPER,1,YES,2026-10-05T20:37:14.805166+00:00,465.2,48,2026-10-05T20:41:19.801940+00:00,220.2,76,,sold,44,31,249,-4632,7,1,47.5,5.0,5.5,6.0,56,39.5,884.2,10.5,,,,,,0.039,5,5,loss,100.0,0.0,457.0,209.0
KXPALLADIUM15M-26OCT051645-45,PALLADIUM,commodity,PAPER,1,YES,2026-10-05T20:30:20.804761+00:00,879.2,51,2026-10-05T20:43:57.797999+00:00,62.2,73,,sold,18,32,188,-4444,0,4,49.0,,,0.0,1,,,,,,,,,0.0062,2,0,win,,,,
KXDOGE15M-26OCT051645-45,DOGE,crypto,PAPER,1,NO,2026-10-05T20:30:15.435946+00:00,884.6,49,2026-10-05T20:44:06.805208+00:00,53.2,84,,sold,4,28,322,-413,0,1,48.5,,,3.0,10,,,,,,,,,0.0062,1,0,win,,,,
KXGOLD15M-26OCT051645-45,GOLD,commodity,PAPER,1,YES,2026-10-05T20:30:36.264512+00:00,863.7,48,,,0,no,settled,0,18,-498,-4942,0,1,47.5,2.0,,4.0,10,,,,,,,,,0.0062,2,2,loss,,,,
KXPLATINUM15M-26OCT051645-45,PLATINUM,commodity,PAPER,1,NO,2026-10-05T20:30:41.374135+00:00,858.6,50,,,0,yes,settled,0,18,-518,-5460,0,4,48.0,-1.0,,2.0,5,,,,,,,,,0.0047,3,3,win,,,,
KXSILVER15M-26OCT051645-45,SILVER,commodity,PAPER,1,YES,2026-10-05T20:30:46.463408+00:00,853.5,48,,,0,no,settled,0,18,-498,-5958,0,2,47.0,0.0,,5.5,9,,,,,,,,,0.022,4,4,win,,,,
KXSILVER15M-26OCT051700-00,SILVER,commodity,PAPER,1,YES,2026-10-05T20:45:34.812444+00:00,865.2,50,2026-10-05T20:46:36.800688+00:00,803.2,72,,sold,49,33,187,-5771,0,1,49.5,-1.5,,6.5,16,49.5,865.2,0.5,,,,,,0.0083,1,1,loss,905.5,11.82,1605.6,254.52
KXPALLADIUM15M-26OCT051700-00,PALLADIUM,commodity,PAPER,1,YES,2026-10-05T20:45:39.602927+00:00,860.4,50,2026-10-05T20:46:41.803337+00:00,798.2,74,,sold,46,32,208,-5563,0,2,49.0,-1.0,,1.0,3,,,,,,,,,0.0083,3,3,win,,,,
KXBTC15M-26OCT051700-00,BTC,crypto,PAPER,1,YES,2026-10-05T20:45:29.395261+00:00,870.6,50,2026-10-05T20:48:12.800130+00:00,707.2,72,,sold,50,33,187,-226,0,1,49.5,,,2.0,16,,,,85793.68,85787.94,0.0067,0.0083,0.0083,0.0083,1,1,win,,,,
KXCOPPER15M-26OCT051700-00,COPPER,commodity,PAPER,1,NO,2026-10-05T20:45:34.819312+00:00,865.2,50,2026-10-05T20:52:20.801006+00:00,459.2,77,,sold,10,31,239,-5324,0,1,49.5,,,31.5,25,70.5,875.2,20.5,,,,,,0.0083,2,2,win,0.0,4.0,219.0,804.0
KXETH15M-26OCT051700-00,ETH,crypto,PAPER,1,NO,2026-10-05T20:45:19.023733+00:00,881.0,48,2026-10-05T20:56:54.800385+00:00,185.2,78,,sold,34,31,269,43,0,1,47.5,,,6.0,16,,,,2713.91,2713.78,-0.0048,-0.0114,-0.007,0.0035,0,0,win,,,,
KXSOL15M-26OCT051700-00,SOL,crypto,PAPER,1,NO,2026-10-05T20:45:44.679596+00:00,855.3,50,,,0,yes,settled,0,18,-518,-475,0,2,49.0,0.5,,2.0,15,,,,120.53,120.4745,-0.0461,-0.0498,-0.0581,0.0083,2,2,loss,,,,
KXPLATINUM15M-26OCT051700-00,PLATINUM,commodity,PAPER,1,NO,2026-10-05T20:45:34.803654+00:00,865.2,50,,,0,yes,settled,0,18,-518,-5842,0,2,49.0,0.0,,8.0,15,49.0,865.2,1.0,,,,,,0.0083,0,0,loss,22.1,270.0,203.85,491.0
KXWTI15M-26OCT051715-15,WTI,commodity,PAPER,1,YES,2026-10-05T21:00:37.804578+00:00,862.2,49,2026-10-05T21:04:56.797475+00:00,603.2,72,,sold,36,33,197,-5645,0,2,48.0,-7.5,,10.0,10,48.0,862.2,2.0,,,,,,-0.0222,0,0,win,291.81,100.0,796.81,1108.84
KXSOL15M-26OCT051715-15,SOL,crypto,PAPER,1,YES,2026-10-05T21:00:44.806737+00:00,855.2,49,2026-10-05T21:09:50.798401+00:00,309.2,72,,sold,32,33,197,-278,0,2,48.0,-2.0,,8.5,27,45.5,872.2,4.5,120.64,120.6502,-0.0085,0.0,0.0,-0.0218,0,0,loss,366.0,47.0,1380.39,956.2
KXWTI15M-26OCT051730-30,WTI,commodity,PAPER,1,NO,2026-10-05T21:15:23.511427+00:00,876.5,51,2026-10-05T21:22:46.799155+00:00,433.2,72,,sold,20,33,177,-5468,0,3,49.5,,,14.0,10,,,,,,,,,0.0202,0,0,win,,,,
KXSOL15M-26OCT051730-30,SOL,crypto,PAPER,1,NO,2026-10-05T21:15:13.258979+00:00,886.7,49,2026-10-05T21:27:18.798866+00:00,161.2,74,,sold,8,32,218,-60,0,1,48.5,,,0.0,10,,,,120.71,120.7178,0.0065,-0.0083,-0.0166,0.0197,0,0,win,,,,
KXXRP15M-26OCT051730-30,XRP,crypto,PAPER,1,NO,2026-10-05T21:16:02.806425+00:00,837.2,48,,,0,yes,settled,0,18,-498,-558,1,1,47.5,2.0,,4.0,21,43.5,850.2,6.5,1.5045,1.5046,0.0066,0.0133,-0.0066,0.0237,3,3,win,53.7,43.87,882.7,502.87
KXDOGE15M-26OCT051730-30,DOGE,crypto,PAPER,1,NO,2026-10-05T21:15:13.804534+00:00,886.2,50,,,0,yes,settled,0,18,-518,-1076,0,1,49.5,,,1.0,11,49.5,886.2,0.5,,,,,,0.0197,1,1,win,22.75,30.0,131.25,185.5
KXETH15M-26OCT051730-30,ETH,crypto,PAPER,1,NO,2026-10-05T21:15:33.706200+00:00,866.3,49,,,0,yes,settled,0,18,-508,-1584,0,2,48.0,,,1.5,10,,,,2712.02,2711.58,-0.0162,-0.0026,-0.0092,0.0328,2,2,win,,,,
KXWTI15M-26OCT051745-45,WTI,commodity,PAPER,1,NO,2026-10-05T21:30:10.804512+00:00,889.2,50,2026-10-05T21:30:20.798587+00:00,879.2,79,,sold,39,30,260,-5208,0,5,47.5,,,6.0,7,48.0,890.2,2.0,,,,,,-0.0277,0,0,win,4.0,4.0,29.0,5.0
KXDOGE15M-26OCT051745-45,DOGE,crypto,PAPER,1,YES,2026-10-05T21:30:14.328473+00:00,885.7,49,2026-10-05T21:32:11.798979+00:00,768.2,72,,sold,45,33,197,-1387,0,2,48.0,,,0.5,4,,,,,,,,,-0.0326,2,0,win,,,,
KXXRP15M-26OCT051745-45,XRP,crypto,PAPER,1,YES,2026-10-05T21:30:29.888845+00:00,870.1,49,2026-10-05T21:32:15.798035+00:00,764.2,72,,sold,46,33,197,-1190,0,1,48.5,,,0.0,5,,,,1.5044,1.5051,-0.0465,-0.0399,-0.0266,0.0064,2,2,loss,,,,
KXETH15M-26OCT051745-45,ETH,crypto,PAPER,1,YES,2026-10-05T21:30:34.974854+00:00,865.0,48,2026-10-05T21:32:48.798174+00:00,731.2,73,,sold,47,32,218,-972,0,1,47.5,0.0,,0.0,5,,,,2713.59,2713.56,0.0011,0.0026,0.0041,0.0077,3,3,loss,,,,
KXSOL15M-26OCT051745-45,SOL,crypto,PAPER,1,YES,2026-10-05T21:30:14.804378+00:00,885.2,48,2026-10-05T21:32:55.798704+00:00,724.2,72,,sold,46,33,207,-765,0,2,47.0,,,1.5,5,47.0,885.2,3.0,,,,,,-0.0296,3,1,win,295.37,57.02,865.62,818.89
KXBTC15M-26OCT051745-45,BTC,crypto,PAPER,1,YES,2026-10-05T21:30:52.806056+00:00,847.2,48,2026-10-05T21:34:08.804575+00:00,651.2,72,,sold,45,33,207,-558,0,1,47.5,6.0,,6.0,18,42.5,859.2,7.5,85794.98,85805.68,-0.0125,0.0012,-0.0053,-0.0053,4,4,win,8037.13,3222.02,12127.24,10550.03
KXDOGE15M-26OCT051800-00,DOGE,crypto,PAPER,1,NO,2026-10-05T21:45:35.806541+00:00,864.2,48,2026-10-05T21:47:11.798650+00:00,768.2,72,,sold,47,33,207,-351,0,1,47.5,-1.0,,8.0,35,45.5,872.2,4.5,,,,,,-0.0217,0,0,win,22.75,61.0,709.75,189.0
KXETH15M-26OCT051800-00,ETH,crypto,PAPER,1,NO,2026-10-05T21:46:39.805920+00:00,800.2,50,2026-10-05T21:47:11.800112+00:00,768.2,74,,sold,49,32,208,-143,1,1,49.5,-13.0,-12.0,15.0,59,60.5,867.2,10.5,2715.42,2715.55,0.0048,-0.0199,-0.0199,0.0015,1,1,win,0.0,124.43,0.0,677.43
KXWTI15M-26OCT051800-00,WTI,commodity,PAPER,1,YES,2026-10-05T21:45:42.275261+00:00,857.7,50,2026-10-05T21:53:55.798358+00:00,364.2,72,,sold,25,33,187,-5021,0,1,49.5,-5.0,,8.5,25,,,,,,,,,-0.0154,0,0,win,,,,
KXSOL15M-26OCT051800-00,SOL,crypto,PAPER,1,YES,2026-10-05T21:50:02.808434+00:00,597.2,50,2026-10-05T21:54:05.811538+00:00,354.2,72,,sold,45,33,187,44,5,1,49.5,11.0,9.5,14.5,53,56.5,872.2,6.5,120.67,120.6977,-0.0229,0.0083,0.0083,0.0584,1,3,win,367.0,0.0,1078.0,0.0
KXBTC15M-26OCT051800-00,BTC,crypto,PAPER,1,NO,2026-10-05T21:49:58.806913+00:00,601.2,48,,,0,yes,settled,0,18,-498,-454,4,1,47.5,-17.0,-14.0,17.0,61,57.5,872.2,7.5,85904.16,85912.96,0.0102,-0.0183,-0.0183,0.0183,0,2,win,0.0,1546.12,0.0,4148.12
KXXRP15M-26OCT051800-00,XRP,crypto,PAPER,1,NO,2026-10-05T21:51:32.805456+00:00,507.2,48,,,0,yes,settled,0,18,-498,-952,6,1,47.5,27.0,24.0,29.0,61,60.5,852.2,10.5,1.5065,1.5065,-0.0,0.0597,0.0464,0.01,2,4,win,0.0,0.0,0.0,0.0
KXBTC15M-26OCT051815-15,BTC,crypto,PAPER,1,YES,2026-10-05T22:00:12.643012+00:00,887.4,50,2026-10-05T22:01:05.798059+00:00,834.2,72,,sold,50,33,187,-765,0,1,49.5,,,5.0,10,,,,85958.97,85952.42,0.0076,0.0107,0.0107,0.0107,2,0,win,,,,
KXETH15M-26OCT051815-15,ETH,crypto,PAPER,1,NO,2026-10-05T22:01:32.811634+00:00,807.2,50,2026-10-05T22:09:16.800122+00:00,343.2,77,,sold,14,31,239,-526,1,1,49.5,20.0,10.0,34.0,60,42.5,881.2,7.5,2718.01,2717.89,-0.0044,0.0603,0.0305,0.001,0,1,win,189.54,0.0,1915.54,0.0
KXSILVER15M-26OCT051830-30,SILVER,commodity,PAPER,1,YES,2026-10-05T22:15:36.453916+00:00,863.6,49,2026-10-05T22:19:01.800078+00:00,658.2,72,,sold,48,33,197,-4824,0,1,48.5,-1.5,,4.0,10,,,,,,,,,0.0277,4,4,win,,,,
KXPALLADIUM15M-26OCT051830-30,PALLADIUM,commodity,PAPER,1,YES,2026-10-05T22:15:27.806100+00:00,872.2,51,2026-10-05T22:19:38.798048+00:00,621.2,74,,sold,42,32,198,-4626,0,4,49.0,,,9.5,9,57.5,877.2,7.5,,,,,,0.009,2,2,win,500.0,522.75,760.0,748.0
KXBTC15M-26OCT051830-30,BTC,crypto,PAPER,1,YES,2026-10-05T22:15:10.732944+00:00,889.3,50,2026-10-05T22:19:45.799705+00:00,614.2,72,,sold,42,33,187,-339,0,1,49.5,,,7.0,10,,,,85966.05,85962.14,0.0045,0.0163,-0.0061,-0.0061,0,0,win,,,,
KXETH15M-26OCT051830-30,ETH,crypto,PAPER,1,NO,2026-10-05T22:15:38.805949+00:00,861.2,48,2026-10-05T22:21:16.801246+00:00,523.2,72,,sold,46,33,207,-132,0,1,47.5,0.0,,10.0,13,46.5,863.2,3.5,2719.32,2719.04,-0.0103,-0.011,-0.0169,0.022,3,3,win,115.0,472.0,2047.0,1999.0
KXSOL15M-26OCT051830-30,SOL,crypto,PAPER,1,NO,2026-10-05T22:15:26.148403+00:00,873.9,49,2026-10-05T22:23:41.799721+00:00,378.2,72,,sold,48,33,197,65,0,1,48.5,,,8.0,10,,,,121.55,121.5132,-0.0303,-0.0247,-0.0082,0.0071,2,2,win,,,,
KXWTI15M-26OCT051830-30,WTI,commodity,PAPER,1,NO,2026-10-05T22:15:31.804253+00:00,868.2,48,2026-10-05T22:24:55.798889+00:00,304.2,72,,sold,46,33,207,-4419,0,1,47.5,-3.0,,5.5,11,47.5,868.2,2.5,,,,,,0.016,3,3,win,976.48,97.7,1480.48,1094.44
KXDOGE15M-26OCT051830-30,DOGE,crypto,PAPER,1,YES,2026-10-05T22:16:01.807370+00:00,838.2,50,2026-10-05T22:26:09.800884+00:00,230.2,72,,sold,24,33,187,252,1,1,49.5,-8.0,3.5,17.0,25,62.5,853.2,12.5,0.096,0.096,0.0135,-0.0104,-0.0312,0.0332,4,4,win,228.0,90.0,298.0,1683.25
KXXRP15M-26OCT051830-30,XRP,crypto,PAPER,1,YES,2026-10-05T22:15:23.817182+00:00,876.2,50,,,0,no,settled,0,18,-518,-266,0,1,49.5,,,10.5,18,43.5,883.2,6.5,1.5148,1.5146,0.0132,0.0528,-0.0132,-0.0009,1,1,loss,45.0,0.0,1039.01,573.5
KXCOPPER15M-26OCT051830-30,COPPER,commodity,PAPER,1,NO,2026-10-05T22:15:26.805274+00:00,873.2,48,,,0,yes,settled,0,18,-498,-4917,0,3,46.5,,,8.5,18,43.0,887.2,7.0,,,,,,0.0071,1,1,win,186.0,274.0,436.0,474.0
KXPLATINUM15M-26OCT051830-30,PLATINUM,commodity,PAPER,1,NO,2026-10-05T22:15:42.817495+00:00,857.2,48,,,0,yes,settled,0,18,-498,-5415,0,1,47.5,29.5,,32.0,11,23.0,863.2,27.0,,,,,,0.027,5,5,loss,223.0,0.0,1749.0,11.75
KXGOLD15M-26OCT051830-30,GOLD,commodity,PAPER,1,YES,2026-10-05T22:15:23.808528+00:00,876.2,49,,,0,no,settled,2,18,-508,-5923,0,3,47.5,,,8.0,13,45.5,878.2,4.5,,,,,,-0.0009,0,0,loss,0.0,140.0,1567.75,985.75
KXXRP15M-26OCT051845-45,XRP,crypto,PAPER,1,NO,2026-10-05T22:30:30.034350+00:00,870.0,50,2026-10-05T22:34:07.801525+00:00,652.2,75,,sold,45,32,218,-48,0,1,49.5,,,7.0,10,,,,1.5121,1.512,-0.0066,-0.0,-0.0066,-0.0197,0,0,loss,,,,
KXETH15M-26OCT051845-45,ETH,crypto,PAPER,1,YES,2026-10-05T22:30:45.808667+00:00,854.2,48,2026-10-05T22:35:43.800785+00:00,556.2,72,,sold,37,33,207,159,0,2,47.0,7.5,,15.5,37,38.5,880.2,11.5,2715.72,2716.09,-0.0136,0.0099,-0.0232,-0.0511,1,1,win,577.81,0.0,1798.83,0.0
KXWTI15M-26OCT051845-45,WTI,commodity,PAPER,1,NO,2026-10-05T22:30:35.114086+00:00,864.9,48,2026-10-05T22:36:20.798138+00:00,519.2,72,,sold,44,33,207,-5716,0,1,47.5,,,2.5,7,,,,,,,,,-0.0419,1,0,win,,,,
KXPLATINUM15M-26OCT051845-45,PLATINUM,commodity,PAPER,1,NO,2026-10-05T22:30:50.447723+00:00,849.6,48,2026-10-05T22:38:25.799250+00:00,394.2,73,,sold,36,32,218,-5498,0,4,46.0,0.0,,2.5,7,,,,,,,,,-0.0582,2,2,loss,,,,
KXCOPPER15M-26OCT051845-45,COPPER,commodity,PAPER,1,NO,2026-10-05T22:30:58.809608+00:00,841.2,48,2026-10-05T22:43:50.798996+00:00,69.2,72,,sold,34,33,207,-5291,0,2,47.0,8.5,,9.0,40,40.0,880.2,10.0,,,,,,-0.0583,3,3,loss,92.0,175.0,393.0,475.0
KXBTC15M-26OCT051845-45,BTC,crypto,PAPER,1,YES,2026-10-05T22:34:27.808947+00:00,632.2,49,,,0,no,settled,0,18,-508,-349,4,1,48.5,11.0,9.0,13.0,60,35.5,859.2,14.5,85977.47,85978.33,-0.001,0.0343,0.0343,0.0343,1,2,win,382.67,0.0,3382.74,0.0
KXPALLADIUM15M-26OCT051845-45,PALLADIUM,commodity,PAPER,1,YES,2026-10-05T22:30:46.807376+00:00,853.2,49,,,0,no,settled,0,18,-508,-5799,0,5,46.5,-2.0,,4.0,12,49.0,855.2,1.0,,,,,,-0.0579,1,1,win,1300.0,5.0,1391.0,35.1
KXSILVER15M-26OCT051845-45,SILVER,commodity,PAPER,1,NO,2026-10-05T22:31:04.809023+00:00,835.2,48,,,0,yes,settled,0,18,-498,-6297,1,2,47.0,3.0,,5.0,30,46.0,859.2,4.0,,,,,,-0.0646,4,4,win,2220.22,216.0,2653.36,2337.0
KXSOL15M-26OCT051900-00,SOL,crypto,PAPER,1,NO,2026-10-05T22:45:13.628936+00:00,886.4,49,2026-10-05T22:48:47.820408+00:00,672.2,72,,sold,41,33,197,-152,0,1,48.5,,,3.5,8,,,,121.18,121.1672,-0.0106,-0.0083,-0.0248,0.0106,1,0,win,,,,
KXDOGE15M-26OCT051900-00,DOGE,crypto,PAPER,1,NO,2026-10-05T22:45:35.806536+00:00,864.2,50,2026-10-05T22:49:46.803776+00:00,613.2,72,,sold,44,33,187,35,0,2,49.0,3.5,,9.5,16,39.5,869.2,10.5,0.0959,0.0958,-0.048,-0.0522,-0.0522,0.0,3,3,win,53.01,0.0,1602.76,1002.75
KXXRP15M-26OCT051900-00,XRP,crypto,PAPER,1,NO,2026-10-05T22:45:29.167198+00:00,870.8,49,2026-10-05T22:50:01.804366+00:00,598.2,72,,sold,47,33,197,232,0,1,48.5,,,2.5,9,,,,1.512,1.5119,-0.0066,-0.0132,-0.0066,0.021,2,2,win,,,,
KXBTC15M-26OCT051900-00,BTC,crypto,PAPER,1,NO,2026-10-05T22:45:44.571221+00:00,855.4,49,2026-10-05T22:50:57.801423+00:00,542.2,72,,sold,45,33,197,429,0,1,48.5,0.0,,7.0,10,,,,85974.08,85963.6,-0.0122,-0.0,-0.0,0.0,4,4,loss,,,,
KXETH15M-26OCT051900-00,ETH,crypto,PAPER,1,NO,2026-10-05T22:45:19.057881+00:00,880.9,50,2026-10-05T22:51:15.804136+00:00,524.2,73,,sold,44,32,198,627,0,1,49.5,,,1.0,10,,,,2716.79,2716.48,-0.0114,0.0018,-0.0136,0.0225,1,1,win,,,,
KXCOPPER15M-26OCT051900-00,COPPER,commodity,PAPER,1,NO,2026-10-05T22:45:40.806493+00:00,859.2,48,2026-10-05T22:53:42.799248+00:00,377.2,75,,sold,28,32,238,-6059,0,3,46.5,,,4.0,8,46.0,865.2,4.0,,,,,,0.0,1,1,win,135.0,5.0,385.0,387.0
KXWTI15M-26OCT051900-00,WTI,commodity,PAPER,1,NO,2026-10-05T22:45:24.807319+00:00,875.2,50,2026-10-05T22:58:53.798322+00:00,66.2,74,,sold,27,32,208,-5851,0,1,49.5,,,0.5,6,49.5,875.2,0.5,,,,,,0.021,2,0,win,517.53,100.04,578.69,440.93
KXSILVER15M-26OCT051900-00,SILVER,commodity,PAPER,1,YES,2026-10-05T22:45:44.580279+00:00,855.4,48,,,0,no,settled,0,18,-498,-6349,0,4,46.0,0.0,,4.0,10,,,,,,,,,0.0,2,2,loss,,,,
KXPLATINUM15M-26OCT051915-15,PLATINUM,commodity,PAPER,1,NO,2026-10-05T23:00:11.806288+00:00,888.2,51,2026-10-05T23:00:40.807447+00:00,859.2,73,,sold,45,32,188,-6161,0,5,48.5,,,4.0,9,48.5,888.2,1.5,,,,,,0.0,1,0,win,161.0,623.0,1681.0,1928.0
KXCOPPER15M-26OCT051915-15,COPPER,commodity,PAPER,1,NO,2026-10-05T23:00:37.412244+00:00,862.6,51,2026-10-05T23:00:58.799075+00:00,841.2,72,,sold,51,33,177,-5984,0,3,49.5,-8.0,,8.0,9,,,,,,,,,0.0111,2,2,win,,,,
KXXRP15M-26OCT051915-15,XRP,crypto,PAPER,1,YES,2026-10-05T23:00:17.804979+00:00,882.2,48,2026-10-05T23:00:58.801210+00:00,841.2,72,,sold,47,33,207,834,0,1,47.5,,,8.0,11,47.5,882.2,2.5,1.5105,1.5108,-0.0199,0.0,-0.0265,0.0,0,0,win,60.2,497.5,340.2,605.5
KXDOGE15M-26OCT051915-15,DOGE,crypto,PAPER,1,YES,2026-10-05T23:00:26.979126+00:00,873.0,50,2026-10-05T23:02:01.800617+00:00,778.2,74,,sold,48,32,208,1042,0,2,49.0,,,8.0,10,,,,,,,,,0.0106,3,3,win,,,,
KXGOLD15M-26OCT051915-15,GOLD,commodity,PAPER,1,NO,2026-10-05T23:00:40.806651+00:00,859.2,50,2026-10-05T23:06:51.799755+00:00,488.2,74,,sold,42,32,208,-5776,0,1,49.5,14.0,,14.0,29,37.0,877.2,13.0,,,,,,0.024,3,3,loss,1903.0,0.0,2826.0,0.0
KXSOL15M-26OCT051915-15,SOL,crypto,PAPER,1,NO,2026-10-05T23:00:24.805639+00:00,875.2,48,2026-10-05T23:07:15.798684+00:00,464.2,72,,sold,8,33,207,1249,0,1,47.5,,,2.0,24,46.5,888.2,3.5,121.01,121.0112,0.001,-0.0083,-0.0083,0.0071,1,1,win,10.0,0.0,325.54,688.74
KXBTC15M-26OCT051915-15,BTC,crypto,PAPER,1,NO,2026-10-05T23:00:26.970117+00:00,873.0,50,2026-10-05T23:13:32.801176+00:00,87.2,73,,sold,3,32,198,1447,0,1,49.5,,,1.0,10,,,,85938.53,85925.79,-0.0148,-0.0106,-0.0106,0.0106,2,2,win,,,,
KXETH15M-26OCT051915-15,ETH,crypto,PAPER,1,NO,2026-10-05T23:00:47.611308+00:00,852.4,49,2026-10-05T23:13:56.829477+00:00,63.2,79,,sold,0,30,270,1717,0,1,48.5,0.0,,3.0,10,,,,2716.58,2715.72,-0.0317,-0.0272,-0.0368,0.0258,4,4,win,,,,
KXSILVER15M-26OCT051915-15,SILVER,commodity,PAPER,1,YES,2026-10-05T23:00:32.310044+00:00,867.7,49,,,0,no,settled,0,18,-508,-6284,0,1,48.5,,,10.0,9,,,,,,,,,0.0111,1,1,loss,,,,
KXSOL15M-26OCT051930-30,SOL,crypto,PAPER,1,NO,2026-10-05T23:15:36.808413+00:00,863.2,48,2026-10-05T23:19:14.801392+00:00,645.2,72,,sold,32,33,207,1924,0,1,47.5,1.0,,5.0,17,42.5,869.2,7.5,120.86,120.8223,-0.0312,-0.0166,-0.0828,0.0541,2,2,win,80.0,0.0,810.0,6.0
KXETH15M-26OCT051930-30,ETH,crypto,PAPER,1,NO,2026-10-05T23:15:39.809330+00:00,860.2,50,2026-10-05T23:19:16.799021+00:00,643.2,72,,sold,45,33,187,2111,0,1,49.5,-3.0,,15.0,15,38.5,864.2,11.5,2714.21,2714.24,0.0011,-0.0192,-0.0328,0.0245,4,4,win,1208.05,0.0,2352.05,79.86
KXPLATINUM15M-26OCT051930-30,PLATINUM,commodity,PAPER,1,YES,2026-10-05T23:15:29.878472+00:00,870.1,48,2026-10-05T23:19:38.800091+00:00,621.2,74,,sold,45,32,228,-6056,0,3,46.5,,,1.0,7,,,,,,,,,0.0529,3,3,win,,,,
KXBTC15M-26OCT051930-30,BTC,crypto,PAPER,1,YES,2026-10-05T23:15:38.813625+00:00,861.2,49,2026-10-05T23:21:21.800912+00:00,518.2,72,,sold,40,33,197,2308,0,1,48.5,4.0,,13.0,19,54.5,869.2,4.5,85869.77,85868.65,0.0013,0.0257,0.0333,0.0333,3,3,win,0.0,4287.83,1132.02,10364.44
KXDOGE15M-26OCT051930-30,DOGE,crypto,PAPER,1,YES,2026-10-05T23:15:14.076019+00:00,885.9,48,2026-10-05T23:25:43.799529+00:00,256.2,72,,sold,22,33,207,2515,0,1,47.5,,,1.0,10,,,,0.0955,0.0956,-0.0481,-0.0105,-0.0732,-0.0523,0,0,win,,,,
KXXRP15M-26OCT051930-30,XRP,crypto,PAPER,1,NO,2026-10-05T23:15:29.854368+00:00,870.2,48,,,0,yes,settled,0,18,-498,2017,0,1,47.5,,,4.5,9,,,,1.5096,1.5089,-0.0464,-0.0663,-0.0729,0.0529,1,1,win,,,,
KXWTI15M-26OCT051930-30,WTI,commodity,PAPER,1,YES,2026-10-05T23:15:21.806255+00:00,878.2,50,,,0,no,settled,0,18,-518,-6574,0,1,49.5,,,0.5,8,50.0,883.2,0.0,,,,,,0.017,1,0,win,110.0,274.0,352.25,281.25
KXCOPPER15M-26OCT051930-30,COPPER,commodity,PAPER,1,NO,2026-10-05T23:15:24.530412+00:00,875.5,49,,,0,yes,settled,0,18,-508,-7082,0,3,47.5,,,3.0,7,,,,,,,,,0.0447,2,1,win,,,,
KXSILVER15M-26OCT051930-30,SILVER,commodity,PAPER,1,NO,2026-10-05T23:16:37.812087+00:00,802.2,48,,,0,yes,settled,0,18,-498,-7580,1,2,47.0,3.5,1.5,3.5,50,45.5,864.2,4.5,,,,,,-0.04,4,4,loss,194.03,0.0,2324.03,2377.49
KXPALLADIUM15M-26OCT051930-30,PALLADIUM,commodity,PAPER,1,YES,2026-10-05T23:20:53.821643+00:00,546.2,49,,,0,no,settled,1,18,-508,-8088,5,5,46.5,14.5,14.5,14.5,17,53.0,864.2,3.0,,,,,,0.0369,4,5,loss,5.0,0.0,245.0,19.26
KXGOLD15M-26OCT051930-30,GOLD,commodity,PAPER,1,NO,2026-10-05T23:15:29.867596+00:00,870.1,48,,,0,yes,settled,0,18,-498,-8586,0,1,47.5,,,6.5,10,,,,,,,,,0.0529,2,2,win,,,,
KXXRP15M-26OCT051945-45,XRP,crypto,PAPER,1,NO,2026-10-05T23:30:40.807686+00:00,859.2,48,2026-10-05T23:32:24.817758+00:00,755.2,72,,sold,44,33,207,2224,0,1,47.5,-12.0,,14.0,12,46.5,866.2,3.5,1.5104,1.5103,-0.0066,-0.0132,-0.0331,0.0037,3,3,loss,407.5,25.0,558.04,1218.0
KXDOGE15M-26OCT051945-45,DOGE,crypto,PAPER,1,NO,2026-10-05T23:30:38.808629+00:00,861.2,48,2026-10-05T23:32:43.800050+00:00,736.2,72,,sold,47,33,207,2431,0,1,47.5,-7.0,,7.0,5,47.5,861.2,2.5,,,,,,0.0037,2,2,win,821.17,191.74,1144.18,287.69
KXGOLD15M-26OCT051945-45,GOLD,commodity,PAPER,1,NO,2026-10-05T23:34:00.179526+00:00,659.8,48,2026-10-05T23:37:37.798329+00:00,442.2,72,,sold,40,33,207,-8379,4,1,47.5,0.0,-4.0,8.0,59,61.5,882.2,11.5,,,,,,-0.0104,2,2,loss,0.0,4131.0,0.0,7388.75
KXPLATINUM15M-26OCT051945-45,PLATINUM,commodity,PAPER,1,NO,2026-10-05T23:37:31.811884+00:00,448.2,48,2026-10-05T23:42:33.799786+00:00,146.2,74,,sold,25,32,228,-8151,7,5,45.5,16.0,19.0,19.0,50,59.5,860.2,9.5,,,,,,-0.0239,5,5,win,274.0,0.0,684.0,480.0
KXCOPPER15M-26OCT051945-45,COPPER,commodity,PAPER,1,NO,2026-10-05T23:30:11.916700+00:00,888.1,51,2026-10-05T23:42:45.799459+00:00,134.2,72,,sold,31,33,177,-7974,0,3,49.5,,,1.0,4,,,,,,,,,0.0034,5,0,win,,,,
KXSOL15M-26OCT051945-45,SOL,crypto,PAPER,1,YES,2026-10-05T23:30:27.744524+00:00,872.3,49,,,0,no,settled,0,18,-508,1923,0,1,48.5,,,3.0,5,,,,120.83,120.8158,0.0118,0.0166,0.0083,0.0,0,0,win,,,,
KXETH15M-26OCT051945-45,ETH,crypto,PAPER,1,YES,2026-10-05T23:30:32.881668+00:00,867.1,48,,,0,no,settled,0,18,-498,1425,0,1,47.5,0.0,,0.0,5,,,,2715.77,2715.65,0.0044,0.0133,0.0055,0.0037,1,1,win,,,,
KXBTC15M-26OCT051945-45,BTC,crypto,PAPER,1,YES,2026-10-05T23:30:43.119564+00:00,856.9,48,,,0,no,settled,0,18,-498,927,0,1,47.5,0.0,,1.0,5,,,,85918.79,85917.79,0.0012,0.0037,0.0037,0.0037,4,4,win,,,,
KXSILVER15M-26OCT051945-45,SILVER,commodity,PAPER,1,YES,2026-10-05T23:34:10.812407+00:00,649.2,48,,,0,no,settled,0,18,-498,-8472,4,1,47.5,7.5,14.0,14.0,55,43.5,893.2,6.5,,,,,,-0.0012,4,4,loss,372.13,0.0,568.86,0.0
KXWTI15M-26OCT051945-45,WTI,commodity,PAPER,1,NO,2026-10-05T23:30:17.384095+00:00,882.6,50,,,0,yes,settled,1,18,-518,-8990,0,1,49.5,,,0.5,5,,,,,,,,,0.002,6,1,win,,,,
KXPALLADIUM15M-26OCT051945-45,PALLADIUM,commodity,PAPER,1,YES,2026-10-05T23:34:05.807013+00:00,654.2,48,,,0,no,settled,0,18,-498,-9488,4,4,46.0,-3.5,6.5,10.0,37,29.5,861.2,20.5,,,,,,-0.0012,3,3,loss,30.0,0.0,79.0,1.01
KXGOLD15M-26OCT052000-00,GOLD,commodity,PAPER,1,NO,2026-10-05T23:45:45.811866+00:00,854.2,50,2026-10-05T23:48:01.799212+00:00,718.2,72,,sold,49,33,187,-9301,0,1,49.5,-8.0,,8.0,7,49.5,854.2,0.5,,,,,,-0.0565,2,2,win,943.41,1667.14,8392.24,8953.14
KXPALLADIUM15M-26OCT052000-00,PALLADIUM,commodity,PAPER,1,NO,2026-10-05T23:45:24.809003+00:00,875.2,48,2026-10-05T23:53:13.800079+00:00,406.2,73,,sold,33,32,218,-9083,0,3,46.5,,,3.0,2,46.5,875.2,3.5,,,,,,-0.0574,4,1,loss,29.33,0.1,88.33,1.2
KXCOPPER15M-26OCT052000-00,COPPER,commodity,PAPER,1,YES,2026-10-05T23:46:05.819434+00:00,834.2,50,2026-10-05T23:55:18.800996+00:00,281.2,73,,sold,15,32,198,-8885,1,3,48.5,6.5,7.5,9.5,48,41.5,880.2,8.5,,,,,,-0.0781,3,3,win,0.0,0.0,754.63,254.0
KXSOL15M-26OCT052000-00,SOL,crypto,PAPER,1,YES,2026-10-05T23:52:08.821945+00:00,471.2,50,2026-10-05T23:58:31.801236+00:00,88.2,73,,sold,17,32,198,1125,7,1,49.5,24.0,29.0,31.5,60,32.5,869.2,17.5,120.76,120.7687,-0.0072,0.0663,0.0995,0.0842,0,0,loss,367.0,0.0,1098.0,0.0
KXPLATINUM15M-26OCT052000-00,PLATINUM,commodity,PAPER,1,YES,2026-10-05T23:45:24.599004+00:00,875.4,48,2026-10-05T23:59:15.804913+00:00,44.2,72,,sold,20,33,207,-8678,0,4,46.0,,,3.5,4,,,,,,,,,-0.0574,3,0,win,,,,
KXWTI15M-26OCT052015-15,WTI,commodity,PAPER,1,YES,2026-10-06T00:00:22.443985+00:00,877.6,50,2026-10-06T00:02:31.797559+00:00,748.2,73,,sold,50,32,198,-8480,0,2,49.0,,,10.0,7,,,,,,,,,-0.0026,1,1,loss,,,,
KXETH15M-26OCT052015-15,ETH,crypto,PAPER,1,YES,2026-10-06T00:00:35.814934+00:00,864.2,48,2026-10-06T00:03:14.798959+00:00,705.2,72,,sold,46,33,207,1332,0,1,47.5,3.0,,3.5,30,45.5,882.2,4.5,2710.0,2710.59,-0.0218,0.0059,-0.0122,-0.0026,1,1,loss,143.0,15.0,1955.01,1622.0
KXSILVER15M-26OCT052015-15,SILVER,commodity,PAPER,1,NO,2026-10-06T00:04:50.810731+00:00,609.2,49,2026-10-06T00:06:47.798044+00:00,492.2,73,,sold,39,32,208,-8272,4,1,48.5,12.5,6.0,15.0,59,45.5,887.2,4.5,,,,,,-0.0474,1,2,loss,100.0,0.0,2391.0,0.0
KXCOPPER15M-26OCT052015-15,COPPER,commodity,PAPER,1,YES,2026-10-06T00:06:01.820518+00:00,538.2,50,2026-10-06T00:08:43.797845+00:00,376.2,80,,sold,27,30,270,-8002,6,1,49.5,-45.0,-36.0,46.0,49,71.5,861.2,21.5,,,,,,0.0073,4,5,win,0.0,449.0,0.0,652.0
KXXRP15M-26OCT052015-15,XRP,crypto,PAPER,1,YES,2026-10-06T00:00:34.809160+00:00,865.2,48,2026-10-06T00:10:22.798758+00:00,277.2,73,,sold,18,32,218,1550,0,1,47.5,-2.0,,11.5,12,47.5,865.2,2.5,1.5075,1.5077,-0.0133,0.0,-0.0133,-0.0026,0,0,win,420.0,102.6,697.97,634.1
KXPALLADIUM15M-26OCT052015-15,PALLADIUM,commodity,PAPER,1,YES,2026-10-06T00:06:01.807397+00:00,538.2,48,2026-10-06T00:12:00.797692+00:00,179.2,73,,sold,36,32,218,-7784,6,4,46.0,-24.5,-20.0,28.0,32,64.5,871.2,14.5,,,,,,0.0073,3,4,win,0.0,45.0,1.0,47.0
KXSOL15M-26OCT052015-15,SOL,crypto,PAPER,1,NO,2026-10-06T00:01:08.809242+00:00,831.2,48,,,0,yes,settled,0,18,-498,1052,1,2,47.0,4.5,2.5,5.5,43,43.5,871.2,6.5,120.79,120.7718,-0.0151,-0.0,-0.0083,0.0291,3,3,win,42.0,0.0,609.77,434.96
KXBTC15M-26OCT052015-15,BTC,crypto,PAPER,1,NO,2026-10-06T00:00:45.809073+00:00,854.2,49,,,0,yes,settled,0,18,-508,544,0,1,48.5,-6.0,,6.0,29,54.5,871.2,4.5,85778.09,85776.0,-0.0024,-0.0153,-0.0127,0.0127,2,2,loss,0.0,6599.47,0.0,10835.72
KXGOLD15M-26OCT052015-15,GOLD,commodity,PAPER,1,NO,2026-10-06T00:00:17.356368+00:00,882.7,48,,,0,yes,settled,0,18,-498,-8282,0,1,47.5,,,11.0,11,,,,,,,,,-0.0155,0,0,win,,,,
KXPLATINUM15M-26OCT052015-15,PLATINUM,commodity,PAPER,1,NO,2026-10-06T00:05:49.814591+00:00,550.2,49,,,0,yes,settled,1,18,-508,-8790,5,3,47.5,11.5,9.0,13.0,56,23.5,871.2,26.5,,,,,,-0.0055,2,3,win,410.0,0.0,660.0,0.0
KXSOL15M-26OCT052030-30,SOL,crypto,PAPER,1,YES,2026-10-06T00:15:56.811192+00:00,843.2,48,2026-10-06T00:17:01.798357+00:00,778.2,72,,sold,47,33,207,751,0,1,47.5,4.0,,11.0,35,43.5,873.2,6.5,120.86,120.8917,-0.0262,0.0083,0.0414,0.0637,3,3,loss,386.0,20.0,1180.0,35.0
KXBTC15M-26OCT052030-30,BTC,crypto,PAPER,1,YES,2026-10-06T00:15:42.810820+00:00,857.2,50,2026-10-06T00:17:08.799417+00:00,771.2,72,,sold,49,33,187,938,0,1,49.5,15.0,,15.0,6,49.5,857.2,0.5,85845.46,85845.19,0.0003,0.0086,0.0209,0.0209,2,2,loss,574.19,5678.44,2844.25,9153.04
KXSILVER15M-26OCT052030-30,SILVER,commodity,PAPER,1,YES,2026-10-06T00:15:49.820104+00:00,850.2,48,2026-10-06T00:17:42.798836+00:00,737.2,72,,sold,43,33,207,-8583,0,1,47.5,-7.0,,13.0,8,44.5,852.2,5.5,,,,,,0.0226,1,1,win,384.0,2110.0,496.49,2641.0
KXWTI15M-26OCT052030-30,WTI,commodity,PAPER,1,YES,2026-10-06T00:15:57.808598+00:00,842.2,48,2026-10-06T00:21:21.800350+00:00,518.2,74,,sold,43,32,228,-8355,0,1,47.5,4.5,,9.0,20,40.5,857.2,9.5,,,,,,0.0638,2,2,win,19.0,335.0,2822.0,2659.75
KXDOGE15M-26OCT052030-30,DOGE,crypto,PAPER,1,YES,2026-10-06T00:15:06.811506+00:00,893.2,48,2026-10-06T00:24:07.802183+00:00,352.2,77,,sold,25,31,259,1197,0,1,47.5,,,7.0,6,45.5,894.2,4.5,,,,-0.0629,-0.0524,-0.0245,1,0,win,63.75,104.0,775.75,192.0
KXETH15M-26OCT052030-30,ETH,crypto,PAPER,1,NO,2026-10-06T00:15:56.821842+00:00,843.2,49,2026-10-06T00:26:09.802332+00:00,230.2,72,,sold,7,33,197,1394,0,1,48.5,-16.0,,16.0,25,54.5,862.2,4.5,2713.6,2713.86,0.0096,-0.0037,-0.0291,0.0637,4,4,win,9.0,734.0,345.0,2567.32
KXXRP15M-26OCT052030-30,XRP,crypto,PAPER,1,NO,2026-10-06T00:15:33.808545+00:00,866.2,49,,,0,yes,settled,1,18,-508,886,0,1,48.5,-10.0,,13.0,7,45.5,868.2,4.5,1.5087,1.5083,-0.0265,-0.0464,0.0066,-0.0002,1,1,win,74.0,0.0,754.5,219.0
KXGOLD15M-26OCT052030-30,GOLD,commodity,PAPER,1,NO,2026-10-06T00:15:26.807652+00:00,873.2,49,,,0,yes,settled,0,18,-508,-8863,0,1,48.5,,,6.0,6,48.5,873.2,1.5,,,,,,-0.0002,1,0,loss,597.0,3256.0,6569.18,8446.0
KXCOPPER15M-26OCT052045-45,COPPER,commodity,PAPER,1,YES,2026-10-06T00:30:46.822024+00:00,853.2,50,2026-10-06T00:31:26.799131+00:00,813.2,79,,sold,48,30,260,-8603,0,2,49.0,4.0,,9.5,15,49.0,853.2,1.0,,,,,,0.0235,0,0,win,119.03,244.0,479.09,544.0
KXSILVER15M-26OCT052045-45,SILVER,commodity,PAPER,1,YES,2026-10-06T00:31:25.810282+00:00,814.2,48,2026-10-06T00:33:21.799731+00:00,698.2,73,,sold,44,32,218,-8385,1,1,47.5,18.0,11.0,25.0,59,34.5,878.2,15.5,,,,,,0.0849,3,3,win,81.0,0.0,660.0,0.0
KXXRP15M-26OCT052045-45,XRP,crypto,PAPER,1,NO,2026-10-06T00:30:38.813843+00:00,861.2,49,2026-10-06T00:34:59.799822+00:00,600.2,73,,sold,30,32,208,1094,0,1,48.5,-12.0,,22.0,39,64.0,884.2,14.0,1.5088,1.5084,-0.0265,-0.0663,-0.0464,0.0313,2,2,loss,0.0,10.0,70.5,42.0
KXGOLD15M-26OCT052045-45,GOLD,commodity,PAPER,1,NO,2026-10-06T00:31:11.811311+00:00,828.2,50,2026-10-06T00:36:27.799676+00:00,512.2,74,,sold,18,32,208,-8177,1,2,49.0,-25.5,-5.5,25.5,61,60.5,884.2,10.5,,,,,,0.0696,1,1,loss,0.0,2025.0,0.0,9256.0
KXDOGE15M-26OCT052045-45,DOGE,crypto,PAPER,1,NO,2026-10-06T00:34:12.808626+00:00,647.2,50,2026-10-06T00:36:47.799350+00:00,492.2,73,,sold,33,32,198,1292,4,2,49.0,28.5,30.0,32.5,59,32.5,858.2,17.5,0.0953,0.0953,0.0483,0.1154,0.1154,-0.0881,4,4,win,37.0,0.0,720.75,0.0
KXBTC15M-26OCT052045-45,BTC,crypto,PAPER,1,NO,2026-10-06T00:30:36.820550+00:00,863.2,49,2026-10-06T00:37:21.809079+00:00,458.2,72,,sold,26,33,197,1489,0,1,48.5,-6.0,,15.0,26,59.5,873.2,9.5,85830.35,85828.14,-0.0026,-0.033,-0.0121,0.0121,0,0,win,0.0,5719.79,0.0,9962.76
KXETH15M-26OCT052045-45,ETH,crypto,PAPER,1,NO,2026-10-06T00:34:02.825393+00:00,657.2,49,2026-10-06T00:38:08.807774+00:00,411.2,74,,sold,42,32,218,1707,4,1,48.5,24.0,28.0,29.0,60,44.5,863.2,5.5,2713.53,2713.18,-0.0129,0.0589,0.0637,-0.0528,3,3,win,109.0,0.0,1261.0,0.0
KXSOL15M-26OCT052045-45,SOL,crypto,PAPER,1,YES,2026-10-06T00:30:37.813718+00:00,862.2,48,2026-10-06T00:43:39.802315+00:00,80.2,76,,sold,25,31,249,1956,0,1,47.5,6.0,,10.0,22,39.5,868.2,10.5,120.81,120.8587,-0.0403,0.0083,-0.0166,0.0149,1,1,win,16.0,0.0,793.0,455.0
KXPALLADIUM15M-26OCT052045-45,PALLADIUM,commodity,PAPER,1,YES,2026-10-06T00:31:14.807315+00:00,825.2,48,,,0,no,settled,0,18,-498,-8675,1,5,45.5,9.5,2.0,10.0,25,40.0,863.2,10.0,,,,,,0.0587,2,2,win,31.0,0.0,271.0,5.0
KXETH15M-26OCT061800-00,ETH,crypto,PAPER,1,YES,2026-10-06T21:52:45.639414+00:00,434.4,48,2026-10-06T21:57:54.739149+00:00,125.3,74,,sold,15,32,228,228,7,1,47.5,,,1.0,3,46.5,445.3,3.5,2696.53,2696.62,-0.0033,,,,0,0,none yet,320.0,33.0,1415.0,1117.0
KXXRP15M-26OCT061815-15,XRP,crypto,PAPER,1,YES,2026-10-06T22:01:31.741304+00:00,808.3,48,2026-10-06T22:03:26.740258+00:00,693.3,73,,sold,34,32,218,446,1,1,47.5,-23.0,-17.0,27.0,61,56.5,877.3,6.5,1.4997,1.5003,-0.04,-0.0467,-0.04,-0.0244,4,4,none yet,0.0,56.0,8.0,275.0
KXETH15M-26OCT061815-15,ETH,crypto,PAPER,1,YES,2026-10-06T22:00:32.740983+00:00,867.3,48,2026-10-06T22:03:49.740124+00:00,670.3,74,,sold,34,32,228,674,0,1,47.5,4.0,,4.0,27,45.5,882.3,4.5,2697.89,2697.58,0.0115,0.0015,0.0059,0.0009,3,3,win,73.0,37.89,701.11,1213.89
KXDOGE15M-26OCT061815-15,DOGE,crypto,PAPER,1,YES,2026-10-06T22:00:11.803778+00:00,888.2,48,2026-10-06T22:04:05.739045+00:00,654.3,74,,sold,35,32,228,902,0,1,47.5,,,6.5,10,47.5,888.2,2.5,,,,,,-0.0061,0,0,none yet,,,,
KXBTC15M-26OCT061815-15,BTC,crypto,PAPER,1,NO,2026-10-06T22:00:22.396146+00:00,877.6,48,2026-10-06T22:12:56.739946+00:00,123.3,72,,sold,10,33,207,1109,0,1,47.5,,,2.0,11,,,,85606.8,85605.76,-0.0012,0.0092,0.0023,-0.0023,1,1,none yet,,,,
KXSOL15M-26OCT061815-15,SOL,crypto,PAPER,1,NO,2026-10-06T22:00:22.398221+00:00,877.6,49,,,0,yes,settled,0,18,-508,601,0,1,48.5,,,2.0,10,,,,121.01,121.0087,-0.0011,-0.0083,-0.0083,-0.0023,2,2,none yet,,,,
KXWTI15M-26OCT061815-15,WTI,commodity,PAPER,1,NO,2026-10-06T22:00:58.741230+00:00,841.3,48,,,0,yes,settled,0,18,-498,-498,0,2,47.0,6.5,,19.0,32,43.0,861.3,7.0,,,,,,-0.0023,0,0,none yet,55.0,0.0,61.0,22.54
KXDOGE15M-26OCT061830-30,DOGE,crypto,PAPER,1,NO,2026-10-06T22:15:14.740700+00:00,885.3,50,2026-10-06T22:16:40.740990+00:00,799.3,73,,sold,49,32,198,799,0,1,49.5,,,8.0,11,53.5,896.3,3.5,,,,-0.0214,-0.0,-0.0068,1,0,win,0.0,18.0,197.5,329.0
KXXRP15M-26OCT061830-30,XRP,crypto,PAPER,1,YES,2026-10-06T22:15:23.958453+00:00,876.0,50,2026-10-06T22:20:41.740633+00:00,558.3,72,,sold,31,33,187,986,0,1,49.5,,,,0,,,,1.4998,1.5005,-0.0467,-0.0133,-0.0267,-0.0166,2,2,win,,,,
KXBTC15M-26OCT061830-30,BTC,crypto,PAPER,1,YES,2026-10-06T22:19:05.742133+00:00,654.3,48,2026-10-06T22:20:49.741270+00:00,550.3,74,,sold,45,32,228,1214,4,1,47.5,9.0,16.0,21.0,60,32.5,865.3,17.5,85562.8,85579.58,-0.0196,0.0251,0.0262,0.0262,2,3,win,0.0,0.0,6414.91,0.0
KXCOPPER15M-26OCT061830-30,COPPER,commodity,PAPER,1,YES,2026-10-06T22:15:24.740272+00:00,875.3,49,2026-10-06T22:23:58.739803+00:00,361.3,73,,sold,43,32,208,-290,0,4,47.0,,,0.0,1,47.0,875.3,3.0,,,,,,-0.0166,2,1,none yet,101.0,101.0,306.75,307.25
KXETH15M-26OCT061830-30,ETH,crypto,PAPER,1,NO,2026-10-06T22:15:18.849073+00:00,881.2,52,2026-10-06T22:25:03.740937+00:00,296.3,72,,sold,29,33,167,1381,0,5,49.5,,,,0,,,,2696.83,2697.12,0.0108,-0.0059,0.0059,-0.0068,1,1,win,,,,
KXGOLD15M-26OCT061830-30,GOLD,commodity,PAPER,1,YES,2026-10-06T22:15:29.113434+00:00,870.9,50,2026-10-06T22:25:56.740771+00:00,243.3,72,,sold,42,33,187,-103,0,1,49.5,,,,0,,,,,,,,,-0.022,2,2,none yet,,,,
KXPLATINUM15M-26OCT061830-30,PLATINUM,commodity,PAPER,1,YES,2026-10-06T22:16:00.740735+00:00,839.3,49,2026-10-06T22:27:01.739008+00:00,178.3,72,,sold,46,33,197,94,1,3,47.5,,,10.5,18,46.5,860.3,3.5,,,,,,-0.026,4,4,none yet,22.0,22.0,113.0,209.75
KXWTI15M-26OCT061830-30,WTI,commodity,PAPER,1,NO,2026-10-06T22:15:29.114266+00:00,870.9,50,,,0,yes,settled,0,18,-518,-424,0,5,47.5,,,,0,,,,,,,,,-0.022,3,3,loss,,,,
KXSILVER15M-26OCT061830-30,SILVER,commodity,PAPER,1,YES,2026-10-06T22:15:18.849801+00:00,881.2,49,,,0,no,settled,0,18,-508,-932,0,1,48.5,,,,0,,,,,,,,,-0.0068,1,0,none yet,,,,
KXSILVER15M-26OCT061845-45,SILVER,commodity,PAPER,1,NO,2026-10-06T22:30:09.056698+00:00,890.9,49,2026-10-06T22:34:49.739212+00:00,610.3,72,,sold,45,33,197,-735,0,1,48.5,,,3.0,2,,,,,,,,,-0.0115,2,0,none yet,,,,
KXDOGE15M-26OCT061845-45,DOGE,crypto,PAPER,1,NO,2026-10-06T22:30:19.486972+00:00,880.5,48,2026-10-06T22:39:24.739749+00:00,335.3,72,,sold,32,33,207,1588,0,1,47.5,,,4.0,5,,,,,,,,,-0.005,1,1,win,,,,
KXXRP15M-26OCT061845-45,XRP,crypto,PAPER,1,NO,2026-10-06T22:30:24.587904+00:00,875.4,48,,,0,yes,settled,0,18,-498,1090,0,1,47.5,,,9.0,5,,,,1.4993,1.4996,0.02,-0.02,-0.0267,0.0125,2,2,win,,,,
KXBTC15M-26OCT061845-45,BTC,crypto,PAPER,1,NO,2026-10-06T22:30:34.799890+00:00,865.2,50,,,0,yes,settled,0,18,-518,572,0,1,49.5,-9.0,,9.0,5,,,,85489.55,85492.63,0.0036,-0.0241,-0.0189,0.0189,4,4,win,,,,
KXETH15M-26OCT061845-45,ETH,crypto,PAPER,1,NO,2026-10-06T22:30:13.741098+00:00,886.3,48,,,0,yes,settled,0,18,-498,74,0,1,47.5,,,11.0,10,55.5,890.3,5.5,2695.32,2695.58,0.0096,-0.0045,0.007,-0.005,0,0,win,0.0,151.0,663.5,1274.0
KXSOL15M-26OCT061845-45,SOL,crypto,PAPER,1,YES,2026-10-06T22:30:29.693731+00:00,870.3,49,,,0,no,settled,0,18,-508,-434,0,1,48.5,,,3.0,5,,,,,,,,,0.0189,3,3,loss,,,,
KXWTI15M-26OCT061845-45,WTI,commodity,PAPER,1,YES,2026-10-06T22:30:19.488097+00:00,880.5,50,,,0,no,settled,0,18,-518,-1253,0,2,49.0,,,2.5,4,,,,,,,,,-0.005,3,1,loss,,,,
KXPLATINUM15M-26OCT061845-45,PLATINUM,commodity,PAPER,1,YES,2026-10-06T22:31:53.742983+00:00,786.3,48,,,0,no,settled,0,18,-498,-1751,1,4,46.0,0.0,0.5,2.0,33,54.0,869.3,4.0,,,,,,0.0305,3,3,win,0.0,224.0,44.0,253.25
KXCOPPER15M-26OCT061845-45,COPPER,commodity,PAPER,1,YES,2026-10-06T22:30:45.270350+00:00,854.7,50,,,0,no,settled,0,18,-518,-2269,0,2,49.0,0.0,,0.5,2,,,,,,,,,0.0359,2,2,win,,,,
KXPLATINUM15M-26OCT061900-00,PLATINUM,commodity,PAPER,1,YES,2026-10-06T22:45:42.743709+00:00,857.3,50,2026-10-06T22:49:57.741340+00:00,602.3,74,,sold,44,32,208,-2061,0,4,48.0,3.0,,14.0,40,40.0,894.3,10.0,,,,,,0.0257,5,5,loss,6.75,5.0,186.85,198.0
KXSOL15M-26OCT061900-00,SOL,crypto,PAPER,1,NO,2026-10-06T22:45:36.312593+00:00,863.7,50,2026-10-06T22:51:32.740188+00:00,507.3,72,,sold,43,33,187,-247,0,2,49.0,0.0,,4.5,5,,,,121.07,121.0848,0.0122,0.0165,-0.0,0.0239,1,1,loss,,,,
KXCOPPER15M-26OCT061900-00,COPPER,commodity,PAPER,1,YES,2026-10-06T22:45:36.316288+00:00,863.7,48,2026-10-06T22:51:51.740514+00:00,488.3,72,,sold,30,33,207,-1854,0,4,46.0,0.0,,4.0,4,,,,,,,,,0.0239,3,3,loss,,,,
KXDOGE15M-26OCT061900-00,DOGE,crypto,PAPER,1,NO,2026-10-06T22:45:36.314565+00:00,863.7,50,2026-10-06T22:52:04.741117+00:00,475.3,74,,sold,41,32,208,-39,0,2,49.0,0.0,,1.0,5,,,,0.0934,0.0934,0.0278,0.0107,-0.0,0.0239,2,2,win,,,,
KXETH15M-26OCT061900-00,ETH,crypto,PAPER,1,YES,2026-10-06T22:45:41.591672+00:00,858.4,50,2026-10-06T22:52:57.740837+00:00,422.3,72,,sold,49,33,187,148,0,1,49.5,0.0,,1.0,5,,,,2696.2,2696.43,-0.0085,-0.0026,-0.003,0.0257,3,3,loss,,,,
KXXRP15M-26OCT061900-00,XRP,crypto,PAPER,1,NO,2026-10-06T22:45:20.983835+00:00,879.0,48,2026-10-06T22:53:27.742800+00:00,392.3,72,,sold,35,33,207,355,0,1,47.5,,,3.0,5,,,,1.4994,1.5,0.04,-0.0067,0.0067,0.0217,0,0,loss,,,,
KXBTC15M-26OCT061900-00,BTC,crypto,PAPER,1,NO,2026-10-06T22:53:36.746413+00:00,383.3,49,2026-10-06T22:58:37.742451+00:00,82.3,74,,sold,32,32,218,573,8,1,48.5,23.0,29.0,29.0,61,40.5,878.3,9.5,85551.33,85546.13,-0.0061,0.0216,0.0283,-0.0283,0,4,loss,895.05,0.0,1725.05,0.0
KXWTI15M-26OCT061900-00,WTI,commodity,PAPER,1,YES,2026-10-06T22:45:26.741605+00:00,873.3,49,2026-10-06T22:59:12.739378+00:00,47.3,76,,sold,14,31,239,-1615,0,1,48.5,,,1.5,5,48.5,873.3,1.5,,,,,,0.0217,3,1,loss,2168.02,15.75,3160.56,1335.75
KXGOLD15M-26OCT061900-00,GOLD,commodity,PAPER,1,YES,2026-10-06T22:45:26.092935+00:00,873.9,50,,,100,yes,settled,1,18,482,-1133,0,1,49.5,,,2.0,5,,,,,,,,,0.0217,3,0,win,,,,
KXSILVER15M-26OCT061900-00,SILVER,commodity,PAPER,1,YES,2026-10-06T22:45:31.167438+00:00,868.8,49,,,0,no,settled,0,18,-508,-1641,0,1,48.5,-1.5,,2.0,4,,,,,,,,,0.0217,2,2,win,,,,
KXPALLADIUM15M-26OCT061900-00,PALLADIUM,commodity,PAPER,1,YES,2026-10-06T22:45:37.741486+00:00,862.3,49,,,0,no,settled,0,18,-508,-2149,0,3,47.5,-2.5,,2.5,4,49.5,863.3,0.5,,,,,,0.0242,4,4,none yet,49.1,5.0,279.1,103.0
KXDOGE15M-26OCT061915-15,DOGE,crypto,PAPER,1,YES,2026-10-06T23:00:33.129839+00:00,866.9,50,2026-10-06T23:01:05.741792+00:00,834.3,75,,sold,49,32,218,791,0,1,49.5,0.0,,0.0,11,,,,,,,,,0.0,3,3,win,,,,
KXETH15M-26OCT061915-15,ETH,crypto,PAPER,1,YES,2026-10-06T23:00:12.232404+00:00,887.8,49,2026-10-06T23:01:43.740693+00:00,796.3,72,,sold,47,33,197,988,0,1,48.5,,,3.5,11,,,,2696.25,2696.57,-0.0119,-0.0007,-0.0033,-0.0,0,0,win,,,,
KXPLATINUM15M-26OCT061915-15,PLATINUM,commodity,PAPER,1,YES,2026-10-06T23:00:33.742738+00:00,866.3,48,2026-10-06T23:01:55.740026+00:00,784.3,72,,sold,40,33,207,-1942,0,5,45.5,-4.5,,11.5,11,45.0,871.3,5.0,,,,,,-0.0,1,1,win,185.0,5.0,1507.85,202.0
KXSILVER15M-26OCT061915-15,SILVER,commodity,PAPER,1,YES,2026-10-06T23:00:45.743098+00:00,854.3,48,2026-10-06T23:02:32.741364+00:00,747.3,73,,sold,45,32,218,-1724,0,1,47.5,-7.0,,13.0,18,43.5,861.3,6.5,,,,,,0.0,2,2,loss,2260.0,360.99,2960.0,1097.99
KXWTI15M-26OCT061915-15,WTI,commodity,PAPER,1,YES,2026-10-06T23:00:17.263180+00:00,882.7,48,2026-10-06T23:03:06.741114+00:00,713.3,73,,sold,41,32,218,-1506,0,2,47.0,,,5.5,8,,,,,,,,,-0.0,3,0,win,,,,
KXGOLD15M-26OCT061915-15,GOLD,commodity,PAPER,1,YES,2026-10-06T23:01:21.742729+00:00,818.3,50,2026-10-06T23:05:17.740824+00:00,582.3,74,,sold,38,32,208,-1298,1,1,49.5,4.0,12.0,15.0,61,36.5,882.3,13.5,,,,,,0.0234,4,4,win,3085.0,0.0,6203.5,0.0
KXSOL15M-26OCT061915-15,SOL,crypto,PAPER,1,NO,2026-10-06T23:00:17.260900+00:00,882.7,48,2026-10-06T23:06:41.739601+00:00,498.3,73,,sold,29,32,218,1206,0,1,47.5,,,1.5,10,,,,120.82,120.827,0.0058,-0.0,-0.0,-0.0,1,1,win,,,,
KXPALLADIUM15M-26OCT061915-15,PALLADIUM,commodity,PAPER,1,YES,2026-10-06T23:04:37.744554+00:00,622.3,48,2026-10-06T23:10:55.739912+00:00,244.3,72,,sold,25,33,207,-1091,4,1,47.5,8.0,-5.5,13.5,40,44.0,870.3,6.0,,,,,,-0.0036,2,5,loss,0.0,0.0,25.0,6.75
KXBTC15M-26OCT061915-15,BTC,crypto,PAPER,1,YES,2026-10-06T23:00:22.477874+00:00,877.5,50,,,0,no,settled,0,18,-518,688,0,1,49.5,,,1.0,11,,,,85527.22,85531.02,-0.0044,0.0,0.0,0.0,2,2,win,,,,
KXXRP15M-26OCT061915-15,XRP,crypto,PAPER,1,NO,2026-10-06T23:01:00.748100+00:00,839.3,50,,,0,yes,settled,0,18,-518,170,1,1,49.5,-5.0,,11.0,29,54.5,856.3,4.5,1.4976,1.4986,0.0667,-0.0,-0.0067,0.0151,4,4,win,12.0,154.0,28.66,576.0
KXCOPPER15M-26OCT061915-15,COPPER,commodity,PAPER,1,NO,2026-10-06T23:01:00.742291+00:00,839.3,50,,,0,yes,settled,1,18,-518,-1609,1,1,49.5,-0.5,,11.0,25,57.5,856.3,7.5,,,,,,0.015,3,3,win,100.0,205.0,401.0,408.0
KXCOPPER15M-26OCT061930-30,COPPER,commodity,PAPER,1,NO,2026-10-06T23:15:47.586242+00:00,852.4,48,2026-10-06T23:17:52.740249+00:00,727.3,72,,sold,8,33,207,-1402,0,3,46.5,0.0,,4.0,5,,,,,,,,,0.0004,3,3,loss,,,,
KXPALLADIUM15M-26OCT061930-30,PALLADIUM,commodity,PAPER,1,YES,2026-10-06T23:19:00.482184+00:00,659.5,48,2026-10-06T23:20:09.741415+00:00,590.3,73,,sold,45,32,218,-1184,4,2,47.0,0.0,0.0,2.0,14,45.0,865.3,5.0,,,,,,0.0041,3,4,win,130.0,150.01,205.0,220.01
KXXRP15M-26OCT061930-30,XRP,crypto,PAPER,1,YES,2026-10-06T23:15:16.492800+00:00,883.5,48,2026-10-06T23:21:29.740074+00:00,510.3,72,,sold,17,33,207,377,0,1,47.5,,,3.5,6,,,,1.4982,1.4988,-0.04,0.0134,-0.0067,-0.0048,0,0,loss,,,,
KXDOGE15M-26OCT061930-30,DOGE,crypto,PAPER,1,YES,2026-10-06T23:15:31.741870+00:00,868.3,49,2026-10-06T23:22:15.740400+00:00,464.3,72,,sold,31,33,197,574,0,2,48.0,2.5,,7.5,22,41.5,883.3,8.5,0.0934,0.0935,-0.015,0.0,0.0,-0.0048,2,2,win,35.27,87.5,909.27,385.5
KXBTC15M-26OCT061930-30,BTC,crypto,PAPER,1,YES,2026-10-06T23:15:37.262628+00:00,862.7,49,2026-10-06T23:22:15.742579+00:00,464.3,72,,sold,25,33,197,771,0,1,48.5,0.0,,1.0,6,,,,85482.49,85495.4,-0.0151,-0.0,0.0004,0.0004,4,4,loss,,,,
KXWTI15M-26OCT061930-30,WTI,commodity,PAPER,1,YES,2026-10-06T23:15:05.976580+00:00,894.0,50,2026-10-06T23:23:27.740129+00:00,392.3,72,,sold,29,33,187,-997,0,3,48.5,,,1.5,4,,,,,,,,,-0.006,2,1,win,,,,
KXSOL15M-26OCT061930-30,SOL,crypto,PAPER,1,YES,2026-10-06T23:15:22.743448+00:00,877.3,48,,,0,no,settled,0,18,-498,273,0,1,47.5,,,1.5,7,47.5,877.3,2.5,120.74,120.7583,-0.0152,-0.0083,-0.0166,-0.0048,1,1,win,73.0,10.0,962.0,740.16
KXETH15M-26OCT061930-30,ETH,crypto,PAPER,1,YES,2026-10-06T23:15:32.143876+00:00,867.9,48,,,0,no,settled,0,18,-498,-225,0,1,47.5,1.5,,3.5,6,,,,2697.87,2698.03,-0.0059,0.0048,0.0041,0.0011,3,3,win,,,,
KXPLATINUM15M-26OCT061930-30,PLATINUM,commodity,PAPER,1,NO,2026-10-06T23:15:32.742565+00:00,867.3,50,,,0,yes,settled,0,18,-518,-1515,0,2,49.0,-1.0,,3.0,7,49.0,867.3,1.0,,,,,,0.0004,2,2,win,5.0,207.0,25.1,423.75
KXGOLD15M-26OCT061930-30,GOLD,commodity,PAPER,1,NO,2026-10-06T23:15:05.973847+00:00,894.0,48,,,0,yes,settled,1,18,-498,-2013,0,1,47.5,,,5.0,6,,,,,,,,,-0.006,1,0,win,,,,
KXCOPPER15M-26OCT061945-45,COPPER,commodity,PAPER,1,NO,2026-10-06T23:31:08.743141+00:00,831.3,48,2026-10-06T23:35:00.739158+00:00,599.3,72,,sold,34,33,207,-1806,1,4,46.0,4.5,24.5,25.5,47,37.0,880.3,13.0,,,,,,0.018,2,2,win,292.0,301.0,572.0,510.75
KXPLATINUM15M-26OCT061945-45,PLATINUM,commodity,PAPER,1,NO,2026-10-06T23:31:13.743955+00:00,826.3,51,2026-10-06T23:35:21.746124+00:00,578.3,72,,sold,46,33,177,-1629,1,3,49.5,-11.5,-5.5,15.0,32,64.5,865.3,14.5,,,,,,0.0183,3,3,loss,31.0,271.0,243.0,476.75
KXWTI15M-26OCT061945-45,WTI,commodity,PAPER,1,YES,2026-10-06T23:30:39.123656+00:00,860.9,50,2026-10-06T23:36:35.740449+00:00,504.3,73,,sold,48,32,198,-1431,0,2,49.0,0.0,,1.0,6,,,,,,,,,-0.066,0,0,win,,,,
KXDOGE15M-26OCT061945-45,DOGE,crypto,PAPER,1,YES,2026-10-06T23:30:48.747510+00:00,851.3,48,2026-10-06T23:36:46.739870+00:00,493.3,76,,sold,27,31,249,24,0,1,47.5,-6.0,,31.0,40,43.5,880.3,6.5,,,,,,-0.0661,0,0,win,13.01,0.0,264.52,175.0
KXBTC15M-26OCT061945-45,BTC,crypto,PAPER,1,YES,2026-10-06T23:38:17.744460+00:00,402.3,48,2026-10-06T23:41:07.741494+00:00,232.3,74,,sold,39,32,228,252,8,1,47.5,8.0,21.0,22.0,61,40.5,865.3,9.5,85481.88,85481.41,0.0005,0.0182,0.0479,0.0479,0,1,win,7792.92,0.0,19128.43,0.0
KXETH15M-26OCT061945-45,ETH,crypto,PAPER,1,YES,2026-10-06T23:38:39.744656+00:00,380.3,48,2026-10-06T23:41:12.739924+00:00,227.3,73,,sold,36,32,218,470,8,1,47.5,17.0,22.0,23.0,59,37.5,870.3,12.5,2697.06,2697.63,-0.0211,0.0148,0.0248,0.0324,1,2,loss,22.78,0.0,122.78,0.0
KXSILVER15M-26OCT061945-45,SILVER,commodity,PAPER,1,YES,2026-10-06T23:31:21.744086+00:00,818.3,48,,,0,no,settled,0,18,-498,-1929,1,1,47.5,7.0,6.0,18.0,57,46.5,886.3,3.5,,,,,,0.0182,4,4,win,182.78,0.0,957.78,0.0
KXGOLD15M-26OCT061945-45,GOLD,commodity,PAPER,1,YES,2026-10-06T23:30:40.742637+00:00,859.3,48,,,0,no,settled,0,18,-498,-2427,0,1,47.5,-1.0,,4.5,12,46.5,860.3,3.5,,,,,,-0.0661,1,1,loss,67.06,2209.2,7720.9,10262.2
KXSILVER15M-26OCT062000-00,SILVER,commodity,PAPER,1,NO,2026-10-06T23:45:34.742975+00:00,865.3,48,2026-10-06T23:47:03.739674+00:00,776.3,73,,sold,41,32,218,-2209,0,2,47.0,-3.0,,12.0,11,47.0,865.3,3.0,,,,,,0.0076,2,2,loss,2110.0,271.11,2506.06,2561.91
KXETH15M-26OCT062000-00,ETH,crypto,PAPER,1,YES,2026-10-06T23:45:44.887854+00:00,855.1,50,2026-10-06T23:50:30.739744+00:00,569.3,72,,sold,48,33,187,657,0,1,49.5,0.0,,3.0,10,,,,2699.01,2699.0,0.0004,0.0007,-0.007,-0.0067,1,1,win,,,,
KXGOLD15M-26OCT062000-00,GOLD,commodity,PAPER,1,YES,2026-10-06T23:45:45.743657+00:00,854.3,50,2026-10-06T23:52:06.740441+00:00,473.3,72,,sold,31,33,187,-2022,0,1,49.5,6.5,,9.5,11,49.5,854.3,0.5,,,,,,0.0057,4,4,loss,3065.93,1971.71,10513.93,8652.16
KXDOGE15M-26OCT062000-00,DOGE,crypto,PAPER,1,NO,2026-10-06T23:53:40.744700+00:00,379.3,48,2026-10-06T23:55:17.738906+00:00,282.3,72,,sold,36,33,207,864,8,1,47.5,18.5,31.0,31.0,61,44.5,875.3,5.5,0.0938,0.0938,-0.0075,0.0213,0.0639,-0.027,1,2,win,136.98,0.0,240.98,0.0
KXPLATINUM15M-26OCT062000-00,PLATINUM,commodity,PAPER,1,NO,2026-10-06T23:45:39.777477+00:00,860.2,50,2026-10-06T23:58:20.739951+00:00,99.3,73,,sold,8,32,198,-1824,0,2,49.0,3.0,,11.0,9,,,,,,,,,-0.0066,3,3,win,,,,
KXBTC15M-26OCT062000-00,BTC,crypto,PAPER,1,NO,2026-10-06T23:45:19.107734+00:00,880.9,48,2026-10-06T23:58:56.741403+00:00,63.3,74,,sold,17,32,228,1092,0,1,47.5,,,1.0,10,,,,85566.23,85556.64,-0.0112,-0.0057,-0.0162,0.0162,0,0,win,,,,
KXWTI15M-26OCT062000-00,WTI,commodity,PAPER,1,NO,2026-10-06T23:46:26.743779+00:00,813.3,49,,,0,yes,settled,0,18,-508,-2332,1,2,48.0,10.5,10.5,16.0,56,38.5,886.3,11.5,,,,,,0.033,5,5,win,287.0,0.0,297.0,6.0
KXCOPPER15M-26OCT062000-00,COPPER,commodity,PAPER,1,YES,2026-10-06T23:45:24.310658+00:00,875.7,50,,,0,no,settled,1,18,-518,-2850,0,4,48.0,,,6.5,10,,,,,,,,,0.0236,2,0,win,,,,
KXPALLADIUM15M-26OCT062000-00,PALLADIUM,commodity,PAPER,1,NO,2026-10-06T23:45:24.743251+00:00,875.3,50,,,0,yes,settled,1,18,-518,-3368,0,5,47.5,,,10.5,7,47.5,875.3,2.5,,,,,,0.0236,3,1,win,5.0,70.0,42.75,170.0
KXPALLADIUM15M-26OCT062015-15,PALLADIUM,commodity,PAPER,1,YES,2026-10-07T00:00:39.745229+00:00,860.3,49,2026-10-07T00:02:30.740974+00:00,749.3,73,,sold,43,32,208,-3160,0,5,46.5,,,6.0,11,45.5,870.3,4.5,,,,,,-0.0241,0,0,loss,146.0,5.0,252.75,152.1
KXCOPPER15M-26OCT062015-15,COPPER,commodity,PAPER,1,NO,2026-10-07T00:01:04.744226+00:00,835.3,48,2026-10-07T00:05:26.740123+00:00,573.3,72,,sold,24,33,207,-2953,1,4,46.0,,,20.5,20,55.5,854.3,5.5,,,,,,-0.0053,3,3,loss,270.0,103.0,2865.0,408.0
KXSILVER15M-26OCT062015-15,SILVER,commodity,PAPER,1,NO,2026-10-07T00:00:44.744564+00:00,855.3,50,2026-10-07T00:08:59.739100+00:00,360.3,72,,sold,32,33,187,-2766,0,2,49.0,,,17.0,6,63.5,860.3,13.5,,,,,,-0.0252,1,1,win,0.0,472.0,3.0,814.29
KXXRP15M-26OCT062015-15,XRP,crypto,PAPER,1,YES,2026-10-07T00:00:19.110281+00:00,880.9,49,2026-10-07T00:09:22.740693+00:00,337.3,76,,sold,15,31,239,1331,0,1,48.5,,,,0,,,,1.4968,1.4975,-0.0467,0.0067,-0.02,-0.0105,0,0,win,,,,
KXBTC15M-26OCT062015-15,BTC,crypto,PAPER,1,YES,2026-10-07T00:00:54.748603+00:00,845.3,50,2026-10-07T00:09:59.741959+00:00,300.3,72,,sold,25,33,187,1518,0,1,49.5,8.0,,13.0,36,41.5,880.3,8.5,85538.28,85549.85,-0.0135,0.0014,-0.0111,-0.0111,1,1,win,2248.02,0.0,3791.27,0.0
KXGOLD15M-26OCT062015-15,GOLD,commodity,PAPER,1,YES,2026-10-07T00:01:17.743527+00:00,822.3,50,2026-10-07T00:12:09.740985+00:00,170.3,80,,sold,5,30,270,-2496,1,1,49.5,6.0,,17.0,44,35.5,865.3,14.5,,,,,,-0.0053,4,4,win,2866.0,0.0,6634.0,0.0
KXPLATINUM15M-26OCT062015-15,PLATINUM,commodity,PAPER,1,NO,2026-10-07T00:00:53.744157+00:00,846.3,48,,,0,yes,settled,0,18,-498,-2994,0,3,46.5,,,37.0,22,77.5,870.3,27.5,,,,,,-0.0252,2,2,win,0.0,136.0,5.0,516.0
KXCOPPER15M-26OCT062030-30,COPPER,commodity,PAPER,1,YES,2026-10-07T00:15:20.368807+00:00,879.6,48,2026-10-07T00:16:33.740158+00:00,806.3,72,,sold,37,33,207,-2787,0,1,47.5,,,1.5,3,,,,,,,,,-0.0021,1,0,win,,,,
KXPLATINUM15M-26OCT062030-30,PLATINUM,commodity,PAPER,1,YES,2026-10-07T00:16:04.742869+00:00,835.3,50,2026-10-07T00:16:54.740454+00:00,785.3,73,,sold,43,32,198,-2589,1,3,48.5,18.0,,21.5,42,45.0,879.3,5.0,,,,,,0.0107,3,3,loss,95.0,142.0,479.0,354.0
KXSILVER15M-26OCT062030-30,SILVER,commodity,PAPER,1,YES,2026-10-07T00:16:07.742924+00:00,832.3,50,2026-10-07T00:16:56.743967+00:00,783.3,72,,sold,43,33,187,-2402,1,2,49.0,7.5,4.5,10.5,25,38.5,853.3,11.5,,,,,,0.0107,4,4,win,1066.0,0.0,3529.69,0.0
KXSOL15M-26OCT062030-30,SOL,crypto,PAPER,1,NO,2026-10-07T00:15:25.477856+00:00,874.5,48,2026-10-07T00:18:56.740475+00:00,663.3,72,,sold,41,33,207,1725,0,1,47.5,,,0.5,5,,,,120.58,120.5842,0.0035,-0.0083,-0.0,-0.0021,2,2,loss,,,,
KXXRP15M-26OCT062030-30,XRP,crypto,PAPER,1,NO,2026-10-07T00:15:09.958271+00:00,890.0,49,2026-10-07T00:20:34.740713+00:00,565.3,74,,sold,29,32,218,1943,0,1,48.5,,,1.0,5,,,,1.4982,1.4989,0.0467,-0.0,-0.0067,-0.0018,0,0,win,,,,
KXPALLADIUM15M-26OCT062030-30,PALLADIUM,commodity,PAPER,1,NO,2026-10-07T00:15:49.745866+00:00,850.3,49,2026-10-07T00:21:00.739459+00:00,539.3,72,,sold,35,33,197,-2205,0,5,46.5,-3.5,,14.5,28,47.0,879.3,3.0,,,,,,-0.0003,2,2,win,136.75,176.0,1461.75,360.0
KXBTC15M-26OCT062030-30,BTC,crypto,PAPER,1,YES,2026-10-07T00:15:20.366029+00:00,879.6,49,,,0,no,settled,1,18,-508,1435,0,1,48.5,,,3.0,5,,,,85570.13,85573.48,-0.0039,-0.0003,-0.0021,-0.0021,1,1,win,,,,
KXDOGE15M-26OCT062030-30,DOGE,crypto,PAPER,1,YES,2026-10-07T00:15:25.480698+00:00,874.5,48,,,0,no,settled,0,18,-498,937,0,1,47.5,,,2.0,4,,,,,,,,,-0.0021,3,3,win,,,,
KXGOLD15M-26OCT062030-30,GOLD,commodity,PAPER,1,YES,2026-10-07T00:16:50.746058+00:00,789.3,50,,,0,no,settled,0,18,-518,-2723,1,1,49.5,16.0,16.0,19.0,60,30.5,858.3,19.5,,,,,,0.018,4,5,win,3026.0,0.0,6397.0,0.0
KXWTI15M-26OCT062030-30,WTI,commodity,PAPER,1,NO,2026-10-07T00:15:40.788081+00:00,859.2,49,,,0,yes,settled,0,18,-508,-3231,0,3,47.5,0.0,,6.0,5,,,,,,,,,-0.002,1,1,loss,,,,
KXCOPPER15M-26OCT062045-45,COPPER,commodity,PAPER,1,NO,2026-10-07T00:30:25.743487+00:00,874.3,50,2026-10-07T00:31:03.740530+00:00,836.3,72,,sold,40,33,187,-3044,0,1,49.5,,,0.5,12,49.5,874.3,0.5,,,,,,-0.0196,2,0,win,4.0,0.1,338.04,193.1
KXSOL15M-26OCT062045-45,SOL,crypto,PAPER,1,YES,2026-10-07T00:31:02.745358+00:00,837.3,49,2026-10-07T00:33:10.742835+00:00,709.3,72,,sold,46,33,197,1134,1,2,48.0,8.5,,9.5,52,46.5,879.3,3.5,120.35,120.3778,-0.0231,0.0332,0.0,-0.0095,1,1,win,355.28,0.0,1117.28,76.0
KXXRP15M-26OCT062045-45,XRP,crypto,PAPER,1,YES,2026-10-07T00:31:41.743748+00:00,798.3,48,2026-10-07T00:33:19.740235+00:00,700.3,74,,sold,43,32,228,1362,1,1,47.5,14.0,6.5,16.0,61,37.5,864.3,12.5,1.4956,1.4964,-0.0535,0.0268,0.0134,0.0184,3,3,win,10.0,0.0,298.44,0.0
KXBTC15M-26OCT062045-45,BTC,crypto,PAPER,1,YES,2026-10-07T00:31:27.744901+00:00,812.3,49,2026-10-07T00:35:13.741340+00:00,586.3,73,,sold,42,32,208,1570,1,1,48.5,7.0,11.0,12.0,60,44.5,879.3,5.5,85413.55,85433.01,-0.0228,0.0254,0.0127,0.0127,2,2,loss,4045.36,0.0,7273.8,0.0
KXWTI15M-26OCT062045-45,WTI,commodity,PAPER,1,NO,2026-10-07T00:30:59.747899+00:00,840.3,49,2026-10-07T00:35:29.740268+00:00,570.3,72,,sold,29,33,197,-2847,0,2,48.0,-12.5,,12.5,54,52.0,885.2,2.0,,,,,,-0.0134,4,4,loss,0.0,167.0,3837.0,2357.0
KXDOGE15M-26OCT062045-45,DOGE,crypto,PAPER,1,YES,2026-10-07T00:31:59.744417+00:00,780.3,48,2026-10-07T00:35:33.740668+00:00,566.3,77,,sold,45,31,259,1829,1,2,47.0,0.5,17.5,17.5,60,41.5,859.3,8.5,0.0936,0.0936,-0.0075,0.0,0.0428,0.0322,4,4,loss,16.64,0.0,132.96,0.0
KXSILVER15M-26OCT062045-45,SILVER,commodity,PAPER,1,YES,2026-10-07T00:30:43.743861+00:00,856.3,48,2026-10-07T00:38:37.739639+00:00,382.3,72,,sold,11,33,207,-2640,0,1,47.5,2.0,,4.0,20,43.5,864.3,6.5,,,,,,-0.0052,2,2,win,163.1,227.0,3128.1,2707.25
KXGOLD15M-26OCT062045-45,GOLD,commodity,PAPER,1,YES,2026-10-07T00:30:41.744428+00:00,858.3,48,2026-10-07T00:41:01.742064+00:00,238.3,72,,sold,10,33,207,-2433,0,1,47.5,4.0,,6.0,23,46.5,869.3,3.5,,,,,,-0.0095,1,1,loss,4924.0,406.0,11184.42,3255.25
KXPALLADIUM15M-26OCT062045-45,PALLADIUM,commodity,PAPER,1,YES,2026-10-07T00:30:50.745910+00:00,849.3,48,2026-10-07T00:41:44.741132+00:00,195.3,73,,sold,14,32,218,-2215,0,5,45.5,-3.0,,3.5,8,45.0,854.3,5.0,,,,,,-0.0164,3,3,win,176.75,5.0,1616.75,203.25
KXETH15M-26OCT062045-45,ETH,crypto,PAPER,1,NO,2026-10-07T00:30:45.713108+00:00,854.3,50,,,0,yes,settled,0,18,-518,1311,0,1,49.5,0.0,,3.5,11,,,,2693.99,2694.35,0.0134,0.0011,-0.0123,-0.0119,0,0,win,,,,
KXPLATINUM15M-26OCT062100-00,PLATINUM,commodity,PAPER,1,NO,2026-10-07T00:45:16.911177+00:00,883.1,48,2026-10-07T00:45:49.740146+00:00,850.3,75,,sold,43,32,238,-1977,0,5,45.5,,,4.0,5,,,,,,,,,0.0242,0,0,win,,,,
KXGOLD15M-26OCT062100-00,GOLD,commodity,PAPER,1,NO,2026-10-07T00:45:37.909154+00:00,862.1,50,2026-10-07T00:46:06.742249+00:00,833.3,72,,sold,49,33,187,-1790,0,1,49.5,0.0,,2.5,5,,,,,,,,,0.0404,2,2,win,,,,
KXETH15M-26OCT062100-00,ETH,crypto,PAPER,1,NO,2026-10-07T00:45:46.743752+00:00,853.3,50,2026-10-07T00:52:24.740116+00:00,455.3,72,,sold,36,33,187,1498,0,1,49.5,11.0,,17.0,19,33.5,866.3,16.5,2697.21,2697.25,0.0015,0.0304,0.0041,0.0064,1,1,loss,235.0,0.0,944.0,0.0
KXWTI15M-26OCT062100-00,WTI,commodity,PAPER,1,NO,2026-10-07T00:49:04.747494+00:00,655.3,50,2026-10-07T00:55:36.745051+00:00,263.3,76,,sold,36,31,229,-1561,4,1,49.5,-17.0,-16.0,22.0,56,70.5,877.3,20.5,,,,,,0.0551,2,4,win,0.0,85.0,2311.0,226.0
KXBTC15M-26OCT062100-00,BTC,crypto,PAPER,1,NO,2026-10-07T00:45:41.744588+00:00,858.3,49,,,0,yes,settled,0,18,-508,990,0,1,48.5,11.0,,17.0,25,40.5,877.3,9.5,85512.06,85501.67,-0.0122,0.0079,-0.0163,0.0163,0,0,win,7137.4,0.0,10958.9,0.0
KXSILVER15M-26OCT062100-00,SILVER,commodity,PAPER,1,YES,2026-10-07T00:45:43.185080+00:00,856.8,50,,,0,no,settled,1,18,-518,-2079,0,1,49.5,0.0,,2.0,5,,,,,,,,,0.0064,3,3,win,,,,
KXCOPPER15M-26OCT062115-15,COPPER,commodity,PAPER,1,NO,2026-10-07T01:00:08.088089+00:00,891.9,51,2026-10-07T01:00:36.742371+00:00,863.3,72,,sold,47,33,177,-1902,0,3,49.5,,,2.5,4,,,,,,,,,-0.0098,2,0,win,,,,
KXPALLADIUM15M-26OCT062100-00,PALLADIUM,commodity,PAPER,1,YES,2026-10-07T00:45:33.744386+00:00,866.3,48,,,0,no,settled,0,18,-498,-2400,0,2,47.0,-3.5,,3.5,2,47.0,866.3,3.0,,,,,,0.0393,1,1,win,114.62,5.0,214.87,155.85
KXETH15M-26OCT062115-15,ETH,crypto,PAPER,1,NO,2026-10-07T01:00:18.518357+00:00,881.5,50,2026-10-07T01:00:51.741099+00:00,848.3,76,,sold,50,31,229,1219,0,1,49.5,,,3.0,5,,,,2695.88,2696.69,0.03,0.0178,0.0193,-0.0138,1,1,win,,,,
KXSOL15M-26OCT062115-15,SOL,crypto,PAPER,1,NO,2026-10-07T01:00:11.744275+00:00,888.3,49,2026-10-07T01:00:51.742047+00:00,848.3,73,,sold,48,32,208,1427,0,1,48.5,,,5.5,8,46.5,891.3,3.5,120.56,120.5758,0.0131,0.0083,0.0249,-0.0204,1,0,win,414.0,10.0,1157.1,291.06
KXPLATINUM15M-26OCT062115-15,PLATINUM,commodity,PAPER,1,NO,2026-10-07T01:00:39.040229+00:00,861.0,49,2026-10-07T01:01:05.740467+00:00,834.3,74,,sold,45,32,218,-2182,0,4,47.0,0.0,,5.5,5,,,,,,,,,-0.0311,3,4,win,,,,
KXSILVER15M-26OCT062115-15,SILVER,commodity,PAPER,1,NO,2026-10-07T01:00:18.523075+00:00,881.5,48,2026-10-07T01:06:11.742386+00:00,528.3,72,,sold,42,33,207,-1975,0,1,47.5,,,4.0,4,,,,,,,,,-0.0138,4,2,win,,,,
KXDOGE15M-26OCT062115-15,DOGE,crypto,PAPER,1,YES,2026-10-07T01:00:23.745210+00:00,876.3,49,,,0,no,settled,0,18,-508,919,0,1,48.5,,,7.0,16,44.5,886.3,5.5,0.0938,0.0938,-0.0277,-0.0213,-0.0426,-0.024,2,2,win,34.5,20.0,965.5,130.0
KXPALLADIUM15M-26OCT062115-15,PALLADIUM,commodity,PAPER,1,YES,2026-10-07T01:00:16.743965+00:00,883.3,48,,,0,no,settled,1,18,-498,-2473,0,5,45.5,,,5.5,9,45.5,890.3,4.5,,,,,,-0.0138,3,1,win,120.0,105.0,1470.0,175.0
KXGOLD15M-26OCT062115-15,GOLD,commodity,PAPER,1,YES,2026-10-07T01:00:28.736867+00:00,871.3,48,,,0,no,settled,0,18,-498,-2971,0,1,47.5,,,3.5,5,,,,,,,,,-0.0247,4,3,win,,,,
KXSOL15M-26OCT062130-30,SOL,crypto,PAPER,1,NO,2026-10-07T01:15:41.745810+00:00,858.3,49,2026-10-07T01:17:05.739913+00:00,774.3,73,,sold,46,32,208,1127,0,1,48.5,,,0.0,1,48.5,858.3,1.5,120.36,120.3762,0.0135,-0.0499,0.0166,-0.0352,3,3,win,0.0,461.0,1.7,1265.0
KXGOLD15M-26OCT062130-30,GOLD,commodity,PAPER,1,NO,2026-10-07T01:15:27.744095+00:00,872.3,50,2026-10-07T01:21:00.740999+00:00,539.3,74,,sold,45,32,208,-2763,0,1,49.5,,,5.0,7,54.0,878.3,4.0,,,,,,-0.0511,1,1,loss,0.0,5647.01,3736.66,10652.01
KXWTI15M-26OCT062130-30,WTI,commodity,PAPER,1,NO,2026-10-07T01:19:30.744698+00:00,629.3,48,2026-10-07T01:21:53.740455+00:00,486.3,72,,sold,44,33,207,-2556,4,4,46.0,0.5,3.0,11.5,57,45.5,878.3,4.5,,,,,,-0.0233,4,4,win,0.0,0.0,0.0,0.0
KXPLATINUM15M-26OCT062130-30,PLATINUM,commodity,PAPER,1,YES,2026-10-07T01:15:30.968656+00:00,869.0,50,2026-10-07T01:27:55.740040+00:00,124.3,72,,sold,4,33,187,-2369,0,3,48.5,,,,0,,,,,,,,,-0.0511,3,3,win,,,,
KXBTC15M-26OCT062130-30,BTC,crypto,PAPER,1,YES,2026-10-07T01:15:05.745639+00:00,894.3,48,,,0,no,settled,0,18,-498,629,0,1,47.5,,,0.0,1,47.5,894.3,2.5,85437.08,85445.32,-0.0096,-0.0142,-0.0009,-0.0009,1,0,loss,3617.03,2402.21,6807.44,3937.54
KXETH15M-26OCT062130-30,ETH,crypto,PAPER,1,YES,2026-10-07T01:15:42.745012+00:00,857.3,48,,,0,no,settled,0,18,-498,131,0,1,47.5,,,12.5,22,35.5,878.3,14.5,2692.6,2692.85,-0.0093,0.0483,-0.0163,-0.0352,4,4,win,266.65,0.0,1149.15,563.71
KXDOGE15M-26OCT062130-30,DOGE,crypto,PAPER,1,YES,2026-10-07T01:15:37.749445+00:00,862.3,48,,,0,no,settled,0,18,-498,-367,0,1,47.5,,,5.5,2,42.0,863.3,8.0,0.0937,0.0937,-0.0203,0.0,-0.032,-0.05,1,1,loss,231.5,20.0,270.0,49.76
KXXRP15M-26OCT062130-30,XRP,crypto,PAPER,1,YES,2026-10-07T01:15:37.756339+00:00,862.2,48,,,0,no,settled,0,18,-498,-865,0,1,47.5,,,6.0,7,41.5,868.3,8.5,1.4947,1.4957,-0.0669,0.0067,-0.0268,-0.05,2,2,win,277.0,13.0,1072.27,128.0
KXSILVER15M-26OCT062130-30,SILVER,commodity,PAPER,1,YES,2026-10-07T01:15:14.743332+00:00,885.3,48,,,0,no,settled,0,18,-498,-2867,0,2,47.0,,,2.0,5,46.5,889.3,3.5,,,,,,-0.0578,2,0,win,161.0,711.0,1214.0,1472.0
KXPALLADIUM15M-26OCT062130-30,PALLADIUM,commodity,PAPER,1,YES,2026-10-07T01:15:30.744651+00:00,869.3,48,,,0,no,settled,0,18,-498,-3365,0,5,45.5,,,6.5,14,43.0,883.3,7.0,,,,,,-0.0511,2,2,loss,20.0,101.0,1461.68,1420.0
KXBTC15M-26OCT062145-45,BTC,crypto,PAPER,1,NO,2026-10-07T01:30:06.280261+00:00,893.7,49,2026-10-07T01:36:11.741889+00:00,528.3,72,,sold,21,33,197,-668,0,1,48.5,,,3.0,5,,,,85260.16,85258.88,-0.0015,-0.0144,-0.0146,0.0146,3,0,loss,,,,
KXSOL15M-26OCT062145-45,SOL,crypto,PAPER,1,NO,2026-10-07T01:35:10.745821+00:00,589.3,49,2026-10-07T01:36:17.739143+00:00,522.3,72,,sold,48,33,197,-471,5,1,48.5,15.5,16.5,21.0,61,44.5,861.3,5.5,119.92,119.9263,0.0053,0.05,0.0417,-0.0738,3,3,win,11.0,0.0,437.0,0.0
KXWTI15M-26OCT062145-45,WTI,commodity,PAPER,1,YES,2026-10-07T01:30:11.485573+00:00,888.5,49,2026-10-07T01:39:46.740049+00:00,313.3,72,,sold,32,33,197,-3168,0,3,47.5,,,0.0,4,,,,,,,,,-0.006,2,0,win,,,,
KXXRP15M-26OCT062145-45,XRP,crypto,PAPER,1,YES,2026-10-07T01:30:32.911347+00:00,867.1,49,2026-10-07T01:40:49.740338+00:00,250.3,76,,sold,7,31,239,-232,0,1,48.5,-1.0,,5.0,5,,,,1.4919,1.4932,-0.0871,-0.0402,-0.0335,-0.0122,1,1,loss,,,,
KXGOLD15M-26OCT062145-45,GOLD,commodity,PAPER,1,NO,2026-10-07T01:34:44.745705+00:00,615.3,48,2026-10-07T01:42:30.740457+00:00,149.3,72,,sold,14,33,207,-2961,4,1,47.5,15.0,22.0,25.0,60,40.5,871.3,9.5,,,,,,-0.0082,1,1,win,3406.86,0.0,9594.74,0.0
KXDOGE15M-26OCT062145-45,DOGE,crypto,PAPER,1,YES,2026-10-07T01:34:00.746899+00:00,659.3,49,,,0,no,settled,0,18,-508,-740,4,2,48.0,-27.0,-9.5,27.5,61,57.5,866.3,7.5,0.0934,0.0934,-0.0064,-0.0535,-0.0321,0.0,2,2,loss,0.0,104.5,0.0,845.5
KXETH15M-26OCT062145-45,ETH,crypto,PAPER,1,NO,2026-10-07T01:36:14.746000+00:00,525.3,48,,,0,yes,settled,0,18,-498,-1238,6,1,47.5,14.0,17.0,27.0,61,37.5,866.3,12.5,2684.83,2684.66,-0.0063,0.0465,0.048,-0.0302,3,4,loss,217.0,0.0,1637.5,0.0
KXPLATINUM15M-26OCT062200-00,PLATINUM,commodity,PAPER,1,NO,2026-10-07T01:45:28.744172+00:00,871.3,48,2026-10-07T01:46:48.739583+00:00,791.3,72,,sold,40,33,207,-2754,0,4,46.0,,,0.0,1,46.0,871.3,4.0,,,,,,0.0418,2,2,win,44.0,117.0,1569.75,1622.0
KXGOLD15M-26OCT062200-00,GOLD,commodity,PAPER,1,NO,2026-10-07T01:45:03.745165+00:00,896.3,48,2026-10-07T01:46:54.740429+00:00,785.3,73,,sold,41,32,218,-2536,0,2,47.0,,,0.5,2,46.5,897.3,3.5,,,,,,0.0396,0,0,win,1901.0,1976.0,5175.0,5179.0
KXCOPPER15M-26OCT062200-00,COPPER,commodity,PAPER,1,NO,2026-10-07T01:45:12.729332+00:00,887.3,51,2026-10-07T01:46:56.739449+00:00,783.3,72,,sold,44,33,177,-2359,0,5,48.5,,,,0,,,,,,,,,0.0286,1,1,win,,,,
KXDOGE15M-26OCT062200-00,DOGE,crypto,PAPER,1,NO,2026-10-07T01:46:26.746915+00:00,813.3,50,2026-10-07T01:49:47.741160+00:00,612.3,72,,sold,49,33,187,-1051,1,1,49.5,20.0,20.0,30.0,60,29.5,876.3,20.5,0.0934,0.0934,-0.0161,0.0749,0.0642,-0.0114,1,1,loss,58.0,0.0,810.0,0.0
KXSOL15M-26OCT062200-00,SOL,crypto,PAPER,1,NO,2026-10-07T01:46:26.753661+00:00,813.3,49,2026-10-07T01:51:30.740139+00:00,509.3,74,,sold,46,32,218,-833,1,1,48.5,20.5,,25.0,54,26.5,866.3,23.5,120.0,119.973,-0.0225,0.05,0.025,-0.0114,2,2,win,29.0,0.0,564.0,376.0
KXBTC15M-26OCT062200-00,BTC,crypto,PAPER,1,NO,2026-10-07T01:46:36.745131+00:00,803.3,48,2026-10-07T01:52:09.744556+00:00,470.3,75,,sold,33,32,238,-595,1,1,47.5,18.0,,20.0,59,27.5,861.3,22.5,85292.98,85278.91,-0.0165,0.0456,0.0418,-0.0418,3,3,win,268.6,0.0,6421.84,0.0
KXXRP15M-26OCT062200-00,XRP,crypto,PAPER,1,NO,2026-10-07T01:46:21.746086+00:00,818.3,49,2026-10-07T01:52:10.741186+00:00,469.3,76,,sold,38,31,239,-356,1,1,48.5,16.0,12.0,22.0,60,43.5,886.3,6.5,1.4932,1.4938,0.0402,0.0602,0.0402,0.0041,0,0,win,202.4,0.0,765.4,0.0
KXETH15M-26OCT062200-00,ETH,crypto,PAPER,1,YES,2026-10-07T01:46:39.745115+00:00,800.3,50,,,0,no,settled,0,18,-518,-874,1,1,49.5,-23.0,-26.0,28.0,61,73.5,866.3,23.5,2687.53,2687.58,-0.0019,-0.0725,-0.0818,-0.0533,4,4,loss,0.0,176.18,0.0,1090.68
KXPALLADIUM15M-26OCT062200-00,PALLADIUM,commodity,PAPER,1,YES,2026-10-07T01:46:08.745504+00:00,831.3,48,,,0,no,settled,0,18,-498,-2857,1,4,46.0,-8.0,,11.0,31,46.0,870.3,4.0,,,,,,0.0451,5,5,loss,300.0,5.0,1630.25,1455.0
KXWTI15M-26OCT062200-00,WTI,commodity,PAPER,1,NO,2026-10-07T01:45:38.745708+00:00,861.3,49,,,0,yes,settled,0,18,-508,-3365,0,3,47.5,,,2.0,6,45.5,866.3,4.5,,,,,,0.0529,3,3,win,2248.0,0.0,2562.0,2368.0
KXSILVER15M-26OCT062200-00,SILVER,commodity,PAPER,1,YES,2026-10-07T01:45:44.750857+00:00,855.3,49,,,0,no,settled,0,18,-508,-3873,0,1,48.5,,,11.0,7,57.5,861.3,7.5,,,,,,0.0682,4,4,loss,0.0,615.41,40.0,1058.08
KXGOLD15M-26OCT062215-15,GOLD,commodity,PAPER,1,NO,2026-10-07T02:00:07.605649+00:00,892.4,50,2026-10-07T02:02:20.741969+00:00,759.3,72,,sold,44,33,187,-3686,0,1,49.5,,,1.0,5,,,,,,,,,-0.2864,3,0,win,,,,
KXPLATINUM15M-26OCT062215-15,PLATINUM,commodity,PAPER,1,NO,2026-10-07T02:00:33.307299+00:00,866.7,50,2026-10-07T02:03:24.740533+00:00,695.3,74,,sold,50,32,208,-3478,0,3,48.5,-1.5,,1.5,4,,,,,,,,,-0.202,6,3,win,,,,
KXWTI15M-26OCT062215-15,WTI,commodity,PAPER,1,NO,2026-10-07T02:00:38.745899+00:00,861.3,48,2026-10-07T02:03:42.740418+00:00,677.3,75,,sold,45,32,238,-3240,0,1,47.5,0.5,,3.0,4,47.5,861.3,2.5,,,,,,-0.3074,4,4,loss,361.16,154.09,2639.26,2510.09
KXCOPPER15M-26OCT062215-15,COPPER,commodity,PAPER,1,NO,2026-10-07T02:00:21.745265+00:00,878.3,51,2026-10-07T02:05:03.739007+00:00,596.3,75,,sold,36,32,208,-3032,0,3,49.5,,,3.0,9,50.0,881.3,0.0,,,,,,-0.2301,5,2,win,184.0,232.57,390.25,695.57
KXSILVER15M-26OCT062215-15,SILVER,commodity,PAPER,1,YES,2026-10-07T02:00:12.712954+00:00,887.3,49,,,0,no,settled,0,18,-508,-3540,0,1,48.5,,,3.0,5,,,,,,,,,-0.2698,4,1,loss,,,,
KXPALLADIUM15M-26OCT062215-15,PALLADIUM,commodity,PAPER,1,YES,2026-10-07T02:00:56.752521+00:00,843.3,51,,,0,no,settled,0,18,-528,-4068,0,5,48.5,9.5,,18.0,24,53.5,877.3,3.5,,,,,,-0.0877,5,5,loss,1300.0,5.0,1585.0,153.0
KXSOL15M-26OCT062230-30,SOL,crypto,PAPER,1,YES,2026-10-07T02:15:23.746504+00:00,876.3,50,2026-10-07T02:17:43.740607+00:00,736.3,72,,sold,44,33,187,-687,0,1,49.5,,,4.0,21,45.5,896.3,4.5,117.64,117.6793,-0.0334,0.0,0.0,0.0118,1,1,win,435.0,0.0,1196.0,0.0
KXBTC15M-26OCT062230-30,BTC,crypto,PAPER,1,YES,2026-10-07T02:15:34.644628+00:00,865.4,49,2026-10-07T02:18:19.740339+00:00,700.3,72,,sold,43,33,197,-490,0,1,48.5,,,,0,,,,83908.89,83924.25,-0.0183,-0.0012,0.0063,0.0063,3,3,win,,,,
KXETH15M-26OCT062230-30,ETH,crypto,PAPER,1,YES,2026-10-07T02:15:19.337582+00:00,880.7,48,2026-10-07T02:19:09.743262+00:00,650.3,72,,sold,46,33,207,-283,0,1,47.5,,,,0,,,,2612.65,2613.68,-0.0394,0.0149,0.0211,-0.0034,0,0,loss,,,,
KXXRP15M-26OCT062230-30,XRP,crypto,PAPER,1,YES,2026-10-07T02:15:30.748160+00:00,869.3,49,2026-10-07T02:20:04.740119+00:00,595.3,72,,sold,42,33,197,-86,0,1,48.5,,,7.0,2,55.5,870.3,5.5,1.4584,1.4599,-0.1027,0.0137,-0.0617,0.0158,2,2,win,5.0,911.0,9.0,1025.0
KXPLATINUM15M-26OCT062230-30,PLATINUM,commodity,PAPER,1,NO,2026-10-07T02:15:24.455277+00:00,875.5,51,2026-10-07T02:22:41.740618+00:00,438.3,79,,sold,27,30,250,-3818,0,4,49.0,,,,0,,,,,,,,,0.0,3,1,win,,,,
KXPALLADIUM15M-26OCT062230-30,PALLADIUM,commodity,PAPER,1,NO,2026-10-07T02:15:36.744945+00:00,863.3,48,2026-10-07T02:22:48.739515+00:00,431.3,72,,sold,41,33,207,-3611,0,4,46.0,,,2.5,6,43.5,875.3,6.5,,,,,,-0.004,3,3,loss,124.0,116.29,1449.0,1428.04
KXDOGE15M-26OCT062230-30,DOGE,crypto,PAPER,1,NO,2026-10-07T02:22:52.745960+00:00,427.3,49,2026-10-07T02:23:48.740648+00:00,371.3,72,,sold,48,33,197,111,7,1,48.5,15.0,17.5,19.0,61,57.5,890.3,7.5,0.0903,0.0903,0.0066,0.1659,0.1659,-0.1128,0,4,win,0.0,0.0,0.0,240.0
KXCOPPER15M-26OCT062230-30,COPPER,commodity,PAPER,1,YES,2026-10-07T02:15:24.450229+00:00,875.6,48,,,0,no,settled,1,18,-498,-4109,0,5,45.5,,,,0,,,,,,,,,0.0,2,0,win,,,,
KXCOPPER15M-26OCT062245-45,COPPER,commodity,PAPER,1,YES,2026-10-07T02:30:32.147126+00:00,867.9,51,2026-10-07T02:34:34.739818+00:00,625.3,73,,sold,36,32,188,-3921,0,3,49.5,0.0,,3.0,5,,,,,,,,,-0.0036,6,2,win,,,,
KXSOL15M-26OCT062245-45,SOL,crypto,PAPER,1,YES,2026-10-07T02:30:42.728642+00:00,857.3,49,2026-10-07T02:34:39.740628+00:00,620.3,72,,sold,28,33,197,308,0,1,48.5,0.0,,4.0,5,,,,,,,-0.0255,-0.0594,0.0298,2,2,win,,,,
KXGOLD15M-26OCT062230-30,GOLD,commodity,PAPER,1,NO,2026-10-07T02:15:29.530655+00:00,870.5,48,,,0,yes,settled,0,18,-498,-4419,0,2,47.0,,,,0,,,,,,,,,0.055,2,2,win,,,,
KXSILVER15M-26OCT062230-30,SILVER,commodity,PAPER,1,NO,2026-10-07T02:15:37.745837+00:00,862.3,48,,,0,yes,settled,0,18,-498,-4917,0,2,47.0,,,2.5,4,44.5,865.2,5.5,,,,,,-0.004,4,4,loss,75.0,13.0,2843.34,2909.0
KXWTI15M-26OCT062230-30,WTI,commodity,PAPER,1,YES,2026-10-07T02:16:40.746073+00:00,799.3,49,,,100,yes,settled,1,18,492,-4425,1,1,48.5,13.0,13.0,16.0,55,34.0,885.3,16.0,,,,,,-0.0298,5,5,win,2300.0,0.0,2667.0,26.58
KXPALLADIUM15M-26OCT062245-45,PALLADIUM,commodity,PAPER,1,YES,2026-10-07T02:30:40.745627+00:00,859.3,50,2026-10-07T02:35:58.739834+00:00,541.3,77,,sold,40,31,239,-4186,0,4,48.0,-3.5,,9.5,22,53.0,883.3,3.0,,,,,,0.0142,7,3,win,5.0,147.0,134.0,1469.75
KXSILVER15M-26OCT062245-45,SILVER,commodity,PAPER,1,YES,2026-10-07T02:30:42.738771+00:00,857.3,49,2026-10-07T02:35:58.741324+00:00,541.3,77,,sold,47,31,249,-3937,0,2,48.0,0.0,,3.5,5,,,,,,,,,0.0298,9,5,loss,,,,
KXDOGE15M-26OCT062245-45,DOGE,crypto,PAPER,1,NO,2026-10-07T02:30:42.733785+00:00,857.3,49,2026-10-07T02:42:49.740288+00:00,130.3,72,,sold,21,33,197,505,0,3,47.5,0.0,,1.0,5,,,,,,,,,0.0298,3,3,win,,,,
KXGOLD15M-26OCT062245-45,GOLD,commodity,PAPER,1,YES,2026-10-07T02:30:05.509886+00:00,894.5,51,2026-10-07T02:42:58.741715+00:00,121.3,76,,sold,14,31,219,-3718,0,3,49.5,,,1.0,5,,,,,,,,,0.0268,4,0,win,,,,
KXBTC15M-26OCT062245-45,BTC,crypto,PAPER,1,NO,2026-10-07T02:30:28.744143+00:00,871.3,48,2026-10-07T02:43:03.742425+00:00,116.3,73,,sold,19,32,218,723,0,1,47.5,,,4.0,13,43.5,878.3,6.5,,,,0.0079,-0.0278,0.0278,1,1,win,0.0,62.0,1461.45,1254.59
KXETH15M-26OCT062245-45,ETH,crypto,PAPER,1,NO,2026-10-07T02:30:23.745923+00:00,876.3,48,,,0,yes,settled,0,18,-498,225,0,1,47.5,,,19.5,8,46.5,878.3,3.5,,,,-0.0318,-0.0253,0.0081,0,0,win,50.0,110.0,288.13,305.0
KXWTI15M-26OCT062245-45,WTI,commodity,PAPER,1,YES,2026-10-07T02:30:41.743673+00:00,858.3,49,,,0,no,settled,0,18,-508,-4226,0,5,46.5,-3.0,,4.5,19,47.0,876.3,3.0,,,,,,0.0142,8,4,win,150.0,0.0,1720.0,1784.42
KXPLATINUM15M-26OCT062245-45,PLATINUM,commodity,PAPER,1,NO,2026-10-07T02:30:16.078112+00:00,883.9,50,,,0,yes,settled,0,18,-518,-4744,0,5,47.5,,,2.5,4,,,,,,,,,0.0013,5,1,win,,,,
KXXRP15M-26OCT062300-00,XRP,crypto,PAPER,1,YES,2026-10-07T02:45:11.744957+00:00,888.3,49,2026-10-07T02:45:59.741836+00:00,840.3,72,,sold,48,33,197,422,0,1,48.5,,,3.0,10,45.5,892.3,4.5,1.4582,1.4588,-0.0411,-0.0137,0.0,0.0324,1,0,win,26.0,37.5,587.0,532.0
KXPALLADIUM15M-26OCT062300-00,PALLADIUM,commodity,PAPER,1,NO,2026-10-07T02:45:37.745540+00:00,862.3,49,2026-10-07T02:49:01.740272+00:00,658.3,74,,sold,34,32,218,-4526,0,5,46.5,-2.5,,4.0,21,48.5,887.3,1.5,,,,,,0.0722,3,3,win,5.0,120.0,25.1,1447.75
KXDOGE15M-26OCT062300-00,DOGE,crypto,PAPER,1,YES,2026-10-07T02:45:23.100225+00:00,876.9,49,2026-10-07T02:50:49.740601+00:00,550.3,72,,sold,46,33,197,619,0,1,48.5,,,0.0,5,,,,0.0901,0.0901,-0.0167,0.0555,0.0,0.0454,2,2,win,,,,
KXGOLD15M-26OCT062300-00,GOLD,commodity,PAPER,1,NO,2026-10-07T02:45:17.826137+00:00,882.2,50,2026-10-07T02:51:18.739288+00:00,521.3,72,,sold,32,33,187,-4339,0,1,49.5,,,3.0,5,,,,,,,,,0.0299,3,1,win,,,,
KXWTI15M-26OCT062300-00,WTI,commodity,PAPER,1,YES,2026-10-07T02:50:08.745932+00:00,591.3,48,2026-10-07T02:51:58.743038+00:00,481.3,74,,sold,45,32,228,-4111,5,1,47.5,8.0,8.0,10.0,57,35.5,866.3,14.5,,,,,,0.0052,4,5,loss,175.0,0.0,2562.0,0.0
KXCOPPER15M-26OCT062300-00,COPPER,commodity,PAPER,1,NO,2026-10-07T02:45:12.539876+00:00,887.5,50,2026-10-07T02:55:59.739853+00:00,240.3,72,,sold,29,33,187,-3924,0,4,48.0,,,0.0,4,,,,,,,,,0.0329,2,0,win,,,,
KXETH15M-26OCT062300-00,ETH,crypto,PAPER,1,YES,2026-10-07T02:45:38.797252+00:00,861.2,50,,,0,no,settled,0,18,-518,101,0,1,49.5,0.0,,1.0,5,,,,2616.68,2614.26,0.0926,0.111,0.0949,0.0819,3,3,loss,,,,
KXBTC15M-26OCT062300-00,BTC,crypto,PAPER,1,NO,2026-10-07T02:45:23.095497+00:00,876.9,49,,,0,yes,settled,0,18,-508,-407,0,1,48.5,,,2.0,5,,,,83809.45,83792.85,-0.0198,-0.025,-0.0454,0.0454,1,1,win,,,,
KXSILVER15M-26OCT062300-00,SILVER,commodity,PAPER,1,YES,2026-10-07T02:45:38.804088+00:00,861.2,49,,,0,no,settled,0,18,-508,-4432,0,1,48.5,0.0,,1.5,5,,,,,,,,,0.0819,4,4,win,,,,
KXPLATINUM15M-26OCT062300-00,PLATINUM,commodity,PAPER,1,YES,2026-10-07T02:45:28.125244+00:00,871.9,49,,,0,no,settled,0,18,-508,-4940,0,2,48.0,,,2.5,5,,,,,,,,,0.0687,3,2,win,,,,
KXDOGE15M-26OCT062315-15,DOGE,crypto,PAPER,1,YES,2026-10-07T03:00:21.116925+00:00,878.9,50,2026-10-07T03:02:01.743112+00:00,778.3,72,,sold,49,33,187,-220,0,1,49.5,,,1.0,5,,,,0.0901,0.0901,0.0144,0.0222,0.0,-0.0026,3,3,win,,,,
KXBTC15M-26OCT062315-15,BTC,crypto,PAPER,1,YES,2026-10-07T03:00:05.523499+00:00,894.5,49,2026-10-07T03:02:02.740905+00:00,777.3,72,,sold,48,33,197,-23,0,1,48.5,,,1.0,5,,,,83841.1,83852.84,-0.014,0.0053,-0.0212,-0.0212,2,0,win,,,,
KXPLATINUM15M-26OCT062315-15,PLATINUM,commodity,PAPER,1,YES,2026-10-07T03:00:39.745139+00:00,860.3,50,2026-10-07T03:02:55.739654+00:00,724.3,72,,sold,45,33,187,-4753,0,5,47.5,1.5,,7.5,8,43.5,863.3,6.5,,,,,,0.0536,2,2,loss,215.0,110.75,1715.0,1790.75
KXSILVER15M-26OCT062315-15,SILVER,commodity,PAPER,1,YES,2026-10-07T03:00:31.362523+00:00,868.6,48,2026-10-07T03:03:06.739142+00:00,713.3,72,,sold,48,33,207,-4546,0,2,47.0,-3.0,,3.0,5,,,,,,,,,0.0556,2,1,loss,,,,
KXPALLADIUM15M-26OCT062315-15,PALLADIUM,commodity,PAPER,1,YES,2026-10-07T03:01:10.745398+00:00,829.3,50,2026-10-07T03:06:42.741532+00:00,497.3,74,,sold,39,32,208,-4338,1,5,47.5,4.0,7.5,4.5,30,43.0,875.3,7.0,,,,,,0.0344,4,4,win,121.0,121.0,172.75,1441.25
KXCOPPER15M-26OCT062315-15,COPPER,commodity,PAPER,1,NO,2026-10-07T03:00:21.745995+00:00,878.3,49,2026-10-07T03:12:26.739519+00:00,153.3,72,,sold,10,33,197,-4141,0,1,48.5,,,6.0,6,48.5,878.3,1.5,,,,,,-0.0026,2,0,win,246.7,0.1,706.7,221.48
KXSOL15M-26OCT062315-15,SOL,crypto,PAPER,1,NO,2026-10-07T03:00:15.732862+00:00,884.3,49,2026-10-07T03:13:20.741254+00:00,99.3,76,,sold,5,31,239,216,0,1,48.5,,,2.5,5,,,,118.31,118.3063,-0.0031,-0.0254,-0.0,0.0004,2,1,win,,,,
KXETH15M-26OCT062315-15,ETH,crypto,PAPER,1,NO,2026-10-07T03:00:26.249877+00:00,873.8,50,2026-10-07T03:14:00.741770+00:00,59.3,72,,sold,1,33,187,403,0,1,49.5,,,1.5,5,,,,2612.14,2612.17,0.0011,-0.0069,-0.0414,0.045,4,4,loss,,,,
KXXRP15M-26OCT062315-15,XRP,crypto,PAPER,1,NO,2026-10-07T03:00:15.741586+00:00,884.3,48,,,0,yes,settled,0,18,-498,-95,0,1,47.5,,,2.0,5,,,,1.4618,1.4615,-0.0205,-0.0137,-0.0479,0.0004,3,2,win,,,,
KXGOLD15M-26OCT062315-15,GOLD,commodity,PAPER,1,YES,2026-10-07T03:00:44.746209+00:00,855.3,50,,,0,no,settled,0,18,-518,-4659,0,1,49.5,4.0,,6.0,8,46.5,857.3,3.5,,,,,,0.0555,3,3,win,2786.65,2277.35,9392.65,8030.35
KXSILVER15M-26OCT062330-30,SILVER,commodity,PAPER,1,NO,2026-10-07T03:15:23.639686+00:00,876.4,48,2026-10-07T03:17:17.740833+00:00,762.3,72,,sold,40,33,207,-4452,0,1,47.5,,,1.0,7,,,,,,,,,0.0022,2,1,win,,,,
KXETH15M-26OCT062330-30,ETH,crypto,PAPER,1,YES,2026-10-07T03:15:18.519058+00:00,881.5,49,2026-10-07T03:18:35.739794+00:00,684.3,72,,sold,36,33,197,102,0,1,48.5,,,3.0,10,,,,2610.84,2611.16,-0.0123,0.008,0.01,0.0467,1,1,win,,,,
KXSOL15M-26OCT062330-30,SOL,crypto,PAPER,1,NO,2026-10-07T03:15:13.254607+00:00,886.8,49,2026-10-07T03:21:16.742257+00:00,523.3,73,,sold,13,32,208,310,0,1,48.5,,,1.5,10,,,,118.14,118.1452,0.0044,-0.0085,-0.0254,0.0248,1,0,win,,,,
KXPLATINUM15M-26OCT062330-30,PLATINUM,commodity,PAPER,1,NO,2026-10-07T03:15:28.763355+00:00,871.2,51,2026-10-07T03:23:31.740101+00:00,388.3,73,,sold,39,32,188,-4264,0,5,48.5,,,1.0,8,,,,,,,,,0.0005,3,3,win,,,,
KXCOPPER15M-26OCT062330-30,COPPER,commodity,PAPER,1,YES,2026-10-07T03:15:13.260340+00:00,886.7,50,2026-10-07T03:26:04.739097+00:00,235.3,72,,sold,20,33,187,-4077,0,5,47.5,,,2.5,10,,,,,,,,,0.0248,1,0,win,,,,
KXBTC15M-26OCT062330-30,BTC,crypto,PAPER,1,NO,2026-10-07T03:15:23.633488+00:00,876.4,49,,,0,yes,settled,0,18,-508,-198,0,1,48.5,,,1.0,10,,,,83940.75,83934.62,-0.0073,-0.0067,-0.0022,0.0022,3,3,win,,,,
KXXRP15M-26OCT062330-30,XRP,crypto,PAPER,1,NO,2026-10-07T03:15:18.526453+00:00,881.5,48,,,0,yes,settled,1,18,-498,-696,0,1,47.5,,,1.0,10,,,,1.4618,1.4618,-0.0,-0.0274,-0.0548,0.0467,2,2,loss,,,,
KXDOGE15M-26OCT062330-30,DOGE,crypto,PAPER,1,NO,2026-10-07T03:15:42.748482+00:00,857.3,48,,,0,yes,settled,0,18,-498,-1194,0,1,47.5,1.0,,3.5,19,44.5,865.3,5.5,0.09,0.09,-0.0044,0.0222,-0.0222,0.0169,4,4,win,67.5,0.0,154.79,144.0
KXWTI15M-26OCT062330-30,WTI,commodity,PAPER,1,YES,2026-10-07T03:15:34.745543+00:00,865.3,50,,,0,no,settled,1,18,-518,-4595,0,1,49.5,-3.0,,3.0,8,49.5,865.3,0.5,,,,,,0.0,4,4,win,160.0,304.0,2397.0,2410.87
KXGOLD15M-26OCT062330-30,GOLD,commodity,PAPER,1,NO,2026-10-07T03:15:23.744872+00:00,876.3,49,,,0,yes,settled,0,18,-508,-5103,0,1,48.5,,,2.0,11,48.5,876.3,1.5,,,,,,0.0022,3,2,win,2146.0,4707.68,5216.0,8787.3
KXPALLADIUM15M-26OCT062330-30,PALLADIUM,commodity,PAPER,1,NO,2026-10-07T03:16:11.747951+00:00,828.3,51,,,0,yes,settled,0,18,-528,-5631,1,5,48.5,-2.0,0.0,4.0,25,49.5,868.3,0.5,,,,,,0.0005,5,5,win,121.0,116.75,1606.0,1474.85
KXETH15M-26OCT062345-45,ETH,crypto,PAPER,1,YES,2026-10-07T03:30:12.213240+00:00,887.8,49,2026-10-07T03:32:23.740963+00:00,756.3,73,,sold,48,32,208,-986,0,1,48.5,,,1.0,6,,,,2607.82,2608.09,-0.0104,-0.0096,0.0303,0.019,3,1,win,,,,
KXXRP15M-26OCT062345-45,XRP,crypto,PAPER,1,YES,2026-10-07T03:30:38.086290+00:00,861.9,50,2026-10-07T03:32:23.742547+00:00,756.3,78,,sold,49,31,249,-737,0,1,49.5,0.0,,0.0,6,,,,1.4624,1.4624,0.0,0.0205,0.0137,0.0406,4,4,loss,,,,
KXBTC15M-26OCT062345-45,BTC,crypto,PAPER,1,YES,2026-10-07T03:30:22.824823+00:00,877.2,49,2026-10-07T03:32:28.741588+00:00,751.3,72,,sold,48,33,197,-540,0,1,48.5,,,1.0,6,,,,83968.91,83957.39,0.0137,0.0213,0.0264,0.0264,2,2,loss,,,,
KXGOLD15M-26OCT062345-45,GOLD,commodity,PAPER,1,YES,2026-10-07T03:30:17.745980+00:00,882.3,48,2026-10-07T03:34:13.740346+00:00,646.3,72,,sold,45,33,207,-5424,0,1,47.5,,,1.0,7,47.5,882.3,2.5,,,,,,0.0201,2,0,loss,1859.0,2106.33,5626.0,6554.33
KXSOL15M-26OCT062345-45,SOL,crypto,PAPER,1,YES,2026-10-07T03:30:33.745700+00:00,866.3,50,2026-10-07T03:34:27.740750+00:00,632.3,73,,sold,39,32,198,-342,0,1,49.5,3.0,,4.0,7,49.5,866.3,0.5,118.17,118.1668,0.0027,0.0339,0.0169,0.049,3,3,win,23.38,332.43,425.94,1115.94
KXCOPPER15M-26OCT062345-45,COPPER,commodity,PAPER,1,YES,2026-10-07T03:30:22.829835+00:00,877.2,49,2026-10-07T03:37:15.739494+00:00,464.3,75,,sold,40,32,228,-5196,0,5,46.5,,,3.5,5,,,,,,,,,0.0264,3,1,win,,,,
KXPLATINUM15M-26OCT062345-45,PLATINUM,commodity,PAPER,1,YES,2026-10-07T03:30:22.834815+00:00,877.2,50,2026-10-07T03:40:09.739880+00:00,290.3,73,,sold,32,32,198,-4998,0,3,48.5,,,1.5,4,,,,,,,,,0.0264,4,2,win,,,,
KXPALLADIUM15M-26OCT062345-45,PALLADIUM,commodity,PAPER,1,YES,2026-10-07T03:30:49.745295+00:00,850.3,48,2026-10-07T03:41:30.739343+00:00,209.3,72,,sold,23,33,207,-4791,0,3,46.5,-4.0,,6.5,15,53.0,875.3,3.0,,,,,,0.0438,4,4,loss,144.0,290.0,182.25,317.0
KXDOGE15M-26OCT062345-45,DOGE,crypto,PAPER,1,NO,2026-10-07T03:30:06.863639+00:00,893.1,50,,,0,yes,settled,0,18,-518,-860,0,1,49.5,,,0.5,6,,,,,,,0.0111,-0.0444,0.0055,2,0,win,,,,
KXSILVER15M-26OCT062345-45,SILVER,commodity,PAPER,1,NO,2026-10-07T03:30:39.745810+00:00,860.3,48,,,0,yes,settled,0,18,-498,-5289,0,2,47.0,-7.5,,13.5,13,42.5,866.3,7.5,,,,,,0.0339,3,3,win,2110.0,297.17,2549.44,691.31
KXBTC15M-26OCT070000-00,BTC,crypto,PAPER,1,YES,2026-10-07T03:45:20.749841+00:00,879.3,48,2026-10-07T03:48:46.741065+00:00,673.3,72,,sold,47,33,207,-653,0,1,47.5,,,3.0,12,45.5,880.3,4.5,84121.68,84121.82,-0.0002,0.0079,-0.0089,-0.0089,1,1,win,7108.34,0.0,12703.62,1124.02
KXETH15M-26OCT070000-00,ETH,crypto,PAPER,1,YES,2026-10-07T03:45:14.220017+00:00,885.8,50,2026-10-07T03:49:34.740842+00:00,625.3,74,,sold,42,32,208,-445,0,1,49.5,,,2.0,10,,,,2611.53,2611.91,-0.0145,0.0161,-0.0027,-0.0168,0,0,win,,,,
KXGOLD15M-26OCT070000-00,GOLD,commodity,PAPER,1,YES,2026-10-07T03:46:30.746499+00:00,809.3,49,2026-10-07T03:49:39.741209+00:00,620.3,74,,sold,37,32,218,-5071,1,1,48.5,-8.0,-6.0,15.5,51,56.5,859.3,6.5,,,,,,-0.0013,5,5,win,0.0,2322.48,0.0,6036.48
KXSOL15M-26OCT070000-00,SOL,crypto,PAPER,1,YES,2026-10-07T03:45:57.748257+00:00,842.3,49,2026-10-07T03:49:44.740267+00:00,615.3,72,,sold,29,33,197,-248,0,2,48.0,4.5,,13.5,49,36.5,880.3,13.5,118.29,118.2843,0.0048,0.0423,0.0931,0.0214,3,3,win,30.0,0.0,769.0,817.0
KXPLATINUM15M-26OCT070000-00,PLATINUM,commodity,PAPER,1,YES,2026-10-07T03:45:29.787138+00:00,870.2,49,2026-10-07T03:49:46.740711+00:00,613.3,79,,sold,36,30,270,-4801,0,3,47.5,,,1.0,9,,,,,,,,,0.0202,2,2,win,,,,
KXDOGE15M-26OCT070000-00,DOGE,crypto,PAPER,1,YES,2026-10-07T03:45:24.745361+00:00,875.3,49,2026-10-07T03:49:49.740510+00:00,610.3,72,,sold,36,33,197,-51,0,1,48.5,,,4.0,11,48.5,875.3,1.5,0.0902,0.0903,-0.0066,0.0111,0.0111,0.0022,2,2,loss,88.0,44.5,1894.0,970.5
KXCOPPER15M-26OCT070000-00,COPPER,commodity,PAPER,1,NO,2026-10-07T03:45:29.779705+00:00,870.2,51,2026-10-07T03:53:59.740026+00:00,360.3,79,,sold,34,30,250,-4551,0,3,49.5,,,4.5,9,,,,,,,,,0.0202,1,1,win,,,,
KXWTI15M-26OCT070000-00,WTI,commodity,PAPER,1,YES,2026-10-07T03:45:35.745863+00:00,864.3,49,2026-10-07T03:58:51.739063+00:00,68.3,72,,sold,27,33,197,-4354,0,2,48.0,,,2.0,8,48.0,864.3,2.0,,,,,,0.0234,3,3,loss,2150.0,135.27,2361.29,2275.37
KXPALLADIUM15M-26OCT070000-00,PALLADIUM,commodity,PAPER,1,NO,2026-10-07T03:45:27.744886+00:00,872.3,48,,,0,yes,settled,0,18,-498,-4852,0,5,45.5,,,5.5,17,51.0,885.3,1.0,,,,,,-0.001,0,0,win,126.75,5.0,1455.75,55.0
KXSILVER15M-26OCT070000-00,SILVER,commodity,PAPER,1,YES,2026-10-07T03:45:40.329989+00:00,859.7,48,,,0,no,settled,0,18,-498,-5350,0,3,46.5,0.5,,2.5,8,,,,,,,,,0.017,4,4,loss,,,,
KXXRP15M-26OCT070015-15,XRP,crypto,PAPER,1,NO,2026-10-07T04:00:33.646113+00:00,866.4,49,2026-10-07T04:02:07.740552+00:00,772.3,74,,sold,47,32,218,167,0,1,48.5,-0.5,,9.5,11,,,,1.4646,1.465,0.0273,0.041,0.0137,0.0209,4,4,win,,,,
KXPLATINUM15M-26OCT070015-15,PLATINUM,commodity,PAPER,1,YES,2026-10-07T04:00:23.746014+00:00,876.3,51,2026-10-07T04:02:10.739421+00:00,769.3,73,,sold,47,32,188,-5162,0,4,49.0,,,8.5,11,49.0,876.3,1.0,,,,,,0.0221,2,0,win,148.0,160.0,373.0,1672.0
KXSOL15M-26OCT070015-15,SOL,crypto,PAPER,1,YES,2026-10-07T04:00:23.753875+00:00,876.3,48,2026-10-07T04:03:29.739608+00:00,690.3,72,,sold,39,33,207,374,0,1,47.5,,,12.0,12,47.5,876.3,2.5,118.2,118.2075,-0.0063,-0.0169,0.0,0.0221,3,3,win,40.0,772.0,411.01,1515.0
KXDOGE15M-26OCT070015-15,DOGE,crypto,PAPER,1,NO,2026-10-07T04:00:23.409518+00:00,876.6,48,2026-10-07T04:04:47.740395+00:00,612.3,72,,sold,48,33,207,581,0,1,47.5,,,5.5,11,,,,0.0901,0.0901,0.061,0.0555,0.0333,0.0359,2,2,win,,,,
KXBTC15M-26OCT070015-15,BTC,crypto,PAPER,1,NO,2026-10-07T04:00:19.749288+00:00,880.3,48,2026-10-07T04:08:07.742638+00:00,412.3,73,,sold,21,32,218,799,0,1,47.5,,,8.0,13,44.5,881.3,5.5,84127.14,84114.94,-0.0145,-0.0146,-0.03,0.03,0,0,win,6699.88,0.0,12629.1,1184.09
KXETH15M-26OCT070015-15,ETH,crypto,PAPER,1,NO,2026-10-07T04:00:22.747925+00:00,877.3,48,,,0,yes,settled,0,18,-498,301,0,1,47.5,,,8.0,21,43.5,886.3,6.5,2610.46,2610.44,-0.0008,-0.0134,-0.0345,0.0359,1,1,win,744.0,0.0,2600.5,152.0
KXSILVER15M-26OCT070015-15,SILVER,commodity,PAPER,1,NO,2026-10-07T04:00:45.747725+00:00,854.3,51,,,0,yes,settled,0,18,-528,-5690,0,4,49.0,-10.0,,13.0,21,59.5,866.3,9.5,,,,,,0.0224,2,2,loss,0.0,848.71,0.0,1597.71
KXCOPPER15M-26OCT070015-15,COPPER,commodity,PAPER,1,NO,2026-10-07T04:01:38.748817+00:00,801.3,50,,,0,yes,settled,0,18,-518,-6208,1,3,48.5,-6.5,-15.0,13.0,45,61.5,859.3,11.5,,,,,,0.0304,4,4,win,99.0,101.0,300.0,735.0
KXWTI15M-26OCT070015-15,WTI,commodity,PAPER,1,YES,2026-10-07T04:07:30.749654+00:00,449.3,48,,,0,no,settled,1,18,-498,-6706,7,1,47.5,3.0,5.0,5.5,52,31.5,855.3,18.5,,,,,,-0.0473,4,5,win,59.92,0.0,296.92,0.0
KXPALLADIUM15M-26OCT070015-15,PALLADIUM,commodity,PAPER,1,NO,2026-10-07T04:01:24.750429+00:00,815.3,51,,,0,yes,settled,0,18,-528,-7234,1,5,48.5,4.0,-10.0,19.0,32,58.0,876.3,8.0,,,,,,0.0341,3,3,loss,1.0,21.0,1586.0,1530.0
KXGOLD15M-26OCT070015-15,GOLD,commodity,PAPER,1,YES,2026-10-07T04:00:43.747020+00:00,856.3,49,,,0,no,settled,0,18,-508,-7742,0,1,48.5,4.5,,8.0,22,46.0,866.3,4.0,,,,,,0.0117,1,1,win,137.49,0.0,4318.49,0.0
KXXRP15M-26OCT070030-30,XRP,crypto,PAPER,1,NO,2026-10-07T04:15:30.625166+00:00,869.4,49,2026-10-07T04:16:55.740787+00:00,784.3,72,,sold,48,33,197,498,0,1,48.5,,,1.0,5,,,,1.4637,1.464,0.0205,0.0205,0.0068,-0.0165,2,2,win,,,,
KXPLATINUM15M-26OCT070030-30,PLATINUM,commodity,PAPER,1,NO,2026-10-07T04:15:30.632678+00:00,869.4,48,2026-10-07T04:17:37.741005+00:00,742.3,72,,sold,36,33,207,-7535,0,1,47.5,,,4.0,5,,,,,,,,,-0.0165,5,3,win,,,,
KXWTI15M-26OCT070030-30,WTI,commodity,PAPER,1,YES,2026-10-07T04:16:00.746214+00:00,839.3,51,2026-10-07T04:18:37.741104+00:00,682.3,72,,sold,39,33,177,-7358,1,3,49.5,-7.5,,10.5,38,59.0,879.3,9.0,,,,,,-0.0,4,4,loss,0.0,208.97,122.19,388.97
KXCOPPER15M-26OCT070030-30,COPPER,commodity,PAPER,1,YES,2026-10-07T04:15:15.377814+00:00,884.6,51,2026-10-07T04:21:47.741325+00:00,492.3,74,,sold,31,32,198,-7160,0,3,49.5,,,0.5,4,,,,,,,,,-0.0091,7,2,win,,,,
KXPALLADIUM15M-26OCT070030-30,PALLADIUM,commodity,PAPER,1,NO,2026-10-07T04:16:24.748397+00:00,815.3,48,2026-10-07T04:25:04.740186+00:00,295.3,73,,sold,33,32,218,-6942,1,4,46.0,10.5,5.0,12.5,42,41.0,884.3,9.0,,,,,,-0.0323,5,5,loss,295.0,202.0,1820.0,422.0
KXBTC15M-26OCT070030-30,BTC,crypto,PAPER,1,YES,2026-10-07T04:15:20.400932+00:00,879.6,48,2026-10-07T04:26:50.741523+00:00,189.3,72,,sold,12,33,207,705,0,1,47.5,,,1.0,5,,,,84111.62,84117.35,-0.0068,0.0,-0.0151,-0.0151,0,0,win,,,,
KXSOL15M-26OCT070030-30,SOL,crypto,PAPER,1,YES,2026-10-07T04:15:32.747612+00:00,867.3,50,,,0,no,settled,0,18,-518,187,0,1,49.5,,,8.0,7,46.5,869.3,3.5,118.3,118.3217,-0.0183,-0.0338,-0.0254,-0.0066,3,3,win,27.0,55.0,1128.0,852.0
KXDOGE15M-26OCT070030-30,DOGE,crypto,PAPER,1,YES,2026-10-07T04:15:25.530299+00:00,874.5,50,,,0,no,settled,0,18,-518,-331,0,1,49.5,,,5.0,5,,,,0.0902,0.0902,-0.0011,-0.0111,-0.0111,-0.0273,1,1,win,,,,
KXGOLD15M-26OCT070030-30,GOLD,commodity,PAPER,1,YES,2026-10-07T04:15:10.266876+00:00,889.7,49,,,0,no,settled,1,18,-508,-7450,0,2,48.0,,,1.5,5,,,,,,,,,-0.0093,5,0,win,,,,
KXSILVER15M-26OCT070030-30,SILVER,commodity,PAPER,1,YES,2026-10-07T04:15:12.745255+00:00,887.3,50,,,0,no,settled,0,18,-518,-7968,0,3,48.5,,,9.0,8,47.0,889.3,3.0,,,,,,-0.0091,6,1,loss,1022.0,15.75,1722.46,1215.75
KXGOLD15M-26OCT070045-45,GOLD,commodity,PAPER,1,NO,2026-10-07T04:30:34.747435+00:00,865.3,48,2026-10-07T04:32:08.740573+00:00,771.3,72,,sold,46,33,207,-7761,0,2,47.0,-2.5,,3.0,6,47.0,865.3,3.0,,,,,,-0.0162,5,4,loss,0.0,1851.0,609.75,5868.0
KXPLATINUM15M-26OCT070045-45,PLATINUM,commodity,PAPER,1,NO,2026-10-07T04:30:23.947994+00:00,876.1,49,2026-10-07T04:32:10.739534+00:00,769.3,74,,sold,40,32,218,-7543,0,4,47.0,,,4.5,5,,,,,,,,,-0.0182,4,2,win,,,,
KXDOGE15M-26OCT070045-45,DOGE,crypto,PAPER,1,NO,2026-10-07T04:30:23.746647+00:00,876.3,49,2026-10-07T04:32:38.740810+00:00,741.3,72,,sold,48,33,197,-134,0,1,48.5,,,4.0,21,46.5,891.3,3.5,,,,,,-0.0182,0,0,loss,97.0,0.0,1127.0,135.5
KXPALLADIUM15M-26OCT070045-45,PALLADIUM,commodity,PAPER,1,NO,2026-10-07T04:30:17.746369+00:00,882.3,51,2026-10-07T04:33:23.739505+00:00,696.3,75,,sold,43,32,208,-7335,0,3,49.5,,,0.5,3,50.0,884.3,0.0,,,,,,-0.009,3,1,win,178.0,0.1,1683.75,323.35
KXSILVER15M-26OCT070045-45,SILVER,commodity,PAPER,1,NO,2026-10-07T04:30:58.747075+00:00,841.3,51,2026-10-07T04:33:23.744092+00:00,696.3,77,,sold,43,31,229,-7106,0,4,49.0,0.0,,11.0,25,38.5,865.3,11.5,,,,,,-0.0483,5,5,loss,126.0,0.0,475.37,184.8
KXWTI15M-26OCT070045-45,WTI,commodity,PAPER,1,YES,2026-10-07T04:30:29.045878+00:00,871.0,51,2026-10-07T04:34:54.741357+00:00,605.3,73,,sold,39,32,188,-6918,0,3,49.5,,,2.0,4,,,,,,,,,-0.0182,4,3,win,,,,
KXETH15M-26OCT070045-45,ETH,crypto,PAPER,1,YES,2026-10-07T04:36:40.749741+00:00,499.3,50,2026-10-07T04:38:50.740399+00:00,369.3,72,,sold,33,33,187,53,6,1,49.5,30.0,32.0,34.0,60,42.5,875.3,7.5,2607.54,2608.22,-0.0261,0.0864,0.1044,0.0866,3,4,loss,589.0,0.0,2377.57,0.0
KXCOPPER15M-26OCT070045-45,COPPER,commodity,PAPER,1,NO,2026-10-07T04:30:08.338473+00:00,891.7,51,2026-10-07T04:42:23.741134+00:00,156.3,83,,sold,8,28,292,-6626,0,3,49.5,,,2.0,5,,,,,,,,,-0.0023,2,0,win,,,,
KXXRP15M-26OCT070045-45,XRP,crypto,PAPER,1,YES,2026-10-07T04:30:29.039375+00:00,871.0,50,,,0,no,settled,0,18,-518,-465,0,1,49.5,,,0.0,5,,,,1.4634,1.4641,-0.0478,-0.0342,-0.0137,-0.0182,2,2,win,,,,
KXSOL15M-26OCT070045-45,SOL,crypto,PAPER,1,YES,2026-10-07T04:30:29.031646+00:00,871.0,50,,,0,no,settled,0,18,-518,-983,0,2,49.0,,,0.5,5,,,,118.22,118.2643,-0.0375,-0.0338,-0.0423,-0.0182,1,1,loss,,,,
KXBTC15M-26OCT070045-45,BTC,crypto,PAPER,1,YES,2026-10-07T04:30:44.481804+00:00,855.5,49,,,0,no,settled,0,18,-508,-1491,0,1,48.5,0.0,,0.0,5,,,,84097.84,84118.56,-0.0246,-0.0164,-0.0151,-0.0151,3,3,win,,,,
KXCOPPER15M-26OCT070100-00,COPPER,commodity,PAPER,1,YES,2026-10-07T04:45:15.301229+00:00,884.7,50,2026-10-07T04:49:40.741154+00:00,619.3,72,,sold,44,33,187,-6439,0,5,47.5,,,2.5,4,,,,,,,,,0.0406,0,0,win,,,,
KXPLATINUM15M-26OCT070100-00,PLATINUM,commodity,PAPER,1,YES,2026-10-07T04:45:19.747721+00:00,880.3,48,2026-10-07T04:50:34.738825+00:00,565.3,72,,sold,41,33,207,-6232,0,3,46.5,,,6.0,10,44.0,884.3,6.0,,,,,,0.0343,1,1,win,71.0,45.0,289.25,1362.0
KXPALLADIUM15M-26OCT070100-00,PALLADIUM,commodity,PAPER,1,NO,2026-10-07T04:45:30.949632+00:00,869.1,51,2026-10-07T04:57:55.740091+00:00,124.3,73,,sold,25,32,188,-6044,0,3,49.5,-0.5,,0.5,3,,,,,,,,,0.0493,3,3,win,,,,
KXGOLD15M-26OCT070100-00,GOLD,commodity,PAPER,1,NO,2026-10-07T04:45:25.858248+00:00,874.1,49,2026-10-07T04:58:48.740737+00:00,71.3,72,,sold,14,33,197,-5847,0,1,48.5,,,2.0,5,,,,,,,,,0.0477,2,2,win,,,,
KXSILVER15M-26OCT070100-00,SILVER,commodity,PAPER,1,NO,2026-10-07T04:45:43.747968+00:00,856.3,50,2026-10-07T04:58:54.741001+00:00,65.3,87,,sold,4,26,344,-5503,0,2,49.0,-4.5,,4.5,7,50.0,857.3,0.0,,,,,,0.0182,4,4,win,19.4,233.0,3213.4,3077.0
KXWTI15M-26OCT070100-00,WTI,commodity,PAPER,1,YES,2026-10-07T04:49:02.751979+00:00,657.3,49,,,0,no,settled,0,18,-508,-6011,4,1,48.5,0.0,-6.0,13.0,54,43.5,863.3,6.5,,,,,,0.0126,5,5,win,0.0,0.0,2261.0,265.73
KXCOPPER15M-26OCT070115-15,COPPER,commodity,PAPER,1,YES,2026-10-07T05:01:08.748865+00:00,831.3,48,2026-10-07T05:02:48.740120+00:00,731.3,72,,sold,43,33,207,-5804,1,1,47.5,3.0,7.5,20.0,45,40.0,891.3,10.0,,,,,,0.0035,5,5,win,278.0,100.0,341.0,304.0
KXETH15M-26OCT070115-15,ETH,crypto,PAPER,1,YES,2026-10-07T05:00:18.282800+00:00,881.7,49,2026-10-07T05:03:25.741187+00:00,694.3,72,,sold,46,33,197,-1294,0,1,48.5,,,1.0,6,,,,2609.83,2610.22,-0.0149,0.0,-0.0176,0.002,0,0,win,,,,
KXGOLD15M-26OCT070115-15,GOLD,commodity,PAPER,1,NO,2026-10-07T05:00:33.600916+00:00,866.4,50,2026-10-07T05:03:58.740124+00:00,661.3,72,,sold,47,33,187,-5617,0,1,49.5,3.5,,4.5,6,,,,,,,,,0.0,4,4,win,,,,
KXSILVER15M-26OCT070115-15,SILVER,commodity,PAPER,1,YES,2026-10-07T05:00:21.746766+00:00,878.3,48,2026-10-07T05:05:38.741169+00:00,561.3,72,,sold,32,33,207,-5410,0,1,47.5,,,7.0,10,42.5,881.3,7.5,,,,,,-0.0036,1,0,win,2110.0,1027.5,2715.0,1736.25
KXBTC15M-26OCT070115-15,BTC,crypto,PAPER,1,NO,2026-10-07T05:00:28.491056+00:00,871.5,49,,,0,yes,settled,0,18,-508,-1802,0,1,48.5,,,2.0,6,,,,84075.82,84078.57,0.0033,-0.0,-0.0,0.0,1,1,loss,,,,
KXPALLADIUM15M-26OCT070115-15,PALLADIUM,commodity,PAPER,1,YES,2026-10-07T05:00:23.404282+00:00,876.6,48,,,0,no,settled,0,18,-498,-5908,0,5,45.5,,,15.0,5,,,,,,,,,-0.0036,2,1,win,,,,
KXWTI15M-26OCT070115-15,WTI,commodity,PAPER,1,NO,2026-10-07T05:00:29.748032+00:00,870.3,49,,,0,yes,settled,0,18,-508,-6416,0,1,48.5,,,3.0,3,48.5,870.3,1.5,,,,,,0.0,3,3,loss,213.0,109.1,2553.0,2638.1
KXPLATINUM15M-26OCT070115-15,PLATINUM,commodity,PAPER,1,YES,2026-10-07T05:00:23.748596+00:00,876.3,50,,,0,no,settled,0,18,-518,-6934,0,2,49.0,,,6.0,7,49.0,876.3,1.0,,,,,,-0.0036,3,2,win,1470.0,5.0,1682.75,81.0
KXCOPPER15M-26OCT070130-30,COPPER,commodity,PAPER,1,NO,2026-10-07T05:15:30.745913+00:00,869.3,50,2026-10-07T05:18:43.740407+00:00,676.3,72,,sold,42,33,187,-6747,0,1,49.5,,,4.5,6,49.5,869.3,0.5,,,,,,-0.0008,3,2,win,0.1,178.0,326.1,390.75
KXDOGE15M-26OCT070130-30,DOGE,crypto,PAPER,1,YES,2026-10-07T05:15:15.756802+00:00,884.3,50,2026-10-07T05:20:04.741476+00:00,595.3,72,,sold,47,33,187,-1615,0,1,49.5,,,5.0,6,49.5,884.3,0.5,,,,,,-0.0015,2,1,win,87.5,19.0,268.5,121.1
KXWTI15M-26OCT070130-30,WTI,commodity,PAPER,1,YES,2026-10-07T05:15:20.744865+00:00,879.3,49,2026-10-07T05:21:11.740540+00:00,528.3,72,,sold,38,33,197,-6550,0,1,48.5,,,2.5,7,48.5,879.3,1.5,,,,,,-0.0119,4,1,loss,160.0,231.0,451.0,409.54
KXBTC15M-26OCT070130-30,BTC,crypto,PAPER,1,YES,2026-10-07T05:15:36.762471+00:00,863.2,48,2026-10-07T05:21:35.745991+00:00,504.3,74,,sold,41,32,228,-1387,0,1,47.5,-8.0,,8.0,7,47.5,863.2,2.5,84161.36,84158.01,0.004,-0.0029,0.0052,0.0052,3,3,loss,0.0,4903.05,6506.86,14303.78
KXXRP15M-26OCT070130-30,XRP,crypto,PAPER,1,YES,2026-10-07T05:15:15.748145+00:00,884.3,49,2026-10-07T05:23:07.741258+00:00,412.3,72,,sold,34,33,197,-1190,0,1,48.5,,,5.0,7,48.5,884.3,1.5,1.4677,1.4681,-0.0272,-0.0068,-0.0204,-0.0015,1,0,loss,36.49,73.28,607.49,623.28
KXSILVER15M-26OCT070130-30,SILVER,commodity,PAPER,1,YES,2026-10-07T05:15:09.897190+00:00,890.1,51,2026-10-07T05:26:02.740943+00:00,237.3,73,,sold,29,32,188,-6362,0,3,49.5,,,2.0,6,,,,,,,,,0.0081,3,0,win,,,,
KXSOL15M-26OCT070130-30,SOL,crypto,PAPER,1,NO,2026-10-07T05:15:36.750512+00:00,863.3,48,,,0,yes,settled,0,18,-498,-1688,0,1,47.5,3.0,,4.0,7,47.5,863.3,2.5,118.41,118.3988,-0.0095,0.0169,0.0084,0.0052,2,2,loss,5.0,362.73,488.89,1123.73
KXETH15M-26OCT070130-30,ETH,crypto,PAPER,1,NO,2026-10-07T05:15:53.750920+00:00,846.3,48,,,0,yes,settled,0,18,-498,-2186,0,1,47.5,1.0,,9.0,19,54.5,858.3,4.5,2613.16,2613.72,0.0214,-0.0054,-0.0107,0.0277,4,4,win,965.5,92.19,2146.5,771.69
KXGOLD15M-26OCT070130-30,GOLD,commodity,PAPER,1,YES,2026-10-07T05:15:41.118943+00:00,858.9,48,,,0,no,settled,0,18,-498,-6860,0,1,47.5,0.0,,1.5,6,,,,,,,,,0.0161,3,3,win,,,,
KXBTC15M-26OCT070145-45,BTC,crypto,PAPER,1,YES,2026-10-07T05:30:27.467830+00:00,872.5,50,2026-10-07T05:32:15.741080+00:00,764.3,72,,sold,48,33,187,-1999,0,1,49.5,,,1.0,21,,,,84181.69,84181.84,-0.0002,0.0046,0.0197,0.0197,1,1,win,,,,
KXXRP15M-26OCT070145-45,XRP,crypto,PAPER,1,YES,2026-10-07T05:30:22.184493+00:00,877.8,50,2026-10-07T05:32:52.741090+00:00,727.3,76,,sold,45,31,229,-1770,0,2,49.0,,,7.0,21,,,,1.4697,1.4697,0.0,0.0136,0.0204,-0.0057,0,0,win,,,,
KXDOGE15M-26OCT070145-45,DOGE,crypto,PAPER,1,YES,2026-10-07T05:30:27.478531+00:00,872.5,48,2026-10-07T05:32:55.741465+00:00,724.3,72,,sold,43,33,207,-1563,0,1,47.5,,,3.0,21,,,,,,,,,0.0197,2,2,win,,,,
KXCOPPER15M-26OCT070145-45,COPPER,commodity,PAPER,1,NO,2026-10-07T05:31:45.750613+00:00,794.3,48,2026-10-07T05:35:19.740624+00:00,580.3,73,,sold,44,32,218,-6642,1,3,46.5,8.0,4.5,10.5,44,42.0,861.3,8.0,,,,,,0.0274,4,4,win,88.0,0.0,287.0,93.95
KXSILVER15M-26OCT070145-45,SILVER,commodity,PAPER,1,NO,2026-10-07T05:30:33.749235+00:00,866.3,50,2026-10-07T05:36:06.739648+00:00,533.3,73,,sold,27,32,198,-6444,0,2,49.0,-3.0,,3.5,22,49.0,866.3,1.0,,,,,,0.0186,1,1,win,160.0,2388.07,3456.54,3088.07
KXPLATINUM15M-26OCT070145-45,PLATINUM,commodity,PAPER,1,YES,2026-10-07T05:30:22.190157+00:00,877.8,51,2026-10-07T05:37:17.739387+00:00,462.3,72,,sold,31,33,177,-6267,0,5,48.5,,,4.0,21,,,,,,,,,-0.0057,1,0,loss,,,,
KXGOLD15M-26OCT070145-45,GOLD,commodity,PAPER,1,YES,2026-10-07T05:30:36.748583+00:00,863.3,50,2026-10-07T05:37:23.741133+00:00,456.3,72,,sold,33,33,187,-6080,0,1,49.5,0.0,,11.0,25,43.5,866.2,6.5,,,,,,0.0185,2,2,loss,2189.21,0.0,8633.94,4024.0
KXSOL15M-26OCT070145-45,SOL,crypto,PAPER,1,NO,2026-10-07T05:31:05.748433+00:00,834.3,48,,,0,yes,settled,1,18,-498,-2061,1,1,47.5,2.0,-5.0,9.0,48,45.0,866.3,5.0,118.6,118.5725,-0.0232,-0.0,-0.0337,0.0044,4,4,loss,78.92,374.0,526.92,1254.0
KXETH15M-26OCT070145-45,ETH,crypto,PAPER,1,NO,2026-10-07T05:30:27.749012+00:00,872.3,48,,,0,yes,settled,0,18,-498,-2559,0,1,47.5,,,7.0,22,47.5,872.3,2.5,2615.16,2615.35,0.0073,-0.0065,-0.0268,0.0197,3,3,loss,287.0,316.48,1482.55,1243.48
KXPALLADIUM15M-26OCT070145-45,PALLADIUM,commodity,PAPER,1,NO,2026-10-07T05:30:38.035386+00:00,862.0,48,,,0,yes,settled,0,18,-498,-6578,0,1,47.5,-12.0,,14.5,15,,,,,,,,,0.0185,3,3,loss,,,,
KXSILVER15M-26OCT070200-00,SILVER,commodity,PAPER,1,YES,2026-10-07T05:45:24.084749+00:00,875.9,49,2026-10-07T05:48:00.742434+00:00,719.3,72,,sold,47,33,197,-6381,0,2,48.0,,,0.5,9,,,,,,,,,0.0199,2,1,win,,,,
KXXRP15M-26OCT070200-00,XRP,crypto,PAPER,1,YES,2026-10-07T05:45:44.625926+00:00,855.4,49,2026-10-07T05:48:06.741418+00:00,713.3,73,,sold,44,32,208,-2351,0,1,48.5,0.0,,7.0,10,,,,,,,,,0.0017,1,1,win,,,,
KXPLATINUM15M-26OCT070200-00,PLATINUM,commodity,PAPER,1,NO,2026-10-07T05:45:44.634507+00:00,855.4,49,2026-10-07T05:51:01.740126+00:00,538.3,80,,sold,36,30,280,-6101,0,3,47.5,0.0,,3.0,8,,,,,,,,,0.0017,4,4,win,,,,
KXGOLD15M-26OCT070200-00,GOLD,commodity,PAPER,1,NO,2026-10-07T05:45:24.076269+00:00,875.9,49,2026-10-07T05:53:28.740388+00:00,391.3,72,,sold,41,33,197,-5904,0,1,48.5,,,4.5,10,,,,,,,,,0.0199,1,0,win,,,,
KXCOPPER15M-26OCT070200-00,COPPER,commodity,PAPER,1,NO,2026-10-07T05:45:29.275400+00:00,870.7,49,2026-10-07T05:53:57.740131+00:00,362.3,75,,sold,22,32,228,-5676,0,5,46.5,,,6.0,9,,,,,,,,,0.0191,2,2,win,,,,
KXSOL15M-26OCT070200-00,SOL,crypto,PAPER,1,NO,2026-10-07T05:45:37.747191+00:00,862.3,49,,,0,yes,settled,0,18,-508,-2859,0,1,48.5,5.0,,8.0,18,40.5,870.3,9.5,118.68,118.6585,-0.0181,-0.0,-0.0253,0.0076,0,0,loss,55.0,26.0,1142.0,1141.0
KXETH15M-26OCT070200-00,ETH,crypto,PAPER,1,NO,2026-10-07T05:45:46.747913+00:00,853.3,48,,,0,yes,settled,0,18,-498,-3357,0,1,47.5,5.0,,5.0,23,42.5,865.3,7.5,,,,,,0.0017,2,2,loss,252.5,1031.5,344.0,2251.5
KXBTC15M-26OCT070200-00,BTC,crypto,PAPER,1,NO,2026-10-07T05:45:58.750597+00:00,841.3,50,,,0,yes,settled,0,18,-518,-3875,0,1,49.5,7.0,,10.0,45,42.5,875.3,7.5,84205.73,84200.88,-0.0058,0.0045,-0.0,0.0,3,3,win,6083.88,0.0,11469.8,0.0
KXPALLADIUM15M-26OCT070200-00,PALLADIUM,commodity,PAPER,1,YES,2026-10-07T05:45:29.283929+00:00,870.7,48,,,0,no,settled,0,18,-498,-6174,0,2,47.0,,,2.0,2,,,,,,,,,0.0191,3,3,loss,,,,
KXPALLADIUM15M-26OCT070215-15,PALLADIUM,commodity,PAPER,1,NO,2026-10-07T06:00:21.252735+00:00,878.8,48,2026-10-07T06:01:58.739896+00:00,781.3,75,,sold,46,32,238,-5936,0,2,47.0,,,4.5,9,,,,,,,,,-0.0047,1,0,loss,,,,
KXBTC15M-26OCT070215-15,BTC,crypto,PAPER,1,NO,2026-10-07T06:00:21.241866+00:00,878.8,49,2026-10-07T06:02:08.741979+00:00,771.3,73,,sold,40,32,208,-3667,0,1,48.5,,,9.0,15,,,,84320.43,84309.0,-0.0136,-0.0021,0.0047,-0.0047,0,0,loss,,,,
KXSILVER15M-26OCT070215-15,SILVER,commodity,PAPER,1,YES,2026-10-07T06:00:31.471625+00:00,868.5,48,2026-10-07T06:04:11.742120+00:00,648.3,72,,sold,35,33,207,-5729,0,2,47.0,-3.0,,10.0,15,,,,,,,,,0.0197,1,1,win,,,,
KXDOGE15M-26OCT070215-15,DOGE,crypto,PAPER,1,YES,2026-10-07T06:07:53.760439+00:00,426.3,48,2026-10-07T06:09:43.740434+00:00,316.3,72,,sold,42,33,207,-3460,7,2,47.0,4.5,11.5,13.5,60,40.5,878.3,9.5,0.0905,0.0906,-0.0585,-0.011,0.0,0.0302,1,2,win,876.5,0.0,1159.97,0.0
KXPLATINUM15M-26OCT070215-15,PLATINUM,commodity,PAPER,1,YES,2026-10-07T06:00:36.748940+00:00,863.3,49,2026-10-07T06:12:49.740088+00:00,130.3,72,,sold,16,33,197,-5532,0,5,46.5,-13.0,,17.5,16,46.5,863.3,3.5,,,,,,0.0064,2,2,win,66.0,168.0,1598.0,1674.75
KXXRP15M-26OCT070215-15,XRP,crypto,PAPER,1,YES,2026-10-07T06:00:27.756747+00:00,872.3,48,,,0,no,settled,0,18,-498,-3958,0,1,47.5,,,8.0,22,45.5,878.3,4.5,1.4725,1.473,-0.0339,-0.0204,-0.0272,0.0413,1,1,win,0.0,10.0,594.5,40.0
KXGOLD15M-26OCT070215-15,GOLD,commodity,PAPER,1,NO,2026-10-07T06:00:50.750697+00:00,849.3,49,,,0,yes,settled,0,18,-508,-6040,0,1,48.5,2.5,,10.5,51,43.5,884.3,6.5,,,,,,-0.021,4,4,win,387.0,0.0,6852.24,3449.0
KXWTI15M-26OCT070215-15,WTI,commodity,PAPER,1,NO,2026-10-07T06:00:50.763766+00:00,849.2,48,,,0,yes,settled,0,18,-498,-6538,0,1,47.5,-19.0,,19.0,40,61.5,873.3,11.5,,,,,,-0.021,5,5,win,0.0,150.0,50.19,2340.0
KXCOPPER15M-26OCT070215-15,COPPER,commodity,PAPER,1,NO,2026-10-07T06:00:36.762801+00:00,863.2,51,,,0,yes,settled,0,18,-528,-7066,0,3,49.5,-13.5,,26.0,15,49.5,863.2,0.5,,,,,,0.0064,3,3,win,223.0,101.0,642.25,439.0
KXWTI15M-26OCT070230-30,WTI,commodity,PAPER,1,NO,2026-10-07T06:15:40.749541+00:00,859.3,48,2026-10-07T06:17:41.740482+00:00,738.3,72,,sold,47,33,207,-6859,0,1,47.5,10.5,,10.5,13,43.5,866.3,6.5,,,,,,-0.0107,4,4,loss,384.0,2100.0,2238.1,2624.37
KXBTC15M-26OCT070230-30,BTC,crypto,PAPER,1,NO,2026-10-07T06:15:23.241788+00:00,876.8,50,2026-10-07T06:17:50.742814+00:00,729.3,72,,sold,48,33,187,-3771,0,1,49.5,,,3.0,5,,,,84275.0,84285.79,0.0128,0.0035,-0.0046,0.0046,1,1,win,,,,
KXPALLADIUM15M-26OCT070230-30,PALLADIUM,commodity,PAPER,1,NO,2026-10-07T06:15:54.748434+00:00,845.3,48,2026-10-07T06:20:01.743144+00:00,598.3,73,,sold,38,32,218,-6641,0,5,45.5,4.5,,4.5,17,43.5,886.3,6.5,,,,,,-0.0133,5,5,win,68.0,180.0,1869.1,560.0
KXSOL15M-26OCT070230-30,SOL,crypto,PAPER,1,NO,2026-10-07T06:15:32.749698+00:00,867.3,48,2026-10-07T06:20:07.740847+00:00,592.3,72,,sold,28,33,207,-3564,0,1,47.5,,,10.0,15,37.5,876.3,12.5,118.58,118.5608,-0.0162,-0.0,-0.0084,-0.0055,2,2,loss,20.0,0.0,650.58,789.01
KXXRP15M-26OCT070230-30,XRP,crypto,PAPER,1,YES,2026-10-07T06:15:43.866853+00:00,856.1,49,2026-10-07T06:26:53.741306+00:00,186.3,74,,sold,5,32,218,-3346,0,1,48.5,0.0,,1.0,5,,,,1.4719,1.4728,-0.0611,-0.0272,-0.0407,-0.0107,4,4,loss,,,,
KXDOGE15M-26OCT070230-30,DOGE,crypto,PAPER,1,YES,2026-10-07T06:15:18.108635+00:00,881.9,48,2026-10-07T06:26:59.741003+00:00,180.3,73,,sold,12,32,218,-3128,0,1,47.5,,,1.0,5,,,,0.0906,0.0906,-0.0232,0.0,0.0,0.0046,0,0,win,,,,
KXETH15M-26OCT070230-30,ETH,crypto,PAPER,1,YES,2026-10-07T06:15:33.530871+00:00,866.5,49,,,0,no,settled,0,18,-508,-3636,0,1,48.5,0.0,,0.0,5,,,,2618.4,2619.55,-0.0439,-0.0305,-0.0317,-0.0055,3,3,loss,,,,
KXGOLD15M-26OCT070230-30,GOLD,commodity,PAPER,1,YES,2026-10-07T06:15:21.752891+00:00,878.3,49,,,0,no,settled,0,18,-508,-7149,0,2,48.0,,,5.5,20,45.5,892.3,4.5,,,,,,0.0046,4,1,win,1832.0,0.0,6670.0,0.0
KXSILVER15M-26OCT070230-30,SILVER,commodity,PAPER,1,YES,2026-10-07T06:15:11.749833+00:00,888.3,50,,,0,no,settled,0,18,-518,-7667,0,2,49.0,,,6.5,10,46.5,892.3,3.5,,,,,,0.0046,3,0,win,150.0,150.0,195.02,239.0
KXCOPPER15M-26OCT070230-30,COPPER,commodity,PAPER,1,YES,2026-10-07T06:15:28.409529+00:00,871.6,50,,,0,no,settled,0,18,-518,-8185,0,4,48.0,,,0.5,3,,,,,,,,,0.0046,2,2,loss,,,,
KXPLATINUM15M-26OCT070230-30,PLATINUM,commodity,PAPER,1,YES,2026-10-07T06:15:28.418667+00:00,871.6,49,,,0,no,settled,0,18,-508,-8693,0,3,47.5,,,1.0,5,,,,,,,,,0.0046,3,3,win,,,,
KXPALLADIUM15M-26OCT070245-45,PALLADIUM,commodity,PAPER,1,NO,2026-10-07T06:30:35.926607+00:00,864.1,51,2026-10-07T06:31:26.740271+00:00,813.3,72,,sold,48,33,177,-8516,0,3,49.5,,,6.0,6,,,,,,,,,-0.0211,4,4,win,,,,
KXWTI15M-26OCT070245-45,WTI,commodity,PAPER,1,YES,2026-10-07T06:30:28.748344+00:00,871.3,48,2026-10-07T06:32:08.740308+00:00,771.3,74,,sold,46,32,228,-8288,0,1,47.5,,,18.0,19,42.5,874.3,7.5,,,,,,-0.0449,1,1,win,162.0,45.0,2460.0,2368.0
KXSILVER15M-26OCT070245-45,SILVER,commodity,PAPER,1,NO,2026-10-07T06:30:32.752982+00:00,867.3,50,2026-10-07T06:32:53.739081+00:00,726.3,72,,sold,46,33,187,-8101,0,1,49.5,,,11.0,17,44.5,868.3,5.5,,,,,,-0.0183,2,2,loss,293.0,0.0,2467.37,426.0
KXXRP15M-26OCT070245-45,XRP,crypto,PAPER,1,YES,2026-10-07T06:30:35.917414+00:00,864.1,48,2026-10-07T06:33:37.740618+00:00,682.3,72,,sold,34,33,207,-3429,0,1,47.5,4.0,,11.0,15,,,,1.4734,1.474,-0.0407,-0.0068,-0.0271,-0.0211,3,3,win,,,,
KXBTC15M-26OCT070245-45,BTC,crypto,PAPER,1,YES,2026-10-07T06:30:25.519036+00:00,874.5,50,2026-10-07T06:34:16.741801+00:00,643.3,73,,sold,33,32,198,-3231,0,1,49.5,,,10.0,15,,,,84189.76,84197.67,-0.0094,0.032,-0.0238,-0.0238,0,0,win,,,,
KXSOL15M-26OCT070245-45,SOL,crypto,PAPER,1,YES,2026-10-07T06:30:41.041266+00:00,859.0,49,2026-10-07T06:34:24.739775+00:00,635.3,72,,sold,29,33,197,-3034,0,1,48.5,-2.0,,9.5,15,,,,118.63,118.6522,-0.0187,-0.0084,0.0084,-0.0007,4,4,win,,,,
KXDOGE15M-26OCT070245-45,DOGE,crypto,PAPER,1,YES,2026-10-07T06:30:30.707996+00:00,869.3,48,2026-10-07T06:34:24.740613+00:00,635.3,73,,sold,30,32,218,-2816,0,1,47.5,,,6.0,15,,,,,,,,,-0.0449,2,2,win,,,,
KXPLATINUM15M-26OCT070245-45,PLATINUM,commodity,PAPER,1,YES,2026-10-07T06:30:26.748881+00:00,873.3,48,2026-10-07T06:34:51.741330+00:00,608.3,72,,sold,22,33,207,-7894,0,5,45.5,,,11.0,20,45.5,879.3,4.5,,,,,,-0.0238,2,0,win,384.0,44.0,552.85,269.25
KXETH15M-26OCT070245-45,ETH,crypto,PAPER,1,NO,2026-10-07T06:30:30.698817+00:00,869.3,49,,,0,yes,settled,0,18,-508,-3324,0,1,48.5,,,10.0,15,,,,2615.87,2616.42,0.021,-0.0187,0.0084,-0.0449,1,1,loss,,,,
KXCOPPER15M-26OCT070245-45,COPPER,commodity,PAPER,1,YES,2026-10-07T06:35:11.751671+00:00,588.3,49,,,0,no,settled,0,18,-508,-8402,5,2,48.0,20.5,10.0,20.5,50,27.5,879.3,22.5,,,,,,0.0181,1,5,loss,198.0,0.0,323.0,0.0
KXGOLD15M-26OCT070245-45,GOLD,commodity,PAPER,1,NO,2026-10-07T06:30:32.769401+00:00,867.2,48,,,0,yes,settled,0,18,-498,-8900,0,1,47.5,,,7.0,17,46.5,868.3,3.5,,,,,,-0.0183,3,3,loss,2000.0,155.0,6854.0,4285.0
KXDOGE15M-26OCT070300-00,DOGE,crypto,PAPER,1,NO,2026-10-07T06:45:06.185303+00:00,893.8,49,2026-10-07T06:46:52.739917+00:00,787.3,75,,sold,49,32,228,-3096,0,1,48.5,,,2.0,5,,,,,,,-0.011,0.044,-0.0002,1,0,win,,,,
KXCOPPER15M-26OCT070300-00,COPPER,commodity,PAPER,1,NO,2026-10-07T06:45:27.284092+00:00,872.7,49,2026-10-07T06:48:10.740852+00:00,709.3,72,,sold,36,33,197,-8703,0,5,46.5,,,1.5,4,,,,,,,,,0.0044,3,2,loss,,,,
KXPLATINUM15M-26OCT070300-00,PLATINUM,commodity,PAPER,1,NO,2026-10-07T06:45:42.902624+00:00,857.1,50,2026-10-07T06:48:32.740247+00:00,687.3,76,,sold,29,31,229,-8474,0,2,49.0,0.0,,0.5,4,,,,,,,,,-0.0043,4,4,win,,,,
KXGOLD15M-26OCT070300-00,GOLD,commodity,PAPER,1,NO,2026-10-07T06:46:49.750430+00:00,790.3,49,2026-10-07T06:54:08.741457+00:00,351.3,75,,sold,29,32,228,-8246,1,1,48.5,7.0,10.0,13.0,60,41.5,877.3,8.5,,,,,,-0.0028,5,5,loss,3745.0,0.0,8161.0,4400.0
KXBTC15M-26OCT070300-00,BTC,crypto,PAPER,1,YES,2026-10-07T06:45:27.749914+00:00,872.3,48,,,0,no,settled,0,18,-498,-3594,0,1,47.5,,,9.0,6,47.5,872.3,2.5,84306.27,84323.56,-0.0205,0.0049,-0.0077,-0.0077,1,1,win,2585.17,0.0,10005.67,3622.32
KXWTI15M-26OCT070300-00,WTI,commodity,PAPER,1,NO,2026-10-07T06:45:16.749110+00:00,883.3,50,,,0,yes,settled,0,18,-518,-8764,0,2,49.0,,,8.0,6,49.0,883.3,1.0,,,,,,-0.0335,2,0,win,14.26,224.0,116.26,1790.25
KXSILVER15M-26OCT070300-00,SILVER,commodity,PAPER,1,YES,2026-10-07T06:45:21.817277+00:00,878.2,49,,,0,no,settled,0,18,-508,-9272,0,2,48.0,,,1.5,5,,,,,,,,,-0.0272,3,1,win,,,,
KXPALLADIUM15M-26OCT070300-00,PALLADIUM,commodity,PAPER,1,YES,2026-10-07T06:45:27.295437+00:00,872.7,51,,,0,no,settled,0,18,-528,-9800,0,5,48.5,,,0.5,4,,,,,,,,,0.0044,4,3,win,,,,
KXSILVER15M-26OCT070315-15,SILVER,commodity,PAPER,1,YES,2026-10-07T07:00:44.892432+00:00,855.1,48,2026-10-07T07:01:45.740707+00:00,794.3,72,,sold,47,33,207,-9593,0,1,47.5,0.0,,3.0,6,,,,,,,,,0.0005,2,2,loss,,,,
KXPALLADIUM15M-26OCT070315-15,PALLADIUM,commodity,PAPER,1,YES,2026-10-07T07:01:00.749404+00:00,839.3,50,2026-10-07T07:01:49.740387+00:00,790.3,80,,sold,45,30,270,-9323,1,5,47.5,12.0,,12.0,10,44.5,849.3,5.5,,,,,,0.0005,4,4,loss,217.0,67.0,597.0,287.0
KXDOGE15M-26OCT070315-15,DOGE,crypto,PAPER,1,NO,2026-10-07T07:00:34.498767+00:00,865.5,50,2026-10-07T07:04:51.741090+00:00,608.3,74,,sold,31,32,208,-3386,0,1,49.5,0.0,,0.0,6,,,,,,,,,-0.017,1,1,win,,,,
KXETH15M-26OCT070315-15,ETH,crypto,PAPER,1,NO,2026-10-07T07:01:49.754398+00:00,790.3,50,2026-10-07T07:06:10.741724+00:00,529.3,72,,sold,40,33,187,-3199,1,1,49.5,-12.0,-15.0,21.0,61,62.5,880.3,12.5,2617.79,2618.17,0.0145,-0.0306,-0.0401,0.0035,4,4,loss,0.0,1.0,1209.16,448.5
KXPLATINUM15M-26OCT070315-15,PLATINUM,commodity,PAPER,1,NO,2026-10-07T07:00:49.750886+00:00,850.3,48,2026-10-07T07:09:32.740032+00:00,327.3,72,,sold,8,33,207,-9116,0,3,46.5,-10.0,,24.5,22,43.5,865.3,6.5,,,,,,0.007,3,3,win,70.0,48.0,1788.0,84.25
KXXRP15M-26OCT070315-15,XRP,crypto,PAPER,1,YES,2026-10-07T07:00:29.750160+00:00,870.3,49,2026-10-07T07:11:16.742094+00:00,223.3,76,,sold,14,31,239,-2960,0,1,48.5,,,7.0,12,44.5,875.3,5.5,1.4748,1.4752,-0.0271,0.0,-0.0136,-0.025,0,0,win,430.0,25.88,1370.71,123.12
KXBTC15M-26OCT070315-15,BTC,crypto,PAPER,1,YES,2026-10-07T07:00:47.751171+00:00,852.3,50,2026-10-07T07:13:24.742705+00:00,95.3,72,,sold,2,33,187,-2773,0,1,49.5,12.0,,14.0,45,35.5,890.3,14.5,84215.63,84220.03,-0.0052,0.0378,0.0186,0.0186,3,3,loss,0.0,0.0,6937.51,0.0
KXSOL15M-26OCT070315-15,SOL,crypto,PAPER,1,NO,2026-10-07T07:00:34.754666+00:00,865.3,50,,,0,yes,settled,0,18,-518,-3291,0,1,49.5,-5.0,,5.0,7,49.5,865.3,0.5,118.78,118.7847,0.004,-0.0,-0.0,-0.017,2,2,win,63.46,9.7,843.03,401.7
KXWTI15M-26OCT070315-15,WTI,commodity,PAPER,1,YES,2026-10-07T07:00:08.885708+00:00,891.1,51,,,0,no,settled,0,18,-528,-9644,0,3,49.5,,,8.5,6,,,,,,,,,-0.0453,3,0,win,,,,
KXGOLD15M-26OCT070315-15,GOLD,commodity,PAPER,1,NO,2026-10-07T07:00:36.750135+00:00,863.3,48,,,0,yes,settled,0,18,-498,-10142,0,1,47.5,-2.0,,10.5,14,46.5,870.3,3.5,,,,,,-0.017,2,1,win,2000.0,0.0,5255.0,5859.51
KXSOL15M-26OCT070330-30,SOL,crypto,PAPER,1,NO,2026-10-07T07:15:30.066653+00:00,869.9,50,2026-10-07T07:16:40.740026+00:00,799.3,73,,sold,44,32,198,-3093,0,1,49.5,,,4.0,21,,,,118.99,118.962,-0.0235,-0.0084,-0.0,0.0059,1,1,loss,,,,
KXDOGE15M-26OCT070330-30,DOGE,crypto,PAPER,1,NO,2026-10-07T07:15:24.963481+00:00,875.0,50,2026-10-07T07:16:40.742364+00:00,799.3,73,,sold,49,32,198,-2895,0,1,49.5,,,1.0,21,,,,0.0909,0.0909,0.0088,-0.011,0.011,0.0046,0,0,win,,,,
KXBTC15M-26OCT070330-30,BTC,crypto,PAPER,1,NO,2026-10-07T07:15:48.750372+00:00,851.3,50,2026-10-07T07:17:18.741664+00:00,761.3,74,,sold,46,32,208,-2687,0,1,49.5,4.0,,5.0,30,46.5,859.3,3.5,84237.43,84233.95,-0.0041,0.0054,0.0007,-0.0007,3,3,win,5882.44,0.0,10959.44,3157.35
KXSILVER15M-26OCT070330-30,SILVER,commodity,PAPER,1,YES,2026-10-07T07:15:35.751115+00:00,864.3,48,2026-10-07T07:21:46.740508+00:00,493.3,73,,sold,16,32,218,-9924,0,1,47.5,1.0,,5.0,21,47.5,864.3,2.5,,,,,,-0.0097,3,2,win,94.0,210.0,2473.9,2633.53
KXPALLADIUM15M-26OCT070330-30,PALLADIUM,commodity,PAPER,1,YES,2026-10-07T07:15:46.749919+00:00,853.3,49,2026-10-07T07:22:05.740690+00:00,474.3,73,,sold,19,32,208,-9716,0,5,46.5,0.5,,7.5,30,42.0,874.3,8.0,,,,,,-0.0007,4,4,win,110.0,102.0,310.1,309.75
KXGOLD15M-26OCT070330-30,GOLD,commodity,PAPER,1,YES,2026-10-07T07:15:39.750241+00:00,860.3,50,2026-10-07T07:22:26.740356+00:00,453.3,72,,sold,20,33,187,-9529,0,1,49.5,3.5,,8.0,26,43.5,864.2,6.5,,,,,,-0.0097,3,3,loss,3128.0,0.0,9623.0,1967.0
KXPLATINUM15M-26OCT070330-30,PLATINUM,commodity,PAPER,1,YES,2026-10-07T07:15:24.973335+00:00,875.0,51,2026-10-07T07:22:36.739104+00:00,443.3,74,,sold,19,32,198,-9331,0,4,49.0,,,6.5,19,,,,,,,,,0.0046,2,0,win,,,,
KXETH15M-26OCT070330-30,ETH,crypto,PAPER,1,YES,2026-10-07T07:15:35.207165+00:00,864.8,48,,,0,no,settled,0,18,-498,-3185,0,1,47.5,-5.0,,5.0,21,,,,2617.38,2618.14,-0.029,-0.0237,-0.0206,-0.0097,2,2,win,,,,
KXCOPPER15M-26OCT070330-30,COPPER,commodity,PAPER,1,NO,2026-10-07T07:21:00.751020+00:00,539.3,50,,,0,yes,settled,0,18,-518,-9849,6,1,49.5,-20.5,-22.0,23.0,56,62.5,874.3,12.5,,,,,,0.0073,5,5,win,0.0,188.0,0.0,2433.0
KXWTI15M-26OCT070330-30,WTI,commodity,PAPER,1,NO,2026-10-07T07:15:30.076904+00:00,869.9,50,,,0,yes,settled,0,18,-518,-10367,0,1,49.5,,,7.0,21,,,,,,,,,0.0059,2,1,loss,,,,
KXXRP15M-26OCT070345-45,XRP,crypto,PAPER,1,YES,2026-10-07T07:30:20.118662+00:00,879.9,49,2026-10-07T07:31:02.740886+00:00,837.3,72,,sold,48,33,197,-2988,0,1,48.5,,,,0,,,,1.4726,1.4729,-0.0204,-0.0204,0.0,0.0217,1,1,win,,,,
KXPLATINUM15M-26OCT070345-45,PLATINUM,commodity,PAPER,1,YES,2026-10-07T07:30:20.139839+00:00,879.9,50,2026-10-07T07:32:55.739380+00:00,724.3,73,,sold,41,32,198,-10169,0,3,48.5,,,,0,,,,,,,,,0.0217,5,3,win,,,,
KXCOPPER15M-26OCT070345-45,COPPER,commodity,PAPER,1,YES,2026-10-07T07:30:20.129088+00:00,879.9,49,2026-10-07T07:33:11.739980+00:00,708.3,72,,sold,34,33,197,-9972,0,4,47.0,,,,0,,,,,,,,,0.0217,4,2,win,,,,
KXWTI15M-26OCT070345-45,WTI,commodity,PAPER,1,NO,2026-10-07T07:31:05.754444+00:00,834.3,48,2026-10-07T07:33:30.741001+00:00,689.3,72,,sold,42,33,207,-9765,1,2,47.0,5.5,-3.5,15.0,59,50.5,895.3,0.5,,,,,,0.0442,5,5,loss,307.0,0.0,2416.0,2440.0
KXPALLADIUM15M-26OCT070345-45,PALLADIUM,commodity,PAPER,1,NO,2026-10-07T07:30:30.339402+00:00,869.7,48,2026-10-07T07:40:27.741310+00:00,272.3,73,,sold,22,32,218,-9547,0,3,46.5,,,,0,,,,,,,,,0.0245,4,4,win,,,,
KXSILVER15M-26OCT070345-45,SILVER,commodity,PAPER,1,NO,2026-10-07T07:30:09.507945+00:00,890.5,49,2026-10-07T07:40:27.743392+00:00,272.3,72,,sold,13,33,197,-9350,0,1,48.5,,,,0,,,,,,,,,0.0217,2,0,win,,,,
KXDOGE15M-26OCT070345-45,DOGE,crypto,PAPER,1,NO,2026-10-07T07:30:09.498136+00:00,890.5,50,,,0,yes,settled,0,18,-518,-3506,0,2,49.0,,,,0,,,,,,,,,0.0217,1,0,win,,,,
KXSOL15M-26OCT070345-45,SOL,crypto,PAPER,1,NO,2026-10-07T07:30:30.327996+00:00,869.7,49,,,0,yes,settled,0,18,-508,-4014,0,1,48.5,,,,0,,,,118.72,118.718,-0.0017,0.0084,-0.0,0.0245,2,2,win,,,,
KXGOLD15M-26OCT070345-45,GOLD,commodity,PAPER,1,NO,2026-10-07T07:30:14.707929+00:00,885.3,48,,,0,yes,settled,0,18,-498,-9848,0,2,47.0,,,,0,,,,,,,,,0.0217,3,1,win,,,,
KXCOPPER15M-26OCT070400-00,COPPER,commodity,PAPER,1,YES,2026-10-07T07:45:38.194350+00:00,861.8,51,2026-10-07T07:46:26.741461+00:00,813.3,72,,sold,47,33,177,-9671,0,4,49.0,0.0,,1.5,3,,,,,,,,,-0.0208,4,4,win,,,,
KXDOGE15M-26OCT070400-00,DOGE,crypto,PAPER,1,NO,2026-10-07T07:45:23.750852+00:00,876.3,50,2026-10-07T07:49:18.743830+00:00,641.3,72,,sold,48,33,187,-3827,0,1,49.5,,,7.0,15,55.5,886.3,5.5,0.091,0.091,0.0242,0.011,-0.022,-0.0037,0,0,loss,0.0,0.0,90.25,525.0
KXPALLADIUM15M-26OCT070400-00,PALLADIUM,commodity,PAPER,1,YES,2026-10-07T07:46:41.750966+00:00,798.3,48,2026-10-07T07:51:58.741183+00:00,481.3,77,,sold,38,31,259,-9412,1,5,45.5,13.5,9.0,13.5,37,46.0,886.3,4.0,,,,,,-0.0169,4,5,win,168.0,0.0,1673.0,79.0
KXWTI15M-26OCT070400-00,WTI,commodity,PAPER,1,NO,2026-10-07T07:45:33.750973+00:00,866.3,50,2026-10-07T07:59:00.741548+00:00,59.3,74,,sold,1,32,208,-9204,0,1,49.5,-0.5,,0.5,5,49.5,866.3,0.5,,,,,,-0.0192,2,2,win,2712.0,150.0,4480.0,422.75
KXETH15M-26OCT070400-00,ETH,crypto,PAPER,1,YES,2026-10-07T07:45:34.749174+00:00,865.3,50,,,0,no,settled,0,18,-518,-4345,0,1,49.5,7.0,,7.0,7,45.5,866.3,4.5,2620.12,2620.42,-0.0114,0.0095,-0.0156,-0.0192,1,1,loss,265.0,123.52,1457.0,1603.52
KXSILVER15M-26OCT070400-00,SILVER,commodity,PAPER,1,YES,2026-10-07T07:45:14.749883+00:00,885.3,48,,,0,no,settled,0,18,-498,-9702,0,1,47.5,,,5.5,11,44.5,892.3,5.5,,,,,,-0.0277,1,0,win,210.0,326.0,281.0,352.02
KXGOLD15M-26OCT070400-00,GOLD,commodity,PAPER,1,YES,2026-10-07T07:45:36.750334+00:00,863.3,48,,,0,no,settled,0,18,-498,-10200,0,1,47.5,0.0,,5.5,24,43.5,881.3,6.5,,,,,,-0.0208,3,3,loss,2244.0,0.0,8311.3,0.0
KXPLATINUM15M-26OCT070400-00,PLATINUM,commodity,PAPER,1,YES,2026-10-07T07:45:27.944517+00:00,872.1,51,,,0,no,settled,0,18,-528,-10728,0,3,49.5,,,0.0,2,,,,,,,,,-0.0192,1,1,win,,,,
KXGOLD15M-26OCT070415-15,GOLD,commodity,PAPER,1,NO,2026-10-07T08:00:24.398756+00:00,875.6,48,2026-10-07T08:01:40.745574+00:00,799.3,72,,sold,45,33,207,-10521,0,1,47.5,,,4.0,5,,,,,,,,,-0.0641,4,1,loss,,,,
KXSILVER15M-26OCT070415-15,SILVER,commodity,PAPER,1,YES,2026-10-07T08:00:30.750189+00:00,869.3,50,2026-10-07T08:03:54.739499+00:00,665.3,72,,sold,25,33,187,-10334,0,1,49.5,,,6.0,7,53.5,870.3,3.5,,,,,,-0.0745,2,2,loss,0.0,200.0,3520.01,284.0
KXDOGE15M-26OCT070415-15,DOGE,crypto,PAPER,1,NO,2026-10-07T08:04:01.750829+00:00,658.3,49,2026-10-07T08:04:47.740360+00:00,612.3,72,,sold,46,33,197,-4148,4,1,48.5,-9.0,-12.0,33.0,60,54.5,890.3,4.5,0.0909,0.0909,-0.0286,-0.0881,-0.0881,0.036,1,1,win,0.0,632.25,0.0,949.75
KXSOL15M-26OCT070415-15,SOL,crypto,PAPER,1,NO,2026-10-07T08:04:14.762792+00:00,645.2,49,2026-10-07T08:06:15.740124+00:00,524.3,75,,sold,40,32,228,-3920,4,1,48.5,7.0,-18.5,27.0,57,72.5,859.3,22.5,118.62,118.6002,-0.0167,0.0169,-0.0759,0.0843,2,2,loss,0.0,0.0,0.0,358.1
KXETH15M-26OCT070415-15,ETH,crypto,PAPER,1,NO,2026-10-07T08:04:40.758415+00:00,619.3,48,2026-10-07T08:07:15.740333+00:00,464.3,72,,sold,34,33,207,-3713,4,1,47.5,13.0,9.0,19.0,60,73.5,865.3,23.5,2616.32,2616.27,-0.0019,0.0359,0.0122,0.0009,3,3,loss,0.0,0.0,0.0,0.1
KXXRP15M-26OCT070415-15,XRP,crypto,PAPER,1,YES,2026-10-07T08:04:00.754791+00:00,659.3,50,,,0,no,settled,0,18,-518,-4231,4,1,49.5,17.0,18.5,28.0,60,38.0,880.3,12.0,1.4719,1.4719,0.0,0.0748,0.068,0.0469,0,0,win,25.0,0.0,84.51,0.0
KXPLATINUM15M-26OCT070415-15,PLATINUM,commodity,PAPER,1,YES,2026-10-07T08:00:14.061677+00:00,886.0,52,,,0,no,settled,0,18,-538,-10872,0,5,49.5,,,4.0,5,,,,,,,,,-0.0374,3,0,win,,,,
KXWTI15M-26OCT070415-15,WTI,commodity,PAPER,1,YES,2026-10-07T08:06:27.752227+00:00,512.3,48,,,0,no,settled,0,18,-498,-11370,6,1,47.5,12.0,10.5,16.0,59,43.5,870.3,6.5,,,,,,-0.057,2,4,win,0.0,0.0,401.0,0.0
KXPALLADIUM15M-26OCT070415-15,PALLADIUM,commodity,PAPER,1,YES,2026-10-07T08:04:14.750000+00:00,645.3,51,,,0,no,settled,0,18,-528,-11898,4,4,49.0,-0.5,16.0,23.5,43,40.0,870.3,10.0,,,,,,0.0843,1,3,win,0.0,0.0,138.0,175.0
KXBTC15M-26OCT070430-30,BTC,crypto,PAPER,1,NO,2026-10-07T08:15:27.251279+00:00,872.8,49,2026-10-07T08:18:51.741989+00:00,668.3,72,,sold,35,33,197,-4034,0,1,48.5,,,4.0,5,,,,84012.71,84012.98,0.0003,0.0074,-0.0259,0.0259,2,2,win,,,,
KXDOGE15M-26OCT070430-30,DOGE,crypto,PAPER,1,NO,2026-10-07T08:16:02.750974+00:00,837.3,49,2026-10-07T08:18:52.741438+00:00,667.3,72,,sold,43,33,197,-3837,1,1,48.5,10.0,3.5,15.0,39,38.5,872.3,11.5,0.0908,0.0908,-0.0,0.044,0.033,0.002,4,4,win,8.0,0.0,538.25,0.0
KXCOPPER15M-26OCT070430-30,COPPER,commodity,PAPER,1,YES,2026-10-07T08:15:32.238964+00:00,867.8,51,2026-10-07T08:19:26.740613+00:00,633.3,73,,sold,34,32,188,-11710,0,4,49.0,-0.5,,1.5,5,,,,,,,,,0.0044,3,3,win,,,,
KXWTI15M-26OCT070430-30,WTI,commodity,PAPER,1,NO,2026-10-07T08:19:18.752612+00:00,641.3,48,2026-10-07T08:20:08.740257+00:00,591.3,72,,sold,45,33,207,-11503,4,1,47.5,-6.0,-9.0,26.0,60,34.5,862.3,15.5,,,,,,,5,5,loss,0.0,0.0,395.0,2584.89
KXETH15M-26OCT070430-30,ETH,crypto,PAPER,1,YES,2026-10-07T08:15:21.851950+00:00,878.2,48,2026-10-07T08:22:08.741685+00:00,471.3,72,,sold,33,33,207,-3630,0,1,47.5,,,8.0,5,,,,2613.31,2614.14,-0.0318,-0.0264,-0.0057,0.0051,1,1,win,,,,
KXPLATINUM15M-26OCT070430-30,PLATINUM,commodity,PAPER,1,YES,2026-10-07T08:15:32.251064+00:00,867.8,50,2026-10-07T08:26:13.741462+00:00,226.3,73,,sold,10,32,198,-11305,0,4,48.0,-1.5,,1.5,5,,,,,,,,,0.0044,4,4,loss,,,,
KXSOL15M-26OCT070430-30,SOL,crypto,PAPER,1,NO,2026-10-07T08:15:27.265732+00:00,872.7,49,2026-10-07T08:29:05.740403+00:00,54.3,72,,sold,3,33,197,-3433,0,1,48.5,,,6.0,4,,,,118.52,118.4767,-0.0365,-0.0,-0.0591,0.0259,3,3,win,,,,
KXPALLADIUM15M-26OCT070430-30,PALLADIUM,commodity,PAPER,1,NO,2026-10-07T08:15:21.861899+00:00,878.1,49,2026-10-07T08:29:52.739910+00:00,7.3,74,,sold,12,32,218,-11087,0,2,48.0,,,1.0,3,,,,,,,,,0.0051,4,1,win,,,,
KXXRP15M-26OCT070430-30,XRP,crypto,PAPER,1,YES,2026-10-07T08:15:16.760008+00:00,883.3,50,,,0,no,settled,0,18,-518,-3951,0,1,49.5,,,8.5,5,,,,1.4678,1.4682,-0.0272,-0.0341,-0.0068,0.0131,0,0,loss,,,,
KXGOLD15M-26OCT070430-30,GOLD,commodity,PAPER,1,YES,2026-10-07T08:15:06.187965+00:00,893.8,49,,,0,no,settled,0,18,-508,-11595,0,1,48.5,,,2.5,5,,,,,,,,,0.0121,3,0,win,,,,
KXSILVER15M-26OCT070430-30,SILVER,commodity,PAPER,1,YES,2026-10-07T08:15:27.278002+00:00,872.7,49,,,0,no,settled,2,18,-508,-12103,0,3,47.5,,,2.5,5,,,,,,,,,0.0259,4,2,win,,,,
KXSILVER15M-26OCT070445-45,SILVER,commodity,PAPER,1,YES,2026-10-07T08:30:34.989619+00:00,865.0,50,2026-10-07T08:31:41.740370+00:00,798.3,72,,sold,45,33,187,-11916,0,1,49.5,-0.5,,1.0,4,,,,,,,,,-0.0952,0,0,loss,,,,
KXWTI15M-26OCT070445-45,WTI,commodity,PAPER,1,NO,2026-10-07T08:31:08.751426+00:00,831.3,50,2026-10-07T08:32:06.740046+00:00,773.3,72,,sold,45,33,187,-11729,1,1,49.5,7.0,2.5,14.0,45,38.5,874.3,11.5,,,,,,-0.027,4,4,win,1002.0,0.0,3826.0,2335.0
KXXRP15M-26OCT070445-45,XRP,crypto,PAPER,1,YES,2026-10-07T08:30:09.380830+00:00,890.6,49,2026-10-07T08:34:12.740141+00:00,647.3,73,,sold,36,32,208,-3743,0,1,48.5,,,0.0,5,,,,1.4656,1.4662,-0.0409,-0.0477,0.0136,0.0308,1,0,loss,,,,
KXDOGE15M-26OCT070445-45,DOGE,crypto,PAPER,1,YES,2026-10-07T08:31:14.753985+00:00,825.3,50,2026-10-07T08:34:19.740031+00:00,640.3,73,,sold,49,32,198,-3545,1,1,49.5,10.0,10.0,13.0,59,39.5,885.3,10.5,0.0909,0.0909,-0.0154,0.055,0.044,0.0125,3,3,win,595.25,0.0,1507.5,5.0
KXSOL15M-26OCT070445-45,SOL,crypto,PAPER,1,YES,2026-10-07T08:31:16.751276+00:00,823.3,49,2026-10-07T08:34:57.741163+00:00,602.3,72,,sold,39,33,197,-3348,1,2,48.0,12.0,13.5,20.5,55,34.5,885.3,15.5,118.44,118.491,-0.043,0.0,0.0,0.0445,4,4,win,30.0,0.0,417.62,748.0
KXETH15M-26OCT070445-45,ETH,crypto,PAPER,1,YES,2026-10-07T08:30:34.980578+00:00,865.0,48,2026-10-07T08:35:45.742193+00:00,554.3,78,,sold,35,31,269,-3079,0,1,47.5,1.0,,1.0,5,,,,2613.67,2615.23,-0.0597,-0.0356,-0.057,-0.0952,2,2,win,,,,
KXCOPPER15M-26OCT070445-45,COPPER,commodity,PAPER,1,NO,2026-10-07T08:30:34.999414+00:00,865.0,51,2026-10-07T08:40:53.740908+00:00,246.3,72,,sold,10,33,177,-11552,0,4,49.0,,,1.0,4,,,,,,,,,-0.0952,1,1,win,,,,
KXBTC15M-26OCT070445-45,BTC,crypto,PAPER,1,NO,2026-10-07T08:30:14.505381+00:00,885.5,50,2026-10-07T08:41:11.740932+00:00,228.3,76,,sold,8,31,229,-2850,0,1,49.5,,,1.0,5,,,,83981.16,84018.7,0.0447,0.0577,0.0254,-0.0254,2,1,win,,,,
KXGOLD15M-26OCT070445-45,GOLD,commodity,PAPER,1,NO,2026-10-07T08:30:46.751169+00:00,853.3,49,2026-10-07T08:41:48.739922+00:00,191.3,72,,sold,26,33,197,-11355,0,1,48.5,-8.0,,9.0,12,57.5,859.3,7.5,,,,,,-0.0472,3,3,loss,0.0,3776.0,75.2,11294.0
KXPALLADIUM15M-26OCT070445-45,PALLADIUM,commodity,PAPER,1,NO,2026-10-07T08:35:05.755996+00:00,594.3,48,2026-10-07T08:44:37.739483+00:00,22.3,73,,sold,6,32,218,-11137,5,4,46.0,-13.5,-26.5,28.0,41,60.5,874.3,10.5,,,,,,0.0337,3,5,win,0.0,176.0,317.0,582.0
KXPLATINUM15M-26OCT070445-45,PLATINUM,commodity,PAPER,1,YES,2026-10-07T08:30:35.014023+00:00,865.0,49,,,0,no,settled,0,18,-508,-11645,0,4,47.0,-1.0,,1.0,5,,,,,,,,,-0.0952,2,2,win,,,,
KXSILVER15M-26OCT070500-00,SILVER,commodity,PAPER,1,NO,2026-10-07T08:45:27.101803+00:00,872.9,50,2026-10-07T08:50:26.741158+00:00,573.3,72,,sold,40,33,187,-11458,0,1,49.5,,,2.5,9,,,,,,,,,-0.0203,1,0,win,,,,
KXGOLD15M-26OCT070500-00,GOLD,commodity,PAPER,1,NO,2026-10-07T08:45:42.790778+00:00,857.2,50,2026-10-07T08:50:47.740916+00:00,552.3,77,,sold,39,31,239,-11219,0,2,49.0,0.0,,2.5,10,,,,,,,,,-0.0345,4,4,win,,,,
KXWTI15M-26OCT070500-00,WTI,commodity,PAPER,1,YES,2026-10-07T08:45:37.749683+00:00,862.3,48,2026-10-07T08:51:27.741035+00:00,512.3,72,,sold,40,33,207,-11012,0,1,47.5,-2.0,,2.0,5,47.5,862.3,2.5,,,,,,-0.0432,4,3,win,260.0,370.0,3635.41,3463.0
KXBTC15M-26OCT070500-00,BTC,crypto,PAPER,1,YES,2026-10-07T08:45:52.756226+00:00,847.3,48,2026-10-07T08:55:20.740738+00:00,279.3,74,,sold,27,32,228,-2622,0,1,47.5,-11.0,,14.0,20,44.5,856.3,5.5,83946.66,83968.07,-0.0255,-0.0066,-0.0263,-0.0263,4,4,win,0.0,0.0,10837.26,4220.78
KXSOL15M-26OCT070500-00,SOL,crypto,PAPER,1,YES,2026-10-07T08:45:14.750022+00:00,885.3,49,,,0,no,settled,0,18,-508,-3130,0,1,48.5,,,10.0,14,54.5,888.3,4.5,118.41,118.3997,0.0087,0.0,0.0084,0.0185,0,0,win,382.0,36.0,1193.0,66.0
KXDOGE15M-26OCT070500-00,DOGE,crypto,PAPER,1,YES,2026-10-07T08:45:44.767064+00:00,855.2,49,,,0,no,settled,0,18,-508,-3638,0,2,48.0,-7.5,,10.0,11,45.5,856.3,4.5,,,,,,-0.0346,2,2,win,98.25,37.79,231.75,113.06
KXETH15M-26OCT070500-00,ETH,crypto,PAPER,1,YES,2026-10-07T08:45:48.750678+00:00,851.3,49,,,0,no,settled,0,18,-508,-4146,0,2,48.0,-6.5,,20.0,32,34.5,872.3,15.5,2611.32,2611.95,-0.0241,0.013,-0.0161,-0.0346,3,3,win,105.0,0.0,1377.0,315.0
KXXRP15M-26OCT070500-00,XRP,crypto,PAPER,1,YES,2026-10-07T08:45:34.749823+00:00,865.3,48,,,0,no,settled,0,18,-498,-4644,0,1,47.5,-9.0,,15.0,12,42.5,867.2,7.5,1.4644,1.4649,-0.0341,-0.041,-0.0205,-0.0278,1,1,win,430.0,110.0,509.5,246.0
KXPLATINUM15M-26OCT070500-00,PLATINUM,commodity,PAPER,1,YES,2026-10-07T08:45:32.749320+00:00,867.3,49,,,0,no,settled,0,18,-508,-11520,0,1,48.5,-1.5,,8.0,9,48.5,867.3,1.5,,,,,,-0.0323,2,1,win,1.1,122.09,2.2,339.84
KXCOPPER15M-26OCT070500-00,COPPER,commodity,PAPER,1,YES,2026-10-07T08:45:37.354979+00:00,862.7,51,,,0,no,settled,0,18,-528,-12048,0,4,49.0,-1.5,,1.5,10,,,,,,,,,-0.0401,3,2,win,,,,
KXPLATINUM15M-26OCT070515-15,PLATINUM,commodity,PAPER,1,NO,2026-10-07T09:00:29.075595+00:00,870.9,50,2026-10-07T09:00:45.739835+00:00,854.3,75,,sold,46,32,218,-11830,0,4,48.0,,,0.0,5,,,,,,,,,0.0196,3,3,loss,,,,
KXCOPPER15M-26OCT070515-15,COPPER,commodity,PAPER,1,YES,2026-10-07T09:00:18.794808+00:00,881.2,49,2026-10-07T09:02:02.740561+00:00,777.3,76,,sold,44,31,239,-11591,0,5,46.5,,,0.5,2,,,,,,,,,0.0356,3,1,win,,,,
KXDOGE15M-26OCT070515-15,DOGE,crypto,PAPER,1,NO,2026-10-07T09:00:29.752556+00:00,870.3,48,2026-10-07T09:03:32.739033+00:00,687.3,73,,sold,46,32,218,-4426,0,1,47.5,,,3.0,6,47.5,870.3,2.5,,,,,,0.0113,0,0,loss,18.0,73.25,584.25,613.25
KXBTC15M-26OCT070515-15,BTC,crypto,PAPER,1,YES,2026-10-07T09:04:16.754978+00:00,643.3,50,2026-10-07T09:05:50.741163+00:00,549.3,73,,sold,46,32,198,-4228,4,1,49.5,-6.0,-12.0,13.0,60,54.5,860.3,4.5,83930.93,83933.38,-0.0029,-0.0102,-0.0281,-0.0281,2,3,win,0.0,0.0,0.0,5415.77
KXSOL15M-26OCT070515-15,SOL,crypto,PAPER,1,YES,2026-10-07T09:05:01.751920+00:00,598.3,50,2026-10-07T09:05:54.742125+00:00,545.3,76,,sold,42,31,229,-3999,5,1,49.5,15.0,11.0,19.0,57,61.5,865.3,11.5,118.18,118.1843,-0.0036,0.0677,0.0423,0.026,3,4,loss,0.0,0.0,56.0,47.0
KXSILVER15M-26OCT070515-15,SILVER,commodity,PAPER,1,NO,2026-10-07T09:00:51.753151+00:00,848.3,50,2026-10-07T09:06:24.738906+00:00,515.3,80,,sold,30,30,270,-11321,0,1,49.5,-4.0,,12.0,13,61.5,855.3,11.5,,,,,,0.0113,4,5,win,0.0,200.0,2803.0,348.0
KXGOLD15M-26OCT070515-15,GOLD,commodity,PAPER,1,NO,2026-10-07T09:00:13.448964+00:00,886.6,50,2026-10-07T09:06:24.740273+00:00,515.3,74,,sold,29,32,208,-11113,0,1,49.5,,,0.0,5,,,,,,,,,0.0269,2,0,win,,,,
KXETH15M-26OCT070515-15,ETH,crypto,PAPER,1,NO,2026-10-07T09:01:25.751705+00:00,814.3,48,2026-10-07T09:07:49.739086+00:00,430.3,75,,sold,22,32,238,-3761,1,1,47.5,3.0,6.0,10.0,52,45.5,865.3,4.5,2609.09,2609.39,0.0115,0.0092,0.0314,-0.0072,2,2,loss,541.79,0.0,2271.29,331.5
KXXRP15M-26OCT070515-15,XRP,crypto,PAPER,1,YES,2026-10-07T09:01:22.753142+00:00,817.3,49,,,0,no,settled,0,18,-508,-4269,1,1,48.5,-8.0,-10.0,11.0,48,54.5,865.3,4.5,1.4619,1.4622,-0.0205,-0.0274,-0.0479,-0.0052,1,1,loss,0.0,16.22,20.0,944.42
KXPALLADIUM15M-26OCT070515-15,PALLADIUM,commodity,PAPER,1,YES,2026-10-07T09:00:47.752465+00:00,852.3,50,,,0,no,settled,0,18,-518,-11631,0,4,48.0,-7.5,,9.5,29,57.5,890.3,7.5,,,,,,0.0113,3,4,win,0.0,312.0,140.0,562.0
KXWTI15M-26OCT070515-15,WTI,commodity,PAPER,1,NO,2026-10-07T09:00:24.749719+00:00,875.3,49,,,0,yes,settled,1,18,-508,-12139,0,1,48.5,,,4.5,6,48.5,875.3,1.5,,,,,,0.0356,4,2,win,1084.0,150.0,3884.0,2450.0
KXXRP15M-26OCT070530-30,XRP,crypto,PAPER,1,YES,2026-10-07T09:23:13.755931+00:00,406.3,48,,,0,no,settled,0,18,-498,-4767,8,1,47.5,19.0,24.0,26.0,60,44.5,866.3,5.5,1.4595,1.4598,-0.0206,0.0686,0.096,0.0086,4,4,loss,0.0,0.0,20.0,0.0
KXETH15M-26OCT070530-30,ETH,crypto,PAPER,1,YES,2026-10-07T09:16:17.753300+00:00,822.3,48,,,0,no,settled,0,18,-498,-5265,1,1,47.5,2.0,-10.0,11.0,50,46.5,866.3,3.5,2607.61,2608.52,-0.0349,-0.0088,-0.0357,-0.0386,3,3,win,0.0,0.0,184.5,745.0
KXSOL15M-26OCT070530-30,SOL,crypto,PAPER,1,YES,2026-10-07T09:15:44.752130+00:00,855.3,48,,,0,no,settled,0,18,-498,-5763,0,1,47.5,-8.0,,13.0,28,46.5,861.2,3.5,118.15,118.169,-0.0161,-0.0423,-0.0169,-0.0045,1,1,win,203.0,83.0,627.0,852.0
KXDOGE15M-26OCT070530-30,DOGE,crypto,PAPER,1,YES,2026-10-07T09:15:38.750523+00:00,861.3,49,,,0,no,settled,0,18,-508,-6271,0,1,48.5,-8.0,,10.0,20,48.5,861.3,1.5,,,,,,-0.0045,0,0,win,72.25,10.0,698.5,529.25
KXBTC15M-26OCT070530-30,BTC,crypto,PAPER,1,YES,2026-10-07T09:16:04.753605+00:00,835.3,49,,,0,no,settled,0,18,-508,-6779,1,1,48.5,-10.0,-3.0,17.0,40,46.5,856.3,3.5,83902.55,83913.32,-0.0128,-0.0186,-0.0023,-0.0023,2,2,win,7852.8,0.0,11905.22,4733.62
KXWTI15M-26OCT070530-30,WTI,commodity,PAPER,1,YES,2026-10-07T09:15:22.601282+00:00,877.4,50,,,0,no,settled,0,18,-518,-12657,0,1,49.5,,,7.5,19,,,,,,,,,0.0231,2,0,win,,,,
KXPALLADIUM15M-26OCT070530-30,PALLADIUM,commodity,PAPER,1,YES,2026-10-07T09:15:34.755091+00:00,865.3,49,,,0,no,settled,0,18,-508,-13165,0,3,47.5,-3.0,,5.5,19,46.5,866.3,3.5,,,,,,0.0142,1,1,loss,59.1,130.0,1393.1,1663.75
KXETH15M-26OCT070545-45,ETH,crypto,PAPER,1,NO,2026-10-07T09:30:29.605670+00:00,870.4,48,2026-10-07T09:31:48.742890+00:00,791.3,74,,sold,45,32,228,-6551,0,1,47.5,,,1.0,5,,,,2604.66,2605.49,0.0319,0.0353,-0.0096,0.0421,1,1,loss,,,,
KXXRP15M-26OCT070545-45,XRP,crypto,PAPER,1,NO,2026-10-07T09:30:34.752139+00:00,865.3,50,2026-10-07T09:31:48.745677+00:00,791.3,74,,sold,43,32,208,-6343,0,1,49.5,,,9.0,16,43.5,875.3,6.5,1.4586,1.459,0.0274,0.048,0.0137,0.0132,2,2,loss,498.0,0.0,622.5,596.0
KXDOGE15M-26OCT070545-45,DOGE,crypto,PAPER,1,NO,2026-10-07T09:30:09.187747+00:00,890.8,48,2026-10-07T09:32:11.741016+00:00,768.3,72,,sold,44,33,207,-6136,0,1,47.5,,,1.0,5,,,,,,,,,0.0589,4,0,win,,,,
KXPLATINUM15M-26OCT070545-45,PLATINUM,commodity,PAPER,1,NO,2026-10-07T09:30:29.747715+00:00,870.3,49,2026-10-07T09:32:12.739964+00:00,767.3,72,,sold,45,33,197,-12968,0,1,48.5,,,5.0,6,48.5,870.3,1.5,,,,,,0.0421,3,3,win,97.0,5.0,1634.0,79.55
KXCOPPER15M-26OCT070545-45,COPPER,commodity,PAPER,1,NO,2026-10-07T09:30:09.751541+00:00,890.3,48,2026-10-07T09:32:14.739702+00:00,765.3,72,,sold,36,33,207,-12761,0,1,47.5,,,2.5,4,47.5,890.3,2.5,,,,,,0.0589,2,0,win,5.0,12.5,158.0,311.5
KXBTC15M-26OCT070545-45,BTC,crypto,PAPER,1,NO,2026-10-07T09:31:05.753152+00:00,834.3,49,2026-10-07T09:33:53.746003+00:00,666.3,73,,sold,38,32,208,-5928,1,1,48.5,7.0,8.0,13.0,41,42.5,870.3,7.5,83800.64,83802.62,0.0024,0.0111,0.0324,-0.0324,4,4,loss,1364.73,0.0,9528.97,0.0
KXPALLADIUM15M-26OCT070545-45,PALLADIUM,commodity,PAPER,1,NO,2026-10-07T09:30:34.733175+00:00,865.3,49,2026-10-07T09:34:17.738659+00:00,642.3,72,,sold,38,33,197,-12564,0,3,47.5,,,1.0,4,,,,,,,,,0.0132,4,4,loss,,,,
KXWTI15M-26OCT070545-45,WTI,commodity,PAPER,1,YES,2026-10-07T09:30:14.750484+00:00,885.3,51,2026-10-07T09:40:14.740555+00:00,285.3,72,,sold,21,33,177,-12387,0,3,49.5,,,1.0,4,49.5,885.3,0.5,,,,,,0.0521,3,1,loss,231.5,269.0,760.75,873.0
KXSILVER15M-26OCT070545-45,SILVER,commodity,PAPER,1,NO,2026-10-07T09:30:29.613996+00:00,870.4,51,2026-10-07T09:40:19.740781+00:00,280.3,72,,sold,27,33,177,-12210,0,5,48.5,,,2.5,4,,,,,,,,,0.0421,2,2,win,,,,
KXSOL15M-26OCT070545-45,SOL,crypto,PAPER,1,YES,2026-10-07T09:30:36.753089+00:00,863.3,50,,,0,no,settled,0,18,-518,-6446,0,1,49.5,-8.0,,8.0,13,53.5,870.3,3.5,118.1,118.0867,0.0113,-0.0254,0.0085,0.0051,3,3,loss,27.0,27.0,873.0,835.0
KXGOLD15M-26OCT070545-45,GOLD,commodity,PAPER,1,YES,2026-10-07T09:30:42.752905+00:00,857.3,49,,,0,no,settled,0,18,-508,-12718,0,2,48.0,-9.0,,14.0,13,44.5,864.3,5.5,,,,,,0.0059,5,5,win,2000.0,0.0,4760.25,7049.39
KXPLATINUM15M-26OCT070600-00,PLATINUM,commodity,PAPER,1,NO,2026-10-07T09:45:18.507972+00:00,881.5,50,2026-10-07T09:46:28.739970+00:00,811.3,73,,sold,47,32,198,-12520,0,3,48.5,,,3.0,6,,,,,,,,,0.0331,4,3,win,,,,
KXWTI15M-26OCT070600-00,WTI,commodity,PAPER,1,YES,2026-10-07T09:45:12.750329+00:00,887.3,48,2026-10-07T09:48:28.740126+00:00,691.3,72,,sold,35,33,207,-12313,0,3,46.5,,,4.0,9,50.0,890.3,0.0,,,,,,0.0264,3,2,win,270.0,171.0,823.0,671.62
KXPALLADIUM15M-26OCT070600-00,PALLADIUM,commodity,PAPER,1,YES,2026-10-07T09:45:08.046914+00:00,892.0,48,2026-10-07T09:50:08.740874+00:00,591.3,73,,sold,34,32,218,-12095,0,5,45.5,,,14.0,5,,,,,,,,,0.0097,2,1,win,,,,
KXSOL15M-26OCT070600-00,SOL,crypto,PAPER,1,NO,2026-10-07T09:46:51.751825+00:00,788.3,48,2026-10-07T09:51:48.739329+00:00,491.3,72,,sold,46,33,207,-6239,1,1,47.5,13.0,12.0,16.5,60,41.5,865.3,8.5,,,,,,-0.0405,1,1,loss,20.0,0.0,249.0,356.0
KXDOGE15M-26OCT070600-00,DOGE,crypto,PAPER,1,NO,2026-10-07T09:51:01.754861+00:00,538.3,49,2026-10-07T09:52:36.744753+00:00,443.3,73,,sold,45,32,208,-6031,6,1,48.5,26.5,28.0,27.0,60,32.5,865.3,17.5,0.0896,0.0896,0.0078,0.1003,0.1115,0.0119,4,4,win,0.0,0.0,110.0,0.0
KXPALLADIUM15M-26OCT071600-00,PALLADIUM,commodity,PAPER,1,NO,2026-10-07T19:49:36.857051+00:00,623.1,51,2026-10-07T19:50:15.891899+00:00,584.1,72,,sold,48,33,177,177,4,3,49.5,,,,0,,,,,,,,,,0,0,none yet,,,,
KXDOGE15M-26OCT071600-00,DOGE,crypto,PAPER,1,NO,2026-10-07T19:50:00.898481+00:00,599.1,50,2026-10-07T19:52:21.892193+00:00,458.1,72,,sold,24,33,187,187,5,1,49.5,,,19.5,24,64.5,622.1,14.5,0.0886,0.0886,0.0023,,,,0,0,none yet,0.0,210.0,0.0,594.53
KXSILVER15M-26OCT071600-00,SILVER,commodity,PAPER,1,YES,2026-10-07T19:49:37.892770+00:00,622.1,48,2026-10-07T19:56:04.892392+00:00,235.1,73,,sold,28,32,218,395,4,1,47.5,,,0.0,1,47.5,622.1,2.5,,,,,,,1,1,none yet,219.0,3077.0,288.0,4010.54
KXETH15M-26OCT071600-00,ETH,crypto,PAPER,1,YES,2026-10-07T19:50:42.903615+00:00,557.1,48,2026-10-07T19:58:13.893226+00:00,106.1,75,,sold,17,32,238,425,5,1,47.5,17.0,26.0,27.0,65,21.5,622.1,28.5,2568.0,2568.17,-0.0066,0.0386,0.06,0.0698,1,1,none yet,1081.1,0.0,2639.5,0.0
KXWTI15M-26OCT071600-00,WTI,commodity,PAPER,1,NO,2026-10-07T19:51:24.894293+00:00,515.1,48,2026-10-07T19:59:05.895270+00:00,54.1,74,,sold,25,32,228,623,6,2,47.0,4.5,18.5,19.5,60,33.5,622.1,16.5,,,,,,-0.0537,1,2,none yet,240.05,0.0,3171.05,2633.0
KXCOPPER15M-26OCT071615-15,COPPER,commodity,PAPER,1,NO,2026-10-07T20:01:48.894389+00:00,791.1,48,2026-10-07T20:02:25.892006+00:00,754.1,72,,sold,45,33,207,830,1,3,46.5,14.0,8.0,15.0,50,43.0,860.1,7.0,,,,,,0.0395,3,3,none yet,29.0,0.0,294.0,0.0
KXWTI15M-26OCT071615-15,WTI,commodity,PAPER,1,NO,2026-10-07T20:00:28.893562+00:00,871.1,49,2026-10-07T20:09:07.894613+00:00,352.1,74,,sold,45,32,218,1048,0,2,48.0,,,7.0,12,48.0,871.1,2.0,,,,,,0.0246,0,0,win,,,,
KXPALLADIUM15M-26OCT071615-15,PALLADIUM,commodity,PAPER,1,YES,2026-10-07T20:00:48.915923+00:00,851.1,50,2026-10-07T20:13:05.892548+00:00,114.1,73,,sold,25,32,198,1246,0,5,47.5,-11.5,,21.5,31,41.5,876.1,8.5,,,,,,0.0248,2,2,win,20.0,5.0,1390.0,215.0
KXXRP15M-26OCT071615-15,XRP,crypto,PAPER,1,NO,2026-10-07T20:04:45.894599+00:00,614.1,49,,,0,yes,settled,0,18,-508,-83,4,1,48.5,30.0,31.0,31.0,59,21.5,850.1,28.5,1.4162,1.4165,0.0212,0.1833,0.2114,-0.0611,0,0,none yet,61.0,0.0,743.21,0.0
KXPLATINUM15M-26OCT071615-15,PLATINUM,commodity,PAPER,1,NO,2026-10-07T20:00:32.893047+00:00,867.1,49,,,0,yes,settled,0,18,-508,738,0,5,46.5,,,15.0,16,56.5,871.1,6.5,,,,,,0.0221,1,1,none yet,0.0,51.0,143.0,1636.0
KXBTC15M-26OCT071630-30,BTC,crypto,PAPER,1,YES,2026-10-07T20:15:34.356043+00:00,865.6,50,2026-10-07T20:17:04.893034+00:00,775.1,72,,sold,47,33,187,104,0,1,49.5,7.0,,9.0,15,,,,83509.13,83506.46,0.0032,0.0268,0.0007,0.0007,1,1,none yet,,,,
KXSOL15M-26OCT071630-30,SOL,crypto,PAPER,1,YES,2026-10-07T20:15:46.893776+00:00,853.1,48,2026-10-07T20:17:10.892465+00:00,769.1,72,,sold,46,33,207,311,0,2,47.0,-0.5,,7.0,23,44.5,860.1,5.5,116.21,116.1922,0.0153,0.0258,0.0172,0.0082,3,3,none yet,23.69,0.0,1004.69,854.0
KXPALLADIUM15M-26OCT071630-30,PALLADIUM,commodity,PAPER,1,NO,2026-10-07T20:15:34.893355+00:00,865.1,48,2026-10-07T20:22:33.892071+00:00,446.1,72,,sold,27,33,207,945,0,4,46.0,,,8.5,12,46.0,865.1,4.0,,,,,,0.0007,1,0,win,30.1,51.0,1530.1,1572.5
KXXRP15M-26OCT071630-30,XRP,crypto,PAPER,1,NO,2026-10-07T20:15:39.893366+00:00,860.1,48,2026-10-07T20:24:40.891783+00:00,319.1,74,,sold,14,32,228,539,0,1,47.5,-4.0,,13.0,16,47.5,860.1,2.5,1.4216,1.4216,-0.0,-0.0211,-0.0211,0.0007,2,2,loss,55.33,63.25,615.92,2147.73
KXPLATINUM15M-26OCT071630-30,PLATINUM,commodity,PAPER,1,YES,2026-10-07T20:15:59.893283+00:00,840.1,48,2026-10-07T20:24:44.896466+00:00,315.1,80,,sold,40,30,290,1235,0,4,46.0,-10.0,,17.5,29,55.5,875.1,5.5,,,,,,0.0165,2,2,loss,42.0,46.0,232.0,338.0
KXETH15M-26OCT071630-30,ETH,crypto,PAPER,1,NO,2026-10-07T20:16:09.893427+00:00,830.1,50,,,0,yes,settled,0,18,-518,21,1,1,49.5,-4.0,-7.0,7.0,35,54.5,855.1,4.5,2574.72,2574.26,-0.0179,-0.0198,-0.0284,0.0177,4,4,win,0.0,522.0,0.0,2313.0
KXDOGE15M-26OCT071630-30,DOGE,crypto,PAPER,1,NO,2026-10-07T20:15:29.263055+00:00,870.7,48,,,0,yes,settled,0,18,-498,-477,0,1,47.5,,,7.5,15,,,,0.0887,0.0887,0.0045,-0.0113,-0.0225,0.0007,0,0,win,,,,
KXWTI15M-26OCT071630-30,WTI,commodity,PAPER,1,NO,2026-10-07T20:15:39.895807+00:00,860.1,50,,,0,yes,settled,0,18,-518,717,0,1,49.5,-3.0,,9.0,31,57.5,875.1,7.5,,,,,,0.0007,1,1,win,0.0,2149.0,272.0,3349.0
KXCOPPER15M-26OCT071630-30,COPPER,commodity,PAPER,1,NO,2026-10-07T20:16:15.895209+00:00,824.1,51,,,0,yes,settled,0,18,-528,189,1,4,49.0,8.5,3.0,11.5,35,42.5,870.1,7.5,,,,,,0.0234,3,3,win,183.0,0.0,388.0,0.0
KXETH15M-26OCT071645-45,ETH,crypto,PAPER,1,NO,2026-10-07T20:30:19.112383+00:00,880.9,49,2026-10-07T20:32:39.896456+00:00,740.1,72,,sold,48,33,197,-280,0,1,48.5,,,0.0,5,,,,2576.28,2575.76,-0.0202,0.0031,-0.0272,0.0297,0,0,loss,,,,
KXBTC15M-26OCT071645-45,BTC,crypto,PAPER,1,NO,2026-10-07T20:30:26.895342+00:00,873.1,50,2026-10-07T20:33:15.894265+00:00,704.1,72,,sold,46,33,187,-93,0,1,49.5,,,5.0,13,45.5,880.1,4.5,83515.27,83518.14,0.0034,0.0083,0.0057,-0.0057,2,2,win,8079.29,0.0,13327.91,257.0
KXSOL15M-26OCT071645-45,SOL,crypto,PAPER,1,NO,2026-10-07T20:30:56.894824+00:00,843.1,48,2026-10-07T20:33:20.891635+00:00,699.1,72,,sold,42,33,207,114,0,1,47.5,3.0,,7.0,36,40.5,875.1,9.5,116.31,116.27,-0.0344,0.0086,-0.0086,-0.0096,3,3,win,47.0,328.32,697.88,1101.32
KXDOGE15M-26OCT071645-45,DOGE,crypto,PAPER,1,NO,2026-10-07T20:31:34.894787+00:00,805.1,49,2026-10-07T20:33:40.891934+00:00,679.1,72,,sold,48,33,197,311,1,1,48.5,3.0,4.0,6.0,57,46.5,886.1,3.5,0.0889,0.0889,-0.0113,0.0225,0.0225,-0.0151,4,4,loss,97.0,0.0,888.82,31.0
KXXRP15M-26OCT071645-45,XRP,crypto,PAPER,1,NO,2026-10-07T20:30:24.895772+00:00,875.1,48,2026-10-07T20:34:19.910071+00:00,640.1,74,,sold,46,32,228,539,0,1,47.5,,,1.0,5,47.5,875.1,2.5,1.4214,1.4212,-0.0141,-0.0,-0.007,0.006,1,1,win,25.91,35.0,707.91,507.0
KXCOPPER15M-26OCT071645-45,COPPER,commodity,PAPER,1,NO,2026-10-07T20:30:15.892277+00:00,884.1,50,2026-10-07T20:34:58.893269+00:00,601.1,72,,sold,43,33,187,376,0,4,48.0,,,3.5,8,49.0,891.1,1.0,,,,,,0.0175,3,1,win,101.0,100.0,325.0,313.75
KXPALLADIUM15M-26OCT071645-45,PALLADIUM,commodity,PAPER,1,NO,2026-10-07T20:31:05.893122+00:00,834.1,51,2026-10-07T20:35:23.893281+00:00,576.1,72,,sold,36,33,177,553,1,4,49.0,3.0,14.0,14.5,19,46.0,870.1,4.0,,,,,,-0.0072,5,5,win,69.0,96.0,1374.0,301.0
KXWTI15M-26OCT071645-45,WTI,commodity,PAPER,1,YES,2026-10-07T20:30:13.727100+00:00,886.3,49,,,0,no,settled,0,18,-508,45,0,1,48.5,,,0.5,4,,,,,,,,,0.028,2,0,win,,,,
KXSILVER15M-26OCT071645-45,SILVER,commodity,PAPER,1,YES,2026-10-07T20:30:59.893667+00:00,840.1,50,,,0,no,settled,0,18,-518,-473,0,1,49.5,-1.5,,13.0,31,40.5,865.1,9.5,,,,,,-0.0096,4,4,win,3222.03,0.0,5062.09,12.0
KXGOLD15M-26OCT071645-45,GOLD,commodity,PAPER,1,YES,2026-10-07T20:30:19.893620+00:00,880.1,49,,,0,no,settled,0,18,-508,-981,0,1,48.5,,,5.0,6,48.5,880.1,1.5,,,,,,0.0277,4,2,none yet,3468.01,2964.0,4518.01,6319.07
KXPLATINUM15M-26OCT071645-45,PLATINUM,commodity,PAPER,1,YES,2026-10-07T20:30:55.894446+00:00,844.1,49,,,0,no,settled,0,18,-508,-1489,0,5,46.5,-3.0,,7.5,13,42.0,865.1,8.0,,,,,,-0.0084,3,3,win,42.0,0.0,1459.25,207.1
KXGOLD15M-26OCT071700-00,GOLD,commodity,PAPER,1,NO,2026-10-07T20:45:20.020215+00:00,880.0,48,2026-10-07T20:51:03.896175+00:00,536.1,74,,sold,19,32,228,-1261,0,1,47.5,,,3.0,11,,,,,,,,,0.0068,5,1,none yet,,,,
KXSILVER15M-26OCT071700-00,SILVER,commodity,PAPER,1,YES,2026-10-07T20:45:20.021110+00:00,880.0,50,2026-10-07T20:55:30.895014+00:00,269.1,72,,sold,9,33,187,-1074,0,1,49.5,,,4.0,10,,,,,,,,,0.0068,6,2,win,,,,
KXSOL15M-26OCT071700-00,SOL,crypto,PAPER,1,NO,2026-10-07T20:45:25.152511+00:00,874.8,50,,,0,yes,settled,0,18,-518,21,0,1,49.5,,,2.0,11,,,,115.97,115.9632,-0.0059,-0.0,0.0086,-0.0044,1,1,win,,,,
KXXRP15M-26OCT071700-00,XRP,crypto,PAPER,1,NO,2026-10-07T20:45:25.892983+00:00,874.1,48,,,0,yes,settled,0,18,-498,-477,0,1,47.5,,,6.0,12,47.5,874.1,2.5,1.4201,1.4199,-0.0141,0.007,-0.0282,-0.0044,2,2,win,667.27,9.45,832.25,44.95
KXBTC15M-26OCT071700-00,BTC,crypto,PAPER,1,NO,2026-10-07T20:45:20.019047+00:00,880.0,48,,,0,yes,settled,0,18,-498,-975,0,1,47.5,,,3.0,11,,,,83348.01,83349.21,0.0014,-0.0048,-0.0068,0.0068,0,0,win,,,,
KXPALLADIUM15M-26OCT071700-00,PALLADIUM,commodity,PAPER,1,YES,2026-10-07T20:45:16.892440+00:00,883.1,52,,,0,no,settled,0,18,-538,-1612,0,5,49.5,,,16.5,13,53.0,884.1,3.0,,,,,,0.0068,4,0,win,5.0,70.0,50.0,146.0
KXCOPPER15M-26OCT071700-00,COPPER,commodity,PAPER,1,NO,2026-10-07T20:49:06.893877+00:00,653.1,49,,,0,yes,settled,0,18,-508,-2120,4,4,47.0,3.0,6.5,7.0,38,41.0,871.1,9.0,,,,,,0.0053,5,5,win,0.0,0.0,109.06,0.0
KXWTI15M-26OCT071700-00,WTI,commodity,PAPER,1,YES,2026-10-07T20:45:35.622557+00:00,864.4,48,,,0,no,settled,0,18,-498,-2618,0,1,47.5,5.0,,8.0,11,,,,,,,,,-0.0085,5,3,loss,,,,
KXPLATINUM15M-26OCT071700-00,PLATINUM,commodity,PAPER,1,YES,2026-10-07T20:49:00.008199+00:00,660.0,51,,,0,no,settled,0,18,-528,-3146,4,4,49.0,-3.0,-3.5,7.5,27,58.5,863.1,8.5,,,,,,0.0024,4,4,loss,26.0,27.0,52.0,1514.0
KXDOGE15M-26OCT071715-15,DOGE,crypto,PAPER,1,NO,2026-10-07T21:00:43.893641+00:00,856.1,50,2026-10-07T21:02:06.898688+00:00,773.1,75,,sold,49,32,218,-757,0,1,49.5,-4.5,,5.0,22,49.5,856.1,0.5,,,,,,0.0434,4,4,win,9.0,78.25,180.25,267.75
KXBTC15M-26OCT071715-15,BTC,crypto,PAPER,1,NO,2026-10-07T21:00:38.129678+00:00,861.9,50,2026-10-07T21:02:06.901421+00:00,773.1,72,,sold,39,33,187,-570,0,1,49.5,-2.0,,3.0,21,,,,83399.01,83392.87,-0.0074,-0.0118,0.0039,-0.0039,3,3,loss,,,,
KXXRP15M-26OCT071715-15,XRP,crypto,PAPER,1,NO,2026-10-07T21:00:22.570482+00:00,877.4,48,2026-10-07T21:02:48.892418+00:00,731.1,75,,sold,45,32,238,-332,0,1,47.5,,,2.5,18,,,,1.4215,1.4212,-0.0211,-0.0,-0.0281,0.0132,0,0,loss,,,,
KXETH15M-26OCT071715-15,ETH,crypto,PAPER,1,NO,2026-10-07T21:00:33.009667+00:00,867.0,49,2026-10-07T21:03:35.892725+00:00,684.1,72,,sold,35,33,197,-135,0,1,48.5,0.0,,1.0,21,,,,2573.33,2572.46,-0.0338,-0.0222,-0.019,-0.0039,2,2,win,,,,
KXSOL15M-26OCT071715-15,SOL,crypto,PAPER,1,YES,2026-10-07T21:00:27.911041+00:00,872.1,48,,,0,no,settled,0,18,-498,-633,0,1,47.5,,,1.5,19,,,,116.14,116.1417,-0.0015,-0.0086,-0.0258,0.0087,1,1,loss,,,,
KXDOGE15M-26OCT071730-30,DOGE,crypto,PAPER,1,NO,2026-10-07T21:15:28.759149+00:00,871.2,49,2026-10-07T21:20:00.892045+00:00,599.1,72,,sold,49,33,197,-436,0,1,48.5,,,3.0,15,,,,0.0887,0.0888,0.0304,0.0225,-0.0,0.0082,2,2,win,,,,
KXXRP15M-26OCT071730-30,XRP,crypto,PAPER,1,YES,2026-10-07T21:15:23.654692+00:00,876.3,50,2026-10-07T21:23:55.893806+00:00,364.1,72,,sold,34,33,187,-249,0,1,49.5,,,9.0,16,,,,1.4193,1.4193,0.0,-0.0211,-0.007,0.0083,1,1,win,,,,
KXSOL15M-26OCT071730-30,SOL,crypto,PAPER,1,NO,2026-10-07T21:15:29.894631+00:00,870.1,48,2026-10-07T21:24:17.892085+00:00,342.1,72,,sold,28,33,207,-42,0,1,47.5,,,7.0,16,43.5,871.1,6.5,116.06,116.0438,-0.014,-0.0086,-0.0,0.0082,3,3,loss,17.0,21.0,1165.0,791.0
KXETH15M-26OCT071730-30,ETH,crypto,PAPER,1,NO,2026-10-07T21:15:18.589183+00:00,881.4,49,2026-10-07T21:25:04.895206+00:00,295.1,80,,sold,39,30,280,238,0,1,48.5,,,4.0,16,,,,2570.9,2570.55,-0.0136,-0.0043,-0.0144,0.0243,0,0,win,,,,
KXBTC15M-26OCT071730-30,BTC,crypto,PAPER,1,NO,2026-10-07T21:16:02.894742+00:00,837.1,50,2026-10-07T21:26:59.892277+00:00,180.1,75,,sold,11,32,218,456,1,1,49.5,8.0,,8.0,46,43.5,866.1,6.5,83317.69,83317.42,-0.0003,0.0066,0.0087,-0.0087,4,4,win,9662.28,0.0,14472.07,0.0
KXWTI15M-26OCT071730-30,WTI,commodity,PAPER,1,YES,2026-10-07T21:15:34.894732+00:00,865.1,50,,,0,no,settled,0,18,-518,-3664,0,1,49.5,0.5,,11.5,24,40.0,876.1,10.0,,,,,,0.0082,0,0,loss,46.0,0.0,306.0,996.03
KXXRP15M-26OCT071745-45,XRP,crypto,PAPER,1,NO,2026-10-07T21:30:08.666789+00:00,891.3,49,2026-10-07T21:31:27.892263+00:00,812.1,72,,sold,45,33,197,653,0,1,48.5,,,0.0,5,,,,,,,0.0071,0.0141,-0.0053,0,0,win,,,,
KXWTI15M-26OCT071745-45,WTI,commodity,PAPER,1,YES,2026-10-07T21:30:18.925080+00:00,881.1,49,2026-10-07T21:40:27.893168+00:00,272.1,72,,sold,45,33,197,-3467,0,2,48.0,,,0.0,3,,,,,,,,,0.0,1,0,loss,,,,
KXSOL15M-26OCT071745-45,SOL,crypto,PAPER,1,YES,2026-10-07T21:30:13.750535+00:00,886.3,49,,,0,no,settled,0,18,-508,145,0,1,48.5,,,0.0,5,,,,115.87,115.8815,-0.0099,-0.0259,0.0086,0.0004,1,1,win,,,,
KXETH15M-26OCT071745-45,ETH,crypto,PAPER,1,YES,2026-10-07T21:30:29.113582+00:00,870.9,50,,,0,no,settled,0,18,-518,-373,0,1,49.5,,,2.5,5,,,,2568.29,2568.35,-0.0023,-0.0093,-0.0093,-0.0101,2,2,win,,,,
KXDOGE15M-26OCT071745-45,DOGE,crypto,PAPER,1,YES,2026-10-07T21:31:07.894343+00:00,832.1,48,,,0,no,settled,0,18,-498,-871,1,1,47.5,6.0,7.0,10.0,38,37.5,870.1,12.5,,,,,,-0.0107,4,4,win,48.0,0.0,1008.5,49.0
KXBTC15M-26OCT071745-45,BTC,crypto,PAPER,1,YES,2026-10-07T21:30:34.183547+00:00,865.8,50,,,0,no,settled,0,18,-518,-1389,0,1,49.5,-1.0,,1.0,5,,,,83268.01,83293.61,-0.0307,-0.0188,-0.0184,-0.0184,3,3,win,,,,
KXXRP15M-26OCT071800-00,XRP,crypto,PAPER,1,NO,2026-10-07T21:45:44.894784+00:00,855.1,48,2026-10-07T21:53:22.910851+00:00,397.1,76,,sold,37,31,249,-1140,0,1,47.5,3.0,,11.0,17,46.5,860.1,3.5,1.4122,1.4124,0.0142,-0.0,-0.0212,0.0056,1,1,win,20.0,0.0,522.0,1206.35
KXSOL15M-26OCT071800-00,SOL,crypto,PAPER,1,NO,2026-10-07T21:51:31.895559+00:00,508.1,48,2026-10-07T21:54:03.903120+00:00,356.1,72,,sold,41,33,207,-933,6,1,47.5,20.5,21.0,23.0,61,37.5,885.1,12.5,115.34,115.3405,0.0004,0.0607,0.052,0.0037,3,3,loss,20.0,0.0,79.0,0.0
KXETH15M-26OCT071800-00,ETH,crypto,PAPER,1,NO,2026-10-07T21:46:28.894916+00:00,811.1,49,2026-10-07T21:54:20.893986+00:00,339.1,73,,sold,21,32,208,-725,1,1,48.5,11.0,4.0,12.0,60,45.5,885.1,4.5,2565.38,2565.0,-0.0148,0.0187,0.0062,-0.0128,2,2,loss,262.22,0.0,389.22,0.0
KXWTI15M-26OCT071800-00,WTI,commodity,PAPER,1,YES,2026-10-07T21:53:09.895293+00:00,410.1,48,2026-10-07T21:55:22.891652+00:00,277.1,73,,sold,42,32,218,-3249,8,4,46.0,-37.0,-39.5,40.0,60,56.0,855.1,6.0,,,,,,-0.0146,0,0,win,0.0,51.0,0.0,419.03
KXBTC15M-26OCT071800-00,BTC,crypto,PAPER,1,YES,2026-10-07T21:45:19.213371+00:00,880.8,49,,,0,no,settled,0,18,-508,-1233,0,1,48.5,,,7.0,11,,,,83159.51,83177.69,-0.0219,0.0037,-0.025,-0.025,0,0,loss,,,,
KXETH15M-26OCT071815-15,ETH,crypto,PAPER,1,NO,2026-10-07T22:00:30.431761+00:00,869.6,48,2026-10-07T22:04:42.894438+00:00,617.1,74,,sold,21,32,228,-1005,0,1,47.5,,,,0,,,,2566.3,2566.0,-0.0117,0.0004,-0.0016,-0.0052,1,1,win,,,,
KXXRP15M-26OCT071815-15,XRP,crypto,PAPER,1,NO,2026-10-07T22:00:35.501943+00:00,864.5,48,,,0,yes,settled,0,18,-498,-1503,0,1,47.5,,,,0,,,,1.4139,1.4138,-0.0071,-0.0141,-0.0,-0.0052,2,2,win,,,,
KXBTC15M-26OCT071815-15,BTC,crypto,PAPER,1,NO,2026-10-07T22:00:04.901442+00:00,895.1,49,,,0,yes,settled,0,18,-508,-2011,0,1,48.5,,,0.0,1,48.5,895.1,1.5,83118.24,83120.05,0.0022,-0.0064,-0.0001,0.0001,1,0,loss,2674.3,3739.06,5077.3,5702.99
KXWTI15M-26OCT071815-15,WTI,commodity,PAPER,1,NO,2026-10-07T22:04:37.898128+00:00,622.1,49,,,0,yes,settled,0,18,-508,-3757,4,3,47.5,17.5,22.0,25.5,58,41.0,849.1,9.0,,,,,,-0.0797,0,0,win,748.65,0.0,1206.08,0.0
KXGOLD15M-26OCT071830-30,GOLD,commodity,PAPER,1,NO,2026-10-07T22:15:36.121842+00:00,863.9,50,2026-10-07T22:20:25.905957+00:00,574.1,72,,sold,38,33,187,-3570,0,2,49.0,3.0,,4.0,12,,,,,,,,,-0.0086,1,1,win,,,,
KXBTC15M-26OCT071830-30,BTC,crypto,PAPER,1,YES,2026-10-07T22:15:36.117202+00:00,863.9,50,2026-10-07T22:21:47.905638+00:00,492.1,72,,sold,30,33,187,-1824,0,1,49.5,-1.0,,2.0,15,,,,83192.02,83195.63,-0.0043,-0.0006,-0.0086,-0.0086,1,1,loss,,,,
KXSOL15M-26OCT071830-30,SOL,crypto,PAPER,1,YES,2026-10-07T22:19:59.904829+00:00,600.1,48,2026-10-07T22:21:59.891569+00:00,480.1,72,,sold,40,33,207,-1617,4,1,47.5,5.5,21.0,20.0,54,43.5,858.1,6.5,115.67,115.682,-0.0104,0.0086,0.0692,0.0248,3,3,win,12.0,0.0,400.0,0.0
KXWTI15M-26OCT071830-30,WTI,commodity,PAPER,1,YES,2026-10-07T22:16:06.895799+00:00,833.1,48,2026-10-07T22:22:09.891851+00:00,470.1,72,,sold,42,33,207,-3363,1,2,47.0,5.5,-2.0,10.5,44,42.0,868.1,8.0,,,,,,-0.0347,4,4,loss,70.0,0.0,727.0,934.0
KXPLATINUM15M-26OCT071830-30,PLATINUM,commodity,PAPER,1,YES,2026-10-07T22:15:37.895805+00:00,862.1,52,2026-10-07T22:22:50.893498+00:00,429.1,72,,sold,43,33,167,-3196,0,5,49.5,0.0,,12.0,11,50.5,867.1,0.5,,,,,,-0.0086,2,2,loss,139.0,123.19,459.0,423.19
KXDOGE15M-26OCT071830-30,DOGE,crypto,PAPER,1,YES,2026-10-07T22:15:25.930680+00:00,874.1,48,2026-10-07T22:23:01.894681+00:00,418.1,73,,sold,21,32,218,-1399,0,1,47.5,,,3.0,15,,,,0.0886,0.0886,-0.018,-0.0226,-0.0226,-0.0027,0,0,loss,,,,
KXSILVER15M-26OCT071830-30,SILVER,commodity,PAPER,1,NO,2026-10-07T22:15:41.185651+00:00,858.8,48,2026-10-07T22:23:05.893141+00:00,414.1,74,,sold,44,32,228,-2968,0,2,47.0,-6.0,,7.0,14,,,,,,,,,-0.0126,3,3,win,,,,
KXETH15M-26OCT071830-30,ETH,crypto,PAPER,1,YES,2026-10-07T22:21:47.902776+00:00,492.1,48,2026-10-07T22:24:12.893683+00:00,347.1,75,,sold,39,32,238,-1161,6,1,47.5,15.0,16.0,21.0,61,44.5,884.1,5.5,2566.08,2566.15,-0.0027,0.0444,0.0359,0.0335,4,4,win,5.5,0.0,1427.5,0.0
KXXRP15M-26OCT071830-30,XRP,crypto,PAPER,1,YES,2026-10-07T22:15:36.119772+00:00,863.9,48,2026-10-07T22:24:27.894357+00:00,332.1,73,,sold,15,32,218,-943,0,1,47.5,-1.0,,5.0,15,,,,,,,,,-0.0086,2,2,loss,,,,
KXPALLADIUM15M-26OCT071830-30,PALLADIUM,commodity,PAPER,1,YES,2026-10-07T22:16:40.896248+00:00,799.1,48,2026-10-07T22:25:58.892119+00:00,241.1,72,,sold,41,33,207,-2761,1,5,45.5,-5.5,-6.0,7.5,30,52.0,861.1,2.0,,,,,,,5,5,loss,26.0,0.0,111.0,25.0
KXCOPPER15M-26OCT071830-30,COPPER,commodity,PAPER,1,NO,2026-10-07T22:15:26.894013+00:00,873.1,51,2026-10-07T22:28:58.894581+00:00,61.1,76,,sold,42,31,219,-2542,0,3,49.5,,,5.0,16,49.5,873.1,0.5,,,,,,-0.0069,0,0,loss,97.0,207.0,298.0,607.0
KXSOL15M-26OCT071845-45,SOL,crypto,PAPER,1,YES,2026-10-07T22:30:17.898017+00:00,882.1,48,2026-10-07T22:32:26.893552+00:00,753.1,73,,sold,44,32,218,-725,0,1,47.5,,,2.0,12,45.5,889.1,4.5,115.89,115.906,-0.0138,-0.0086,-0.0173,-0.0235,0,0,win,10.0,400.0,317.13,1160.0
KXPLATINUM15M-26OCT071845-45,PLATINUM,commodity,PAPER,1,NO,2026-10-07T22:30:25.893769+00:00,874.1,50,2026-10-07T22:35:23.893126+00:00,576.1,76,,sold,40,31,229,-2313,0,2,49.0,,,0.5,2,49.0,874.1,1.0,,,,,,-0.0181,1,1,win,0.1,5.0,120.1,200.0
KXSILVER15M-26OCT071845-45,SILVER,commodity,PAPER,1,NO,2026-10-07T22:34:00.078484+00:00,659.9,49,2026-10-07T22:35:23.894815+00:00,576.1,72,,sold,43,33,197,-2116,4,2,48.0,10.5,10.0,16.0,59,35.5,853.1,14.5,,,,,,-0.0521,4,4,win,100.0,0.0,3530.0,2741.0
KXPALLADIUM15M-26OCT071845-45,PALLADIUM,commodity,PAPER,1,NO,2026-10-07T22:35:01.894650+00:00,598.1,50,2026-10-07T22:36:24.892975+00:00,515.1,73,,sold,41,32,198,-1918,5,2,49.0,-20.0,-20.0,20.5,28,58.5,864.1,8.5,,,,,,-0.0186,5,5,win,1.0,54.0,3.0,65.0
KXXRP15M-26OCT071845-45,XRP,crypto,PAPER,1,YES,2026-10-07T22:31:35.921188+00:00,804.1,48,2026-10-07T22:42:08.895647+00:00,171.1,74,,sold,20,32,228,-497,1,1,47.5,11.0,3.0,11.0,60,44.5,864.1,5.5,1.4179,1.4181,-0.0141,0.0635,0.0423,-0.0072,2,2,win,86.08,0.0,1447.08,0.0
KXETH15M-26OCT071845-45,ETH,crypto,PAPER,1,YES,2026-10-07T22:30:37.895839+00:00,862.1,48,2026-10-07T22:43:38.893260+00:00,81.1,73,,sold,1,32,218,-279,0,2,47.0,0.5,,1.5,28,45.5,884.1,4.5,2568.29,2568.24,0.0019,0.0016,-0.0012,-0.019,1,1,win,500.15,294.32,1751.39,1507.82
KXBTC15M-26OCT071845-45,BTC,crypto,PAPER,1,YES,2026-10-07T22:36:40.897154+00:00,499.1,49,2026-10-07T22:44:11.898288+00:00,48.1,72,,sold,3,33,197,-82,6,1,48.5,30.0,29.0,33.0,61,39.5,879.1,10.5,83269.26,83271.96,-0.0032,0.062,0.0633,0.0633,2,3,win,0.0,0.0,0.0,0.0
KXCOPPER15M-26OCT071845-45,COPPER,commodity,PAPER,1,YES,2026-10-07T22:30:20.894243+00:00,879.1,49,,,0,no,settled,1,18,-508,-2426,0,3,47.5,,,2.5,5,47.5,879.1,2.5,,,,,,-0.0181,0,0,win,101.0,0.0,377.12,259.0
KXGOLD15M-26OCT071845-45,GOLD,commodity,PAPER,1,YES,2026-10-07T22:30:26.895142+00:00,873.1,50,,,0,no,settled,0,18,-518,-2944,0,1,49.5,,,10.0,7,50.0,874.1,0.0,,,,,,-0.0181,2,2,win,1221.41,1116.11,4337.41,4917.02
KXWTI15M-26OCT071845-45,WTI,commodity,PAPER,1,NO,2026-10-07T22:31:22.899741+00:00,817.1,48,,,0,yes,settled,0,18,-498,-3442,1,3,46.5,1.0,5.0,9.0,47,38.5,864.1,11.5,,,,,,-0.008,3,3,win,91.75,0.0,3038.75,0.0
KXWTI15M-26OCT071900-00,WTI,commodity,PAPER,1,NO,2026-10-07T22:45:30.206930+00:00,869.8,49,2026-10-07T22:48:46.892784+00:00,673.1,75,,sold,41,32,228,-3214,0,2,48.0,,,1.0,5,,,,,,,,,-0.0482,1,1,loss,,,,
KXGOLD15M-26OCT071900-00,GOLD,commodity,PAPER,1,YES,2026-10-07T22:45:40.341838+00:00,859.7,49,2026-10-07T22:50:11.893591+00:00,588.1,72,,sold,47,33,197,-3017,0,2,48.0,0.0,,2.0,5,,,,,,,,,-0.0445,3,3,loss,,,,
KXSILVER15M-26OCT071900-00,SILVER,commodity,PAPER,1,YES,2026-10-07T22:45:35.262161+00:00,864.7,50,2026-10-07T22:50:48.892679+00:00,551.1,73,,sold,46,32,198,-2819,0,1,49.5,-6.0,,6.0,5,,,,,,,,,-0.033,2,2,win,,,,
KXPLATINUM15M-26OCT071900-00,PLATINUM,commodity,PAPER,1,YES,2026-10-07T22:45:29.894848+00:00,870.1,52,2026-10-07T22:50:59.892629+00:00,540.1,72,,sold,45,33,167,-2652,0,5,49.5,,,0.5,3,49.5,870.1,0.5,,,,,,-0.0482,0,0,win,0.1,5.0,1405.1,1405.0
KXDOGE15M-26OCT071900-00,DOGE,crypto,PAPER,1,NO,2026-10-07T22:49:00.434750+00:00,659.6,50,2026-10-07T22:52:11.892979+00:00,468.1,73,,sold,46,32,198,116,4,1,49.5,10.0,1.0,13.0,59,63.5,885.1,13.5,0.0888,0.0888,0.0068,0.0338,0.0113,0.0098,0,0,win,0.0,0.0,0.0,52.25
KXCOPPER15M-26OCT071900-00,COPPER,commodity,PAPER,1,YES,2026-10-07T22:45:45.466534+00:00,854.5,49,2026-10-07T22:59:08.894691+00:00,51.1,81,,sold,36,29,291,-2361,0,3,47.5,0.0,,2.5,3,,,,,,,,,-0.0445,4,4,loss,,,,
KXPALLADIUM15M-26OCT071900-00,PALLADIUM,commodity,PAPER,1,NO,2026-10-07T22:45:55.894326+00:00,844.1,51,,,0,yes,settled,0,18,-528,-2889,0,5,48.5,-0.5,,2.0,18,49.5,883.1,0.5,,,,,,-0.0606,5,5,win,200.0,0.1,300.0,71.1
KXWTI15M-26OCT071915-15,WTI,commodity,PAPER,1,NO,2026-10-07T23:00:34.461709+00:00,865.5,50,2026-10-07T23:03:31.892690+00:00,688.1,72,,sold,39,33,187,-2702,0,2,49.0,,,0.0,4,,,,,,,,,-0.0187,2,1,win,,,,
KXBTC15M-26OCT071915-15,BTC,crypto,PAPER,1,NO,2026-10-07T23:04:26.919290+00:00,633.1,49,2026-10-07T23:06:06.893347+00:00,533.1,74,,sold,48,32,218,334,4,1,48.5,-12.0,-6.0,13.0,60,59.5,880.1,9.5,83206.21,83205.15,-0.0013,-0.0235,-0.0144,0.0144,3,3,win,0.0,0.0,0.0,1041.46
KXSOL15M-26OCT071915-15,SOL,crypto,PAPER,1,NO,2026-10-07T23:00:29.407130+00:00,870.6,50,2026-10-07T23:11:54.109162+00:00,185.9,76,,sold,13,31,229,563,0,1,49.5,,,0.5,5,,,,115.98,115.9397,-0.0348,-0.0259,-0.0172,-0.0274,0,0,win,,,,
KXBTC15M-26OCT071930-30,BTC,crypto,PAPER,1,YES,2026-10-07T23:15:34.105165+00:00,865.9,49,2026-10-07T23:15:37.894332+00:00,862.1,73,,sold,48,32,208,771,0,1,48.5,1.0,,1.0,5,,,,83179.25,83143.95,0.0425,0.0468,0.0468,0.0468,4,2,win,,,,
KXXRP15M-26OCT071930-30,XRP,crypto,PAPER,1,YES,2026-10-07T23:15:39.279332+00:00,860.7,50,2026-10-07T23:15:45.892362+00:00,854.1,74,,sold,49,32,208,979,0,1,49.5,0.0,,1.0,5,,,,1.4172,1.4166,0.0424,0.0565,0.0565,0.0508,4,3,win,,,,
KXCOPPER15M-26OCT071915-15,COPPER,commodity,PAPER,1,NO,2026-10-07T23:00:18.894874+00:00,881.1,50,,,0,yes,settled,0,18,-518,-3220,0,2,49.0,,,6.5,7,55.5,886.1,5.5,,,,,,-0.0274,1,0,win,139.0,101.0,342.0,412.0
KXPLATINUM15M-26OCT071915-15,PLATINUM,commodity,PAPER,1,NO,2026-10-07T23:00:34.896325+00:00,865.1,49,,,0,yes,settled,0,18,-508,-3728,0,3,47.5,,,2.5,5,50.0,870.1,0.0,,,,,,-0.0187,3,2,win,5.0,180.0,125.1,1580.0
KXPALLADIUM15M-26OCT071915-15,PALLADIUM,commodity,PAPER,1,NO,2026-10-07T23:01:27.895626+00:00,812.1,49,,,0,yes,settled,3,18,-508,-4236,1,3,47.5,16.0,,19.0,32,31.5,860.1,18.5,,,,,,-0.0109,3,3,loss,5.0,25.0,75.0,1331.0
KXETH15M-26OCT071915-15,ETH,crypto,PAPER,1,YES,2026-10-07T23:00:29.897738+00:00,870.1,49,,,0,no,settled,0,18,-508,471,0,1,48.5,,,4.0,6,48.5,870.1,1.5,2568.62,2568.37,0.0097,0.0128,-0.009,-0.0274,1,1,win,81.14,746.09,194.64,2037.09
KXXRP15M-26OCT071915-15,XRP,crypto,PAPER,1,YES,2026-10-07T23:00:39.837124+00:00,860.2,50,,,0,no,settled,0,18,-518,-47,0,1,49.5,0.0,,2.0,5,,,,1.4168,1.4171,-0.0212,-0.0141,-0.0141,-0.0122,2,2,win,,,,
KXGOLD15M-26OCT071930-30,GOLD,commodity,PAPER,1,NO,2026-10-07T23:15:08.718525+00:00,891.3,48,2026-10-07T23:29:12.892389+00:00,47.1,73,,sold,9,32,218,-4018,0,2,47.0,,,1.5,4,,,,,,,,,0.001,3,0,win,,,,
KXCOPPER15M-26OCT071930-30,COPPER,commodity,PAPER,1,NO,2026-10-07T23:15:34.108042+00:00,865.9,51,2026-10-07T23:29:22.893135+00:00,37.1,87,,sold,5,26,334,-3684,0,5,48.5,,,0.0,3,,,,,,,,,0.0468,5,2,win,,,,
KXSILVER15M-26OCT071930-30,SILVER,commodity,PAPER,1,YES,2026-10-07T23:19:00.480471+00:00,659.5,50,,,0,no,settled,0,18,-518,-4202,4,1,49.5,-10.0,-12.0,15.0,56,59.5,870.1,9.5,,,,,,-0.0216,6,3,win,0.0,110.1,0.0,3180.05
KXWTI15M-26OCT071930-30,WTI,commodity,PAPER,1,NO,2026-10-07T23:15:29.053165+00:00,871.0,50,,,0,yes,settled,0,18,-518,-4720,0,2,49.0,,,0.5,3,,,,,,,,,0.0291,4,1,win,,,,
KXPALLADIUM15M-26OCT071945-45,PALLADIUM,commodity,PAPER,1,YES,2026-10-07T23:30:39.894719+00:00,860.1,50,2026-10-07T23:32:16.892165+00:00,763.1,72,,sold,45,33,187,-4533,0,1,49.5,0.0,,12.0,7,47.0,869.1,3.0,,,,,,0.02,3,3,loss,70.0,0.1,148.0,35.1
KXXRP15M-26OCT071945-45,XRP,crypto,PAPER,1,YES,2026-10-07T23:30:35.897798+00:00,864.1,50,2026-10-07T23:33:36.893288+00:00,683.1,72,,sold,41,33,187,140,0,1,49.5,-9.0,,14.0,11,49.5,864.1,0.5,1.4205,1.4209,-0.0282,-0.0352,0.0,0.0318,3,1,loss,429.0,44.78,534.5,1113.42
KXSOL15M-26OCT071945-45,SOL,crypto,PAPER,1,YES,2026-10-07T23:30:30.895008+00:00,869.1,49,2026-10-07T23:33:36.895688+00:00,683.1,72,,sold,46,33,197,337,0,1,48.5,,,11.0,11,48.5,869.1,1.5,116.27,116.2803,-0.0089,-0.0172,-0.0086,0.0478,2,0,win,10.0,398.0,396.11,1181.0
KXDOGE15M-26OCT071930-30,DOGE,crypto,PAPER,1,NO,2026-10-07T23:15:29.048605+00:00,871.0,49,,,0,yes,settled,0,18,-508,-171,0,1,48.5,,,0.0,4,,,,0.0887,0.0886,-0.044,-0.0451,-0.0338,0.0291,3,1,win,,,,
KXSOL15M-26OCT071930-30,SOL,crypto,PAPER,1,NO,2026-10-07T23:15:29.044213+00:00,871.0,49,,,0,yes,settled,0,18,-508,-679,0,1,48.5,,,1.0,5,,,,,,,,,0.0291,2,0,win,,,,
KXETH15M-26OCT071945-45,ETH,crypto,PAPER,1,NO,2026-10-07T23:37:45.897422+00:00,434.1,48,2026-10-07T23:42:34.893828+00:00,145.1,76,,sold,19,31,249,-430,7,1,47.5,20.0,24.0,26.0,61,34.5,885.1,15.5,2574.07,2573.93,-0.0054,0.0346,0.0524,-0.0399,0,2,loss,196.2,0.0,403.2,0.0
KXCOPPER15M-26OCT071945-45,COPPER,commodity,PAPER,1,NO,2026-10-07T23:30:14.895015+00:00,885.1,51,,,0,yes,settled,0,18,-528,-5061,0,4,49.0,,,8.0,5,49.0,885.1,1.0,,,,,,0.0657,2,0,win,103.0,164.0,304.0,369.0
KXWTI15M-26OCT071945-45,WTI,commodity,PAPER,1,YES,2026-10-07T23:30:35.894510+00:00,864.1,50,,,0,no,settled,0,18,-518,-5579,0,1,49.5,,,9.0,6,49.5,864.1,0.5,,,,,,0.0318,2,2,loss,2106.27,574.38,3145.27,1094.48
KXPLATINUM15M-26OCT071945-45,PLATINUM,commodity,PAPER,1,NO,2026-10-07T23:30:46.897705+00:00,853.1,51,,,0,yes,settled,0,18,-528,-6107,0,3,49.5,0.0,,2.5,10,52.0,861.1,2.0,,,,,,0.0167,5,5,loss,0.1,1320.0,1540.1,1545.0
KXGOLD15M-26OCT071945-45,GOLD,commodity,PAPER,1,NO,2026-10-07T23:30:40.895945+00:00,859.1,50,,,0,yes,settled,0,18,-518,-6625,0,1,49.5,-0.5,,5.5,11,49.5,859.1,0.5,,,,,,0.0114,4,4,win,3109.13,4538.0,9219.96,10116.4
KXSILVER15M-26OCT071945-45,SILVER,commodity,PAPER,1,NO,2026-10-07T23:30:19.802122+00:00,880.2,50,,,0,yes,settled,1,18,-518,-7143,0,1,49.5,,,7.0,10,,,,,,,,,0.0657,3,1,win,,,,
KXPALLADIUM15M-26OCT072000-00,PALLADIUM,commodity,PAPER,1,NO,2026-10-07T23:51:39.895757+00:00,500.1,48,2026-10-07T23:54:19.894416+00:00,340.1,75,,sold,25,32,238,-6905,6,3,46.5,-14.0,-16.0,15.0,26,54.0,872.1,4.0,,,,,,-0.0111,4,4,win,837.57,6.0,838.57,68.0
KXSOL15M-26OCT072000-00,SOL,crypto,PAPER,1,YES,2026-10-07T23:49:30.896905+00:00,629.1,48,2026-10-07T23:56:54.893337+00:00,185.1,75,,sold,22,32,238,-192,4,2,47.0,4.5,12.5,15.0,59,34.5,872.1,15.5,116.21,116.214,-0.0034,0.0172,0.0344,0.0232,4,4,loss,0.0,0.0,701.91,0.0
KXXRP15M-26OCT072000-00,XRP,crypto,PAPER,1,YES,2026-10-07T23:49:03.896692+00:00,656.1,48,2026-10-07T23:58:29.891879+00:00,90.1,72,,sold,6,33,207,15,4,2,47.0,3.5,-1.5,16.0,60,45.5,877.1,4.5,1.4214,1.4218,-0.0281,0.007,-0.007,0.0104,2,2,win,0.0,0.0,0.0,0.0
KXDOGE15M-26OCT072000-00,DOGE,crypto,PAPER,1,NO,2026-10-07T23:45:16.967152+00:00,883.0,50,,,0,yes,settled,0,18,-518,-503,0,1,49.5,,,4.0,10,,,,,,,,,-0.0181,0,0,loss,,,,
KXBTC15M-26OCT072000-00,BTC,crypto,PAPER,1,YES,2026-10-07T23:49:06.896332+00:00,653.1,48,,,0,no,settled,0,18,-498,-1001,4,1,47.5,12.0,10.0,17.0,61,38.5,877.1,11.5,83291.76,83300.39,-0.0104,0.0224,0.0154,0.0154,3,3,win,0.0,0.0,0.0,0.0
KXETH15M-26OCT072000-00,ETH,crypto,PAPER,1,YES,2026-10-07T23:45:53.897864+00:00,846.1,48,,,0,no,settled,0,18,-498,-1499,0,1,47.5,6.0,,14.0,15,45.5,851.1,4.5,2573.4,2573.49,-0.0035,-0.0047,-0.0198,-0.0352,1,1,win,650.5,95.02,2056.37,322.58
KXCOPPER15M-26OCT072000-00,COPPER,commodity,PAPER,1,YES,2026-10-07T23:45:16.897971+00:00,883.1,51,,,0,no,settled,0,18,-528,-7433,0,3,49.5,,,9.5,11,43.5,888.1,6.5,,,,,,-0.0181,5,0,win,101.0,101.0,301.0,328.75
KXPLATINUM15M-26OCT072000-00,PLATINUM,commodity,PAPER,1,YES,2026-10-07T23:51:05.896446+00:00,534.1,49,,,0,no,settled,0,18,-508,-7941,6,5,46.5,7.5,8.5,10.5,47,41.0,872.1,9.0,,,,,,-0.0384,3,3,loss,17.0,26.0,60.63,313.0
KXGOLD15M-26OCT072000-00,GOLD,commodity,PAPER,1,YES,2026-10-07T23:45:52.911276+00:00,847.1,48,,,0,no,settled,0,18,-498,-8439,0,2,47.0,1.0,,15.0,21,37.5,857.1,12.5,,,,,,-0.0356,2,2,loss,1275.0,0.0,6453.0,0.0
KXSILVER15M-26OCT072000-00,SILVER,commodity,PAPER,1,YES,2026-10-07T23:45:24.896241+00:00,875.1,50,,,0,no,settled,0,18,-518,-8957,0,3,48.5,,,6.5,13,50.0,877.1,0.0,,,,,,-0.0181,6,1,loss,360.0,713.0,2115.75,1413.0
KXSILVER15M-26OCT072015-15,SILVER,commodity,PAPER,1,YES,2026-10-08T00:00:12.531876+00:00,887.5,49,2026-10-08T00:01:28.892695+00:00,811.1,72,,sold,41,33,197,-8760,0,2,48.0,,,9.0,11,,,,,,,,,-0.0295,4,0,loss,,,,
KXCOPPER15M-26OCT072015-15,COPPER,commodity,PAPER,1,YES,2026-10-08T00:00:33.895595+00:00,866.1,49,2026-10-08T00:01:33.896645+00:00,806.1,72,,sold,44,33,197,-8563,0,2,48.0,-14.5,,17.5,12,48.0,866.1,2.0,,,,,,-0.0125,2,1,loss,90.09,101.0,294.09,439.0
KXPALLADIUM15M-26OCT072015-15,PALLADIUM,commodity,PAPER,1,YES,2026-10-08T00:00:38.898386+00:00,861.1,49,2026-10-08T00:04:55.894574+00:00,604.1,72,,sold,38,33,197,-8366,0,4,47.0,-14.0,,16.5,16,45.5,866.1,4.5,,,,,,-0.0308,2,2,win,70.0,20.25,1400.0,47.5
KXPLATINUM15M-26OCT072015-15,PLATINUM,commodity,PAPER,1,NO,2026-10-08T00:01:42.895055+00:00,797.1,52,2026-10-08T00:06:27.896947+00:00,512.1,72,,sold,42,33,167,-8199,1,5,49.5,-13.0,-17.5,18.0,57,66.5,871.1,16.5,,,,,,-0.0001,2,4,loss,6.0,120.0,36.0,1611.0
KXGOLD15M-26OCT072015-15,GOLD,commodity,PAPER,1,NO,2026-10-08T00:00:43.662388+00:00,856.3,49,2026-10-08T00:09:34.906944+00:00,325.1,72,,sold,19,33,197,-8002,0,1,48.5,0.0,,5.5,11,,,,,,,,,-0.0346,3,3,loss,,,,
KXETH15M-26OCT072015-15,ETH,crypto,PAPER,1,YES,2026-10-08T00:00:29.900050+00:00,870.1,50,,,0,no,settled,0,18,-518,-2017,0,1,49.5,,,9.0,22,40.5,881.1,9.5,2573.03,2572.89,0.0054,0.0089,0.0074,-0.0136,1,1,loss,627.0,1.0,2428.0,35.0
KXBTC15M-26OCT072015-15,BTC,crypto,PAPER,1,YES,2026-10-08T00:00:29.896327+00:00,870.1,50,,,0,no,settled,0,18,-518,-2535,0,1,49.5,,,9.0,18,40.5,876.1,9.5,83272.8,83287.07,-0.0171,-0.0027,-0.0136,-0.0136,0,0,loss,3902.02,0.0,14619.97,152.02
KXXRP15M-26OCT072015-15,XRP,crypto,PAPER,1,YES,2026-10-08T00:01:29.897847+00:00,810.1,49,,,0,no,settled,1,18,-508,-3043,1,1,48.5,20.0,12.0,21.0,59,34.5,876.1,15.5,1.4211,1.4214,-0.0211,0.0704,0.0422,-0.0205,2,2,win,20.0,0.0,465.0,83.5
KXCOPPER15M-26OCT072030-30,COPPER,commodity,PAPER,1,NO,2026-10-08T00:15:44.895782+00:00,855.1,50,2026-10-08T00:20:24.893064+00:00,575.1,72,,sold,43,33,187,-7815,0,4,48.0,10.0,,12.0,39,37.5,887.1,12.5,,,,,,0.048,4,4,win,300.0,125.0,645.0,422.0
KXPALLADIUM15M-26OCT072030-30,PALLADIUM,commodity,PAPER,1,NO,2026-10-08T00:20:40.897901+00:00,559.1,49,2026-10-08T00:22:05.892900+00:00,474.1,72,,sold,42,33,197,-7618,5,5,46.5,16.5,24.0,19.0,34,50.5,887.1,0.5,,,,,,-0.0355,4,5,win,6.0,0.0,33.0,55.53
KXWTI15M-26OCT072030-30,WTI,commodity,PAPER,1,YES,2026-10-08T00:15:34.902254+00:00,865.1,49,2026-10-08T00:24:15.892380+00:00,344.1,74,,sold,38,32,218,-7400,0,1,48.5,-1.5,,12.5,12,55.5,866.1,5.5,,,,,,0.001,3,3,loss,0.0,350.0,2307.0,1021.0
KXETH15M-26OCT072030-30,ETH,crypto,PAPER,1,NO,2026-10-08T00:15:33.349257+00:00,866.7,50,,,0,yes,settled,0,18,-518,-3561,0,1,49.5,-5.0,,7.0,10,,,,2570.52,2570.17,-0.0136,-0.021,0.0066,0.0,1,1,loss,,,,
KXSOL15M-26OCT072030-30,SOL,crypto,PAPER,1,NO,2026-10-08T00:15:43.575473+00:00,856.4,50,,,0,yes,settled,0,18,-518,-4079,0,3,48.5,0.0,,9.0,10,,,,,,,,,0.0444,2,2,win,,,,
KXXRP15M-26OCT072030-30,XRP,crypto,PAPER,1,NO,2026-10-08T00:15:22.899720+00:00,877.1,48,,,0,yes,settled,0,18,-498,-4577,0,1,47.5,,,6.0,10,,,,1.4206,1.421,0.0281,-0.007,0.007,0.0074,0,0,loss,,,,
KXPLATINUM15M-26OCT072030-30,PLATINUM,commodity,PAPER,1,YES,2026-10-08T00:15:29.895031+00:00,870.1,49,,,0,no,settled,0,18,-508,-7908,0,5,46.5,,,21.0,22,54.0,887.1,4.0,,,,,,0.0,2,2,win,0.1,20.0,120.1,1331.75
KXGOLD15M-26OCT072030-30,GOLD,commodity,PAPER,1,YES,2026-10-08T00:15:28.270515+00:00,871.7,49,,,0,no,settled,0,18,-508,-8416,0,1,48.5,,,5.0,10,,,,,,,,,0.0,1,1,win,,,,
KXSILVER15M-26OCT072030-30,SILVER,commodity,PAPER,1,YES,2026-10-08T00:15:17.840467+00:00,882.2,49,,,0,no,settled,0,18,-508,-8924,0,2,48.0,,,3.5,10,,,,,,,,,0.0074,0,0,win,,,,
KXSOL15M-26OCT072045-45,SOL,crypto,PAPER,1,YES,2026-10-08T00:30:12.946733+00:00,887.1,49,2026-10-08T00:31:30.895509+00:00,809.1,72,,sold,45,33,197,-4380,0,1,48.5,,,6.5,10,,,,116.27,116.2773,-0.0063,0.0086,-0.043,-0.0292,1,0,loss,,,,
KXSILVER15M-26OCT072045-45,SILVER,commodity,PAPER,1,YES,2026-10-08T00:30:23.895648+00:00,876.1,48,2026-10-08T00:35:02.906768+00:00,597.1,76,,sold,37,31,249,-8675,0,3,46.5,,,6.0,15,45.5,881.1,4.5,,,,,,-0.0228,4,1,win,6.0,6.0,1881.0,795.0
KXGOLD15M-26OCT072045-45,GOLD,commodity,PAPER,1,YES,2026-10-08T00:30:52.895945+00:00,847.1,48,2026-10-08T00:35:07.894318+00:00,592.1,74,,sold,34,32,228,-8447,0,1,47.5,3.0,,11.5,35,38.5,871.1,11.5,,,,,,0.0409,3,3,loss,272.0,0.0,5102.08,0.0
KXWTI15M-26OCT072045-45,WTI,commodity,PAPER,1,YES,2026-10-08T00:30:23.025476+00:00,877.0,49,2026-10-08T00:35:41.894583+00:00,558.1,72,,sold,33,33,197,-8250,0,2,48.0,,,2.0,8,,,,,,,,,-0.0228,3,0,win,,,,
KXETH15M-26OCT072045-45,ETH,crypto,PAPER,1,NO,2026-10-08T00:30:35.900939+00:00,864.1,50,2026-10-08T00:36:01.894675+00:00,538.1,72,,sold,33,33,187,-4193,0,1,49.5,-7.0,,12.0,14,55.5,866.1,5.5,2571.19,2570.97,-0.0086,-0.023,-0.0109,-0.014,3,3,loss,0.0,780.07,33.02,2536.07
KXBTC15M-26OCT072045-45,BTC,crypto,PAPER,1,NO,2026-10-08T00:30:38.897284+00:00,861.1,48,2026-10-08T00:36:05.892117+00:00,534.1,72,,sold,30,33,207,-3986,0,1,47.5,-7.0,,13.0,17,58.5,866.1,8.5,83231.6,83227.31,-0.0052,-0.0196,-0.0154,0.0154,4,4,loss,0.0,0.0,0.0,9012.52
KXXRP15M-26OCT072045-45,XRP,crypto,PAPER,1,YES,2026-10-08T00:30:35.896240+00:00,864.1,50,,,0,no,settled,0,18,-518,-4504,0,1,49.5,10.5,,15.0,24,44.5,876.1,5.5,1.421,1.4214,-0.0281,0.0352,0.0141,-0.014,2,2,loss,1325.7,25.0,1453.7,73.01
KXDOGE15M-26OCT072045-45,DOGE,crypto,PAPER,1,YES,2026-10-08T00:30:34.896774+00:00,865.1,49,,,0,no,settled,0,18,-508,-5012,0,1,48.5,8.0,,8.0,13,45.5,866.1,4.5,,,,,,-0.014,1,1,loss,31.25,61.0,1576.63,210.0
KXCOPPER15M-26OCT072045-45,COPPER,commodity,PAPER,1,YES,2026-10-08T00:30:42.905629+00:00,857.1,49,,,0,no,settled,0,18,-508,-8758,0,2,48.0,3.5,,7.5,18,40.5,866.1,9.5,,,,,,0.0278,2,2,win,172.0,5.0,472.1,307.0
KXPLATINUM15M-26OCT072045-45,PLATINUM,commodity,PAPER,1,YES,2026-10-08T00:31:07.901475+00:00,832.1,48,,,0,no,settled,0,18,-498,-9256,1,5,45.5,2.0,-5.0,9.0,33,43.0,861.1,7.0,,,,,,0.0147,4,4,loss,20.0,17.0,1570.0,1499.0
KXSILVER15M-26OCT072100-00,SILVER,commodity,PAPER,1,YES,2026-10-08T00:45:18.410211+00:00,881.6,50,2026-10-08T00:46:36.894215+00:00,803.1,72,,sold,46,33,187,-9069,0,2,49.0,,,5.5,15,,,,,,,,,0.0005,2,0,win,,,,
KXGOLD15M-26OCT072100-00,GOLD,commodity,PAPER,1,YES,2026-10-08T00:45:28.898764+00:00,871.1,50,2026-10-08T00:46:36.897725+00:00,803.1,72,,sold,49,33,187,-8882,0,1,49.5,,,7.0,16,49.5,871.1,0.5,,,,,,0.0126,3,2,win,3074.0,1389.0,8040.0,6727.0
KXETH15M-26OCT072100-00,ETH,crypto,PAPER,1,YES,2026-10-08T00:46:11.899687+00:00,828.1,49,2026-10-08T00:46:40.892523+00:00,799.1,72,,sold,48,33,197,-4815,1,1,48.5,9.0,-2.0,19.0,61,41.5,881.1,8.5,2570.96,2571.0,-0.0016,0.0187,-0.0086,-0.0339,3,3,win,712.03,0.0,1954.03,0.0
KXXRP15M-26OCT072100-00,XRP,crypto,PAPER,1,YES,2026-10-08T00:45:40.902799+00:00,859.1,49,2026-10-08T00:46:57.893989+00:00,782.1,72,,sold,28,33,197,-4618,0,1,48.5,-8.0,,13.0,17,46.5,860.1,3.5,1.4204,1.4207,-0.0211,-0.0211,0.007,-0.0325,2,2,loss,54.0,74.0,1478.42,1475.0
KXSOL15M-26OCT072100-00,SOL,crypto,PAPER,1,YES,2026-10-08T00:46:31.897657+00:00,808.1,48,2026-10-08T00:47:44.892194+00:00,735.1,72,,sold,47,33,207,-4411,1,1,47.5,15.0,2.5,15.0,46,42.5,855.1,7.5,116.18,116.18,0.0,0.0517,0.0172,0.0252,4,4,win,20.0,387.0,424.0,1110.0
KXWTI15M-26OCT072100-00,WTI,commodity,PAPER,1,NO,2026-10-08T00:45:18.414006+00:00,881.6,49,2026-10-08T00:49:36.893006+00:00,623.1,74,,sold,42,32,218,-8664,0,2,48.0,,,6.5,13,,,,,,,,,0.0005,3,1,win,,,,
KXBTC15M-26OCT072100-00,BTC,crypto,PAPER,1,NO,2026-10-08T00:45:33.889401+00:00,866.1,49,,,0,yes,settled,0,18,-508,-4919,0,1,48.5,,,9.0,15,,,,83223.72,83235.53,0.0142,0.0199,0.0199,-0.0199,0,0,win,,,,
KXDOGE15M-26OCT072100-00,DOGE,crypto,PAPER,1,NO,2026-10-08T00:45:33.893411+00:00,866.1,49,,,0,yes,settled,0,18,-508,-5427,0,1,48.5,,,13.0,15,,,,,,,,,-0.0199,1,1,loss,,,,
KXBTC15M-26OCT072115-15,BTC,crypto,PAPER,1,YES,2026-10-08T01:00:20.898636+00:00,879.1,48,2026-10-08T01:01:48.897899+00:00,791.1,73,,sold,47,32,218,-5209,0,1,47.5,,,11.0,18,43.5,881.1,6.5,83328.92,83334.64,-0.0069,0.0062,-0.0126,-0.0126,0,0,loss,2096.08,0.0,8522.3,12367.72
KXXRP15M-26OCT072115-15,XRP,crypto,PAPER,1,NO,2026-10-08T01:00:42.899116+00:00,857.1,48,,,0,yes,settled,0,18,-498,-5707,0,1,47.5,-12.0,,21.0,19,53.5,860.1,3.5,1.4233,1.4238,0.0351,-0.0211,-0.007,0.0706,2,2,win,154.5,22.0,1476.5,517.0
KXDOGE15M-26OCT072115-15,DOGE,crypto,PAPER,1,NO,2026-10-08T01:00:21.897895+00:00,878.1,48,,,0,yes,settled,0,18,-498,-6205,0,1,47.5,,,12.0,19,57.5,881.1,7.5,0.0893,0.0894,0.0134,-0.0336,-0.0112,0.0146,1,1,loss,79.0,673.25,150.25,986.5
KXWTI15M-26OCT072115-15,WTI,commodity,PAPER,1,NO,2026-10-08T01:04:26.901844+00:00,633.1,49,,,0,yes,settled,0,18,-508,-9172,4,1,48.5,13.0,17.0,18.0,61,82.5,860.1,32.5,,,,,,0.0348,0,0,win,0.0,0.0,0.0,0.0
KXSILVER15M-26OCT072130-30,SILVER,commodity,PAPER,1,YES,2026-10-08T01:15:28.896115+00:00,871.1,48,2026-10-08T01:16:57.893779+00:00,782.1,72,,sold,46,33,207,-8965,0,1,47.5,,,12.0,26,42.5,886.1,7.5,,,,,,-0.0062,1,1,win,437.0,0.0,3574.03,756.25
KXETH15M-26OCT072130-30,ETH,crypto,PAPER,1,YES,2026-10-08T01:15:19.347168+00:00,880.7,50,2026-10-08T01:17:29.893586+00:00,750.1,72,,sold,32,33,187,-6018,0,2,49.0,,,4.0,11,,,,2579.96,2580.0,-0.0016,0.0039,-0.0085,-0.0254,1,1,win,,,,
KXXRP15M-26OCT072130-30,XRP,crypto,PAPER,1,YES,2026-10-08T01:15:40.901282+00:00,859.1,48,2026-10-08T01:17:30.891827+00:00,749.1,72,,sold,38,33,207,-5811,0,2,47.0,-3.5,,11.0,13,42.5,860.1,7.5,1.4261,1.4268,-0.0491,-0.028,0.0,0.0054,2,2,loss,20.0,66.0,559.5,1011.01
KXSOL15M-26OCT072130-30,SOL,crypto,PAPER,1,YES,2026-10-08T01:15:13.929298+00:00,886.1,50,2026-10-08T01:17:32.893479+00:00,747.1,72,,sold,46,33,187,-5624,0,1,49.5,,,3.0,10,,,,116.59,116.5838,0.0053,0.0086,0.0172,-0.0167,1,0,win,,,,
KXPLATINUM15M-26OCT072130-30,PLATINUM,commodity,PAPER,1,YES,2026-10-08T01:15:40.895538+00:00,859.1,51,2026-10-08T01:17:32.895714+00:00,747.1,73,,sold,42,32,188,-8777,0,5,48.5,6.5,,15.0,32,42.0,880.1,8.0,,,,,,0.0054,2,2,loss,5.0,0.1,117.0,131.1
KXPALLADIUM15M-26OCT072130-30,PALLADIUM,commodity,PAPER,1,YES,2026-10-08T01:15:48.896822+00:00,851.1,52,2026-10-08T01:18:36.892363+00:00,683.1,74,,sold,43,32,188,-8589,0,5,49.5,4.5,,4.5,10,49.0,853.1,1.0,,,,,,-0.0144,4,4,win,1.0,1321.0,1371.75,1528.75
KXDOGE15M-26OCT072130-30,DOGE,crypto,PAPER,1,NO,2026-10-08T01:15:50.026784+00:00,850.0,49,2026-10-08T01:19:19.893799+00:00,640.1,72,,sold,18,33,197,-5427,0,1,48.5,0.0,,4.0,11,,,,,,,,,-0.0144,3,3,loss,,,,
KXBTC15M-26OCT072130-30,BTC,crypto,PAPER,1,NO,2026-10-08T01:15:50.904121+00:00,849.1,48,2026-10-08T01:19:35.901688+00:00,624.1,73,,sold,28,32,218,-5209,0,1,47.5,-6.0,,9.0,28,55.5,865.1,5.5,83334.34,83324.6,-0.0117,-0.027,-0.0084,0.0084,4,4,win,0.0,2725.82,0.0,8982.31
KXGOLD15M-26OCT072130-30,GOLD,commodity,PAPER,1,NO,2026-10-08T01:20:38.902247+00:00,561.1,48,2026-10-08T01:22:57.893738+00:00,422.1,72,,sold,47,33,207,-8382,5,1,47.5,17.0,11.0,18.0,60,59.5,849.1,9.5,,,,,,-0.0145,2,5,win,0.0,0.0,0.0,0.0
KXWTI15M-26OCT072130-30,WTI,commodity,PAPER,1,NO,2026-10-08T01:15:44.955801+00:00,855.1,50,2026-10-08T01:26:10.894490+00:00,229.1,72,,sold,18,33,187,-8195,0,2,49.0,0.0,,8.5,11,,,,,,,,,0.0089,3,3,loss,,,,
KXCOPPER15M-26OCT072130-30,COPPER,commodity,PAPER,1,NO,2026-10-08T01:15:13.933437+00:00,886.1,51,,,0,yes,settled,0,18,-528,-8723,0,4,49.0,,,3.5,10,,,,,,,,,-0.0167,1,0,loss,,,,
KXCOPPER15M-26OCT072145-45,COPPER,commodity,PAPER,1,YES,2026-10-08T01:30:40.909453+00:00,859.1,50,2026-10-08T01:32:32.893062+00:00,747.1,72,,sold,44,33,187,-8536,0,2,49.0,-3.0,,3.0,11,49.0,859.1,1.0,,,,,,-0.0525,4,4,loss,128.0,79.0,481.0,444.1
KXSOL15M-26OCT072145-45,SOL,crypto,PAPER,1,YES,2026-10-08T01:30:40.901138+00:00,859.1,50,2026-10-08T01:33:00.893167+00:00,719.1,72,,sold,32,33,187,-5022,0,1,49.5,-8.0,,12.0,11,49.5,859.1,0.5,116.34,116.3668,-0.023,-0.0515,-0.0601,-0.0525,2,2,win,377.0,20.0,1469.01,476.33
KXXRP15M-26OCT072145-45,XRP,crypto,PAPER,1,YES,2026-10-08T01:30:35.113905+00:00,864.9,49,2026-10-08T01:33:12.895752+00:00,707.1,72,,sold,24,33,197,-4825,0,1,48.5,1.0,,5.0,10,,,,1.4251,1.4256,-0.0351,-0.007,-0.007,-0.0272,1,1,win,,,,
KXDOGE15M-26OCT072145-45,DOGE,crypto,PAPER,1,YES,2026-10-08T01:30:54.901951+00:00,845.1,48,2026-10-08T01:33:12.905586+00:00,707.1,74,,sold,30,32,228,-4597,0,1,47.5,-7.0,,13.0,28,45.5,863.1,4.5,0.0892,0.0893,-0.0616,-0.0336,-0.0448,-0.0129,4,4,win,0.0,0.0,914.25,110.96
KXPLATINUM15M-26OCT072145-45,PLATINUM,commodity,PAPER,1,YES,2026-10-08T01:30:48.896744+00:00,851.1,51,2026-10-08T01:34:31.892155+00:00,628.1,72,,sold,37,33,177,-8359,0,4,49.0,-1.0,,3.0,12,48.0,854.1,2.0,,,,,,-0.0522,5,5,win,32.0,24.0,1618.25,1354.75
KXGOLD15M-26OCT072145-45,GOLD,commodity,PAPER,1,YES,2026-10-08T01:30:35.118551+00:00,864.9,48,2026-10-08T01:35:15.898769+00:00,584.1,72,,sold,37,33,207,-8152,0,1,47.5,2.0,,5.5,10,,,,,,,,,-0.0272,3,2,win,,,,
KXPALLADIUM15M-26OCT072145-45,PALLADIUM,commodity,PAPER,1,YES,2026-10-08T01:30:31.898567+00:00,868.1,50,2026-10-08T01:35:16.895512+00:00,583.1,72,,sold,28,33,187,-7965,0,5,47.5,,,8.0,26,41.5,885.1,8.5,,,,,,-0.0272,1,0,win,45.0,70.0,1386.75,144.0
KXSILVER15M-26OCT072145-45,SILVER,commodity,PAPER,1,YES,2026-10-08T01:30:31.903795+00:00,868.1,48,2026-10-08T01:37:03.896513+00:00,476.1,72,,sold,31,33,207,-7758,0,1,47.5,,,5.5,12,46.5,869.1,3.5,,,,,,-0.0272,2,1,win,354.0,272.1,3960.0,2881.1
KXBTC15M-26OCT072145-45,BTC,crypto,PAPER,1,NO,2026-10-08T01:30:35.106882+00:00,864.9,48,2026-10-08T01:40:21.894225+00:00,278.1,72,,sold,9,33,207,-4390,0,1,47.5,-3.0,,4.0,10,,,,83224.34,83236.9,0.0151,0.0058,0.0272,-0.0272,0,0,win,,,,
KXWTI15M-26OCT072145-45,WTI,commodity,PAPER,1,YES,2026-10-08T01:30:35.122677+00:00,864.9,48,2026-10-08T01:41:04.893268+00:00,235.1,73,,sold,21,32,218,-7540,0,1,47.5,-2.5,,4.0,10,,,,,,,,,-0.0272,4,3,win,,,,
KXETH15M-26OCT072145-45,ETH,crypto,PAPER,1,NO,2026-10-08T01:30:45.457006+00:00,854.5,48,,,0,yes,settled,0,18,-498,-4888,0,1,47.5,0.0,,7.0,10,,,,2578.6,2579.45,0.033,0.043,0.0616,-0.0581,3,3,win,,,,
KXSOL15M-26OCT072200-00,SOL,crypto,PAPER,1,NO,2026-10-08T01:45:25.842082+00:00,874.2,50,2026-10-08T01:45:56.894032+00:00,843.1,72,,sold,48,33,187,-4701,0,1,49.5,,,1.0,10,,,,116.27,116.2707,0.0006,-0.0,-0.0,-0.009,1,1,win,,,,
KXDOGE15M-26OCT072200-00,DOGE,crypto,PAPER,1,NO,2026-10-08T01:45:31.309014+00:00,868.7,49,2026-10-08T01:46:04.893391+00:00,835.1,72,,sold,48,33,197,-4504,0,1,48.5,,,1.0,10,,,,,,,,,-0.0186,3,3,win,,,,
KXGOLD15M-26OCT072200-00,GOLD,commodity,PAPER,1,YES,2026-10-08T01:46:25.902801+00:00,814.1,49,2026-10-08T01:47:31.893026+00:00,748.1,72,,sold,46,33,197,-7343,1,1,48.5,18.0,3.0,18.0,55,41.0,868.1,9.0,,,,,,-0.0693,4,4,win,2151.09,0.0,7784.14,0.0
KXXRP15M-26OCT072200-00,XRP,crypto,PAPER,1,YES,2026-10-08T01:45:39.902342+00:00,860.1,50,2026-10-08T01:49:52.892213+00:00,607.1,72,,sold,28,33,187,-4317,0,1,49.5,-5.0,,11.0,30,57.5,879.1,7.5,1.4254,1.4257,-0.021,-0.0281,-0.014,-0.0151,4,4,win,0.0,119.0,45.0,574.0
KXSILVER15M-26OCT072200-00,SILVER,commodity,PAPER,1,NO,2026-10-08T01:45:31.312965+00:00,868.7,50,2026-10-08T01:55:12.893535+00:00,287.1,75,,sold,16,32,218,-7125,0,2,49.0,,,3.5,10,,,,,,,,,-0.0186,3,3,win,,,,
KXCOPPER15M-26OCT072200-00,COPPER,commodity,PAPER,1,NO,2026-10-08T01:45:24.896870+00:00,875.1,48,2026-10-08T01:55:20.895338+00:00,279.1,72,,sold,34,33,207,-6918,0,2,47.0,,,11.5,13,42.0,879.1,8.0,,,,,,-0.0025,2,2,win,258.38,0.0,533.48,178.0
KXPLATINUM15M-26OCT072200-00,PLATINUM,commodity,PAPER,1,NO,2026-10-08T01:45:21.907370+00:00,878.1,50,2026-10-08T01:56:56.897559+00:00,183.1,72,,sold,12,33,187,-6731,0,3,48.5,,,5.0,16,48.5,883.1,1.5,,,,,,0.0076,1,1,win,5.0,45.0,1330.0,1455.0
KXETH15M-26OCT072200-00,ETH,crypto,PAPER,1,YES,2026-10-08T01:45:31.304684+00:00,868.7,48,,,0,no,settled,0,18,-498,-4815,0,1,47.5,,,0.0,10,,,,2580.51,2581.23,-0.0279,-0.0287,-0.0236,-0.0186,2,2,loss,,,,
KXBTC15M-26OCT072200-00,BTC,crypto,PAPER,1,YES,2026-10-08T01:45:20.766211+00:00,879.2,49,,,0,no,settled,0,18,-508,-5323,0,1,48.5,,,1.0,10,,,,83209.0,83217.57,-0.0103,-0.0174,0.0033,0.0033,0,0,win,,,,
KXPALLADIUM15M-26OCT072200-00,PALLADIUM,commodity,PAPER,1,NO,2026-10-08T01:45:20.901313+00:00,879.1,50,,,0,yes,settled,11,18,-518,-7249,0,5,47.5,,,3.5,8,47.5,879.1,2.5,,,,,,0.0033,0,0,win,42.0,5.0,1392.0,42.75
KXDOGE15M-26OCT072215-15,DOGE,crypto,PAPER,1,YES,2026-10-08T02:00:18.099241+00:00,881.9,50,2026-10-08T02:01:19.892133+00:00,820.1,73,,sold,36,32,198,-5125,0,1,49.5,,,11.0,17,,,,,,,,,-0.0041,0,0,win,,,,
KXSILVER15M-26OCT072215-15,SILVER,commodity,PAPER,1,YES,2026-10-08T02:00:40.900928+00:00,859.1,48,2026-10-08T02:03:23.894098+00:00,696.1,72,,sold,39,33,207,-7042,0,1,47.5,1.5,,8.5,25,44.5,866.1,5.5,,,,,,-0.0091,4,4,win,90.0,0.0,385.0,3877.0
KXWTI15M-26OCT072215-15,WTI,commodity,PAPER,1,NO,2026-10-08T02:01:59.903099+00:00,780.1,50,2026-10-08T02:04:01.891969+00:00,658.1,72,,sold,41,33,187,-6855,1,3,48.5,10.0,10.0,15.0,60,42.5,861.1,7.5,,,,,,0.0592,5,5,win,268.0,2400.0,3042.0,3350.0
KXPLATINUM15M-26OCT072215-15,PLATINUM,commodity,PAPER,1,YES,2026-10-08T02:00:33.909671+00:00,866.1,48,2026-10-08T02:04:30.892757+00:00,629.1,72,,sold,28,33,207,-6648,0,3,46.5,-3.0,,12.0,13,46.5,866.1,3.5,,,,,,-0.0091,3,3,win,53.0,150.0,159.1,262.0
KXPALLADIUM15M-26OCT072215-15,PALLADIUM,commodity,PAPER,1,YES,2026-10-08T02:00:18.900508+00:00,881.1,51,2026-10-08T02:06:30.892460+00:00,509.1,76,,sold,24,31,219,-6429,0,3,49.5,,,1.5,8,49.5,881.1,0.5,,,,,,-0.0041,2,1,win,41.0,42.0,70.0,70.0
KXBTC15M-26OCT072215-15,BTC,crypto,PAPER,1,NO,2026-10-08T02:00:23.179170+00:00,876.8,50,2026-10-08T02:07:15.893402+00:00,464.1,72,,sold,25,33,187,-4938,0,1,49.5,,,7.0,17,,,,83034.56,83050.75,0.0195,0.0091,0.0091,-0.0091,1,1,loss,,,,
KXETH15M-26OCT072215-15,ETH,crypto,PAPER,1,NO,2026-10-08T02:00:41.900896+00:00,858.1,50,2026-10-08T02:10:15.893400+00:00,284.1,75,,sold,12,32,218,-4720,0,1,49.5,8.0,,11.0,26,45.5,866.1,4.5,2576.01,2575.97,-0.0016,0.0225,-0.0012,-0.0091,3,3,loss,167.0,145.5,1925.5,1186.23
KXXRP15M-26OCT072215-15,XRP,crypto,PAPER,1,NO,2026-10-08T02:00:38.676265+00:00,861.3,50,2026-10-08T02:10:15.895593+00:00,284.1,76,,sold,15,31,229,-4491,0,1,49.5,10.0,,10.0,17,,,,1.4221,1.4224,0.0211,0.0422,-0.0,-0.0091,2,2,win,,,,
KXCOPPER15M-26OCT072215-15,COPPER,commodity,PAPER,1,YES,2026-10-08T02:00:18.109405+00:00,881.9,50,2026-10-08T02:12:15.892638+00:00,164.1,73,,sold,33,32,198,-6231,0,2,49.0,,,5.0,14,,,,,,,,,-0.0041,1,0,win,,,,
KXGOLD15M-26OCT072215-15,GOLD,commodity,PAPER,1,NO,2026-10-08T02:00:33.901022+00:00,866.1,49,,,0,yes,settled,0,18,-508,-6739,0,1,48.5,-1.0,,6.5,18,48.5,866.1,1.5,,,,,,-0.0091,2,2,win,3843.89,2102.0,8984.62,7444.75
KXPLATINUM15M-26OCT072230-30,PLATINUM,commodity,PAPER,1,YES,2026-10-08T02:15:18.899117+00:00,881.1,50,2026-10-08T02:16:14.894889+00:00,825.1,74,,sold,45,32,208,-6531,0,5,47.5,,,1.5,8,48.5,890.1,1.5,,,,,,0.032,1,0,win,21.0,1.0,242.5,121.0
KXDOGE15M-26OCT072230-30,DOGE,crypto,PAPER,1,NO,2026-10-08T02:15:20.898021+00:00,879.1,48,2026-10-08T02:19:01.894680+00:00,658.1,72,,sold,13,33,207,-4284,0,1,47.5,,,0.0,1,47.5,879.1,2.5,,,,,,0.032,0,0,win,0.1,74.49,2.1,888.8
KXXRP15M-26OCT072230-30,XRP,crypto,PAPER,1,NO,2026-10-08T02:15:35.266047+00:00,864.7,48,2026-10-08T02:19:11.892877+00:00,648.1,72,,sold,15,33,207,-4077,0,1,47.5,,,,0,,,,1.4224,1.422,-0.0281,-0.0,-0.0563,0.0361,1,1,win,,,,
KXSOL15M-26OCT072230-30,SOL,crypto,PAPER,1,YES,2026-10-08T02:19:27.906988+00:00,632.1,48,2026-10-08T02:20:26.893078+00:00,573.1,74,,sold,42,32,228,-3849,4,2,47.0,-1.0,5.5,10.5,57,59.5,874.1,9.5,116.14,116.1355,0.0039,0.0086,0.0345,-0.0195,0,2,win,0.0,0.0,0.0,312.42
KXBTC15M-26OCT072230-30,BTC,crypto,PAPER,1,YES,2026-10-08T02:20:28.898224+00:00,571.1,48,2026-10-08T02:23:18.896412+00:00,401.1,72,,sold,30,33,207,-3642,5,1,47.5,13.0,15.0,21.0,61,59.5,864.1,9.5,83019.91,83037.75,-0.0215,0.0337,0.0447,0.0447,0,3,win,0.0,0.0,0.0,0.0
KXGOLD15M-26OCT072230-30,GOLD,commodity,PAPER,1,NO,2026-10-08T02:15:35.270817+00:00,864.7,49,2026-10-08T02:23:51.892016+00:00,368.1,74,,sold,30,32,218,-6313,0,1,48.5,,,,0,,,,,,,,,0.0361,2,2,loss,,,,
KXWTI15M-26OCT072230-30,WTI,commodity,PAPER,1,YES,2026-10-08T02:15:30.178880+00:00,869.8,48,2026-10-08T02:25:43.894495+00:00,256.1,72,,sold,33,33,207,-6106,0,1,47.5,,,,0,,,,,,,,,0.0396,1,1,win,,,,
KXETH15M-26OCT072230-30,ETH,crypto,PAPER,1,YES,2026-10-08T02:23:01.901832+00:00,418.1,48,2026-10-08T02:25:46.894599+00:00,253.1,72,,sold,44,33,207,-3435,8,1,47.5,13.0,27.0,29.0,60,58.5,869.1,8.5,2575.48,2575.9,-0.0163,0.0272,0.0808,0.0649,1,4,win,0.0,0.0,0.0,0.0
KXCOPPER15M-26OCT072230-30,COPPER,commodity,PAPER,1,NO,2026-10-08T02:15:40.535477+00:00,859.5,51,2026-10-08T02:28:56.893583+00:00,63.1,80,,sold,24,30,260,-5846,0,3,49.5,,,,0,,,,,,,,,0.0366,4,4,win,,,,
KXPALLADIUM15M-26OCT072230-30,PALLADIUM,commodity,PAPER,1,NO,2026-10-08T02:16:02.896720+00:00,837.1,48,2026-10-08T02:29:23.892395+00:00,36.1,73,,sold,19,32,218,-5628,1,5,45.5,,,3.0,15,45.5,859.1,4.5,,,,,,0.0122,5,5,win,0.0,37.0,45.35,137.0
KXSILVER15M-26OCT072230-30,SILVER,commodity,PAPER,1,NO,2026-10-08T02:15:35.275219+00:00,864.7,50,2026-10-08T02:29:30.897100+00:00,29.1,73,,sold,8,32,198,-5430,0,3,48.5,,,,0,,,,,,,,,0.0361,3,3,win,,,,
KXCOPPER15M-26OCT072245-45,COPPER,commodity,PAPER,1,NO,2026-10-08T02:30:16.662740+00:00,883.3,51,2026-10-08T02:30:31.893036+00:00,868.1,73,,sold,51,32,188,-5242,0,3,49.5,,,13.0,11,,,,,,,,,0.0393,0,0,win,,,,
KXPLATINUM15M-26OCT072245-45,PLATINUM,commodity,PAPER,1,YES,2026-10-08T02:30:22.897396+00:00,877.1,49,2026-10-08T02:32:14.893421+00:00,765.1,72,,sold,39,33,197,-5045,0,5,46.5,,,19.5,12,46.5,877.1,3.5,,,,,,0.026,1,1,win,60.0,26.0,1377.0,1351.0
KXPALLADIUM15M-26OCT072245-45,PALLADIUM,commodity,PAPER,1,YES,2026-10-08T02:30:28.897622+00:00,871.1,48,2026-10-08T02:33:03.893120+00:00,716.1,77,,sold,36,31,259,-4786,0,4,46.0,,,15.0,23,40.0,888.1,10.0,,,,,,0.0279,2,2,win,1.0,1.0,93.35,1313.75
KXGOLD15M-26OCT072245-45,GOLD,commodity,PAPER,1,YES,2026-10-08T02:31:03.898538+00:00,836.1,48,2026-10-08T02:33:16.893695+00:00,703.1,72,,sold,38,33,207,-4579,1,1,47.5,8.0,5.0,11.0,50,45.5,877.1,4.5,,,,,,0.007,3,4,win,3904.78,0.0,8534.78,0.0
KXETH15M-26OCT072245-45,ETH,crypto,PAPER,1,YES,2026-10-08T02:30:32.903368+00:00,867.1,50,2026-10-08T02:33:30.899200+00:00,689.1,72,,sold,46,33,187,-3248,0,1,49.5,-3.0,,9.0,12,49.5,867.1,0.5,2576.82,2576.69,0.005,-0.0062,-0.0054,0.0237,0,0,win,197.0,572.0,248.41,2095.5
KXXRP15M-26OCT072245-45,XRP,crypto,PAPER,1,YES,2026-10-08T02:30:37.897713+00:00,862.1,49,2026-10-08T02:35:01.895112+00:00,598.1,72,,sold,37,33,197,-3051,0,2,48.0,-8.5,,9.5,12,48.0,862.1,2.0,,,,,,0.0099,1,1,win,27.0,157.5,1431.52,1507.0
KXWTI15M-26OCT072245-45,WTI,commodity,PAPER,1,YES,2026-10-08T02:30:30.897523+00:00,869.1,49,2026-10-08T02:37:09.892901+00:00,470.1,73,,sold,29,32,208,-4371,0,1,48.5,,,11.0,20,42.5,877.1,7.5,,,,,,0.0291,3,3,win,2150.0,0.0,3393.0,738.0
KXDOGE15M-26OCT072245-45,DOGE,crypto,PAPER,1,YES,2026-10-08T02:30:45.902818+00:00,854.1,50,2026-10-08T02:38:12.894556+00:00,407.1,72,,sold,33,33,187,-2864,0,2,49.0,-9.5,,17.0,25,44.5,867.1,5.5,,,,,,0.0077,2,2,win,39.25,0.0,1636.5,71.25
KXSILVER15M-26OCT072245-45,SILVER,commodity,PAPER,1,NO,2026-10-08T02:38:10.899828+00:00,409.1,48,2026-10-08T02:39:09.896487+00:00,350.1,73,,sold,40,32,218,-4153,8,1,47.5,14.5,12.0,22.0,61,70.5,872.1,20.5,,,,,,0.005,0,5,win,0.0,0.0,0.0,0.0
KXBTC15M-26OCT072245-45,BTC,crypto,PAPER,1,NO,2026-10-08T02:31:16.900285+00:00,823.1,49,,,0,yes,settled,0,18,-508,-3372,1,1,48.5,8.0,6.0,10.0,55,40.5,877.1,9.5,83109.85,83099.61,-0.0123,0.0181,0.0113,-0.0113,4,4,win,9193.11,0.0,20740.09,0.0
KXSOL15M-26OCT072245-45,SOL,crypto,PAPER,1,NO,2026-10-08T02:30:59.906075+00:00,840.1,49,,,0,yes,settled,0,18,-508,-3880,0,2,48.0,7.5,,12.0,28,46.5,857.1,3.5,116.41,116.3838,-0.0225,0.0258,0.0086,-0.0,3,3,win,10.0,0.0,731.0,65.0
KXDOGE15M-26OCT072300-00,DOGE,crypto,PAPER,1,YES,2026-10-08T02:46:00.908404+00:00,839.1,50,2026-10-08T02:46:38.891774+00:00,801.1,72,,sold,48,33,187,-3693,1,1,49.5,4.0,,10.0,16,39.5,849.1,10.5,0.0892,0.0892,-0.0314,-0.0224,0.0112,0.0254,3,3,win,301.0,10.0,1037.0,23.0
KXWTI15M-26OCT072300-00,WTI,commodity,PAPER,1,YES,2026-10-08T02:45:29.897448+00:00,870.1,49,2026-10-08T02:47:03.892630+00:00,776.1,73,,sold,45,32,208,-3945,0,1,48.5,,,7.0,5,48.5,870.1,1.5,,,,,,0.0187,3,3,win,14.0,958.0,3078.0,3778.17
KXBTC15M-26OCT072300-00,BTC,crypto,PAPER,1,NO,2026-10-08T02:45:38.898380+00:00,861.1,48,2026-10-08T02:50:20.900202+00:00,579.1,74,,sold,32,32,228,-3465,0,1,47.5,7.0,,7.0,10,46.5,865.1,3.5,83208.03,83199.33,-0.0105,0.0189,-0.0138,0.0138,1,1,loss,8051.12,0.0,19674.75,15265.83
KXETH15M-26OCT072300-00,ETH,crypto,PAPER,1,NO,2026-10-08T02:45:22.897210+00:00,877.1,48,2026-10-08T02:51:07.898138+00:00,532.1,75,,sold,29,32,238,-3227,0,1,47.5,,,7.0,9,43.5,880.1,6.5,2582.4,2582.08,-0.0124,-0.0093,0.0356,-0.0088,0,0,win,136.5,0.0,1332.0,767.59
KXXRP15M-26OCT072300-00,XRP,crypto,PAPER,1,NO,2026-10-08T02:45:39.783747+00:00,860.2,48,2026-10-08T02:51:08.894375+00:00,531.1,72,,sold,30,33,207,-3020,0,1,47.5,0.0,,6.0,5,,,,1.4258,1.4261,0.021,0.0351,0.007,0.0138,2,2,win,,,,
KXPALLADIUM15M-26OCT072300-00,PALLADIUM,commodity,PAPER,1,NO,2026-10-08T02:45:34.586918+00:00,865.4,50,2026-10-08T02:52:43.893082+00:00,436.1,74,,sold,43,32,208,-3737,0,4,48.0,,,,0,,,,,,,,,-0.0106,4,4,win,,,,
KXSOL15M-26OCT072300-00,SOL,crypto,PAPER,1,YES,2026-10-08T02:51:06.901025+00:00,533.1,50,,,0,no,settled,0,18,-518,-3538,6,1,49.5,-20.0,-23.0,23.0,57,64.5,870.1,14.5,116.5,116.5213,-0.0183,-0.0772,-0.12,-0.0597,2,4,loss,0.0,20.0,0.0,38.0
KXGOLD15M-26OCT072300-00,GOLD,commodity,PAPER,1,YES,2026-10-08T02:45:08.782663+00:00,891.2,50,,,0,no,settled,0,18,-518,-4255,0,1,49.5,,,3.5,5,,,,,,,,,0.0259,0,0,win,,,,
KXPLATINUM15M-26OCT072300-00,PLATINUM,commodity,PAPER,1,YES,2026-10-08T02:45:19.901251+00:00,880.1,49,,,0,no,settled,0,18,-508,-4763,0,4,47.0,,,4.0,11,48.5,886.1,1.5,,,,,,0.0273,1,1,win,32.0,24.0,1438.0,1178.18
KXCOPPER15M-26OCT072300-00,COPPER,commodity,PAPER,1,YES,2026-10-08T02:45:24.897352+00:00,875.1,50,,,0,no,settled,0,18,-518,-5281,0,2,49.0,,,7.0,6,49.0,875.1,1.0,,,,,,0.0185,2,2,win,146.1,90.07,435.2,302.82
KXGOLD15M-26OCT072315-15,GOLD,commodity,PAPER,1,YES,2026-10-08T03:00:40.756950+00:00,859.3,50,2026-10-08T03:03:25.894231+00:00,694.1,72,,sold,50,33,187,-5094,0,1,49.5,-3.0,,5.0,10,,,,,,,,,0.0377,3,3,loss,,,,
KXDOGE15M-26OCT072315-15,DOGE,crypto,PAPER,1,NO,2026-10-08T03:00:30.421081+00:00,869.6,49,2026-10-08T03:04:34.893912+00:00,625.1,72,,sold,20,33,197,-3341,0,2,48.0,,,6.0,10,,,,0.089,0.089,-0.0303,-0.0449,-0.0449,-0.0023,2,2,win,,,,
KXXRP15M-26OCT072315-15,XRP,crypto,PAPER,1,NO,2026-10-08T03:04:00.903552+00:00,659.1,50,2026-10-08T03:05:10.894543+00:00,589.1,72,,sold,49,33,187,-3154,4,1,49.5,3.0,5.0,20.0,60,37.5,874.1,12.5,1.4252,1.4251,-0.007,-0.0,0.007,-0.0646,4,4,win,430.0,0.0,551.0,0.0
KXPALLADIUM15M-26OCT080930-30,PALLADIUM,commodity,PAPER,1,NO,2026-10-08T13:22:16.837555+00:00,463.2,51,2026-10-08T13:25:23.838963+00:00,276.2,73,,sold,31,32,188,188,7,3,49.5,18.0,,22.5,25,31.5,497.2,18.5,,,,,,,2,2,none yet,5.0,0.0,32.0,71.62
KXSOL15M-26OCT080930-30,SOL,crypto,PAPER,1,NO,2026-10-08T13:23:33.836489+00:00,386.2,48,2026-10-08T13:26:39.837544+00:00,200.2,73,,sold,38,32,218,218,8,1,47.5,15.0,23.0,26.5,61,30.5,497.2,19.5,112.53,112.5205,-0.0084,0.0622,0.1243,-0.0714,0,0,none yet,172.82,0.0,934.82,0.0
KXGOLD15M-26OCT080930-30,GOLD,commodity,PAPER,1,YES,2026-10-08T13:21:42.838023+00:00,497.2,48,,,0,no,settled,0,18,-498,-310,6,1,47.5,,,0.0,1,47.5,497.2,2.5,,,,,,,1,1,none yet,1520.82,4111.93,4693.82,8925.59
KXPLATINUM15M-26OCT080930-30,PLATINUM,commodity,PAPER,1,YES,2026-10-08T13:21:42.834800+00:00,497.2,49,,,0,no,settled,0,18,-508,-818,6,1,48.5,,,0.0,1,48.5,497.2,1.5,,,,,,,0,0,none yet,6.0,11.52,49.0,69.06
KXETH15M-26OCT080945-45,ETH,crypto,PAPER,1,YES,2026-10-08T13:30:16.720106+00:00,883.3,49,2026-10-08T13:31:12.836015+00:00,827.2,72,,sold,42,33,197,415,0,1,48.5,,,5.0,16,,,,2533.34,2533.25,0.0036,-0.0091,0.0004,-0.0444,0,0,none yet,,,,
KXDOGE15M-26OCT080945-45,DOGE,crypto,PAPER,1,YES,2026-10-08T13:30:22.056425+00:00,877.9,49,2026-10-08T13:31:12.837771+00:00,827.2,73,,sold,42,32,208,623,0,1,48.5,,,5.5,16,,,,0.0869,0.0869,0.0437,0.023,0.0,-0.0604,3,3,none yet,,,,
KXSOL15M-26OCT080945-45,SOL,crypto,PAPER,1,YES,2026-10-08T13:30:22.055013+00:00,877.9,50,2026-10-08T13:31:14.836523+00:00,825.2,72,,sold,39,33,187,810,0,2,49.0,,,5.5,16,,,,112.33,112.3168,0.0118,0.0267,0.0089,-0.0604,1,1,win,,,,
KXCOPPER15M-26OCT080945-45,COPPER,commodity,PAPER,1,YES,2026-10-08T13:30:47.789846+00:00,852.2,50,2026-10-08T13:33:25.835556+00:00,694.2,72,,sold,28,33,187,-631,0,3,48.5,0.0,,5.0,16,,,,,,,,,-0.0198,2,2,none yet,,,,
KXXRP15M-26OCT080945-45,XRP,crypto,PAPER,1,NO,2026-10-08T13:30:22.055922+00:00,877.9,48,2026-10-08T13:37:21.836977+00:00,458.2,73,,sold,25,32,218,1028,0,1,47.5,,,6.0,16,,,,1.399,1.3991,0.0071,-0.0501,-0.0143,-0.0604,2,2,none yet,,,,
KXGOLD15M-26OCT080945-45,GOLD,commodity,PAPER,1,NO,2026-10-08T13:30:37.542834+00:00,862.5,50,2026-10-08T13:41:59.836100+00:00,180.2,72,,sold,13,33,187,-444,0,2,49.0,2.5,,7.5,16,,,,,,,,,-0.0693,1,1,loss,,,,
KXBTC15M-26OCT080945-45,BTC,crypto,PAPER,1,YES,2026-10-08T13:30:50.837739+00:00,849.2,49,,,0,no,settled,0,18,-508,520,0,1,48.5,8.0,,11.0,30,38.5,862.2,11.5,82326.23,82343.04,-0.0204,0.0209,0.0234,0.0234,4,4,none yet,0.0,10604.59,4247.96,21791.85
KXSILVER15M-26OCT080945-45,SILVER,commodity,PAPER,1,NO,2026-10-08T13:30:27.134539+00:00,872.9,50,,,0,yes,settled,0,18,-518,-962,0,1,49.5,,,9.0,16,,,,,,,,,-0.0305,2,0,none yet,,,,
KXGOLD15M-26OCT081000-00,GOLD,commodity,PAPER,1,YES,2026-10-08T13:45:22.518425+00:00,877.5,50,2026-10-08T13:47:56.835248+00:00,723.2,74,,sold,38,32,208,-754,0,2,49.0,,,2.5,5,,,,,,,,,-0.1728,1,0,win,,,,
KXCOPPER15M-26OCT081000-00,COPPER,commodity,PAPER,1,YES,2026-10-08T13:46:32.835888+00:00,807.2,50,2026-10-08T13:48:59.838248+00:00,660.2,72,,sold,45,33,187,-567,1,3,48.5,9.0,-2.0,13.0,55,40.5,861.2,9.5,,,,,,0.0749,5,5,win,534.0,0.0,784.0,203.0
KXPALLADIUM15M-26OCT081000-00,PALLADIUM,commodity,PAPER,1,YES,2026-10-08T13:45:26.835597+00:00,873.2,51,2026-10-08T13:49:35.835384+00:00,624.2,73,,sold,34,32,188,-379,0,3,49.5,,,6.5,17,49.0,887.2,1.0,,,,,,-0.1722,1,1,win,51.0,0.0,2201.0,0.56
KXSOL15M-26OCT081000-00,SOL,crypto,PAPER,1,YES,2026-10-08T13:45:17.837321+00:00,882.2,48,2026-10-08T13:49:46.837409+00:00,613.2,72,,sold,26,33,207,727,0,1,47.5,,,7.0,6,47.5,882.2,2.5,111.61,111.6333,-0.0209,-0.0269,0.009,-0.0829,0,0,win,264.0,10.0,1538.01,973.2
KXDOGE15M-26OCT081000-00,DOGE,crypto,PAPER,1,YES,2026-10-08T13:45:38.039251+00:00,862.0,48,2026-10-08T13:50:00.837205+00:00,599.2,77,,sold,24,31,259,986,0,1,47.5,0.0,,2.0,5,,,,0.0864,0.0866,-0.1455,-0.1617,-0.1502,-0.1939,1,1,win,,,,
KXETH15M-26OCT081000-00,ETH,crypto,PAPER,1,YES,2026-10-08T13:49:23.837719+00:00,636.2,49,2026-10-08T13:50:03.836067+00:00,596.2,72,,sold,48,33,197,1183,4,1,48.5,15.0,14.0,23.0,61,39.5,882.2,10.5,2513.76,2514.4,-0.0255,0.1546,0.1159,0.0655,3,3,win,32.0,0.0,1322.0,0.0
KXBTC15M-26OCT081000-00,BTC,crypto,PAPER,1,YES,2026-10-08T13:49:24.843702+00:00,635.2,48,2026-10-08T13:50:56.836523+00:00,543.2,73,,sold,47,32,218,1401,4,1,47.5,6.0,8.0,18.0,60,29.5,877.2,20.5,81975.78,81993.37,-0.0215,0.0747,0.0671,0.0671,4,4,loss,5610.5,0.0,10657.47,0.0
KXXRP15M-26OCT081000-00,XRP,crypto,PAPER,1,YES,2026-10-08T13:46:20.838070+00:00,819.2,48,2026-10-08T13:50:56.838547+00:00,543.2,73,,sold,22,32,218,1619,1,3,46.5,16.0,8.0,19.0,60,44.5,892.2,5.5,1.3936,1.3944,-0.0574,0.2446,0.1078,0.0902,2,2,win,45.0,0.0,181.0,0.0
KXPLATINUM15M-26OCT081000-00,PLATINUM,commodity,PAPER,1,NO,2026-10-08T13:45:26.837797+00:00,873.2,50,,,0,yes,settled,0,18,-518,-897,0,2,49.0,,,14.0,14,50.5,882.2,0.5,,,,,,-0.1722,2,2,loss,0.1,5.0,538.1,1840.0
KXWTI15M-26OCT081000-00,WTI,commodity,PAPER,1,YES,2026-10-08T13:46:01.839748+00:00,838.2,48,,,0,no,settled,0,18,-498,-1395,1,1,47.5,0.0,,17.5,34,31.5,866.2,18.5,,,,,,-0.1978,4,4,none yet,150.0,0.0,1720.0,3210.0
KXSILVER15M-26OCT081000-00,SILVER,commodity,PAPER,1,NO,2026-10-08T13:45:43.837001+00:00,856.2,49,,,0,yes,settled,0,18,-508,-1903,0,1,48.5,2.0,,4.0,6,48.5,856.2,1.5,,,,,,-0.2912,3,3,loss,150.0,2413.1,2553.0,5493.74
KXPALLADIUM15M-26OCT081015-15,PALLADIUM,commodity,PAPER,1,YES,2026-10-08T14:00:47.836679+00:00,852.2,49,2026-10-08T14:04:49.837253+00:00,610.2,73,,sold,34,32,208,-1695,0,1,48.5,-3.5,,6.0,17,48.5,852.2,1.5,,,,,,0.0794,1,1,win,0.2,233.82,2130.41,313.82
KXSOL15M-26OCT081015-15,SOL,crypto,PAPER,1,YES,2026-10-08T14:01:01.841162+00:00,838.2,50,2026-10-08T14:05:06.835267+00:00,593.2,73,,sold,38,32,198,1817,1,2,49.0,5.5,,15.5,28,58.5,849.2,8.5,112.2,112.2032,-0.0029,-0.0356,-0.0089,0.0263,2,2,win,0.0,239.0,162.03,988.0
KXXRP15M-26OCT081015-15,XRP,crypto,PAPER,1,YES,2026-10-08T14:01:02.838379+00:00,837.2,50,2026-10-08T14:05:10.838649+00:00,589.2,72,,sold,42,33,187,2004,1,2,49.0,3.5,,25.0,39,61.5,859.2,11.5,1.399,1.3992,-0.0143,-0.0572,0.0787,0.0416,4,4,win,521.04,141.0,1723.05,675.0
KXETH15M-26OCT081015-15,ETH,crypto,PAPER,1,YES,2026-10-08T14:00:36.837843+00:00,863.2,50,2026-10-08T14:05:47.836407+00:00,552.2,72,,sold,40,33,187,2191,0,1,49.5,11.0,,18.0,34,35.5,880.2,14.5,2520.08,2520.3,-0.0087,0.0405,-0.0294,0.0528,0,0,win,285.6,0.0,1625.6,0.0
KXWTI15M-26OCT081015-15,WTI,commodity,PAPER,1,YES,2026-10-08T14:07:22.844936+00:00,457.2,50,2026-10-08T14:08:01.839056+00:00,418.2,73,,sold,46,32,198,-1497,7,3,48.5,-20.5,-23.0,24.0,60,32.5,865.2,17.5,,,,,,-0.0074,2,3,loss,0.0,0.0,0.0,0.0
KXBTC15M-26OCT081015-15,BTC,crypto,PAPER,1,NO,2026-10-08T14:01:01.843690+00:00,838.2,50,,,0,yes,settled,0,18,-518,1673,1,1,49.5,-5.0,,19.0,44,46.5,865.2,3.5,82135.08,82127.78,-0.0089,-0.0047,-0.0263,0.0263,3,3,win,10570.4,0.0,17160.98,0.0
KXDOGE15M-26OCT081015-15,DOGE,crypto,PAPER,1,NO,2026-10-08T14:01:01.837772+00:00,838.2,48,,,0,yes,settled,0,18,-498,1175,1,2,47.0,-8.5,,23.5,38,38.5,859.2,11.5,0.0871,0.087,-0.1368,-0.0345,-0.1265,0.0263,1,1,win,183.0,87.0,334.0,421.0
KXCOPPER15M-26OCT081015-15,COPPER,commodity,PAPER,1,NO,2026-10-08T14:04:00.439444+00:00,659.6,49,,,0,yes,settled,0,18,-508,-2005,4,3,47.5,4.0,-3.0,18.0,53,55.5,880.2,5.5,,,,,,-0.0275,2,2,win,0.0,0.0,0.0,210.25
KXPLATINUM15M-26OCT081015-15,PLATINUM,commodity,PAPER,1,YES,2026-10-08T14:00:29.838450+00:00,870.2,48,,,0,no,settled,0,18,-498,-2503,0,5,45.5,,,5.0,21,47.0,875.2,3.0,,,,,,-0.022,0,0,loss,525.0,42.25,1837.0,1942.25
KXXRP15M-26OCT081030-30,XRP,crypto,PAPER,1,NO,2026-10-08T14:15:35.837536+00:00,864.2,48,2026-10-08T14:17:32.837086+00:00,747.2,72,,sold,43,33,207,1382,0,1,47.5,,,0.0,1,47.5,864.2,2.5,1.4029,1.4025,-0.0285,-0.0,-0.0,0.0434,3,3,win,41.0,64.0,182.0,709.0
KXBTC15M-26OCT081030-30,BTC,crypto,PAPER,1,YES,2026-10-08T14:15:04.679856+00:00,895.3,49,2026-10-08T14:20:41.836910+00:00,558.2,73,,sold,31,32,208,1590,0,1,48.5,,,,0,,,,82492.92,82477.28,0.019,0.0267,0.0493,0.0493,2,0,win,,,,
KXCOPPER15M-26OCT081030-30,COPPER,commodity,PAPER,1,YES,2026-10-08T14:15:16.837508+00:00,883.2,50,2026-10-08T14:20:53.836449+00:00,546.2,74,,sold,29,32,208,-2295,0,3,48.5,,,1.5,2,50.0,884.2,0.0,,,,,,0.042,3,1,win,645.0,103.0,856.25,833.0
KXDOGE15M-26OCT081030-30,DOGE,crypto,PAPER,1,YES,2026-10-08T14:15:35.475980+00:00,864.5,49,2026-10-08T14:21:02.836351+00:00,537.2,72,,sold,25,33,197,1787,0,1,48.5,,,,0,,,,,,,,,0.0434,2,2,loss,,,,
KXWTI15M-26OCT081030-30,WTI,commodity,PAPER,1,NO,2026-10-08T14:15:09.793792+00:00,890.2,49,2026-10-08T14:22:37.836615+00:00,442.2,72,,sold,31,33,197,-2098,0,4,47.0,,,,0,,,,,,,,,0.0443,2,0,win,,,,
KXSOL15M-26OCT081030-30,SOL,crypto,PAPER,1,NO,2026-10-08T14:15:51.838408+00:00,848.2,48,2026-10-08T14:24:14.835198+00:00,345.2,73,,sold,17,32,218,2005,0,1,47.5,1.0,,10.0,32,46.0,879.2,4.0,112.52,112.5003,-0.0175,0.0267,0.0355,-0.0152,4,4,win,60.0,0.0,460.6,0.0
KXETH15M-26OCT081030-30,ETH,crypto,PAPER,1,YES,2026-10-08T14:15:14.859341+00:00,885.1,50,2026-10-08T14:28:52.835866+00:00,67.2,74,,sold,6,32,208,2213,0,1,49.5,,,,0,,,,2530.51,2530.5,0.0004,-0.0237,0.0482,0.042,3,1,win,,,,
KXGOLD15M-26OCT081030-30,GOLD,commodity,PAPER,1,NO,2026-10-08T14:16:32.836877+00:00,807.2,49,,,0,yes,settled,0,18,-508,-2606,1,1,48.5,5.0,8.0,9.0,60,39.5,874.2,10.5,,,,,,-0.083,5,5,win,1259.19,0.0,4054.22,3235.0
KXPALLADIUM15M-26OCT081030-30,PALLADIUM,commodity,PAPER,1,NO,2026-10-08T14:15:40.586917+00:00,859.4,50,,,0,yes,settled,0,18,-518,-3124,0,3,48.5,,,,0,,,,,,,,,0.0588,2,2,win,,,,
KXPLATINUM15M-26OCT081030-30,PLATINUM,commodity,PAPER,1,NO,2026-10-08T14:15:44.836460+00:00,855.2,52,,,0,yes,settled,0,18,-538,-3662,0,5,49.5,,,8.0,14,41.5,874.2,8.5,,,,,,0.0376,3,3,loss,5.0,0.0,130.0,0.1
KXSILVER15M-26OCT081030-30,SILVER,commodity,PAPER,1,NO,2026-10-08T14:15:46.837249+00:00,853.2,48,,,0,yes,settled,0,18,-498,-4160,0,1,47.5,,,5.0,17,43.5,869.2,6.5,,,,,,0.0116,4,4,loss,153.0,0.0,5143.0,3425.61
KXWTI15M-26OCT081045-45,WTI,commodity,PAPER,1,YES,2026-10-08T14:31:35.838514+00:00,804.2,49,2026-10-08T14:32:24.841818+00:00,755.2,72,,sold,45,33,197,-3963,1,1,48.5,19.0,8.0,24.0,61,43.0,882.2,7.0,,,,,,-0.064,3,3,win,150.0,0.0,3229.0,3229.0
KXPLATINUM15M-26OCT081045-45,PLATINUM,commodity,PAPER,1,YES,2026-10-08T14:30:39.837526+00:00,860.2,49,2026-10-08T14:34:41.835011+00:00,618.2,73,,sold,38,32,208,-3755,0,5,46.5,-3.5,,11.5,27,41.5,872.2,8.5,,,,,,-0.0603,1,1,loss,5.0,1800.0,1955.92,1958.25
KXXRP15M-26OCT081045-45,XRP,crypto,PAPER,1,YES,2026-10-08T14:31:51.838126+00:00,788.2,48,2026-10-08T14:34:41.838039+00:00,618.2,73,,sold,43,32,218,2431,1,2,47.0,11.5,8.5,13.5,60,35.5,861.2,14.5,1.4051,1.4056,-0.0356,0.0997,0.0427,-0.0356,1,1,win,131.0,0.0,241.0,0.0
KXGOLD15M-26OCT081045-45,GOLD,commodity,PAPER,1,YES,2026-10-08T14:31:58.838059+00:00,781.2,48,2026-10-08T14:34:51.839061+00:00,608.2,72,,sold,35,33,207,-3548,1,1,47.5,8.0,13.0,11.0,60,32.5,877.2,17.5,,,,,,-0.0224,4,4,loss,6060.38,0.0,8899.65,0.0
KXBTC15M-26OCT081045-45,BTC,crypto,PAPER,1,YES,2026-10-08T14:34:00.028503+00:00,660.0,49,,,0,no,settled,0,18,-508,1923,4,1,48.5,7.0,10.0,13.0,60,36.5,877.2,13.5,82654.38,82676.42,-0.0267,0.0355,0.0453,0.0453,3,3,win,2506.28,0.0,8685.35,0.0
KXDOGE15M-26OCT081045-45,DOGE,crypto,PAPER,1,YES,2026-10-08T14:30:43.838851+00:00,856.2,48,,,0,no,settled,0,18,-498,1425,0,2,47.0,1.5,,11.5,38,41.5,877.2,8.5,,,,,,-0.0447,0,0,win,93.0,75.0,500.0,201.0
KXSOL15M-26OCT081045-45,SOL,crypto,PAPER,1,YES,2026-10-08T14:34:00.030910+00:00,660.0,50,,,0,no,settled,0,18,-518,907,4,1,49.5,4.0,8.5,12.0,58,39.5,861.2,10.5,112.53,112.5355,-0.0049,0.0089,0.0622,0.0453,4,4,win,20.0,0.0,757.0,0.0
KXETH15M-26OCT081045-45,ETH,crypto,PAPER,1,YES,2026-10-08T14:34:00.025822+00:00,660.0,48,,,0,no,settled,0,18,-498,409,4,1,47.5,3.0,8.0,12.0,60,38.5,882.2,11.5,2532.62,2532.8,-0.0071,0.0221,0.0561,0.0453,2,2,win,0.0,0.0,871.27,0.0
KXSILVER15M-26OCT081045-45,SILVER,commodity,PAPER,1,YES,2026-10-08T14:31:59.838290+00:00,780.2,48,,,0,no,settled,0,18,-498,-4046,1,2,47.0,12.5,20.5,20.5,61,32.5,882.2,17.5,,,,,,-0.0038,5,5,loss,2206.0,682.9,5162.75,3432.9
KXCOPPER15M-26OCT081045-45,COPPER,commodity,PAPER,1,YES,2026-10-08T14:30:22.201131+00:00,877.8,50,,,0,no,settled,0,18,-518,-4564,0,3,48.5,,,10.5,16,,,,,,,,,-0.0998,4,0,win,,,,
KXPALLADIUM15M-26OCT081045-45,PALLADIUM,commodity,PAPER,1,YES,2026-10-08T14:30:40.837408+00:00,859.2,52,,,0,no,settled,0,18,-538,-5102,0,5,49.5,-2.5,,7.0,16,46.5,861.2,3.5,,,,,,-0.0703,2,2,loss,28.0,0.1,2308.79,2278.47
KXXRP15M-26OCT081100-00,XRP,crypto,PAPER,1,YES,2026-10-08T14:45:08.837369+00:00,891.2,50,2026-10-08T14:46:16.835726+00:00,823.2,72,,sold,48,33,187,596,0,1,49.5,,,4.0,7,53.5,892.2,3.5,,,,-0.0642,0.0286,0.0659,1,0,win,20.0,17.0,498.0,622.0
KXGOLD15M-26OCT081100-00,GOLD,commodity,PAPER,1,NO,2026-10-08T14:45:38.681793+00:00,861.3,50,2026-10-08T14:46:48.837084+00:00,791.2,72,,sold,50,33,187,-4915,0,1,49.5,0.0,,0.5,4,,,,,,,,,-0.0149,4,4,win,,,,
KXCOPPER15M-26OCT081100-00,COPPER,commodity,PAPER,1,YES,2026-10-08T14:45:56.838157+00:00,843.2,51,2026-10-08T14:48:40.852967+00:00,679.1,72,,sold,48,33,177,-4738,0,3,49.5,-5.0,,5.0,7,50.0,850.2,0.0,,,,,,0.0475,5,5,loss,154.47,542.0,863.97,658.64
KXSILVER15M-26OCT081100-00,SILVER,commodity,PAPER,1,NO,2026-10-08T14:45:18.012440+00:00,882.0,49,2026-10-08T14:53:22.835655+00:00,397.2,72,,sold,47,33,197,-4541,0,2,48.0,,,2.5,5,,,,,,,,,0.0507,4,1,loss,,,,
KXPALLADIUM15M-26OCT081100-00,PALLADIUM,commodity,PAPER,1,YES,2026-10-08T14:45:33.837062+00:00,866.2,50,2026-10-08T14:57:44.840960+00:00,135.2,72,,sold,12,33,187,-4354,0,3,48.5,,,1.0,2,48.5,866.2,1.5,,,,,,0.0012,3,3,loss,26.0,67.0,125.0,2223.71
KXETH15M-26OCT081100-00,ETH,crypto,PAPER,1,NO,2026-10-08T14:45:18.009975+00:00,882.0,48,,,0,yes,settled,0,18,-498,98,0,1,47.5,,,4.0,5,,,,2526.84,2526.0,-0.0333,-0.0214,-0.0447,0.0507,1,1,loss,,,,
KXDOGE15M-26OCT081100-00,DOGE,crypto,PAPER,1,NO,2026-10-08T14:45:23.083314+00:00,876.9,48,,,0,yes,settled,0,18,-498,-400,0,2,47.0,,,2.5,5,,,,0.0869,0.0869,-0.0092,0.023,-0.023,0.0148,2,2,loss,,,,
KXWTI15M-26OCT081100-00,WTI,commodity,PAPER,1,NO,2026-10-08T14:45:09.837104+00:00,890.2,48,,,0,yes,settled,0,18,-498,-4852,0,3,46.5,,,6.5,8,44.0,892.2,6.0,,,,,,0.0701,3,0,win,15.0,55.0,73.0,100.79
KXPLATINUM15M-26OCT081100-00,PLATINUM,commodity,PAPER,1,NO,2026-10-08T14:45:26.837313+00:00,873.2,51,,,0,yes,settled,0,18,-528,-5380,0,4,49.0,,,7.0,19,51.0,887.2,1.0,,,,,,-0.0046,4,2,win,7.29,30.0,1919.29,1848.89
KXWTI15M-26OCT081115-15,WTI,commodity,PAPER,1,YES,2026-10-08T15:00:34.479877+00:00,865.5,48,2026-10-08T15:01:51.837429+00:00,788.2,74,,sold,48,32,228,-5152,0,2,47.0,,,,0,,,,,,,,,-0.0533,1,1,loss,,,,
KXDOGE15M-26OCT081115-15,DOGE,crypto,PAPER,1,NO,2026-10-08T15:00:22.837464+00:00,877.2,49,2026-10-08T15:01:52.838182+00:00,787.2,73,,sold,47,32,208,-192,0,2,48.0,,,13.0,14,59.5,890.2,9.5,,,,,,-0.0453,0,0,loss,0.0,70.0,230.0,219.0
KXPLATINUM15M-26OCT081115-15,PLATINUM,commodity,PAPER,1,NO,2026-10-08T15:00:34.482299+00:00,865.5,51,2026-10-08T15:02:04.836091+00:00,775.2,74,,sold,50,32,198,-4954,0,4,49.0,,,,0,,,,,,,,,-0.0533,2,2,loss,,,,
KXPALLADIUM15M-26OCT081115-15,PALLADIUM,commodity,PAPER,1,NO,2026-10-08T15:07:23.838797+00:00,456.2,48,2026-10-08T15:10:48.836763+00:00,251.2,72,,sold,27,33,207,-4747,7,5,45.5,13.5,17.0,17.0,49,28.5,860.2,21.5,,,,,,0.0196,2,4,win,146.0,0.0,186.0,51.0
KXXRP15M-26OCT081115-15,XRP,crypto,PAPER,1,YES,2026-10-08T15:00:48.839417+00:00,851.2,49,,,0,no,settled,0,18,-508,-700,0,1,48.5,,,6.0,10,45.5,860.2,4.5,1.4042,1.4046,-0.0285,-0.0569,0.0356,-0.0273,1,1,win,25.0,102.0,1101.0,737.0
KXSILVER15M-26OCT081115-15,SILVER,commodity,PAPER,1,YES,2026-10-08T15:01:04.841939+00:00,835.2,49,,,0,no,settled,0,18,-508,-5255,1,1,48.5,,,12.0,16,40.0,850.2,10.0,,,,,,-0.0339,3,3,win,251.0,875.0,2861.0,3887.21
KXCOPPER15M-26OCT081115-15,COPPER,commodity,PAPER,1,YES,2026-10-08T15:00:19.839176+00:00,880.2,49,,,0,no,settled,0,18,-508,-5763,0,1,48.5,,,0.0,1,48.5,880.2,1.5,,,,,,-0.0539,2,0,win,0.1,57.0,100.1,262.0
KXPALLADIUM15M-26OCT081130-30,PALLADIUM,commodity,PAPER,1,YES,2026-10-08T15:15:18.838644+00:00,881.2,51,2026-10-08T15:20:46.837736+00:00,553.2,73,,sold,45,32,188,-5575,0,5,48.5,,,1.5,9,48.5,881.2,1.5,,,,,,-0.0626,2,1,win,83.1,108.0,174.6,202.29
KXSILVER15M-26OCT081130-30,SILVER,commodity,PAPER,1,YES,2026-10-08T15:15:37.844743+00:00,862.2,48,2026-10-08T15:22:10.836721+00:00,469.2,73,,sold,46,32,218,-5357,0,1,47.5,6.0,,8.0,15,46.5,865.2,3.5,,,,,,-0.068,3,3,loss,221.2,307.53,3381.95,3677.53
KXCOPPER15M-26OCT081130-30,COPPER,commodity,PAPER,1,NO,2026-10-08T15:15:13.045315+00:00,887.0,51,2026-10-08T15:25:35.836047+00:00,264.2,72,,sold,27,33,177,-5180,0,3,49.5,,,8.5,10,,,,,,,,,-0.09,2,0,win,,,,
KXGOLD15M-26OCT081130-30,GOLD,commodity,PAPER,1,YES,2026-10-08T15:15:41.838283+00:00,858.2,48,2026-10-08T15:28:07.836749+00:00,112.2,73,,sold,30,32,218,-4962,0,1,47.5,1.0,,14.0,30,36.5,876.2,13.5,,,,,,-0.0244,4,4,win,4329.36,0.0,10383.25,3655.0
KXSOL15M-26OCT081130-30,SOL,crypto,PAPER,1,YES,2026-10-08T15:16:02.839037+00:00,837.2,49,,,0,no,settled,0,18,-508,-1208,1,2,48.0,17.5,,17.5,51,35.5,876.2,14.5,111.05,111.0838,-0.0304,0.2166,0.0721,-0.0085,1,1,loss,46.0,0.0,869.41,0.0
KXETH15M-26OCT081130-30,ETH,crypto,PAPER,1,YES,2026-10-08T15:16:00.840887+00:00,839.2,49,,,0,no,settled,0,18,-508,-1716,1,1,48.5,2.0,,16.0,38,32.5,865.2,17.5,2509.6,2510.08,-0.0191,0.1153,0.0666,-0.0008,0,0,loss,1206.8,0.0,2684.1,0.0
KXBTC15M-26OCT081130-30,BTC,crypto,PAPER,1,YES,2026-10-08T15:16:06.839384+00:00,833.2,49,,,0,no,settled,0,18,-508,-2224,1,1,48.5,17.0,3.0,17.0,56,39.5,881.2,10.5,82138.31,82166.73,-0.0346,0.079,0.004,0.004,2,2,loss,9287.79,0.0,13945.22,0.0
KXPLATINUM15M-26OCT081130-30,PLATINUM,commodity,PAPER,1,YES,2026-10-08T15:15:36.838936+00:00,863.2,49,,,0,no,settled,0,18,-508,-5470,0,4,47.0,0.0,,11.5,22,40.5,876.2,9.5,,,,,,-0.0753,2,2,win,544.0,58.0,1849.0,1882.57
KXWTI15M-26OCT081130-30,WTI,commodity,PAPER,1,YES,2026-10-08T15:20:24.843934+00:00,575.2,49,,,0,no,settled,0,18,-508,-5978,5,1,48.5,-25.0,-23.0,26.0,60,63.5,860.2,13.5,,,,,,0.0844,5,5,win,0.0,750.0,0.0,1281.0
KXGOLD15M-26OCT081145-45,GOLD,commodity,PAPER,1,NO,2026-10-08T15:30:08.523924+00:00,891.5,49,2026-10-08T15:31:27.838752+00:00,812.2,72,,sold,47,33,197,-5781,0,1,48.5,,,3.0,5,,,,,,,,,-0.143,2,0,win,,,,
KXPALLADIUM15M-26OCT081145-45,PALLADIUM,commodity,PAPER,1,NO,2026-10-08T15:30:34.614990+00:00,865.4,49,2026-10-08T15:32:14.835613+00:00,765.2,72,,sold,43,33,197,-5584,0,4,47.0,1.0,,1.0,4,,,,,,,,,-0.0784,3,3,win,,,,
KXSOL15M-26OCT081145-45,SOL,crypto,PAPER,1,YES,2026-10-08T15:30:38.839043+00:00,861.2,49,2026-10-08T15:32:55.835658+00:00,724.2,72,,sold,45,33,197,-2027,0,1,48.5,2.0,,9.0,10,40.5,865.2,9.5,108.83,108.9025,-0.0666,0.046,0.0276,-0.0529,2,2,loss,2.83,377.0,597.44,1128.0
KXXRP15M-26OCT081145-45,XRP,crypto,PAPER,1,YES,2026-10-08T15:30:39.768519+00:00,860.2,49,2026-10-08T15:33:11.834933+00:00,708.2,72,,sold,39,33,197,-1830,0,1,48.5,0.0,,6.5,5,,,,1.3556,1.3544,0.0886,0.1774,0.1774,-0.0368,3,3,loss,,,,
KXBTC15M-26OCT081145-45,BTC,crypto,PAPER,1,YES,2026-10-08T15:30:19.091210+00:00,880.9,50,2026-10-08T15:33:12.863263+00:00,707.1,73,,sold,37,32,198,-1632,0,1,49.5,,,2.0,5,,,,81298.1,81292.75,0.0066,0.0043,0.053,0.053,0,0,loss,,,,
KXPLATINUM15M-26OCT081145-45,PLATINUM,commodity,PAPER,1,NO,2026-10-08T15:30:34.611767+00:00,865.4,51,2026-10-08T15:36:05.842525+00:00,534.2,72,,sold,22,33,177,-5407,0,4,49.0,2.0,,2.0,5,,,,,,,,,-0.0784,2,2,loss,,,,
KXDOGE15M-26OCT081145-45,DOGE,crypto,PAPER,1,YES,2026-10-08T15:30:42.845870+00:00,857.2,50,,,0,no,settled,0,18,-518,-2150,0,2,49.0,8.5,,8.5,9,45.5,860.2,4.5,0.0835,0.0836,-0.1794,0.0959,-0.1197,0.0018,4,4,win,70.0,0.0,176.01,1.0
KXETH15M-26OCT081145-45,ETH,crypto,PAPER,1,YES,2026-10-08T15:30:29.525827+00:00,870.5,48,,,0,no,settled,0,18,-498,-2648,0,1,47.5,,,5.0,5,,,,2459.49,2462.65,-0.1283,-0.1559,-0.0569,0.0324,1,1,loss,,,,
KXWTI15M-26OCT081145-45,WTI,commodity,PAPER,1,NO,2026-10-08T15:30:29.529319+00:00,870.5,48,,,0,yes,settled,0,18,-498,-5905,0,3,46.5,,,11.0,5,,,,,,,,,0.0324,1,1,loss,,,,
KXSILVER15M-26OCT081145-45,SILVER,commodity,PAPER,1,YES,2026-10-08T15:30:34.839257+00:00,865.2,48,,,0,no,settled,0,18,-498,-6403,0,1,47.5,-3.0,,4.0,6,47.5,865.2,2.5,,,,,,-0.0606,4,4,win,2150.1,714.0,3010.1,1449.54
KXCOPPER15M-26OCT081145-45,COPPER,commodity,PAPER,1,YES,2026-10-08T15:30:35.841284+00:00,864.2,48,,,0,no,settled,0,18,-498,-6901,0,3,46.5,5.0,,5.0,6,44.0,865.2,6.0,,,,,,-0.039,5,5,win,161.0,609.0,399.2,855.29
KXPLATINUM15M-26OCT081200-00,PLATINUM,commodity,PAPER,1,NO,2026-10-08T15:45:31.536305+00:00,868.5,51,2026-10-08T15:49:23.835663+00:00,636.2,74,,sold,35,32,198,-6703,0,3,49.5,0.5,,1.5,8,,,,,,,,,0.0784,2,1,win,,,,
KXETH15M-26OCT081200-00,ETH,crypto,PAPER,1,NO,2026-10-08T15:46:19.839452+00:00,820.2,48,2026-10-08T15:53:33.840706+00:00,386.2,72,,sold,25,33,207,-2441,1,1,47.5,9.0,9.0,10.0,49,38.5,868.2,11.5,2450.52,2450.29,-0.0094,0.1337,0.1687,-0.1507,3,3,loss,312.02,0.0,1781.42,0.0
KXDOGE15M-26OCT081200-00,DOGE,crypto,PAPER,1,NO,2026-10-08T15:45:35.839687+00:00,864.2,48,2026-10-08T15:53:34.836241+00:00,385.2,73,,sold,27,32,218,-2223,0,1,47.5,4.5,,14.0,36,40.5,889.2,9.5,,,,0.072,-0.1082,0.0126,0,0,loss,73.01,0.0,814.01,45.0
KXXRP15M-26OCT081200-00,XRP,crypto,PAPER,1,NO,2026-10-08T15:46:20.840308+00:00,819.2,48,2026-10-08T15:53:59.837257+00:00,360.2,72,,sold,19,33,207,-2016,1,1,47.5,14.0,7.0,20.0,60,32.5,878.2,17.5,1.352,1.3521,0.0074,0.214,0.2508,-0.1801,4,4,win,42.0,0.0,211.0,0.0
KXSOL15M-26OCT081200-00,SOL,crypto,PAPER,1,NO,2026-10-08T15:45:36.839144+00:00,863.2,49,2026-10-08T15:55:40.839313+00:00,259.2,73,,sold,12,32,208,-1808,0,1,48.5,4.0,,5.0,11,48.5,863.2,1.5,109.09,109.0515,-0.0353,0.0367,-0.0183,0.0102,1,1,win,10.0,386.6,373.68,1124.6
KXBTC15M-26OCT081200-00,BTC,crypto,PAPER,1,NO,2026-10-08T15:45:36.845137+00:00,863.2,49,2026-10-08T15:55:58.840506+00:00,241.2,73,,sold,7,32,208,-1600,0,1,48.5,4.0,,6.0,11,48.5,863.2,1.5,81160.23,81164.11,0.0048,0.0324,-0.0102,0.0102,2,2,win,5035.64,9483.03,11203.99,20807.76
KXWTI15M-26OCT081200-00,WTI,commodity,PAPER,1,NO,2026-10-08T15:45:42.851478+00:00,857.2,49,2026-10-08T15:55:59.836447+00:00,240.2,73,,sold,38,32,208,-6495,0,1,48.5,3.0,,10.0,22,45.5,868.2,4.5,,,,,,0.0452,2,2,loss,12.0,210.0,1911.0,2810.0
KXCOPPER15M-26OCT081200-00,COPPER,commodity,PAPER,1,NO,2026-10-08T15:45:10.576830+00:00,889.4,49,2026-10-08T15:56:12.837134+00:00,227.2,74,,sold,28,32,218,-6277,0,2,48.0,,,4.5,10,,,,,,,,,0.028,3,0,win,,,,
KXSILVER15M-26OCT081215-15,SILVER,commodity,PAPER,1,NO,2026-10-08T16:00:18.468227+00:00,881.5,48,2026-10-08T16:01:31.836070+00:00,808.2,73,,sold,48,32,218,-6059,0,1,47.5,,,4.0,6,,,,,,,,,0.0603,0,0,loss,,,,
KXPLATINUM15M-26OCT081215-15,PLATINUM,commodity,PAPER,1,NO,2026-10-08T16:00:18.838722+00:00,881.2,49,2026-10-08T16:02:05.836313+00:00,774.2,72,,sold,44,33,197,-5862,0,3,47.5,,,3.0,6,47.5,881.2,2.5,,,,,,0.0713,1,1,win,525.0,64.0,1854.38,589.0
KXETH15M-26OCT081215-15,ETH,crypto,PAPER,1,NO,2026-10-08T16:01:02.853194+00:00,837.2,50,2026-10-08T16:02:16.836001+00:00,763.2,72,,sold,39,33,187,-1413,1,1,49.5,20.0,,22.0,51,35.5,881.2,14.5,2431.42,2432.26,0.0345,0.3173,0.1122,0.0341,3,3,win,536.21,0.0,1372.41,0.0
KXCOPPER15M-26OCT081215-15,COPPER,commodity,PAPER,1,NO,2026-10-08T16:00:34.838691+00:00,865.2,50,2026-10-08T16:02:36.834684+00:00,743.2,72,,sold,47,33,187,-5675,0,3,48.5,0.5,,2.0,6,48.5,865.2,1.5,,,,,,0.1173,3,3,win,656.0,245.7,902.48,965.45
KXSOL15M-26OCT081215-15,SOL,crypto,PAPER,1,NO,2026-10-08T16:00:07.877339+00:00,892.1,48,2026-10-08T16:06:50.840407+00:00,489.2,72,,sold,27,33,207,-1206,0,1,47.5,,,2.0,5,,,,108.54,108.4555,-0.0779,0.0092,-0.1107,0.0517,0,0,win,,,,
KXDOGE15M-26OCT081215-15,DOGE,crypto,PAPER,1,NO,2026-10-08T16:01:02.849035+00:00,837.2,50,2026-10-08T16:07:00.836110+00:00,479.2,72,,sold,25,33,187,-1019,1,1,49.5,15.0,,19.0,40,33.5,870.2,16.5,0.0825,0.0826,0.1113,0.3019,0.0847,0.0341,2,2,win,45.01,0.0,140.01,16.8
KXXRP15M-26OCT081215-15,XRP,crypto,PAPER,1,NO,2026-10-08T16:01:47.844077+00:00,792.2,49,2026-10-08T16:07:06.839135+00:00,473.2,78,,sold,17,31,259,-760,1,1,48.5,8.5,19.0,20.0,61,24.5,860.2,25.5,1.3439,1.3445,0.0446,0.1412,0.3042,-0.2788,4,4,win,1.0,0.0,22.0,684.0
KXBTC15M-26OCT081215-15,BTC,crypto,PAPER,1,NO,2026-10-08T16:00:18.464788+00:00,881.5,50,2026-10-08T16:07:06.842098+00:00,473.2,74,,sold,25,32,208,-552,0,1,49.5,,,2.0,6,,,,81004.44,80963.01,-0.0512,-0.0633,-0.0603,0.0603,1,1,win,,,,
KXPALLADIUM15M-26OCT081215-15,PALLADIUM,commodity,PAPER,1,YES,2026-10-08T16:01:02.841361+00:00,837.2,48,2026-10-08T16:12:48.836180+00:00,131.2,73,,sold,16,32,218,-5457,1,2,47.0,-20.5,,31.5,29,68.0,880.2,18.0,,,,,,0.0341,4,4,win,0.0,172.0,0.0,202.06
KXGOLD15M-26OCT081215-15,GOLD,commodity,PAPER,1,YES,2026-10-08T16:00:23.840113+00:00,876.2,50,2026-10-08T16:12:48.840005+00:00,131.2,74,,sold,4,32,208,-5249,0,1,49.5,,,5.5,7,49.5,876.2,0.5,,,,,,0.0695,2,2,win,10.1,2142.77,6942.43,8087.27
KXWTI15M-26OCT081215-15,WTI,commodity,PAPER,1,YES,2026-10-08T16:04:50.852885+00:00,609.2,48,,,0,no,settled,0,18,-498,-5747,4,2,47.0,9.5,11.5,10.5,60,31.5,860.2,18.5,,,,,,0.0619,2,5,win,150.0,0.0,2787.25,0.0
KXPLATINUM15M-26OCT081230-30,PLATINUM,commodity,PAPER,1,NO,2026-10-08T16:15:10.318173+00:00,889.7,50,2026-10-08T16:17:07.835680+00:00,772.2,73,,sold,44,32,198,-5549,0,4,48.0,,,2.0,4,,,,,,,,,-0.0589,2,1,win,,,,
KXPALLADIUM15M-26OCT081230-30,PALLADIUM,commodity,PAPER,1,YES,2026-10-08T16:15:55.839465+00:00,844.2,48,2026-10-08T16:17:15.838437+00:00,764.2,75,,sold,32,32,238,-5311,0,3,46.5,-7.5,,10.5,7,43.5,848.2,6.5,,,,,,0.0276,3,3,win,197.0,47.0,2502.0,68.5
KXGOLD15M-26OCT081230-30,GOLD,commodity,PAPER,1,YES,2026-10-08T16:15:05.180114+00:00,894.8,50,2026-10-08T16:17:15.844899+00:00,764.2,74,,sold,25,32,208,-5103,0,1,49.5,,,2.0,5,,,,,,,,,-0.0536,1,0,win,,,,
KXXRP15M-26OCT081230-30,XRP,crypto,PAPER,1,YES,2026-10-08T16:15:48.847938+00:00,851.2,49,2026-10-08T16:17:16.839217+00:00,763.2,74,,sold,42,32,218,-334,0,2,48.0,3.5,,6.5,18,42.5,863.2,7.5,1.3468,1.3477,-0.0668,0.1189,-0.0074,0.0074,2,2,win,52.0,25.0,196.0,555.01
KXDOGE15M-26OCT081230-30,DOGE,crypto,PAPER,1,YES,2026-10-08T16:15:46.841232+00:00,853.2,48,2026-10-08T16:17:17.837263+00:00,762.2,76,,sold,39,31,249,-85,0,2,47.0,4.5,,6.5,26,40.5,873.2,9.5,0.0828,0.0829,-0.1641,0.0605,-0.0725,-0.0054,1,1,win,13.0,122.0,291.0,463.0
KXBTC15M-26OCT081230-30,BTC,crypto,PAPER,1,YES,2026-10-08T16:15:05.176250+00:00,894.8,50,2026-10-08T16:17:17.843496+00:00,762.2,74,,sold,34,32,208,123,0,1,49.5,,,2.0,5,,,,80939.14,80971.78,-0.0403,-0.0392,-0.0536,-0.0536,0,0,win,,,,
KXETH15M-26OCT081230-30,ETH,crypto,PAPER,1,YES,2026-10-08T16:15:50.839818+00:00,849.2,48,2026-10-08T16:17:40.837747+00:00,739.2,73,,sold,32,32,218,341,0,1,47.5,2.0,,7.0,25,42.5,868.2,7.5,2422.5,2424.32,-0.0751,0.0826,-0.021,0.0453,3,3,win,218.8,28.0,1935.4,629.01
KXWTI15M-26OCT081230-30,WTI,commodity,PAPER,1,YES,2026-10-08T16:16:39.844153+00:00,800.2,48,,,0,no,settled,0,18,-498,-5601,1,2,47.0,10.5,6.5,15.5,59,39.5,878.2,10.5,,,,,,0.0099,4,4,loss,60.0,0.0,2370.0,900.0
KXSILVER15M-26OCT081230-30,SILVER,commodity,PAPER,1,NO,2026-10-08T16:15:36.388737+00:00,863.6,49,,,0,yes,settled,0,18,-508,-6109,0,1,48.5,0.0,,2.5,5,,,,,,,,,-0.0757,2,2,win,,,,
KXBTC15M-26OCT081245-45,BTC,crypto,PAPER,1,NO,2026-10-08T16:30:37.855894+00:00,862.2,49,2026-10-08T16:31:33.838922+00:00,806.2,73,,sold,46,32,208,549,0,1,48.5,-6.0,,8.0,6,48.5,862.2,1.5,81282.04,81264.04,-0.0222,-0.0499,-0.0247,0.0247,4,4,win,2406.24,11708.05,14376.21,20508.65
KXCOPPER15M-26OCT081245-45,COPPER,commodity,PAPER,1,NO,2026-10-08T16:30:06.506727+00:00,893.5,48,2026-10-08T16:36:16.837957+00:00,523.2,72,,sold,34,33,207,-5902,0,5,45.5,,,3.5,5,,,,,,,,,-0.0152,3,1,win,,,,
KXWTI15M-26OCT081245-45,WTI,commodity,PAPER,1,YES,2026-10-08T16:30:49.845980+00:00,850.2,48,2026-10-08T16:36:17.840210+00:00,522.2,73,,sold,36,32,218,-5684,0,1,47.5,-7.5,,16.5,28,43.5,872.2,6.5,,,,,,-0.0241,5,5,loss,0.0,0.0,2616.0,789.0
KXPLATINUM15M-26OCT081245-45,PLATINUM,commodity,PAPER,1,NO,2026-10-08T16:30:17.133320+00:00,882.9,50,2026-10-08T16:38:38.836495+00:00,381.2,72,,sold,38,33,187,-5497,0,1,49.5,,,3.0,5,,,,,,,,,-0.0813,4,2,win,,,,
KXETH15M-26OCT081245-45,ETH,crypto,PAPER,1,YES,2026-10-08T16:30:32.839410+00:00,867.2,50,2026-10-08T16:39:27.841498+00:00,332.2,73,,sold,23,32,198,747,0,1,49.5,5.0,,7.0,6,49.5,867.2,0.5,2428.3,2428.99,-0.0284,0.0812,0.0008,-0.0014,2,2,win,34.0,159.07,1068.54,1610.12
KXXRP15M-26OCT081245-45,XRP,crypto,PAPER,1,YES,2026-10-08T16:30:28.840263+00:00,871.2,48,2026-10-08T16:39:42.836096+00:00,317.2,73,,sold,23,32,218,965,0,1,47.5,,,6.0,11,42.5,877.2,7.5,1.3544,1.3551,-0.0517,0.0369,-0.0295,-0.0078,0,0,win,29.0,0.0,586.0,269.0
KXGOLD15M-26OCT081245-45,GOLD,commodity,PAPER,1,YES,2026-10-08T16:30:06.502929+00:00,893.5,49,2026-10-08T16:40:07.841331+00:00,292.2,75,,sold,26,32,228,-5269,0,1,48.5,,,1.5,5,,,,,,,,,-0.0152,2,0,win,,,,
KXSILVER15M-26OCT081245-45,SILVER,commodity,PAPER,1,YES,2026-10-08T16:30:22.841236+00:00,877.2,48,2026-10-08T16:40:28.841099+00:00,271.2,73,,sold,12,32,218,-5051,0,2,47.0,,,3.0,6,47.0,877.2,3.0,,,,,,-0.0615,6,4,win,160.0,2414.85,2927.0,3121.14
KXSOL15M-26OCT081245-45,SOL,crypto,PAPER,1,YES,2026-10-08T16:30:37.842313+00:00,862.2,50,2026-10-08T16:40:30.836764+00:00,269.2,72,,sold,18,33,187,1152,0,1,49.5,5.0,,7.0,6,49.5,862.2,0.5,108.73,108.7312,-0.0011,0.0828,0.0,0.0247,3,3,win,355.69,210.0,1106.69,828.6
KXDOGE15M-26OCT081245-45,DOGE,crypto,PAPER,1,YES,2026-10-08T16:30:30.839092+00:00,869.2,49,2026-10-08T16:40:35.834203+00:00,264.2,72,,sold,23,33,197,1349,0,1,48.5,,,4.0,23,45.5,888.2,4.5,0.0831,0.0832,-0.0721,0.0722,-0.0361,0.0055,1,1,win,124.0,5.0,1915.88,1026.01
KXPALLADIUM15M-26OCT081245-45,PALLADIUM,commodity,PAPER,1,NO,2026-10-08T16:30:20.839745+00:00,879.2,48,,,0,yes,settled,0,18,-498,-5549,0,3,46.5,,,6.5,8,41.5,882.2,8.5,,,,,,-0.0788,5,3,win,57.0,24.0,2163.19,72.0
KXSOL15M-26OCT081300-00,SOL,crypto,PAPER,1,NO,2026-10-08T16:46:40.840855+00:00,799.2,49,2026-10-08T16:48:34.834555+00:00,685.2,72,,sold,41,33,197,1546,1,1,48.5,17.0,18.0,20.0,60,39.5,895.2,10.5,108.55,108.5347,-0.0141,0.1196,0.1288,-0.0527,3,3,win,544.0,0.0,1122.36,0.0
KXXRP15M-26OCT081300-00,XRP,crypto,PAPER,1,NO,2026-10-08T16:46:36.852112+00:00,803.2,49,2026-10-08T16:48:48.834423+00:00,671.2,73,,sold,42,32,208,1754,1,1,48.5,10.5,9.0,15.0,60,39.5,863.2,10.5,1.3548,1.3552,0.0295,0.1106,0.1032,-0.0201,2,2,win,410.0,0.0,543.0,27.0
KXDOGE15M-26OCT081300-00,DOGE,crypto,PAPER,1,NO,2026-10-08T16:45:30.881363+00:00,869.1,48,2026-10-08T16:48:49.836036+00:00,670.2,74,,sold,36,32,228,1982,0,1,47.5,,,,0,,,,0.083,0.083,-0.0482,-0.0482,-0.0844,0.0937,0,0,win,,,,
KXETH15M-26OCT081300-00,ETH,crypto,PAPER,1,NO,2026-10-08T16:46:36.842629+00:00,803.2,48,2026-10-08T16:48:57.835271+00:00,662.2,72,,sold,47,33,207,2189,1,1,47.5,7.0,6.0,11.0,61,43.5,884.2,6.5,2428.29,2427.9,-0.0161,0.0737,0.07,-0.0201,1,1,win,860.0,0.0,1950.6,0.0
KXWTI15M-26OCT081300-00,WTI,commodity,PAPER,1,NO,2026-10-08T16:49:14.842005+00:00,645.2,48,2026-10-08T16:50:50.834516+00:00,549.2,73,,sold,47,32,218,-5331,4,1,47.5,9.0,3.0,18.0,60,63.5,863.2,13.5,,,,,,-0.0923,4,4,win,0.0,0.0,0.0,10.0
KXCOPPER15M-26OCT081300-00,COPPER,commodity,PAPER,1,YES,2026-10-08T16:45:15.841510+00:00,884.2,49,,,0,no,settled,0,18,-508,-5839,0,3,47.5,,,0.0,1,47.5,884.2,2.5,,,,,,0.0466,1,0,win,154.0,660.0,899.25,860.0
KXSILVER15M-26OCT081300-00,SILVER,commodity,PAPER,1,YES,2026-10-08T16:45:25.518850+00:00,874.5,49,,,0,no,settled,0,18,-508,-6347,0,1,48.5,,,,0,,,,,,,,,0.0664,2,1,win,,,,
KXGOLD15M-26OCT081300-00,GOLD,commodity,PAPER,1,NO,2026-10-08T16:49:06.841323+00:00,653.2,50,,,0,yes,settled,1,18,-518,-6865,4,1,49.5,-15.0,-20.0,20.0,60,43.5,863.2,6.5,,,,,,-0.1496,3,3,win,0.0,0.0,0.0,0.0
KXPLATINUM15M-26OCT081300-00,PLATINUM,commodity,PAPER,1,YES,2026-10-08T16:45:32.837836+00:00,867.2,51,,,0,no,settled,0,18,-528,-7393,0,3,49.5,,,9.0,3,40.5,874.2,9.5,,,,,,0.0937,2,2,win,107.0,37.0,149.0,1867.0
KXPALLADIUM15M-26OCT081315-15,PALLADIUM,commodity,PAPER,1,YES,2026-10-08T17:00:33.779406+00:00,866.2,52,2026-10-08T17:01:49.835769+00:00,790.2,72,,sold,50,33,167,-7226,0,5,49.5,0.0,,0.0,5,,,,,,,,,-0.1483,2,1,loss,,,,
KXDOGE15M-26OCT081315-15,DOGE,crypto,PAPER,1,NO,2026-10-08T17:00:23.268245+00:00,876.7,50,2026-10-08T17:02:05.836767+00:00,774.2,72,,sold,48,33,187,2376,0,1,49.5,,,4.0,5,,,,0.0821,0.0822,0.1217,-0.0,0.1459,-0.0645,2,2,win,,,,
KXPLATINUM15M-26OCT081315-15,PLATINUM,commodity,PAPER,1,YES,2026-10-08T17:00:56.844695+00:00,843.2,49,2026-10-08T17:02:59.835403+00:00,720.2,72,,sold,37,33,197,-7029,0,4,47.0,3.0,,8.5,20,42.5,860.2,7.5,,,,,,-0.1539,5,5,loss,5.0,130.37,63.1,231.39
KXBTC15M-26OCT081315-15,BTC,crypto,PAPER,1,NO,2026-10-08T17:00:18.185431+00:00,881.8,49,2026-10-08T17:04:07.838336+00:00,652.2,72,,sold,41,33,197,2573,0,1,48.5,,,2.0,5,,,,80823.66,80880.36,0.0701,0.0457,0.052,-0.052,0,0,win,,,,
KXWTI15M-26OCT081315-15,WTI,commodity,PAPER,1,NO,2026-10-08T17:00:51.842409+00:00,848.2,48,2026-10-08T17:05:33.837718+00:00,566.2,74,,sold,45,32,228,-6801,0,2,47.0,4.0,,4.0,18,43.5,860.2,6.5,,,,,,-0.1407,3,3,win,68.0,0.0,4428.0,3266.0
KXETH15M-26OCT081315-15,ETH,crypto,PAPER,1,NO,2026-10-08T17:00:33.759558+00:00,866.2,48,2026-10-08T17:07:25.838374+00:00,454.2,73,,sold,33,32,218,2791,0,1,47.5,-1.0,,1.0,5,,,,2410.63,2414.37,0.1549,0.1586,0.1818,-0.1483,3,3,win,,,,
KXSOL15M-26OCT081315-15,SOL,crypto,PAPER,1,YES,2026-10-08T17:00:38.933512+00:00,861.1,48,2026-10-08T17:14:27.839793+00:00,32.2,76,,sold,5,31,249,3040,0,1,47.5,0.0,,2.0,5,,,,107.44,107.6622,-0.2064,-0.1116,-0.2229,-0.18,4,4,win,,,,
KXXRP15M-26OCT081315-15,XRP,crypto,PAPER,1,YES,2026-10-08T17:00:23.263867+00:00,876.7,50,,,0,no,settled,0,18,-518,2522,0,1,49.5,,,4.5,5,,,,1.3422,1.3437,-0.1116,-0.0372,-0.1859,-0.0645,1,1,win,,,,
KXGOLD15M-26OCT081315-15,GOLD,commodity,PAPER,1,NO,2026-10-08T17:00:38.938053+00:00,861.1,49,,,0,yes,settled,0,18,-508,-7309,0,1,48.5,0.0,,6.0,5,,,,,,,,,-0.18,2,2,loss,,,,
KXSILVER15M-26OCT081315-15,SILVER,commodity,PAPER,1,NO,2026-10-08T17:00:54.195401+00:00,845.8,49,,,0,yes,settled,0,18,-508,-7817,0,1,48.5,0.0,,4.0,5,,,,,,,,,-0.1529,4,4,loss,,,,
KXCOPPER15M-26OCT081315-15,COPPER,commodity,PAPER,1,NO,2026-10-08T17:00:08.839618+00:00,891.2,48,,,0,yes,settled,0,18,-498,-8315,0,2,47.0,,,4.0,6,45.0,892.2,5.0,,,,,,-0.0287,4,0,win,41.0,5.0,555.0,45.0
KXPLATINUM15M-26OCT081330-30,PLATINUM,commodity,PAPER,1,YES,2026-10-08T17:15:27.904861+00:00,872.1,50,2026-10-08T17:16:50.837913+00:00,789.2,73,,sold,48,32,198,-8117,0,1,49.5,,,4.5,21,,,,,,,,,-0.0548,3,2,win,,,,
KXCOPPER15M-26OCT081330-30,COPPER,commodity,PAPER,1,NO,2026-10-08T17:15:22.519592+00:00,877.5,49,2026-10-08T17:21:56.841827+00:00,483.2,73,,sold,16,32,208,-7909,0,3,47.5,,,3.0,20,,,,,,,,,-0.073,4,1,loss,,,,
KXGOLD15M-26OCT081330-30,GOLD,commodity,PAPER,1,NO,2026-10-08T17:15:22.514802+00:00,877.5,50,2026-10-08T17:29:43.835468+00:00,16.2,73,,sold,1,32,198,-7711,0,1,49.5,,,6.0,21,,,,,,,,,-0.073,3,0,loss,,,,
KXBTC15M-26OCT081330-30,BTC,crypto,PAPER,1,YES,2026-10-08T17:15:38.839919+00:00,861.2,48,,,0,no,settled,0,18,-498,2024,0,1,47.5,0.0,,5.0,22,47.5,861.2,2.5,80857.87,80871.81,-0.0172,0.0106,-0.0174,-0.0174,1,1,win,9977.95,6900.13,16889.27,18433.29
KXETH15M-26OCT081330-30,ETH,crypto,PAPER,1,YES,2026-10-08T17:15:48.841128+00:00,851.2,50,,,0,no,settled,0,18,-518,1506,0,1,49.5,3.0,,7.0,22,49.5,851.2,0.5,2423.76,2424.12,-0.0149,0.0239,0.0619,0.0357,2,2,win,1.0,725.2,927.8,2455.26
KXDOGE15M-26OCT081330-30,DOGE,crypto,PAPER,1,YES,2026-10-08T17:15:33.840629+00:00,866.2,49,,,0,no,settled,0,18,-508,998,0,1,48.5,-1.0,,8.5,27,45.5,871.2,4.5,0.0823,0.0823,-0.017,-0.0243,-0.085,-0.0255,0,0,win,20.0,581.0,154.0,688.99
KXWTI15M-26OCT081330-30,WTI,commodity,PAPER,1,NO,2026-10-08T17:15:28.839763+00:00,871.2,48,,,0,yes,settled,0,18,-498,-8209,0,2,47.0,,,11.5,22,47.0,871.2,3.0,,,,,,-0.0384,5,4,win,979.0,18.0,5356.0,2645.0
KXPALLADIUM15M-26OCT081330-30,PALLADIUM,commodity,PAPER,1,YES,2026-10-08T17:15:27.910441+00:00,872.1,51,,,0,no,settled,0,18,-528,-8737,0,3,49.5,,,2.5,13,,,,,,,,,-0.0548,4,3,win,,,,
KXSILVER15M-26OCT081330-30,SILVER,commodity,PAPER,1,NO,2026-10-08T17:15:43.282242+00:00,856.7,50,,,0,yes,settled,0,18,-518,-9255,0,2,49.0,-1.0,,6.5,21,,,,,,,,,-0.0135,5,5,loss,,,,
KXDOGE15M-26OCT081345-45,DOGE,crypto,PAPER,1,YES,2026-10-08T17:30:24.293520+00:00,875.7,48,2026-10-08T17:33:53.835250+00:00,666.2,73,,sold,43,32,218,1216,0,1,47.5,,,2.5,10,,,,0.0818,0.0819,-0.0696,0.0367,-0.0733,-0.0658,1,1,loss,,,,
KXXRP15M-26OCT081345-45,XRP,crypto,PAPER,1,NO,2026-10-08T17:31:13.840626+00:00,826.2,48,2026-10-08T17:37:38.836226+00:00,441.2,74,,sold,32,32,228,1444,1,1,47.5,6.0,-1.0,11.0,35,39.5,859.2,10.5,1.3308,1.3305,-0.0225,0.0676,-0.0075,0.0711,2,2,loss,541.0,0.0,713.0,184.0
KXPALLADIUM15M-26OCT081345-45,PALLADIUM,commodity,PAPER,1,NO,2026-10-08T17:34:23.840982+00:00,636.2,48,2026-10-08T17:40:27.835990+00:00,272.2,72,,sold,46,33,207,-9048,4,1,47.5,17.0,17.0,17.5,44,57.5,858.2,7.5,,,,,,0.0002,3,3,loss,0.0,0.0,0.0,23.0
KXSOL15M-26OCT081345-45,SOL,crypto,PAPER,1,NO,2026-10-08T17:31:18.841815+00:00,821.2,49,2026-10-08T17:43:36.835352+00:00,83.2,79,,sold,5,30,270,1714,1,3,47.5,7.0,3.0,13.0,39,40.5,859.2,9.5,106.56,106.502,-0.0545,0.0844,0.0469,0.0229,4,4,win,429.0,0.0,1452.0,0.0
KXCOPPER15M-26OCT081345-45,COPPER,commodity,PAPER,1,NO,2026-10-08T17:36:11.842238+00:00,528.2,48,2026-10-08T17:44:55.834810+00:00,4.2,94,,sold,15,22,438,-8610,6,2,47.0,9.0,7.5,9.5,57,64.5,885.2,14.5,,,,,,0.0958,4,4,win,0.0,0.0,0.0,49.29
KXETH15M-26OCT081345-45,ETH,crypto,PAPER,1,NO,2026-10-08T17:31:13.846769+00:00,826.2,50,,,0,yes,settled,0,18,-518,1196,1,1,49.5,-0.5,-1.0,10.5,30,42.5,854.2,7.5,2417.89,2417.73,-0.0066,0.0484,-0.0124,0.0711,3,3,loss,311.8,0.0,1845.6,0.0
KXBTC15M-26OCT081345-45,BTC,crypto,PAPER,1,NO,2026-10-08T17:30:19.193797+00:00,880.8,50,,,0,yes,settled,0,18,-518,678,0,1,49.5,,,3.0,10,,,,80669.82,80654.83,-0.0186,-0.0457,0.0223,-0.0223,0,0,loss,,,,
KXGOLD15M-26OCT081345-45,GOLD,commodity,PAPER,1,YES,2026-10-08T17:30:29.672226+00:00,870.3,48,,,0,no,settled,12,18,-498,-9108,0,1,47.5,,,5.0,10,,,,,,,,,-0.0531,0,0,win,,,,
KXWTI15M-26OCT081345-45,WTI,commodity,PAPER,1,NO,2026-10-08T17:30:44.839741+00:00,855.2,50,,,0,yes,settled,0,18,-518,-9626,0,1,49.5,6.0,,19.5,21,35.5,865.2,14.5,,,,,,0.1139,1,1,loss,150.0,0.0,1221.0,2569.0
KXPLATINUM15M-26OCT081345-45,PLATINUM,commodity,PAPER,1,YES,2026-10-08T17:30:52.845248+00:00,847.2,50,,,0,no,settled,0,18,-518,-10144,0,5,47.5,5.5,,7.5,27,44.5,864.2,5.5,,,,,,0.1183,2,2,win,100.0,0.0,481.0,18.75
KXDOGE15M-26OCT081400-00,DOGE,crypto,PAPER,1,NO,2026-10-08T17:45:27.841836+00:00,872.2,48,2026-10-08T17:48:23.834941+00:00,696.2,72,,sold,41,33,207,885,0,1,47.5,,,6.0,7,47.5,872.2,2.5,0.0818,0.0818,-0.0147,-0.0489,-0.0489,-0.0002,2,2,win,21.0,111.07,216.0,902.07
KXETH15M-26OCT081400-00,ETH,crypto,PAPER,1,NO,2026-10-08T17:45:48.839992+00:00,851.2,48,2026-10-08T17:48:24.834690+00:00,695.2,72,,sold,43,33,207,1092,0,1,47.5,-6.0,,6.0,7,47.5,851.2,2.5,2421.9,2420.9,-0.0413,-0.0549,-0.0483,0.0408,4,4,loss,158.27,948.0,1319.47,2520.2
KXXRP15M-26OCT081400-00,XRP,crypto,PAPER,1,NO,2026-10-08T17:45:37.800272+00:00,862.2,50,2026-10-08T17:48:49.837346+00:00,670.2,73,,sold,33,32,198,1290,0,1,49.5,0.0,,2.0,6,,,,1.3277,1.3266,-0.0829,-0.1056,-0.098,0.0184,3,3,win,,,,
KXCOPPER15M-26OCT081400-00,COPPER,commodity,PAPER,1,NO,2026-10-08T17:45:48.029048+00:00,852.0,49,2026-10-08T17:49:59.834308+00:00,600.2,72,,sold,32,33,197,-9947,0,4,47.0,0.0,,0.0,4,,,,,,,,,0.0396,4,4,win,,,,
KXWTI15M-26OCT081400-00,WTI,commodity,PAPER,1,YES,2026-10-08T17:45:42.932630+00:00,857.1,50,2026-10-08T17:51:46.838359+00:00,493.2,73,,sold,43,32,198,-9749,0,4,48.0,0.0,,4.0,6,,,,,,,,,-0.011,3,3,loss,,,,
KXGOLD15M-26OCT081400-00,GOLD,commodity,PAPER,1,YES,2026-10-08T17:45:37.847442+00:00,862.2,50,2026-10-08T17:55:27.835204+00:00,272.2,76,,sold,15,31,229,-9520,0,1,49.5,4.0,,9.0,12,53.5,867.2,3.5,,,,,,0.0184,2,2,loss,5.75,7399.0,2517.75,12523.0
KXSILVER15M-26OCT081400-00,SILVER,commodity,PAPER,1,YES,2026-10-08T17:45:27.497237+00:00,872.5,48,2026-10-08T17:56:09.838067+00:00,230.2,76,,sold,13,31,249,-9271,0,2,47.0,,,5.5,6,,,,,,,,,-0.0002,0,0,loss,,,,
KXPALLADIUM15M-26OCT081400-00,PALLADIUM,commodity,PAPER,1,YES,2026-10-08T17:45:37.811317+00:00,862.2,51,2026-10-08T17:57:35.834766+00:00,144.2,81,,sold,13,29,271,-9000,0,4,49.0,0.0,,0.5,4,,,,,,,,,0.0184,1,1,win,,,,
KXPLATINUM15M-26OCT081400-00,PLATINUM,commodity,PAPER,1,YES,2026-10-08T17:46:08.841976+00:00,831.2,50,2026-10-08T17:58:08.833729+00:00,111.2,74,,sold,5,32,208,-8792,1,3,48.5,4.0,4.0,6.5,40,42.0,872.2,8.0,,,,,,0.0772,5,5,loss,52.0,0.0,1882.0,0.0
KXBTC15M-26OCT081400-00,BTC,crypto,PAPER,1,YES,2026-10-08T17:45:19.841844+00:00,880.2,48,,,0,no,settled,0,18,-498,792,0,1,47.5,,,6.0,20,44.5,893.2,5.5,80765.09,80776.47,-0.0141,-0.0154,-0.015,-0.015,0,0,loss,10768.46,0.0,19704.51,0.0
KXSOL15M-26OCT081400-00,SOL,crypto,PAPER,1,YES,2026-10-08T17:45:22.149557+00:00,877.9,48,,,0,no,settled,0,18,-498,294,0,1,47.5,,,2.0,6,,,,106.59,106.6017,-0.011,-0.0469,-0.0094,-0.0129,1,1,win,,,,
KXWTI15M-26OCT081415-15,WTI,commodity,PAPER,1,YES,2026-10-08T18:00:40.240240+00:00,859.8,49,2026-10-08T18:02:30.837054+00:00,749.2,73,,sold,38,32,208,-8584,0,1,48.5,,,,0,,,,,,,,,-0.0369,2,2,win,,,,
KXPLATINUM15M-26OCT081415-15,PLATINUM,commodity,PAPER,1,NO,2026-10-08T18:00:19.693178+00:00,880.3,49,2026-10-08T18:04:57.834553+00:00,602.2,72,,sold,43,33,197,-8387,0,5,46.5,,,,0,,,,,,,,,0.0464,0,0,win,,,,
KXETH15M-26OCT081415-15,ETH,crypto,PAPER,1,NO,2026-10-08T18:00:14.840345+00:00,885.2,48,2026-10-08T18:05:08.836997+00:00,591.2,72,,sold,34,33,207,501,0,1,47.5,,,0.0,1,47.5,885.2,2.5,2415.74,2415.52,-0.0091,-0.0236,-0.0219,0.0364,2,0,win,261.06,16.0,1861.94,1324.0
KXSOL15M-26OCT081415-15,SOL,crypto,PAPER,1,YES,2026-10-08T18:05:17.842970+00:00,582.2,49,2026-10-08T18:12:57.835826+00:00,122.2,77,,sold,20,31,249,750,5,1,48.5,-25.0,-32.0,34.0,60,64.5,864.2,14.5,106.18,106.1738,0.0058,-0.1786,-0.3005,-0.0843,2,3,loss,0.0,105.0,0.0,891.0
KXBTC15M-26OCT081415-15,BTC,crypto,PAPER,1,YES,2026-10-08T18:00:38.843084+00:00,861.2,48,,,0,no,settled,0,18,-498,252,0,1,47.5,,,4.0,4,43.5,864.2,6.5,80641.68,80649.06,-0.0092,-0.0954,-0.0308,-0.0308,2,2,loss,13648.99,0.0,22906.37,398.02
KXXRP15M-26OCT081415-15,XRP,crypto,PAPER,1,NO,2026-10-08T18:00:35.178447+00:00,864.8,49,,,0,yes,settled,0,18,-508,-256,0,1,48.5,,,,0,,,,1.3242,1.3245,0.0227,0.196,0.0604,-0.0385,1,1,win,,,,
KXGOLD15M-26OCT081415-15,GOLD,commodity,PAPER,1,YES,2026-10-08T18:01:03.849355+00:00,836.2,48,,,0,no,settled,0,18,-498,-8885,1,1,47.5,3.0,,7.0,34,45.5,869.2,4.5,,,,,,-0.0973,5,5,win,2900.0,0.0,8409.75,0.0
KXCOPPER15M-26OCT081415-15,COPPER,commodity,PAPER,1,NO,2026-10-08T18:00:45.840525+00:00,854.2,49,,,0,yes,settled,0,18,-508,-9393,0,3,47.5,,,0.0,1,47.5,854.2,2.5,,,,,,0.0184,4,4,win,100.0,40.0,363.11,241.0
KXPALLADIUM15M-26OCT081415-15,PALLADIUM,commodity,PAPER,1,NO,2026-10-08T18:00:45.339222+00:00,854.7,49,,,0,yes,settled,0,18,-508,-9901,0,3,47.5,,,,0,,,,,,,,,0.0002,3,3,win,,,,
KXSILVER15M-26OCT081415-15,SILVER,commodity,PAPER,1,YES,2026-10-08T18:00:20.841142+00:00,879.2,48,,,0,no,settled,0,18,-498,-10399,0,1,47.5,,,7.0,7,54.5,885.2,4.5,,,,,,0.0334,1,1,win,0.0,159.0,0.0,3512.0
KXGOLD15M-26OCT081430-30,GOLD,commodity,PAPER,1,NO,2026-10-08T18:16:31.840279+00:00,808.2,50,2026-10-08T18:20:07.835804+00:00,592.2,72,,sold,45,33,187,-10212,1,1,49.5,16.0,5.0,18.0,60,45.5,867.2,4.5,,,,,,0.0591,4,4,loss,2847.0,0.0,8242.0,0.0
KXPLATINUM15M-26OCT081430-30,PLATINUM,commodity,PAPER,1,NO,2026-10-08T18:16:26.840753+00:00,813.2,49,2026-10-08T18:20:25.834540+00:00,574.2,74,,sold,43,32,218,-9994,1,3,47.5,5.0,1.0,9.5,42,45.0,856.2,5.0,,,,,,0.0686,3,3,win,90.0,0.0,375.0,53.0
KXCOPPER15M-26OCT081430-30,COPPER,commodity,PAPER,1,NO,2026-10-08T18:15:27.453890+00:00,872.6,48,2026-10-08T18:20:56.840121+00:00,543.2,72,,sold,36,33,207,-9787,0,2,47.0,,,9.0,17,,,,,,,,,0.192,3,0,win,,,,
KXSILVER15M-26OCT081430-30,SILVER,commodity,PAPER,1,NO,2026-10-08T18:15:32.704076+00:00,867.3,50,2026-10-08T18:20:57.833966+00:00,542.2,72,,sold,32,33,187,-9600,0,3,48.5,-4.0,,8.0,20,,,,,,,,,0.1759,2,1,win,,,,
KXPALLADIUM15M-26OCT081430-30,PALLADIUM,commodity,PAPER,1,NO,2026-10-08T18:19:30.845992+00:00,629.2,50,2026-10-08T18:21:34.834204+00:00,505.2,72,,sold,41,33,187,-9413,4,4,48.0,14.5,5.5,14.5,47,46.5,874.2,3.5,,,,,,0.0309,5,5,loss,107.0,0.0,2287.0,28.0
KXWTI15M-26OCT081430-30,WTI,commodity,PAPER,1,NO,2026-10-08T18:15:35.841208+00:00,864.2,49,2026-10-08T18:28:00.836276+00:00,119.2,72,,sold,9,33,197,-9216,0,1,48.5,0.0,,10.0,25,45.5,867.2,4.5,,,,,,0.1863,3,2,win,160.0,76.0,3500.0,2882.37
KXETH15M-26OCT081445-45,ETH,crypto,PAPER,1,YES,2026-10-08T18:31:41.841942+00:00,798.2,49,2026-10-08T18:33:25.837242+00:00,694.2,73,,sold,37,32,208,-48,1,1,48.5,12.0,14.0,19.0,61,44.5,881.2,5.5,2437.8,2438.38,-0.0238,0.069,0.0903,0.0978,2,2,win,98.5,0.0,1766.7,0.0
KXXRP15M-26OCT081445-45,XRP,crypto,PAPER,1,YES,2026-10-08T18:31:03.848296+00:00,836.2,50,2026-10-08T18:33:59.834262+00:00,660.2,72,,sold,45,33,187,139,1,2,49.0,12.5,2.0,16.5,45,39.5,876.2,10.5,1.352,1.3526,-0.0444,0.1185,0.0148,-0.0381,0,0,loss,218.15,0.0,417.15,572.0
KXDOGE15M-26OCT081445-45,DOGE,crypto,PAPER,1,YES,2026-10-08T18:31:14.841831+00:00,825.2,49,2026-10-08T18:34:14.835405+00:00,645.2,72,,sold,43,33,197,336,1,1,48.5,11.5,7.0,15.0,42,39.5,866.2,10.5,0.0828,0.0828,-0.0495,0.121,-0.0604,0.0192,1,1,win,620.0,0.0,797.0,5.06
KXSOL15M-26OCT081445-45,SOL,crypto,PAPER,1,NO,2026-10-08T18:34:00.363397+00:00,659.6,50,2026-10-08T18:35:33.834828+00:00,566.2,72,,sold,37,33,187,523,4,1,49.5,0.5,-1.0,10.5,60,70.0,861.2,20.0,107.85,107.8192,-0.0286,-0.0371,-0.0464,0.0405,1,3,win,0.0,376.0,0.0,1347.0
KXBTC15M-26OCT081445-45,BTC,crypto,PAPER,1,NO,2026-10-08T18:35:10.844617+00:00,589.2,50,2026-10-08T18:35:55.840034+00:00,544.2,73,,sold,46,32,198,721,5,1,49.5,15.0,17.0,23.0,60,67.5,876.2,17.5,81402.32,81380.14,-0.0273,0.0743,0.0868,-0.0868,1,4,loss,0.0,0.0,0.0,0.0
KXGOLD15M-26OCT081445-45,GOLD,commodity,PAPER,1,YES,2026-10-08T18:30:07.795069+00:00,892.2,48,,,0,no,settled,0,18,-498,-9714,0,1,47.5,,,1.5,5,,,,,,,,,-0.1105,0,0,win,,,,
KXPALLADIUM15M-26OCT081445-45,PALLADIUM,commodity,PAPER,1,YES,2026-10-08T18:30:33.477631+00:00,866.5,51,,,0,no,settled,0,18,-528,-10242,0,5,48.5,,,0.5,3,,,,,,,,,-0.1204,1,1,win,,,,
KXWTI15M-26OCT081445-45,WTI,commodity,PAPER,1,NO,2026-10-08T18:30:38.695745+00:00,861.3,49,,,0,yes,settled,0,18,-508,-10750,0,2,48.0,0.0,,6.0,5,,,,,,,,,-0.136,2,2,win,,,,
KXDOGE15M-26OCT081500-00,DOGE,crypto,PAPER,1,NO,2026-10-08T18:45:29.904013+00:00,870.1,50,2026-10-08T18:49:03.834501+00:00,656.2,72,,sold,48,33,187,908,0,1,49.5,,,1.0,10,,,,,,,,,0.0225,2,2,win,,,,
KXSOL15M-26OCT081500-00,SOL,crypto,PAPER,1,NO,2026-10-08T18:45:41.842388+00:00,858.2,48,2026-10-08T18:49:12.840462+00:00,647.2,72,,sold,44,33,207,1115,0,2,47.0,0.5,,2.5,11,46.0,859.2,4.0,107.92,107.8985,-0.0199,0.0463,0.0093,-0.0032,4,4,win,9.0,354.29,1535.37,1106.29
KXPLATINUM15M-26OCT081500-00,PLATINUM,commodity,PAPER,1,YES,2026-10-08T18:45:19.840093+00:00,880.2,52,2026-10-08T18:50:13.835661+00:00,586.2,72,,sold,35,33,167,-10583,0,5,49.5,,,5.0,6,49.5,880.2,0.5,,,,,,0.0076,5,2,win,85.0,23.0,1427.0,1492.46
KXBTC15M-26OCT081500-00,BTC,crypto,PAPER,1,NO,2026-10-08T18:45:32.840999+00:00,867.2,48,2026-10-08T18:51:34.838182+00:00,505.2,72,,sold,45,33,207,1322,0,1,47.5,,,8.0,24,46.5,880.2,3.5,81490.51,81464.86,-0.0315,-0.0464,-0.0083,0.0083,3,3,win,13377.89,1034.97,23481.16,5328.33
KXPALLADIUM15M-26OCT081500-00,PALLADIUM,commodity,PAPER,1,NO,2026-10-08T18:45:14.384909+00:00,885.6,51,2026-10-08T18:54:00.834506+00:00,359.2,72,,sold,34,33,177,-10406,0,5,48.5,,,0.0,1,,,,,,,,,0.0191,3,0,win,,,,
KXWTI15M-26OCT081500-00,WTI,commodity,PAPER,1,NO,2026-10-08T18:45:19.436144+00:00,880.6,48,2026-10-08T18:55:10.835559+00:00,289.2,72,,sold,26,33,207,-10199,0,2,47.0,,,4.0,9,,,,,,,,,0.0144,4,1,win,,,,
KXCOPPER15M-26OCT081500-00,COPPER,commodity,PAPER,1,NO,2026-10-08T18:45:40.229963+00:00,859.8,50,2026-10-08T18:59:51.835315+00:00,8.2,80,,sold,4,30,270,-9929,0,5,47.5,-2.0,,2.0,10,,,,,,,,,0.0018,5,5,win,,,,
KXXRP15M-26OCT081500-00,XRP,crypto,PAPER,1,YES,2026-10-08T18:45:24.520038+00:00,875.5,50,,,0,no,settled,1,18,-518,804,0,1,49.5,,,1.5,10,,,,1.3622,1.3623,-0.0073,-0.0073,0.022,0.0225,1,1,win,,,,
KXETH15M-26OCT081500-00,ETH,crypto,PAPER,1,YES,2026-10-08T18:45:14.376967+00:00,885.6,50,,,0,no,settled,0,18,-518,286,0,1,49.5,,,4.0,10,,,,2447.2,2446.88,0.0131,-0.0172,0.0168,0.0191,0,0,win,,,,
KXSILVER15M-26OCT081500-00,SILVER,commodity,PAPER,1,NO,2026-10-08T18:45:34.999392+00:00,865.0,49,,,0,yes,settled,0,18,-508,-10437,0,1,48.5,0.0,,2.0,10,,,,,,,,,-0.0035,4,3,win,,,,
KXGOLD15M-26OCT081500-00,GOLD,commodity,PAPER,1,NO,2026-10-08T18:45:40.217369+00:00,859.8,49,,,0,yes,settled,0,18,-508,-10945,0,1,48.5,-3.0,,3.0,10,,,,,,,,,0.0018,4,4,loss,,,,
KXDOGE15M-26OCT081515-15,DOGE,crypto,PAPER,1,YES,2026-10-08T19:00:12.208303+00:00,887.8,50,2026-10-08T19:02:06.835518+00:00,773.2,73,,sold,46,32,198,484,0,1,49.5,,,2.0,11,,,,0.0831,0.0831,0.0,0.0,0.012,0.0397,1,0,win,,,,
KXCOPPER15M-26OCT081515-15,COPPER,commodity,PAPER,1,NO,2026-10-08T19:00:17.681397+00:00,882.3,50,2026-10-08T19:03:11.834800+00:00,708.2,72,,sold,35,33,187,-10758,0,5,47.5,,,2.5,5,,,,,,,,,0.0335,3,1,win,,,,
KXBTC15M-26OCT081515-15,BTC,crypto,PAPER,1,NO,2026-10-08T19:00:22.845124+00:00,877.2,49,2026-10-08T19:07:45.835515+00:00,434.2,74,,sold,15,32,218,702,0,1,48.5,,,5.0,12,48.5,877.2,1.5,81451.52,81434.78,-0.0206,-0.0079,0.0001,-0.0001,1,1,win,8526.54,3653.46,21658.58,12122.86
KXETH15M-26OCT081515-15,ETH,crypto,PAPER,1,NO,2026-10-08T19:00:33.222039+00:00,866.8,48,2026-10-08T19:07:55.836106+00:00,424.2,73,,sold,8,32,218,920,0,1,47.5,-7.0,,8.0,11,,,,2447.0,2446.34,-0.027,-0.0683,-0.0245,0.0251,2,2,loss,,,,
KXPALLADIUM15M-26OCT081515-15,PALLADIUM,commodity,PAPER,1,NO,2026-10-08T19:00:12.219818+00:00,887.8,51,2026-10-08T19:08:30.834470+00:00,389.2,73,,sold,36,32,188,-10570,0,3,49.5,,,0.5,3,,,,,,,,,0.0397,2,0,win,,,,
KXSOL15M-26OCT081515-15,SOL,crypto,PAPER,1,NO,2026-10-08T19:01:01.844715+00:00,838.2,49,,,0,yes,settled,0,18,-508,412,1,2,48.0,1.5,,15.0,35,39.5,861.2,10.5,108.04,108.0095,-0.0282,-0.0278,-0.0185,0.0346,3,3,win,4.0,0.0,763.6,599.0
KXPLATINUM15M-26OCT081515-15,PLATINUM,commodity,PAPER,1,NO,2026-10-08T19:04:01.851655+00:00,658.2,51,,,0,yes,settled,0,18,-528,-11098,4,3,49.5,-6.0,1.0,12.0,45,46.5,866.2,3.5,,,,,,0.0008,1,2,win,0.0,0.0,52.0,0.0
KXGOLD15M-26OCT081530-30,GOLD,commodity,PAPER,1,NO,2026-10-08T19:15:27.486753+00:00,872.5,50,2026-10-08T19:15:39.835383+00:00,860.2,72,,sold,50,33,187,-10911,0,1,49.5,,,2.0,5,,,,,,,,,0.008,1,1,loss,,,,
KXXRP15M-26OCT081530-30,XRP,crypto,PAPER,1,YES,2026-10-08T19:15:37.820848+00:00,862.2,50,2026-10-08T19:17:04.836051+00:00,775.2,72,,sold,41,33,187,599,0,1,49.5,0.0,,1.0,5,,,,1.3624,1.3632,-0.0587,-0.0514,-0.0587,-0.0272,2,2,loss,,,,
KXBTC15M-26OCT081530-30,BTC,crypto,PAPER,1,YES,2026-10-08T19:15:53.140080+00:00,846.9,49,2026-10-08T19:17:17.836261+00:00,762.2,72,,sold,40,33,197,796,0,1,48.5,0.0,,0.0,5,,,,81406.0,81443.34,-0.0458,-0.0606,-0.0371,-0.0371,3,3,win,,,,
KXSOL15M-26OCT081530-30,SOL,crypto,PAPER,1,YES,2026-10-08T19:15:06.118658+00:00,893.9,49,2026-10-08T19:17:57.834815+00:00,722.2,72,,sold,39,33,197,993,0,2,48.0,,,1.0,5,,,,108.54,108.548,-0.0074,0.0,0.0184,0.0163,1,0,win,,,,
KXDOGE15M-26OCT081530-30,DOGE,crypto,PAPER,1,YES,2026-10-08T19:16:17.841659+00:00,822.2,49,2026-10-08T19:19:35.837928+00:00,624.2,74,,sold,46,32,218,1211,1,2,48.0,11.5,1.5,12.0,35,39.5,856.2,10.5,0.0832,0.0833,-0.0805,0.0481,-0.036,0.028,4,4,win,113.03,84.0,755.16,796.0
KXETH15M-26OCT081530-30,ETH,crypto,PAPER,1,YES,2026-10-08T19:15:17.028102+00:00,883.0,49,2026-10-08T19:19:35.843102+00:00,624.2,73,,sold,34,32,208,1419,0,1,48.5,,,1.0,5,,,,2449.56,2450.07,-0.0208,0.0061,-0.0004,-0.0006,1,1,win,,,,
KXSILVER15M-26OCT081530-30,SILVER,commodity,PAPER,1,YES,2026-10-08T19:15:27.496268+00:00,872.5,50,2026-10-08T19:23:32.835698+00:00,387.2,72,,sold,20,33,187,-10724,0,1,49.5,,,2.0,5,,,,,,,,,0.008,2,2,loss,,,,
KXPALLADIUM15M-26OCT081530-30,PALLADIUM,commodity,PAPER,1,YES,2026-10-08T19:15:18.844032+00:00,881.2,50,,,0,no,settled,0,18,-518,-11242,0,2,49.0,,,3.5,6,49.0,881.2,1.0,,,,,,0.0326,1,0,win,50.0,21.0,153.75,140.0
KXCOPPER15M-26OCT081530-30,COPPER,commodity,PAPER,1,NO,2026-10-08T19:21:27.845880+00:00,512.2,49,,,0,yes,settled,0,18,-508,-11750,6,4,47.0,-25.0,-39.5,42.0,55,56.0,861.2,6.0,,,,,,-0.0325,4,5,win,0.0,101.0,0.0,304.0
KXPLATINUM15M-26OCT081530-30,PLATINUM,commodity,PAPER,1,YES,2026-10-08T19:15:27.504665+00:00,872.5,50,,,0,no,settled,0,18,-518,-12268,0,4,48.0,,,1.0,3,,,,,,,,,0.008,3,3,loss,,,,
KXWTI15M-26OCT081530-30,WTI,commodity,PAPER,1,YES,2026-10-08T19:15:32.845509+00:00,867.2,50,,,0,no,settled,0,18,-518,-12786,0,1,49.5,3.5,,5.0,6,49.5,867.2,0.5,,,,,,-0.0006,4,4,win,162.0,383.22,2517.61,3041.22
KXBTC15M-26OCT081545-45,BTC,crypto,PAPER,1,YES,2026-10-08T19:30:33.812719+00:00,866.2,48,2026-10-08T19:31:25.836394+00:00,814.2,73,,sold,47,32,218,1637,0,1,47.5,0.0,,0.0,5,,,,81658.34,81637.52,0.0255,0.0366,0.0219,0.0219,2,2,win,,,,
KXWTI15M-26OCT081545-45,WTI,commodity,PAPER,1,YES,2026-10-08T19:30:12.840024+00:00,887.2,48,2026-10-08T19:31:43.837455+00:00,796.2,72,,sold,47,33,207,-12579,0,1,47.5,,,1.5,8,48.5,892.2,1.5,,,,,,0.0351,4,0,win,63.9,36.0,1112.9,845.0
KXDOGE15M-26OCT081545-45,DOGE,crypto,PAPER,1,YES,2026-10-08T19:30:33.819652+00:00,866.2,49,2026-10-08T19:33:47.836125+00:00,672.2,73,,sold,48,32,208,1845,0,1,48.5,-1.0,,1.0,5,,,,0.0835,0.0835,0.0587,0.0959,0.1079,0.0219,3,3,win,,,,
KXPLATINUM15M-26OCT081545-45,PLATINUM,commodity,PAPER,1,YES,2026-10-08T19:30:23.385783+00:00,876.6,48,2026-10-08T19:38:25.834952+00:00,394.2,74,,sold,34,32,228,-12351,0,5,45.5,,,4.5,5,,,,,,,,,0.0216,5,1,loss,,,,
KXGOLD15M-26OCT081545-45,GOLD,commodity,PAPER,1,YES,2026-10-08T19:30:42.856286+00:00,857.2,48,2026-10-08T19:38:34.837980+00:00,385.2,72,,sold,34,33,207,-12144,0,1,47.5,3.0,,7.0,9,46.0,860.2,4.0,,,,,,0.0214,3,3,win,3381.03,2059.0,10864.03,7533.3
KXSILVER15M-26OCT081545-45,SILVER,commodity,PAPER,1,YES,2026-10-08T19:31:14.843517+00:00,825.2,50,2026-10-08T19:39:06.834886+00:00,353.2,72,,sold,25,33,187,-11957,1,2,49.0,8.5,10.5,12.5,55,41.0,881.2,9.0,,,,,,0.0341,4,4,win,81.0,0.0,3231.0,0.0
KXPALLADIUM15M-26OCT081545-45,PALLADIUM,commodity,PAPER,1,NO,2026-10-08T19:30:39.090005+00:00,860.9,49,2026-10-08T19:43:42.835834+00:00,77.2,81,,sold,7,29,291,-11666,0,2,48.0,0.0,,0.5,3,,,,,,,,,0.0158,2,2,loss,,,,
KXCOPPER15M-26OCT081545-45,COPPER,commodity,PAPER,1,NO,2026-10-08T19:34:02.859089+00:00,657.2,48,2026-10-08T19:44:54.835262+00:00,5.2,76,,sold,2,31,249,-11417,4,3,46.5,3.0,0.0,3.5,46,59.5,881.2,9.5,,,,,,0.0754,4,5,loss,0.0,118.8,0.0,324.8
KXSOL15M-26OCT081545-45,SOL,crypto,PAPER,1,NO,2026-10-08T19:30:07.784872+00:00,892.2,48,,,0,yes,settled,0,18,-498,1347,0,1,47.5,,,0.0,5,,,,108.94,108.874,-0.0606,-0.0551,-0.0919,0.0121,0,0,win,,,,
KXXRP15M-26OCT081545-45,XRP,crypto,PAPER,1,NO,2026-10-08T19:30:23.376331+00:00,876.6,50,,,0,yes,settled,0,18,-518,829,0,1,49.5,,,1.0,5,,,,1.368,1.3672,-0.0585,-0.0732,-0.1024,0.0216,1,1,win,,,,
KXDOGE15M-26OCT081600-00,DOGE,crypto,PAPER,1,YES,2026-10-08T19:45:04.156519+00:00,895.9,49,2026-10-08T19:49:12.837064+00:00,647.2,72,,sold,47,33,197,1026,0,2,48.0,,,,0,,,,,,,0.0119,0.0358,-0.0058,3,1,win,,,,
KXSILVER15M-26OCT081600-00,SILVER,commodity,PAPER,1,YES,2026-10-08T19:45:29.891656+00:00,870.1,49,2026-10-08T19:51:03.838337+00:00,536.2,72,,sold,26,33,197,-11220,0,1,48.5,,,,0,,,,,,,,,-0.0253,0,0,win,,,,
KXBTC15M-26OCT081600-00,BTC,crypto,PAPER,1,YES,2026-10-08T19:45:04.147925+00:00,895.9,49,2026-10-08T19:52:59.844071+00:00,420.2,72,,sold,39,33,197,1223,0,1,48.5,,,,0,,,,81672.45,81678.13,-0.007,0.0115,-0.0103,-0.0103,2,0,win,,,,
KXETH15M-26OCT081600-00,ETH,crypto,PAPER,1,YES,2026-10-08T19:49:33.849723+00:00,626.2,48,2026-10-08T19:53:00.843534+00:00,419.2,75,,sold,39,32,238,1461,4,1,47.5,-18.0,-15.0,23.0,60,34.5,869.1,15.5,2460.09,2460.89,-0.0325,-0.0869,-0.0699,-0.024,1,2,win,0.0,0.0,0.0,0.0
KXWTI15M-26OCT081600-00,WTI,commodity,PAPER,1,NO,2026-10-08T19:49:00.843816+00:00,659.2,49,2026-10-08T19:53:40.835490+00:00,379.2,78,,sold,36,31,259,-10961,4,1,48.5,6.0,18.0,18.0,61,44.5,869.1,5.5,,,,,,0.0301,3,3,win,150.0,0.0,3570.0,0.0
KXGOLD15M-26OCT081600-00,GOLD,commodity,PAPER,1,YES,2026-10-08T19:51:56.846853+00:00,483.2,48,2026-10-08T19:55:27.843325+00:00,272.2,72,,sold,32,33,207,-10754,6,1,47.5,13.0,13.0,18.0,60,44.5,885.2,5.5,,,,,,-0.0051,4,5,win,1574.81,0.0,4646.81,0.0
KXXRP15M-26OCT081600-00,XRP,crypto,PAPER,1,NO,2026-10-08T19:49:44.844400+00:00,615.2,50,2026-10-08T19:59:05.836246+00:00,54.2,72,,sold,0,33,187,1648,4,1,49.5,14.0,1.0,21.0,61,66.5,890.2,16.5,1.3727,1.3732,0.0364,0.1237,0.0073,-0.0267,2,3,loss,0.0,0.0,0.0,0.0
KXCOPPER15M-26OCT081600-00,COPPER,commodity,PAPER,1,YES,2026-10-08T19:45:40.137851+00:00,859.9,48,,,0,no,settled,0,18,-498,-11252,0,1,47.5,,,,0,,,,,,,,,-0.0247,1,1,win,,,,
KXPALLADIUM15M-26OCT081600-00,PALLADIUM,commodity,PAPER,1,NO,2026-10-08T19:45:40.151640+00:00,859.9,50,,,0,yes,settled,0,18,-518,-11770,0,1,49.5,,,,0,,,,,,,,,-0.0247,2,2,win,,,,
KXPLATINUM15M-26OCT081600-00,PLATINUM,commodity,PAPER,1,NO,2026-10-08T19:50:19.846700+00:00,580.2,48,,,0,yes,settled,0,18,-498,-12268,5,1,47.5,-32.0,-31.0,34.0,58,61.5,880.2,11.5,,,,,,-0.0337,4,4,win,0.0,6.0,0.0,16.0
KXGOLD15M-26OCT081615-15,GOLD,commodity,PAPER,1,YES,2026-10-08T20:00:26.597698+00:00,873.4,50,2026-10-08T20:05:17.836282+00:00,582.2,74,,sold,32,32,208,-12060,0,1,49.5,,,8.5,6,,,,,,,,,0.0409,4,1,win,,,,
KXSILVER15M-26OCT081615-15,SILVER,commodity,PAPER,1,NO,2026-10-08T20:00:32.841857+00:00,867.2,50,2026-10-08T20:07:18.835802+00:00,461.2,72,,sold,43,33,187,-11873,0,2,49.0,-2.0,,2.0,7,49.0,867.2,1.0,,,,,,0.005,4,3,win,0.0,3063.18,878.03,3913.18
KXSOL15M-26OCT081615-15,SOL,crypto,PAPER,1,YES,2026-10-08T20:00:05.932072+00:00,894.1,50,2026-10-08T20:07:55.834957+00:00,424.2,73,,sold,26,32,198,1846,0,1,49.5,,,2.5,5,,,,109.13,109.1262,0.0035,0.0367,0.0092,-0.0129,1,1,loss,,,,
KXPLATINUM15M-26OCT081615-15,PLATINUM,commodity,PAPER,1,YES,2026-10-08T20:00:11.843398+00:00,888.2,50,2026-10-08T20:08:01.836940+00:00,418.2,73,,sold,44,32,198,-11675,0,4,48.0,,,9.0,6,48.0,888.2,2.0,,,,,,0.0321,3,0,win,75.0,38.0,92.0,48.75
KXPALLADIUM15M-26OCT081615-15,PALLADIUM,commodity,PAPER,1,NO,2026-10-08T20:01:04.849193+00:00,835.2,51,2026-10-08T20:08:56.835162+00:00,363.2,73,,sold,42,32,188,-11487,1,3,49.5,-7.0,-7.0,8.0,23,56.5,878.2,6.5,,,,,,0.0529,4,4,loss,0.0,128.0,76.0,2233.0
KXCOPPER15M-26OCT081615-15,COPPER,commodity,PAPER,1,NO,2026-10-08T20:00:26.605518+00:00,873.4,51,2026-10-08T20:09:10.835595+00:00,349.2,74,,sold,46,32,198,-11289,0,5,48.5,,,1.5,6,,,,,,,,,0.0409,5,2,win,,,,
KXETH15M-26OCT081615-15,ETH,crypto,PAPER,1,NO,2026-10-08T20:00:31.921695+00:00,868.1,49,,,0,yes,settled,0,18,-508,1338,0,1,48.5,-5.0,,5.0,6,,,,2462.97,2463.23,0.0106,-0.028,0.0114,0.005,2,2,win,,,,
KXBTC15M-26OCT081615-15,BTC,crypto,PAPER,1,NO,2026-10-08T20:00:05.916880+00:00,894.1,48,,,0,yes,settled,0,18,-498,840,0,1,47.5,,,4.0,5,,,,81718.37,81712.22,-0.0075,-0.0132,0.0129,-0.0129,0,0,win,,,,
KXDOGE15M-26OCT081615-15,DOGE,crypto,PAPER,1,NO,2026-10-08T20:00:37.080828+00:00,862.9,49,,,0,yes,settled,0,18,-508,332,0,1,48.5,0.0,,1.5,6,,,,0.0838,0.0837,-0.0538,-0.0358,-0.0597,0.0433,3,3,win,,,,
KXWTI15M-26OCT081630-30,WTI,commodity,PAPER,1,YES,2026-10-08T20:15:43.264970+00:00,856.7,50,2026-10-08T20:16:45.837274+00:00,794.2,72,,sold,48,33,187,-11102,0,2,49.0,0.0,,4.0,4,,,,,,,,,-0.0242,5,5,win,,,,
KXSOL15M-26OCT081630-30,SOL,crypto,PAPER,1,YES,2026-10-08T20:15:24.843334+00:00,875.2,50,2026-10-08T20:17:20.835846+00:00,759.2,73,,sold,48,32,198,530,0,1,49.5,,,5.0,8,50.0,877.2,0.0,109.43,109.4233,0.0061,-0.0274,0.0183,-0.0177,3,3,win,298.35,132.0,1229.35,1071.15
KXPALLADIUM15M-26OCT081630-30,PALLADIUM,commodity,PAPER,1,NO,2026-10-08T20:15:07.264313+00:00,892.7,51,2026-10-08T20:23:28.836195+00:00,391.2,76,,sold,12,31,219,-10883,0,5,48.5,,,0.0,1,,,,,,,,,0.0002,0,0,win,,,,
KXDOGE15M-26OCT081630-30,DOGE,crypto,PAPER,1,YES,2026-10-08T20:15:12.342028+00:00,887.7,49,2026-10-08T20:25:32.835065+00:00,267.2,72,,sold,33,33,197,727,0,1,48.5,,,2.0,5,,,,,,,,,-0.0177,3,1,win,,,,
KXXRP15M-26OCT081630-30,XRP,crypto,PAPER,1,YES,2026-10-08T20:15:07.253804+00:00,892.8,49,2026-10-08T20:26:22.836684+00:00,217.2,72,,sold,12,33,197,924,0,1,48.5,,,3.0,5,,,,,,,-0.0218,0.0145,0.0002,2,0,win,,,,
KXSILVER15M-26OCT081630-30,SILVER,commodity,PAPER,1,NO,2026-10-08T20:15:23.841343+00:00,876.2,51,2026-10-08T20:26:28.835390+00:00,211.2,73,,sold,15,32,188,-10695,0,3,49.5,,,4.5,10,50.0,882.2,0.0,,,,,,-0.0177,3,3,win,69.1,2660.1,814.1,3376.35
KXCOPPER15M-26OCT081630-30,COPPER,commodity,PAPER,1,NO,2026-10-08T20:15:17.846169+00:00,882.2,49,2026-10-08T20:29:25.836064+00:00,34.2,74,,sold,18,32,218,-10477,0,2,48.0,,,5.0,5,48.0,882.2,2.0,,,,,,-0.0177,2,2,win,24.0,23.0,267.0,288.41
KXGOLD15M-26OCT081630-30,GOLD,commodity,PAPER,1,NO,2026-10-08T20:15:43.252797+00:00,856.8,48,2026-10-08T20:29:54.836270+00:00,5.2,76,,sold,2,31,249,-10228,0,2,47.0,0.0,,0.5,5,,,,,,,,,-0.0242,4,4,win,,,,
KXETH15M-26OCT081630-30,ETH,crypto,PAPER,1,YES,2026-10-08T20:15:17.521292+00:00,882.5,49,,,0,no,settled,0,18,-508,416,0,1,48.5,,,1.5,5,,,,2469.55,2469.98,-0.0174,0.0065,-0.0198,-0.0177,2,2,loss,,,,
KXPLATINUM15M-26OCT081630-30,PLATINUM,commodity,PAPER,1,NO,2026-10-08T20:15:17.533939+00:00,882.5,51,,,0,yes,settled,0,18,-528,-10756,0,5,48.5,,,0.0,2,,,,,,,,,-0.0177,1,1,win,,,,
KXDOGE15M-26OCT081645-45,DOGE,crypto,PAPER,1,NO,2026-10-08T20:30:34.844059+00:00,865.2,48,2026-10-08T20:31:55.835682+00:00,784.2,72,,sold,47,33,207,623,0,1,47.5,-4.0,,16.0,27,55.5,881.2,5.5,,,,,,0.0067,1,1,win,0.0,0.0,161.0,94.0
KXPALLADIUM15M-26OCT081645-45,PALLADIUM,commodity,PAPER,1,NO,2026-10-08T20:31:00.846890+00:00,839.2,50,2026-10-08T20:32:19.833962+00:00,760.2,73,,sold,44,32,198,-10558,1,4,48.0,-3.5,,21.5,18,58.5,860.2,8.5,,,,,,-0.0031,4,4,win,0.0,110.0,5.0,2196.0
KXBTC15M-26OCT081645-45,BTC,crypto,PAPER,1,NO,2026-10-08T20:30:34.875165+00:00,865.1,50,2026-10-08T20:32:46.836835+00:00,733.2,73,,sold,44,32,198,821,0,1,49.5,-6.0,,13.0,11,49.5,865.1,0.5,81710.29,81718.45,0.01,-0.0194,-0.0067,0.0067,3,3,loss,561.54,10638.08,12904.22,19924.04
KXETH15M-26OCT081645-45,ETH,crypto,PAPER,1,NO,2026-10-08T20:30:34.859893+00:00,865.2,50,2026-10-08T20:34:01.835877+00:00,658.2,74,,sold,45,32,208,1029,0,1,49.5,0.0,,8.0,11,49.5,865.2,0.5,2467.94,2468.2,0.0105,0.002,-0.0146,0.0067,2,2,loss,0.0,62.0,1380.5,513.5
KXWTI15M-26OCT081645-45,WTI,commodity,PAPER,1,YES,2026-10-08T20:30:18.474030+00:00,881.5,50,2026-10-08T20:37:57.837566+00:00,422.2,72,,sold,19,33,187,-10371,0,2,49.0,,,4.0,10,,,,,,,,,-0.0454,2,1,win,,,,
KXSOL15M-26OCT081645-45,SOL,crypto,PAPER,1,YES,2026-10-08T20:36:31.845012+00:00,508.2,48,2026-10-08T20:39:05.873642+00:00,354.1,72,,sold,45,33,207,1236,6,1,47.5,7.0,17.0,18.5,60,42.0,860.2,8.0,109.37,109.4112,-0.0377,0.0457,0.0732,0.0223,1,4,win,90.0,0.0,919.66,0.0
KXSILVER15M-26OCT081645-45,SILVER,commodity,PAPER,1,NO,2026-10-08T20:30:18.841116+00:00,881.2,50,2026-10-08T20:41:47.835771+00:00,192.2,72,,sold,28,33,187,-10184,0,1,49.5,,,16.0,11,49.5,881.2,0.5,,,,,,-0.0454,3,2,win,163.0,821.1,866.0,1527.35
KXXRP15M-26OCT081645-45,XRP,crypto,PAPER,1,YES,2026-10-08T20:30:27.842391+00:00,872.2,48,2026-10-08T20:43:34.835083+00:00,85.2,84,,sold,3,28,332,1568,0,1,47.5,,,16.0,25,37.5,886.2,12.5,1.377,1.3776,-0.0436,0.0,0.0,0.0419,0,0,win,34.0,0.0,591.0,14.5
KXGOLD15M-26OCT081645-45,GOLD,commodity,PAPER,1,YES,2026-10-08T20:30:13.843024+00:00,886.2,48,,,0,no,settled,0,18,-498,-10682,0,1,47.5,,,11.0,11,47.5,886.2,2.5,,,,,,-0.0553,1,0,win,1.0,2878.5,4753.73,8067.25
KXPLATINUM15M-26OCT081645-45,PLATINUM,commodity,PAPER,1,YES,2026-10-08T20:31:03.854558+00:00,836.2,49,,,0,no,settled,0,18,-508,-11190,1,2,48.0,8.0,,16.0,46,36.5,886.2,13.5,,,,,,-0.0066,5,5,loss,70.0,0.0,81.0,0.0
KXCOPPER15M-26OCT081645-45,COPPER,commodity,PAPER,1,YES,2026-10-08T20:30:29.843783+00:00,870.2,48,,,0,no,settled,0,18,-498,-11688,0,2,47.0,,,14.0,13,45.5,876.2,4.5,,,,,,0.0472,3,3,win,48.22,101.0,191.67,357.87
KXGOLD15M-26OCT081700-00,GOLD,commodity,PAPER,1,NO,2026-10-08T20:45:45.852224+00:00,854.2,49,2026-10-08T20:50:14.836400+00:00,585.2,72,,sold,39,33,197,-11491,0,2,48.0,3.5,,6.5,11,48.0,854.2,2.0,,,,,,-0.001,3,3,loss,1.0,8.0,1846.25,7657.0
KXCOPPER15M-26OCT081700-00,COPPER,commodity,PAPER,1,NO,2026-10-08T20:45:15.842685+00:00,884.2,50,2026-10-08T20:50:38.836101+00:00,561.2,72,,sold,29,33,187,-11304,0,3,48.5,,,1.5,11,47.0,885.2,3.0,,,,,,-0.0287,4,1,win,21.0,218.0,269.0,428.0
KXDOGE15M-26OCT081700-00,DOGE,crypto,PAPER,1,NO,2026-10-08T20:46:59.851870+00:00,780.2,48,2026-10-08T20:52:04.835901+00:00,475.2,72,,sold,47,33,207,1775,1,1,47.5,6.0,-7.0,13.0,59,57.0,864.2,7.0,,,,,,-0.0026,4,4,win,0.0,0.0,0.0,70.0
KXSOL15M-26OCT081700-00,SOL,crypto,PAPER,1,YES,2026-10-08T20:45:35.843071+00:00,864.2,49,2026-10-08T20:52:34.835763+00:00,445.2,72,,sold,25,33,197,1972,0,1,48.5,0.0,,3.0,11,48.5,864.2,1.5,109.62,109.6353,-0.014,-0.0091,-0.0091,-0.0287,2,2,win,35.0,12.0,1054.0,413.0
KXETH15M-26OCT081700-00,ETH,crypto,PAPER,1,YES,2026-10-08T20:45:20.844671+00:00,879.2,50,2026-10-08T20:56:53.876356+00:00,186.1,82,,sold,22,29,291,2263,0,1,49.5,,,4.0,17,45.5,885.2,4.5,2470.24,2470.8,-0.0227,-0.0045,-0.0182,-0.0322,0,0,win,225.5,0.0,1636.46,1.01
KXXRP15M-26OCT081700-00,XRP,crypto,PAPER,1,NO,2026-10-08T20:45:31.844159+00:00,868.2,49,,,0,yes,settled,0,18,-508,1755,0,1,48.5,,,8.0,28,56.5,885.2,6.5,,,,-0.029,0.0145,-0.0287,1,1,win,27.5,93.96,129.51,626.96
KXBTC15M-26OCT081700-00,BTC,crypto,PAPER,1,YES,2026-10-08T20:46:06.859120+00:00,833.2,49,,,0,no,settled,0,18,-508,1247,1,1,48.5,5.0,6.0,7.0,56,44.5,880.2,5.5,81754.6,81768.34,-0.0168,0.0113,0.0071,0.0071,3,3,win,4052.01,0.0,13949.36,0.0
KXWTI15M-26OCT081700-00,WTI,commodity,PAPER,1,NO,2026-10-08T20:45:14.211401+00:00,885.8,50,,,0,yes,settled,0,18,-518,-11822,0,1,49.5,,,4.5,8,,,,,,,,,-0.0287,3,0,win,,,,
KXSILVER15M-26OCT081700-00,SILVER,commodity,PAPER,1,NO,2026-10-08T20:45:24.724113+00:00,875.3,48,,,0,yes,settled,0,18,-498,-12320,0,1,47.5,,,4.0,10,,,,,,,,,-0.0287,5,2,win,,,,
KXPALLADIUM15M-26OCT081700-00,PALLADIUM,commodity,PAPER,1,YES,2026-10-08T20:52:28.846782+00:00,451.2,48,,,0,no,settled,0,18,-498,-12818,7,3,46.5,10.5,4.5,11.0,28,61.5,867.2,11.5,,,,,,-0.0112,2,4,win,0.0,0.0,0.0,0.0
KXETH15M-26OCT081715-15,ETH,crypto,PAPER,1,NO,2026-10-08T21:00:51.843979+00:00,848.2,49,2026-10-08T21:03:08.835152+00:00,711.2,75,,sold,48,32,228,1475,0,1,48.5,-6.0,,16.0,25,46.5,851.2,3.5,2473.85,2473.81,-0.0016,-0.034,-0.0089,-0.0327,1,1,win,208.21,116.0,1702.77,1240.0
KXXRP15M-26OCT081715-15,XRP,crypto,PAPER,1,NO,2026-10-08T21:01:01.850439+00:00,838.2,48,2026-10-08T21:03:24.835835+00:00,695.2,73,,sold,38,32,218,1693,1,1,47.5,10.0,-20.0,30.0,61,44.5,877.2,5.5,1.3781,1.3783,0.0145,0.0653,-0.0726,-0.0285,2,2,loss,27.0,68.0,221.0,649.0
KXSOL15M-26OCT081715-15,SOL,crypto,PAPER,1,YES,2026-10-08T21:01:52.846697+00:00,787.2,48,2026-10-08T21:11:09.835518+00:00,230.2,74,,sold,6,32,228,1921,1,1,47.5,14.5,5.0,15.0,59,45.0,846.2,5.0,109.84,109.8558,-0.0144,0.0729,0.0091,0.0176,3,3,win,358.0,0.0,1439.0,40.01
KXDOGE15M-26OCT081715-15,DOGE,crypto,PAPER,1,YES,2026-10-08T21:00:32.844245+00:00,867.2,50,,,0,no,settled,0,18,-518,1403,0,1,49.5,14.0,,15.5,23,49.5,867.2,0.5,,,,,,-0.0188,0,0,win,83.0,30.36,1089.0,1025.36
KXWTI15M-26OCT081715-15,WTI,commodity,PAPER,1,NO,2026-10-08T21:00:39.843919+00:00,860.2,48,,,0,yes,settled,0,18,-498,-13316,0,1,47.5,-1.5,,16.0,40,36.5,877.2,13.5,,,,,,-0.0371,0,0,loss,152.65,0.0,1035.65,0.0
KXWTI15M-26OCT081730-30,WTI,commodity,PAPER,1,NO,2026-10-08T21:15:38.729175+00:00,861.3,48,2026-10-08T21:21:07.836039+00:00,532.2,73,,sold,42,32,218,-13098,0,1,47.5,0.0,,3.5,6,,,,,,,,,0.0201,0,0,loss,,,,
KXBTC15M-26OCT081730-30,BTC,crypto,PAPER,1,NO,2026-10-08T21:15:33.540114+00:00,866.5,50,2026-10-08T21:24:52.839006+00:00,307.2,74,,sold,24,32,208,1611,0,1,49.5,0.0,,1.0,6,,,,81691.92,81699.81,0.0097,-0.0031,-0.0007,0.0007,2,2,loss,,,,
KXDOGE15M-26OCT081730-30,DOGE,crypto,PAPER,1,NO,2026-10-08T21:15:27.847906+00:00,872.2,48,2026-10-08T21:25:35.835670+00:00,264.2,76,,sold,8,31,249,1860,0,1,47.5,,,7.0,26,46.5,892.0,3.5,,,,,,-0.0225,1,1,loss,89.0,0.0,815.0,1.0
KXSOL15M-26OCT081730-30,SOL,crypto,PAPER,1,NO,2026-10-08T21:15:39.844293+00:00,860.2,49,,,0,yes,settled,0,18,-508,1352,0,2,48.0,3.0,,3.5,8,46.0,861.2,4.0,109.96,109.917,-0.0391,-0.0091,-0.0637,0.0201,4,4,win,358.0,48.0,950.21,733.1
KXXRP15M-26OCT081730-30,XRP,crypto,PAPER,1,NO,2026-10-08T21:15:07.890622+00:00,892.1,49,,,0,yes,settled,0,18,-508,844,0,1,48.5,,,0.0,5,,,,1.3778,1.378,0.0145,-0.0508,-0.0145,-0.0099,1,0,win,,,,
KXETH15M-26OCT081730-30,ETH,crypto,PAPER,1,NO,2026-10-08T21:15:33.554491+00:00,866.5,50,,,0,yes,settled,0,18,-518,326,0,1,49.5,0.0,,0.0,6,,,,2472.19,2471.99,-0.0081,-0.0134,-0.0206,0.0007,3,3,win,,,,
KXDOGE15M-26OCT081745-45,DOGE,crypto,PAPER,1,YES,2026-10-08T21:30:40.849963+00:00,859.2,49,2026-10-08T21:35:23.835454+00:00,576.2,72,,sold,46,33,197,523,0,1,48.5,4.0,,10.0,27,48.5,859.2,1.5,0.0842,0.0842,-0.0012,0.0238,-0.0356,-0.0037,1,1,win,8.1,75.0,1639.1,1070.0
KXSOL15M-26OCT081745-45,SOL,crypto,PAPER,1,YES,2026-10-08T21:30:55.843452+00:00,844.2,48,2026-10-08T21:36:00.834010+00:00,539.2,74,,sold,27,32,228,751,0,1,47.5,8.0,,9.0,47,45.0,864.2,5.0,109.93,109.9658,-0.0326,0.0273,-0.0364,0.0055,3,3,loss,17.0,0.0,737.3,388.0
KXBTC15M-26OCT081745-45,BTC,crypto,PAPER,1,YES,2026-10-08T21:30:36.846289+00:00,863.2,49,2026-10-08T21:37:31.834462+00:00,448.2,72,,sold,38,33,197,948,0,1,48.5,5.0,,10.0,28,45.5,864.2,4.5,81604.65,81623.15,-0.0227,-0.0,-0.0161,-0.0161,0,0,win,4540.03,0.0,10171.67,1513.74
KXETH15M-26OCT081745-45,ETH,crypto,PAPER,1,YES,2026-10-08T21:30:44.843697+00:00,855.2,48,2026-10-08T21:37:33.839331+00:00,446.2,72,,sold,25,33,207,1155,0,1,47.5,9.0,,11.0,40,40.5,869.2,9.5,2473.84,2474.15,-0.0125,0.0376,0.0036,-0.0003,2,2,loss,66.98,0.0,946.4,1198.31
KXXRP15M-26OCT081745-45,XRP,crypto,PAPER,1,YES,2026-10-08T21:37:35.853736+00:00,444.2,49,,,0,no,settled,0,18,-508,647,7,1,48.5,17.0,13.0,18.0,58,42.5,859.1,7.5,1.378,1.3786,-0.0435,0.0654,0.0654,0.0127,0,4,loss,0.0,0.0,227.0,0.0
KXWTI15M-26OCT081745-45,WTI,commodity,PAPER,1,YES,2026-10-08T21:35:13.855866+00:00,586.2,48,,,0,no,settled,0,18,-498,-13596,5,1,47.5,9.5,7.0,11.5,55,32.5,854.2,17.5,,,,,,0.0481,0,0,win,61.0,0.0,245.33,0.0
KXXRP15M-26OCT081800-00,XRP,crypto,PAPER,1,NO,2026-10-08T21:45:30.565423+00:00,869.4,50,2026-10-08T21:48:55.836457+00:00,664.2,72,,sold,50,33,187,834,0,1,49.5,,,3.0,16,,,,1.3752,1.3757,0.0363,0.0145,0.0218,-0.0356,0,0,loss,,,,
KXWTI15M-26OCT081800-00,WTI,commodity,PAPER,1,NO,2026-10-08T21:45:20.355610+00:00,879.7,51,2026-10-08T21:53:22.835466+00:00,397.2,73,,sold,17,32,188,-13408,0,3,49.5,,,10.5,16,,,,,,,,,-0.0222,1,0,win,,,,
KXETH15M-26OCT081800-00,ETH,crypto,PAPER,1,YES,2026-10-08T21:51:44.858041+00:00,495.2,50,2026-10-08T21:53:35.835062+00:00,384.2,78,,sold,46,31,249,1083,6,1,49.5,37.0,38.0,40.5,60,33.5,869.2,16.5,2473.84,2474.42,-0.0234,0.121,0.1238,0.0485,1,2,win,4.77,0.0,267.77,0.0
KXDOGE15M-26OCT081800-00,DOGE,crypto,PAPER,1,YES,2026-10-08T21:52:18.843125+00:00,461.2,49,2026-10-08T21:53:55.834929+00:00,364.2,73,,sold,48,32,208,1291,7,1,48.5,5.0,38.0,38.0,59,43.5,874.2,6.5,,,,,,0.0661,2,3,win,116.0,0.0,627.0,0.0
KXBTC15M-26OCT081800-00,BTC,crypto,PAPER,1,YES,2026-10-08T21:53:24.846973+00:00,395.2,49,2026-10-08T21:55:32.835791+00:00,267.2,72,,sold,41,33,197,1488,8,1,48.5,20.0,19.0,22.0,61,39.5,864.2,10.5,81632.68,81637.42,-0.0058,0.0425,0.0425,0.0425,3,4,win,9865.69,0.0,14243.5,0.0
KXSOL15M-26OCT081800-00,SOL,crypto,PAPER,1,NO,2026-10-08T21:50:26.857208+00:00,573.2,50,,,0,yes,settled,0,18,-518,970,5,1,49.5,4.0,5.0,7.0,61,59.5,879.2,9.5,110.04,110.0185,-0.0195,-0.0,0.0182,0.0079,0,1,win,0.0,0.0,0.0,56.01
KXWTI15M-26OCT081815-15,WTI,commodity,PAPER,1,NO,2026-10-08T22:00:30.943881+00:00,869.1,49,2026-10-08T22:06:54.834557+00:00,485.2,74,,sold,36,32,218,-13190,0,3,47.5,,,10.5,5,,,,,,,,,0.0826,0,0,win,,,,
KXBTC15M-26OCT081815-15,BTC,crypto,PAPER,1,NO,2026-10-08T22:04:02.851990+00:00,657.2,48,,,0,yes,settled,0,18,-498,472,4,1,47.5,1.0,15.0,19.0,61,33.5,863.2,16.5,81611.89,81615.45,0.0044,0.0035,0.0577,-0.0577,1,1,win,0.0,0.0,7253.79,0.0
KXETH15M-26OCT081815-15,ETH,crypto,PAPER,1,NO,2026-10-08T22:04:00.859697+00:00,659.2,48,,,0,yes,settled,0,18,-498,-26,4,1,47.5,-6.0,14.0,15.0,60,36.5,853.2,13.5,2477.39,2477.07,-0.0129,-0.0315,0.0682,-0.0709,0,0,win,0.0,0.0,0.0,0.0
KXXRP15M-26OCT081830-30,XRP,crypto,PAPER,1,YES,2026-10-08T22:15:41.844266+00:00,858.2,49,2026-10-08T22:18:53.841094+00:00,666.2,72,,sold,47,33,197,171,0,1,48.5,8.0,,9.0,17,48.5,858.2,1.5,1.38,1.3805,-0.0362,0.0362,-0.0072,-0.0119,2,2,win,24.0,464.06,179.0,559.06
KXCOPPER15M-26OCT081830-30,COPPER,commodity,PAPER,1,YES,2026-10-08T22:15:32.847310+00:00,867.2,51,2026-10-08T22:21:37.836733+00:00,502.2,72,,sold,47,33,177,-13013,0,3,49.5,-0.5,,6.5,14,49.5,867.2,0.5,,,,,,-0.017,1,1,win,101.0,101.0,302.0,302.0
KXWTI15M-26OCT081830-30,WTI,commodity,PAPER,1,YES,2026-10-08T22:15:52.847348+00:00,847.2,48,2026-10-08T22:21:55.836485+00:00,484.2,73,,sold,44,32,218,-12795,0,1,47.5,4.5,,9.0,41,44.5,873.2,5.5,,,,,,0.0055,2,2,win,0.1,0.0,1064.1,481.1
KXBTC15M-26OCT081830-30,BTC,crypto,PAPER,1,YES,2026-10-08T22:15:27.848096+00:00,872.2,48,,,0,no,settled,0,18,-498,-327,0,1,47.5,,,8.0,23,41.5,878.2,8.5,81762.61,81774.34,-0.0143,0.0,-0.0176,-0.0176,0,0,loss,10150.12,0.0,16202.1,0.0
KXETH15M-26OCT081830-30,ETH,crypto,PAPER,1,YES,2026-10-08T22:16:04.846712+00:00,835.2,48,,,0,no,settled,0,18,-498,-825,1,1,47.5,3.0,8.0,9.0,46,43.5,868.2,6.5,2477.77,2478.27,-0.0202,0.0024,0.0242,0.0314,4,4,loss,132.0,0.0,450.0,0.0
KXDOGE15M-26OCT081830-30,DOGE,crypto,PAPER,1,YES,2026-10-08T22:16:02.851259+00:00,837.2,48,,,0,no,settled,0,18,-498,-1323,1,1,47.5,4.0,8.0,9.0,51,40.5,873.2,9.5,0.0844,0.0844,0.0059,0.0355,0.0592,0.0249,3,3,win,15.0,70.0,1009.0,1055.01
KXSOL15M-26OCT081830-30,SOL,crypto,PAPER,1,YES,2026-10-08T22:15:36.852125+00:00,863.2,48,,,0,no,settled,0,18,-498,-1821,0,2,47.0,3.5,,6.5,17,47.0,863.2,3.0,110.51,110.4948,0.0138,0.0272,-0.0181,-0.0169,1,1,loss,342.29,77.0,1367.78,1061.6
KXPALLADIUM15M-26OCT081830-30,PALLADIUM,commodity,PAPER,1,NO,2026-10-08T22:15:28.844713+00:00,871.2,48,,,0,yes,settled,0,18,-498,-13293,0,5,45.5,,,17.0,14,45.0,872.2,5.0,,,,,,-0.017,0,0,loss,55.0,31.0,156.0,107.0
KXPLATINUM15M-26OCT081830-30,PLATINUM,commodity,PAPER,1,NO,2026-10-08T22:16:06.846187+00:00,833.2,48,,,0,yes,settled,0,18,-498,-13791,1,5,45.5,2.5,-4.0,7.5,17,42.5,853.2,7.5,,,,,,0.0314,3,3,loss,37.0,41.0,1945.75,1499.75
KXDOGE15M-26OCT081845-45,DOGE,crypto,PAPER,1,YES,2026-10-08T22:30:42.845507+00:00,857.2,49,2026-10-08T22:34:26.835329+00:00,633.2,72,,sold,37,33,197,-1624,0,1,48.5,1.0,,2.0,17,48.5,857.2,1.5,,,,,,-0.0171,1,1,loss,60.0,175.0,1016.67,2056.0
KXSOL15M-26OCT081845-45,SOL,crypto,PAPER,1,YES,2026-10-08T22:30:37.590763+00:00,862.4,48,2026-10-08T22:34:34.835428+00:00,625.2,72,,sold,31,33,207,-1417,0,1,47.5,1.0,,2.0,16,,,,110.14,110.1527,-0.0115,-0.0091,-0.0363,-0.0208,0,0,loss,,,,
KXGOLD15M-26OCT081845-45,GOLD,commodity,PAPER,1,YES,2026-10-08T22:30:32.489142+00:00,867.5,49,2026-10-08T22:35:11.840042+00:00,588.2,72,,sold,41,33,197,-13594,0,1,48.5,-3.5,,6.0,16,,,,,,,,,-0.0208,1,1,win,,,,
KXPALLADIUM15M-26OCT081845-45,PALLADIUM,commodity,PAPER,1,YES,2026-10-08T22:30:37.849465+00:00,862.2,51,2026-10-08T22:35:48.835140+00:00,551.2,74,,sold,45,32,198,-13396,0,5,48.5,-1.0,,2.0,17,50.0,880.2,0.0,,,,,,-0.0208,4,4,loss,26.0,0.1,2147.5,25.1
KXETH15M-26OCT081845-45,ETH,crypto,PAPER,1,YES,2026-10-08T22:34:08.849952+00:00,651.2,48,2026-10-08T22:35:48.839714+00:00,551.2,73,,sold,43,32,218,-1199,4,1,47.5,18.0,19.0,19.0,60,40.5,883.2,9.5,2472.33,2472.95,-0.0251,0.0449,0.0506,0.0564,2,2,loss,742.92,0.0,2397.92,0.0
KXSILVER15M-26OCT081845-45,SILVER,commodity,PAPER,1,YES,2026-10-08T22:30:32.500242+00:00,867.5,49,2026-10-08T22:36:37.835983+00:00,502.2,72,,sold,35,33,197,-13199,0,2,48.0,-2.0,,5.0,16,,,,,,,,,-0.0208,2,2,loss,,,,
KXPLATINUM15M-26OCT081845-45,PLATINUM,commodity,PAPER,1,YES,2026-10-08T22:30:46.850263+00:00,853.2,48,2026-10-08T22:36:51.835091+00:00,488.2,73,,sold,41,32,218,-12981,0,5,45.5,-2.0,,8.5,15,45.0,855.2,5.0,,,,,,-0.0162,5,5,loss,37.0,36.1,1859.75,1942.85
KXCOPPER15M-26OCT081845-45,COPPER,commodity,PAPER,1,NO,2026-10-08T22:30:21.976749+00:00,878.0,51,,,0,yes,settled,0,18,-528,-13509,0,4,49.0,,,4.0,13,,,,,,,,,-0.0252,2,0,win,,,,
KXWTI15M-26OCT081845-45,WTI,commodity,PAPER,1,NO,2026-10-08T22:30:32.510646+00:00,867.5,48,,,0,yes,settled,0,18,-498,-14007,0,2,47.0,-3.0,,5.5,14,,,,,,,,,-0.0208,3,3,win,,,,
KXGOLD15M-26OCT081900-00,GOLD,commodity,PAPER,1,YES,2026-10-08T22:45:17.447172+00:00,882.6,49,2026-10-08T22:47:23.837595+00:00,756.2,73,,sold,49,32,208,-13799,0,1,48.5,,,1.5,5,,,,,,,,,0.0153,2,0,win,,,,
KXSILVER15M-26OCT081900-00,SILVER,commodity,PAPER,1,YES,2026-10-08T22:45:33.012009+00:00,867.0,51,2026-10-08T22:48:44.835435+00:00,675.2,72,,sold,46,33,177,-13622,0,5,48.5,,,5.5,4,,,,,,,,,0.0137,4,4,win,,,,
KXSOL15M-26OCT081900-00,SOL,crypto,PAPER,1,NO,2026-10-08T22:45:22.890918+00:00,877.1,48,2026-10-08T22:50:29.835199+00:00,570.2,72,,sold,35,33,207,-992,0,1,47.5,,,10.0,6,47.5,877.1,2.5,110.44,110.405,-0.0317,-0.0272,-0.0453,0.0125,1,1,win,54.0,18.0,863.44,773.5
KXBTC15M-26OCT081900-00,BTC,crypto,PAPER,1,NO,2026-10-08T22:45:22.902414+00:00,877.1,50,2026-10-08T22:51:01.836864+00:00,538.2,72,,sold,35,33,187,-805,0,1,49.5,,,4.0,6,49.5,877.1,0.5,81857.13,81849.54,-0.0093,0.0,-0.0125,0.0125,2,2,loss,5280.02,4822.93,14420.82,12757.34
KXPALLADIUM15M-26OCT081900-00,PALLADIUM,commodity,PAPER,1,YES,2026-10-08T22:45:28.845632+00:00,871.2,50,2026-10-08T22:52:39.836049+00:00,440.2,72,,sold,35,33,187,-13435,0,5,47.5,,,4.0,6,47.5,871.2,2.5,,,,,,0.0137,3,3,win,5.0,16.0,62.0,67.0
KXPLATINUM15M-26OCT081900-00,PLATINUM,commodity,PAPER,1,NO,2026-10-08T22:45:22.879240+00:00,877.1,49,2026-10-08T22:54:12.834769+00:00,347.2,72,,sold,28,33,197,-13238,0,4,47.0,,,5.0,13,47.0,891.2,3.0,,,,,,0.0125,4,2,win,43.0,0.1,149.25,26.1
KXCOPPER15M-26OCT081900-00,COPPER,commodity,PAPER,1,NO,2026-10-08T22:45:17.463247+00:00,882.6,52,2026-10-08T22:59:35.836829+00:00,24.2,72,,sold,12,33,167,-13071,0,5,49.5,,,1.0,4,,,,,,,,,0.0153,3,1,win,,,,
KXXRP15M-26OCT081900-00,XRP,crypto,PAPER,1,YES,2026-10-08T22:45:28.856884+00:00,871.2,49,,,0,no,settled,0,18,-508,-1313,0,1,48.5,,,6.0,6,48.5,871.2,1.5,1.3817,1.3821,-0.0289,0.0145,-0.0145,0.0137,4,4,win,45.33,941.16,211.33,1112.66
KXETH15M-26OCT081900-00,ETH,crypto,PAPER,1,YES,2026-10-08T22:45:20.845150+00:00,879.2,49,,,0,no,settled,0,18,-508,-1821,0,1,48.5,,,8.0,9,46.5,882.2,3.5,2473.74,2474.08,-0.0137,-0.0109,0.0008,0.0125,0,0,win,748.99,0.0,2408.49,158.3
KXDOGE15M-26OCT081900-00,DOGE,crypto,PAPER,1,YES,2026-10-08T22:45:27.936166+00:00,872.1,48,,,0,no,settled,0,18,-498,-2319,0,1,47.5,,,2.5,5,,,,0.0845,0.0844,0.0225,0.0,0.0118,0.0137,3,3,win,,,,
KXWTI15M-26OCT081900-00,WTI,commodity,PAPER,1,YES,2026-10-08T22:51:45.850086+00:00,494.2,50,,,0,no,settled,0,18,-518,-13589,6,1,49.5,-4.0,-9.0,12.0,44,42.5,866.2,7.5,,,,,,0.0013,3,5,loss,0.0,0.0,0.0,0.0
KXGOLD15M-26OCT081915-15,GOLD,commodity,PAPER,1,YES,2026-10-08T23:04:03.846075+00:00,656.2,49,2026-10-08T23:04:43.835176+00:00,616.2,73,,sold,48,32,208,-13381,4,1,48.5,20.0,28.0,28.0,60,40.5,865.2,9.5,,,,,,-0.043,4,4,win,1280.0,0.0,6715.0,0.0
KXSILVER15M-26OCT081915-15,SILVER,commodity,PAPER,1,YES,2026-10-08T23:00:24.845753+00:00,875.2,50,2026-10-08T23:05:54.850410+00:00,545.1,73,,sold,16,32,198,-13183,0,1,49.5,,,7.5,11,49.5,875.2,0.5,,,,,,-0.0176,2,1,win,153.0,703.0,2746.25,3600.12
KXWTI15M-26OCT081915-15,WTI,commodity,PAPER,1,YES,2026-10-08T23:00:29.228621+00:00,870.8,48,2026-10-08T23:06:21.835801+00:00,518.2,73,,sold,43,32,218,-12965,0,2,47.0,,,4.5,6,,,,,,,,,-0.0088,2,2,loss,,,,
KXBTC15M-26OCT081915-15,BTC,crypto,PAPER,1,NO,2026-10-08T23:00:34.289122+00:00,865.7,50,2026-10-08T23:06:59.843240+00:00,480.2,72,,sold,26,33,187,-2132,0,1,49.5,,,13.0,10,,,,81816.42,81818.8,0.0029,0.028,0.0141,-0.0141,0,0,win,,,,
KXETH15M-26OCT081915-15,ETH,crypto,PAPER,1,NO,2026-10-08T23:06:13.857578+00:00,526.2,48,2026-10-08T23:07:12.835370+00:00,467.2,73,,sold,40,32,218,-1914,6,1,47.5,8.0,11.0,14.0,60,44.5,870.2,5.5,2473.83,2473.68,-0.0061,0.0287,0.0501,-0.0278,1,1,loss,34.0,0.0,371.0,0.0
KXCOPPER15M-26OCT081915-15,COPPER,commodity,PAPER,1,YES,2026-10-08T23:00:22.846039+00:00,877.2,49,2026-10-08T23:07:13.834544+00:00,466.2,72,,sold,39,33,197,-12768,0,1,48.5,,,1.5,13,50.0,885.2,0.0,,,,,,-0.0186,1,0,win,37.89,47.0,238.89,151.0
KXSOL15M-26OCT081915-15,SOL,crypto,PAPER,1,NO,2026-10-08T23:06:37.846202+00:00,502.2,48,2026-10-08T23:07:27.835477+00:00,452.2,73,,sold,47,32,218,-1696,6,1,47.5,11.0,23.0,23.0,60,38.5,860.2,11.5,110.22,110.2237,0.0034,0.0453,0.0997,-0.039,2,2,win,20.0,0.0,228.66,360.0
KXPLATINUM15M-26OCT081915-15,PLATINUM,commodity,PAPER,1,YES,2026-10-08T23:04:04.845834+00:00,655.2,51,2026-10-08T23:08:51.841380+00:00,368.2,72,,sold,43,33,177,-12591,4,4,49.0,18.5,21.5,22.0,35,32.5,858.2,17.5,,,,,,-0.0447,5,5,win,6.0,102.0,93.0,129.25
KXDOGE15M-26OCT081915-15,DOGE,crypto,PAPER,1,NO,2026-10-08T23:07:04.855148+00:00,475.2,49,,,0,yes,settled,0,18,-508,-2204,7,2,48.0,22.5,22.5,22.5,60,40.5,886.2,9.5,,,,,,-0.0344,2,3,loss,5.0,0.0,30.45,0.0
KXXRP15M-26OCT081915-15,XRP,crypto,PAPER,1,NO,2026-10-08T23:07:11.851397+00:00,468.2,48,,,0,yes,settled,0,18,-498,-2702,7,1,47.5,20.0,22.0,23.0,61,44.5,875.2,5.5,1.3817,1.3817,-0.0,0.0434,0.0651,-0.0249,3,4,loss,430.0,0.0,528.5,0.0
KXPALLADIUM15M-26OCT081915-15,PALLADIUM,commodity,PAPER,1,YES,2026-10-08T23:04:01.855173+00:00,658.2,49,,,0,no,settled,1,18,-508,-13099,4,5,46.5,-1.5,-5.0,12.0,38,46.5,858.2,3.5,,,,,,-0.0412,3,3,win,0.0,130.0,37.5,2236.0
KXWTI15M-26OCT081930-30,WTI,commodity,PAPER,1,YES,2026-10-08T23:15:19.947748+00:00,880.1,50,2026-10-08T23:16:32.840611+00:00,807.2,76,,sold,49,31,229,-12870,0,1,49.5,,,,0,,,,,,,,,-0.0101,1,0,win,,,,
KXGOLD15M-26OCT081930-30,GOLD,commodity,PAPER,1,YES,2026-10-08T23:15:35.850217+00:00,864.2,50,2026-10-08T23:18:09.836794+00:00,710.2,73,,sold,45,32,198,-12672,0,1,49.5,-1.0,,2.0,6,49.5,864.2,0.5,,,,,,-0.0101,3,3,win,6563.86,6.0,11437.86,141.0
KXCOPPER15M-26OCT081930-30,COPPER,commodity,PAPER,1,YES,2026-10-08T23:15:20.847619+00:00,879.2,50,2026-10-08T23:19:49.836398+00:00,610.2,72,,sold,47,33,187,-12485,0,2,49.0,,,6.5,5,49.0,879.2,1.0,,,,,,-0.0101,2,1,win,115.73,0.1,392.79,177.1
KXPLATINUM15M-26OCT081930-30,PLATINUM,commodity,PAPER,1,YES,2026-10-08T23:15:41.850548+00:00,858.2,48,2026-10-08T23:20:08.834692+00:00,591.2,72,,sold,38,33,207,-12278,0,5,45.5,-2.0,,4.0,3,45.5,858.2,4.5,,,,,,0.0013,5,5,win,63.0,46.0,174.25,63.25
KXBTC15M-26OCT081930-30,BTC,crypto,PAPER,1,YES,2026-10-08T23:15:35.467834+00:00,864.5,48,2026-10-08T23:21:35.837674+00:00,504.2,74,,sold,42,32,228,-2474,0,1,47.5,3.0,,3.0,5,,,,81773.02,81780.83,-0.0095,0.0077,-0.0101,-0.0101,3,3,win,,,,
KXXRP15M-26OCT081930-30,XRP,crypto,PAPER,1,NO,2026-10-08T23:15:09.362478+00:00,890.7,48,,,0,yes,settled,0,18,-498,-2972,0,1,47.5,,,4.0,5,,,,,,,-0.0145,-0.0072,-0.0131,1,0,loss,,,,
KXETH15M-26OCT081930-30,ETH,crypto,PAPER,1,NO,2026-10-08T23:15:14.478758+00:00,885.5,50,,,0,yes,settled,0,18,-518,-3490,0,1,49.5,,,3.0,5,,,,2474.59,2474.31,-0.0113,-0.0073,-0.0101,-0.0113,2,1,win,,,,
KXSOL15M-26OCT081930-30,SOL,crypto,PAPER,1,NO,2026-10-08T23:15:25.032354+00:00,875.0,49,,,0,yes,settled,0,18,-508,-3998,0,1,48.5,,,3.5,5,,,,110.22,110.214,-0.0054,-0.0,-0.0,-0.0101,2,2,win,,,,
KXSILVER15M-26OCT081930-30,SILVER,commodity,PAPER,1,NO,2026-10-08T23:15:30.846092+00:00,869.2,49,,,0,yes,settled,0,18,-508,-12786,0,2,48.0,,,6.5,5,48.0,869.2,2.0,,,,,,-0.0101,2,2,win,76.75,2800.8,5266.75,3563.8
KXPALLADIUM15M-26OCT081930-30,PALLADIUM,commodity,PAPER,1,NO,2026-10-08T23:15:37.848454+00:00,862.2,49,,,0,yes,settled,0,18,-508,-13294,0,4,47.0,,,3.0,2,47.0,862.2,3.0,,,,,,-0.0101,4,4,loss,25.0,50.0,37.75,91.1
KXBTC15M-26OCT081945-45,BTC,crypto,PAPER,1,YES,2026-10-08T23:30:51.694079+00:00,848.3,49,2026-10-08T23:31:01.843873+00:00,838.2,72,,sold,49,33,197,-3801,0,1,48.5,0.0,,4.0,15,,,,81799.28,81777.99,0.026,0.0387,0.0245,0.0245,3,3,win,,,,
KXDOGE15M-26OCT081945-45,DOGE,crypto,PAPER,1,YES,2026-10-08T23:30:25.809523+00:00,874.2,48,2026-10-08T23:32:21.836117+00:00,758.2,76,,sold,47,31,249,-3552,0,1,47.5,,,2.5,13,,,,0.0845,0.0845,-0.013,-0.0237,-0.0118,0.0184,0,0,loss,,,,
KXSILVER15M-26OCT081945-45,SILVER,commodity,PAPER,1,YES,2026-10-08T23:30:20.688236+00:00,879.3,49,2026-10-08T23:32:41.834904+00:00,738.2,73,,sold,47,32,208,-13086,0,2,48.0,,,3.0,15,,,,,,,,,-0.0038,3,1,win,,,,
KXETH15M-26OCT081945-45,ETH,crypto,PAPER,1,YES,2026-10-08T23:30:31.216666+00:00,868.8,48,2026-10-08T23:34:01.835227+00:00,658.2,72,,sold,47,33,207,-3345,0,1,47.5,-3.0,,4.0,15,,,,2476.44,2476.34,0.004,0.0028,0.0097,0.0234,2,2,loss,,,,
KXXRP15M-26OCT081945-45,XRP,crypto,PAPER,1,YES,2026-10-08T23:31:02.850859+00:00,837.2,48,2026-10-08T23:35:06.838492+00:00,593.2,73,,sold,26,32,218,-3127,1,1,47.5,14.0,-3.5,21.0,50,35.5,873.2,14.5,1.3859,1.3861,-0.0144,0.0505,0.0,0.0632,3,4,loss,25.0,0.0,581.42,34.5
KXSOL15M-26OCT081945-45,SOL,crypto,PAPER,1,NO,2026-10-08T23:30:25.855690+00:00,874.2,49,2026-10-08T23:36:15.838736+00:00,524.2,75,,sold,28,32,228,-2899,0,1,48.5,,,10.0,21,58.5,879.2,8.5,110.3,110.2962,-0.0034,0.0091,-0.0181,0.0184,1,1,loss,0.0,368.0,20.0,1088.0
KXGOLD15M-26OCT081945-45,GOLD,commodity,PAPER,1,NO,2026-10-08T23:30:44.851478+00:00,855.2,50,2026-10-08T23:43:27.853211+00:00,92.1,74,,sold,13,32,208,-12878,0,1,49.5,-4.5,,12.0,24,44.5,863.2,5.5,,,,,,0.0245,5,5,win,1012.82,0.0,8891.82,3052.66
KXWTI15M-26OCT081945-45,WTI,commodity,PAPER,1,YES,2026-10-08T23:30:15.615302+00:00,884.4,50,2026-10-08T23:44:21.836635+00:00,38.2,73,,sold,16,32,198,-12680,0,1,49.5,,,5.5,12,,,,,,,,,0.0035,2,0,win,,,,
KXPALLADIUM15M-26OCT081945-45,PALLADIUM,commodity,PAPER,1,NO,2026-10-08T23:30:27.849059+00:00,872.2,50,,,0,yes,settled,1,18,-518,-13198,0,4,48.0,,,2.5,5,48.0,872.2,2.0,,,,,,0.0274,2,2,loss,48.75,5.0,2298.75,21.0
KXCOPPER15M-26OCT081945-45,COPPER,commodity,PAPER,1,NO,2026-10-08T23:30:41.852337+00:00,858.2,49,,,0,yes,settled,2,18,-508,-13706,0,1,48.5,-3.0,,11.0,13,48.5,858.2,1.5,,,,,,0.0159,3,3,win,129.0,0.9,423.75,102.9
KXPLATINUM15M-26OCT081945-45,PLATINUM,commodity,PAPER,1,NO,2026-10-08T23:30:42.850171+00:00,857.2,51,,,0,yes,settled,0,18,-528,-14234,0,4,49.0,-3.0,,3.5,8,49.0,857.2,1.0,,,,,,0.0137,4,4,win,33.0,64.0,1458.25,1372.75
KXWTI15M-26OCT082000-00,WTI,commodity,PAPER,1,YES,2026-10-08T23:45:17.856283+00:00,882.2,49,2026-10-08T23:47:21.835194+00:00,758.2,74,,sold,47,32,218,-14016,0,2,48.0,,,2.5,3,48.0,882.2,2.0,,,,,,-0.0352,5,2,win,786.0,75.0,1286.0,576.0
KXSILVER15M-26OCT082000-00,SILVER,commodity,PAPER,1,NO,2026-10-08T23:45:17.650418+00:00,882.4,49,2026-10-08T23:48:45.836006+00:00,674.2,72,,sold,47,33,197,-13819,0,4,47.0,,,3.0,6,,,,,,,,,-0.0352,4,1,win,,,,
KXGOLD15M-26OCT082000-00,GOLD,commodity,PAPER,1,YES,2026-10-08T23:45:12.138940+00:00,887.9,50,2026-10-08T23:50:27.835397+00:00,572.2,72,,sold,25,33,187,-13632,0,1,49.5,,,1.5,5,,,,,,,,,-0.02,3,0,win,,,,
KXCOPPER15M-26OCT082000-00,COPPER,commodity,PAPER,1,YES,2026-10-08T23:45:22.846815+00:00,877.2,48,2026-10-08T23:51:46.836727+00:00,493.2,72,,sold,36,33,207,-13425,0,1,47.5,,,2.5,3,47.5,877.2,2.5,,,,,,-0.0282,6,3,win,23.0,3.2,224.0,270.15
KXSOL15M-26OCT082000-00,SOL,crypto,PAPER,1,YES,2026-10-08T23:45:22.795862+00:00,877.2,50,,,0,no,settled,0,18,-518,-3417,0,2,49.0,,,0.5,6,,,,109.95,109.9825,-0.0296,-0.0091,-0.0091,-0.0282,1,1,win,,,,
KXDOGE15M-26OCT082000-00,DOGE,crypto,PAPER,1,YES,2026-10-08T23:45:56.855278+00:00,843.2,48,,,0,no,settled,0,18,-498,-3915,0,1,47.5,6.0,,6.0,20,42.5,856.2,7.5,0.0845,0.0844,0.0237,0.0237,0.0237,-0.0242,2,2,win,7.0,0.0,719.64,111.06
KXETH15M-26OCT082000-00,ETH,crypto,PAPER,1,YES,2026-10-08T23:45:17.629264+00:00,882.4,50,,,0,no,settled,0,18,-518,-4433,0,1,49.5,,,0.0,6,,,,2473.48,2473.96,-0.0194,-0.0077,-0.0093,-0.0352,0,0,win,,,,
KXPLATINUM15M-26OCT082000-00,PLATINUM,commodity,PAPER,1,NO,2026-10-08T23:46:18.859142+00:00,821.2,48,,,0,yes,settled,0,18,-498,-13923,1,4,46.0,12.0,11.0,14.5,29,32.5,860.2,17.5,,,,,,-0.0129,4,4,loss,150.0,100.0,286.0,157.0
KXBTC15M-26OCT082015-15,BTC,crypto,PAPER,1,YES,2026-10-09T00:04:00.861988+00:00,659.2,50,2026-10-09T00:04:57.836210+00:00,602.2,74,,sold,49,32,208,-4225,4,1,49.5,3.0,1.0,7.0,60,65.5,865.2,15.5,81669.75,81677.16,-0.0091,0.0042,-0.002,-0.002,3,3,win,0.0,0.0,0.0,0.0
KXPLATINUM15M-26OCT082015-15,PLATINUM,commodity,PAPER,1,NO,2026-10-09T00:08:43.851277+00:00,376.2,49,2026-10-09T00:09:40.835468+00:00,319.2,73,,sold,41,32,208,-13715,8,4,47.0,10.0,18.0,25.5,60,33.5,870.2,16.5,,,,,,0.0131,0,0,loss,170.0,25.0,183.0,55.0
KXSOL15M-26OCT082015-15,SOL,crypto,PAPER,1,YES,2026-10-09T00:00:40.859471+00:00,859.2,48,2026-10-09T00:11:22.834847+00:00,217.2,72,,sold,12,33,207,-4018,0,1,47.5,-2.0,,11.0,12,46.5,860.2,3.5,109.47,109.4882,-0.0166,0.0091,-0.0274,0.0548,1,1,loss,10.0,357.0,917.9,1087.1
KXETH15M-26OCT082015-15,ETH,crypto,PAPER,1,NO,2026-10-09T00:00:33.958291+00:00,866.1,49,,,0,yes,settled,0,18,-508,-4526,0,1,48.5,,,12.0,10,,,,2473.5,2472.19,-0.053,-0.0036,-0.0635,0.0242,0,0,loss,,,,
KXDOGE15M-26OCT082015-15,DOGE,crypto,PAPER,1,NO,2026-10-09T00:00:44.189825+00:00,855.8,48,,,0,yes,settled,0,18,-498,-5024,0,1,47.5,0.0,,7.0,10,,,,0.084,0.084,-0.0512,-0.0595,-0.0834,0.0657,2,2,loss,,,,
KXXRP15M-26OCT082030-30,XRP,crypto,PAPER,1,NO,2026-10-09T00:15:40.888372+00:00,859.1,48,2026-10-09T00:16:14.848110+00:00,825.2,72,,sold,47,33,207,-4817,0,1,47.5,-10.0,,10.0,7,47.5,859.1,2.5,1.3857,1.3858,0.0072,-0.0578,-0.0217,0.0199,2,2,win,1020.32,27.0,1529.82,117.0
KXGOLD15M-26OCT082030-30,GOLD,commodity,PAPER,1,YES,2026-10-09T00:15:24.111192+00:00,875.9,48,2026-10-09T00:17:33.835498+00:00,746.2,73,,sold,47,32,218,-13497,0,1,47.5,,,5.5,6,,,,,,,,,-0.0212,2,2,win,,,,
KXSILVER15M-26OCT082030-30,SILVER,commodity,PAPER,1,YES,2026-10-09T00:15:14.847735+00:00,885.2,49,2026-10-09T00:20:36.837455+00:00,563.2,72,,sold,44,33,197,-13300,0,2,48.0,,,5.0,7,48.0,885.2,2.0,,,,,,-0.0207,0,0,win,703.5,71.0,1433.25,774.0
KXPALLADIUM15M-26OCT082030-30,PALLADIUM,commodity,PAPER,1,NO,2026-10-09T00:16:14.846472+00:00,825.2,48,2026-10-09T00:23:40.833844+00:00,379.2,72,,sold,30,33,207,-13093,1,2,47.0,3.5,-4.5,7.0,29,43.5,870.2,6.5,,,,,,-0.0158,4,4,loss,32.0,8.0,238.0,19.0
KXPLATINUM15M-26OCT082030-30,PLATINUM,commodity,PAPER,1,NO,2026-10-09T00:22:40.860928+00:00,439.2,52,2026-10-09T00:24:01.840239+00:00,358.2,72,,sold,47,33,167,-12926,7,5,49.5,18.0,24.5,26.0,53,35.0,864.2,15.0,,,,,,0.0034,3,5,win,6.0,2080.0,3343.0,3486.0
KXWTI15M-26OCT082030-30,WTI,commodity,PAPER,1,YES,2026-10-09T00:15:40.860778+00:00,859.2,48,2026-10-09T00:24:10.835628+00:00,349.2,79,,sold,45,30,280,-12646,0,1,47.5,-6.5,,9.0,7,47.5,859.2,2.5,,,,,,0.0199,3,3,win,142.87,867.0,3390.87,3644.85
KXBTC15M-26OCT082030-30,BTC,crypto,PAPER,1,YES,2026-10-09T00:15:21.847151+00:00,878.2,49,,,0,no,settled,0,18,-508,-5325,0,1,48.5,,,8.0,9,45.5,880.2,4.5,81765.34,81771.67,-0.0077,0.0044,-0.0266,-0.0266,1,1,win,3717.21,7300.51,9341.09,12872.51
KXETH15M-26OCT082030-30,ETH,crypto,PAPER,1,YES,2026-10-09T00:15:19.847718+00:00,880.2,48,,,0,no,settled,0,18,-498,-5823,0,1,47.5,,,8.0,7,47.5,880.2,2.5,2477.76,2478.05,-0.0117,0.0069,-0.0254,-0.0269,0,0,loss,760.35,106.41,1948.23,258.41
KXCOPPER15M-26OCT082030-30,COPPER,commodity,PAPER,1,YES,2026-10-09T00:15:18.846444+00:00,881.2,49,,,0,no,settled,1,18,-508,-13154,0,4,47.0,,,9.5,15,40.5,891.0,9.5,,,,,,-0.0281,1,1,win,176.0,0.0,381.0,278.0
KXBTC15M-26OCT082045-45,BTC,crypto,PAPER,1,YES,2026-10-09T00:30:36.860676+00:00,863.2,50,2026-10-09T00:31:07.839636+00:00,832.2,75,,sold,48,32,218,-5605,0,1,49.5,6.0,,12.0,12,49.5,863.2,0.5,81678.42,81686.78,-0.0102,0.0043,-0.0198,-0.0198,3,3,loss,5285.01,6405.82,13500.68,16350.84
KXGOLD15M-26OCT082045-45,GOLD,commodity,PAPER,1,YES,2026-10-09T00:30:41.846592+00:00,858.2,50,2026-10-09T00:32:13.838017+00:00,766.2,73,,sold,49,32,198,-12956,0,1,49.5,-4.0,,10.0,12,49.5,858.2,0.5,,,,,,-0.0198,2,2,win,155.0,0.0,6288.65,7478.0
KXSOL15M-26OCT082045-45,SOL,crypto,PAPER,1,YES,2026-10-09T00:30:28.862362+00:00,871.2,49,2026-10-09T00:32:46.835171+00:00,733.2,75,,sold,47,32,228,-5377,0,1,48.5,,,6.0,20,53.5,879.2,3.5,108.96,108.9733,-0.0122,-0.055,-0.0367,-0.0038,1,1,win,0.0,14.0,35.0,775.5
KXDOGE15M-26OCT082045-45,DOGE,crypto,PAPER,1,NO,2026-10-09T00:30:36.846493+00:00,863.2,48,,,0,yes,settled,0,18,-498,-5875,0,2,47.0,2.5,,10.5,33,38.5,884.2,11.5,0.0841,0.0841,0.0012,0.0475,0.0119,-0.0198,2,2,loss,91.0,120.0,1878.01,1105.0
KXETH15M-26OCT082045-45,ETH,crypto,PAPER,1,NO,2026-10-09T00:30:28.846693+00:00,871.2,49,,,0,yes,settled,0,18,-508,-6383,0,1,48.5,,,8.0,25,41.5,884.2,8.5,2476.03,2475.86,-0.0069,0.025,0.0069,-0.0038,0,0,loss,35.0,199.5,1407.0,777.51
KXXRP15M-26OCT082045-45,XRP,crypto,PAPER,1,NO,2026-10-09T00:38:11.862507+00:00,408.2,49,,,0,yes,settled,0,18,-508,-6891,8,2,48.0,18.5,22.5,23.5,60,35.5,853.2,14.5,1.3847,1.3847,-0.0,0.065,0.101,-0.051,2,4,win,35.5,0.0,875.5,0.0
KXPLATINUM15M-26OCT082045-45,PLATINUM,commodity,PAPER,1,NO,2026-10-09T00:30:19.856401+00:00,880.2,48,,,0,yes,settled,0,18,-498,-13454,0,5,45.5,,,27.0,15,43.0,884.2,7.0,,,,,,0.0233,1,0,win,49.0,6.0,3455.0,3311.0
KXSILVER15M-26OCT082045-45,SILVER,commodity,PAPER,1,NO,2026-10-09T00:30:29.847257+00:00,870.2,48,,,0,yes,settled,0,18,-498,-13952,0,1,47.5,,,12.0,21,40.0,879.2,10.0,,,,,,-0.0038,2,1,win,184.0,0.0,2984.0,0.0
KXPALLADIUM15M-26OCT082045-45,PALLADIUM,commodity,PAPER,1,NO,2026-10-09T00:30:43.846707+00:00,856.2,49,,,0,yes,settled,0,18,-508,-14460,0,4,47.0,1.0,,12.0,7,47.0,856.2,3.0,,,,,,-0.0198,3,3,win,6.0,10.0,701.25,3162.25
KXGOLD15M-26OCT082100-00,GOLD,commodity,PAPER,1,NO,2026-10-09T00:46:03.847151+00:00,836.2,49,2026-10-09T00:46:59.836651+00:00,780.2,72,,sold,47,33,197,-14263,1,1,48.5,12.0,5.5,12.0,40,36.5,867.2,13.5,,,,,,-0.0046,1,1,win,1250.0,0.0,2290.0,0.0
KXSOL15M-26OCT082100-00,SOL,crypto,PAPER,1,YES,2026-10-09T00:45:37.846305+00:00,862.2,49,2026-10-09T00:47:24.837092+00:00,755.2,73,,sold,38,32,208,-6683,0,1,48.5,8.0,,9.0,12,48.5,862.2,1.5,109.16,109.1818,-0.02,0.0183,0.0092,0.0132,2,2,win,16.0,10.0,1308.0,990.0
KXDOGE15M-26OCT082100-00,DOGE,crypto,PAPER,1,YES,2026-10-09T00:45:42.869021+00:00,857.1,50,2026-10-09T00:47:35.835292+00:00,744.2,73,,sold,40,32,198,-6485,0,1,49.5,0.0,,3.0,10,,,,0.0843,0.0842,0.038,0.0475,0.0713,0.0244,4,4,loss,,,,
KXSILVER15M-26OCT082100-00,SILVER,commodity,PAPER,1,NO,2026-10-09T00:46:05.851174+00:00,834.2,50,2026-10-09T00:47:55.835801+00:00,724.2,77,,sold,46,31,239,-14024,1,1,49.5,13.0,4.0,14.5,42,36.5,872.2,13.5,,,,,,-0.005,2,2,loss,151.27,0.0,2606.27,0.0
KXPLATINUM15M-26OCT082100-00,PLATINUM,commodity,PAPER,1,NO,2026-10-09T00:46:29.850360+00:00,810.2,49,2026-10-09T00:48:42.835347+00:00,677.2,72,,sold,43,33,197,-13827,1,5,46.5,16.5,12.0,16.5,46,44.5,888.2,5.5,,,,,,-0.0425,4,4,loss,17.0,3352.0,3348.0,3604.0
KXXRP15M-26OCT082100-00,XRP,crypto,PAPER,1,YES,2026-10-09T00:45:22.847258+00:00,877.2,49,2026-10-09T00:50:16.836399+00:00,583.2,74,,sold,31,32,218,-6267,0,1,48.5,,,7.0,12,48.5,877.2,1.5,1.3873,1.3877,-0.0288,0.0,-0.0072,0.0003,0,0,loss,474.62,25.0,1430.84,178.5
KXPALLADIUM15M-26OCT082100-00,PALLADIUM,commodity,PAPER,1,NO,2026-10-09T00:46:05.866868+00:00,834.1,50,2026-10-09T00:51:14.835921+00:00,525.2,73,,sold,42,32,198,-13629,1,4,48.0,-4.0,5.5,10.0,15,42.5,856.2,7.5,,,,,,-0.005,3,3,loss,89.0,81.0,125.0,147.0
KXETH15M-26OCT082100-00,ETH,crypto,PAPER,1,NO,2026-10-09T00:45:35.849175+00:00,864.2,50,2026-10-09T00:58:14.836535+00:00,105.2,73,,sold,22,32,198,-6069,0,1,49.5,-2.0,,13.0,15,44.5,867.2,5.5,2478.55,2478.34,-0.0085,-0.0141,-0.0129,0.0225,1,1,loss,39.58,0.0,1505.58,813.37
KXBTC15M-26OCT082100-00,BTC,crypto,PAPER,1,NO,2026-10-09T00:45:37.861059+00:00,862.2,50,2026-10-09T00:58:47.837834+00:00,72.2,73,,sold,2,32,198,-5871,0,1,49.5,-5.0,,7.0,12,49.5,862.2,0.5,81771.44,81767.13,-0.0053,-0.0148,-0.0132,0.0132,3,3,win,5568.1,5967.1,14854.68,14932.59
KXCOPPER15M-26OCT082100-00,COPPER,commodity,PAPER,1,YES,2026-10-09T00:45:22.073499+00:00,877.9,51,,,0,no,settled,0,18,-528,-14157,0,5,48.5,,,3.0,5,,,,,,,,,0.0003,3,0,loss,,,,
KXSILVER15M-26OCT082115-15,SILVER,commodity,PAPER,1,YES,2026-10-09T01:00:34.848158+00:00,865.2,50,2026-10-09T01:01:12.838272+00:00,827.2,72,,sold,46,33,187,-13970,0,1,49.5,-1.0,,11.5,16,49.5,865.2,0.5,,,,,,-0.0115,1,1,win,216.0,16.0,3366.1,2665.0
KXXRP15M-26OCT082115-15,XRP,crypto,PAPER,1,YES,2026-10-09T01:01:02.849627+00:00,837.2,48,2026-10-09T01:01:22.836636+00:00,817.2,73,,sold,47,32,218,-5653,1,1,47.5,-13.0,,26.5,34,46.5,855.2,3.5,1.3871,1.3874,-0.0216,0.0,0.0361,0.0094,3,3,win,20.0,0.0,196.73,17.0
KXSOL15M-26OCT082115-15,SOL,crypto,PAPER,1,NO,2026-10-09T01:00:23.861613+00:00,876.2,50,2026-10-09T01:04:11.862849+00:00,648.1,72,,sold,25,33,187,-5466,0,1,49.5,,,14.0,15,,,,109.19,109.2378,0.0438,0.0641,0.0732,-0.024,1,1,win,,,,
KXCOPPER15M-26OCT082115-15,COPPER,commodity,PAPER,1,YES,2026-10-09T01:01:02.865419+00:00,837.1,48,2026-10-09T01:04:37.835747+00:00,622.2,73,,sold,22,32,218,-13752,1,1,47.5,-7.5,,31.0,42,30.5,865.2,19.5,,,,,,0.0075,2,2,loss,94.0,0.0,612.0,2.0
KXWTI15M-26OCT082115-15,WTI,commodity,PAPER,1,NO,2026-10-09T01:01:09.851661+00:00,830.2,49,2026-10-09T01:06:23.837638+00:00,516.2,72,,sold,12,33,197,-13555,1,1,48.5,20.0,6.0,22.0,45,29.5,865.1,20.5,,,,,,0.026,3,3,win,1010.0,0.0,3810.0,0.0
KXBTC15M-26OCT082115-15,BTC,crypto,PAPER,1,NO,2026-10-09T01:00:19.888192+00:00,880.2,49,2026-10-09T01:06:56.836691+00:00,483.2,72,,sold,25,33,197,-5269,0,1,48.5,,,16.0,17,46.5,881.2,3.5,81742.08,81738.51,-0.0044,-0.0197,0.0001,-0.0001,0,0,win,9074.87,3897.02,21568.57,10533.12
KXDOGE15M-26OCT082115-15,DOGE,crypto,PAPER,1,NO,2026-10-09T01:00:30.855875+00:00,869.2,48,2026-10-09T01:07:12.838316+00:00,467.2,72,,sold,18,33,207,-5062,0,1,47.5,,,17.0,17,46.5,870.2,3.5,0.0842,0.0842,0.0012,-0.0119,-0.0119,-0.0092,2,2,win,39.91,0.0,188.94,157.57
KXGOLD15M-26OCT082115-15,GOLD,commodity,PAPER,1,NO,2026-10-09T01:00:22.856010+00:00,877.2,50,,,0,yes,settled,0,18,-518,-14073,0,2,49.0,,,12.5,20,38.5,881.2,11.5,,,,,,0.0065,1,0,win,3374.9,0.0,10451.95,1333.0
KXXRP15M-26OCT082130-30,XRP,crypto,PAPER,1,NO,2026-10-09T01:15:31.163628+00:00,868.9,49,2026-10-09T01:17:17.838641+00:00,762.2,73,,sold,45,32,208,-4854,0,1,48.5,,,,0,,,,1.3857,1.3861,0.0289,0.0216,-0.0,0.0037,3,3,win,,,,
KXSOL15M-26OCT082130-30,SOL,crypto,PAPER,1,NO,2026-10-09T01:15:20.849962+00:00,879.2,50,2026-10-09T01:17:42.836213+00:00,737.2,72,,sold,48,33,187,-4667,0,2,49.0,,,0.0,1,49.0,879.2,1.0,108.9,108.8888,-0.0103,0.0275,-0.0,0.0083,1,1,win,121.0,318.2,1640.0,1172.21
KXBTC15M-26OCT082130-30,BTC,crypto,PAPER,1,NO,2026-10-09T01:15:17.856309+00:00,882.2,48,2026-10-09T01:17:43.842370+00:00,736.2,74,,sold,47,32,228,-4439,0,1,47.5,,,4.0,13,44.0,894.2,6.0,81667.79,81657.96,-0.012,0.0,-0.031,0.031,0,0,win,8301.1,0.0,21686.92,49.05
